row,gold_set,provider,merchant_raw,description_raw,amount,direction,gold_leaf,gold_general,review_notes,agree,native_category_raw,plaid_leaf,plaid_general,native_leaf,native_general,pipeline_leaf,pipeline_general,pipeline_tier,gold_matches_native,gold_matches_pipeline,gold_matches_native_general,gold_matches_pipeline_general,excluded_from_v3_score_self_sourced_dict
1,v3_volume,equifax,Betfair,2161 02NOV24      BETFAIR           WWW.PADDYPOWE GB,245.0,debit,gambling_betting,gambling,Betfair/Paddy Power debit; licensed bookmaker stake.,established,Gambling and Betting | Betting,,,gambling_betting,gambling,gambling_betting,gambling,T4_dictionary,yes,yes,yes,yes,no
2,v3_volume,equifax,Tesco,TESCO STORES SACAT,39.72,debit,groceries,groceries_household_essentials,Tesco supermarket self-checkout (SACAT) debit.,established,Shopping (Household Essentials) | General Groceries,,,groceries,groceries_household_essentials,groceries,groceries_household_essentials,T4_dictionary,yes,yes,yes,yes,no
3,v3_volume,equifax,Nandos,3478 25JUN24 CD   NANDOS            PRESTON DEEP GB,3.75,debit,restaurant_cafe,eating_drinking_out,Nando's debit; fast-casual restaurant per brief.,established,"Restaurants and takeaway | Restaurants, Cafes and Bistros",,,restaurant_cafe,eating_drinking_out,restaurant_cafe,eating_drinking_out,T4_dictionary,yes,yes,yes,yes,no
4,v3_volume,equifax,Apple App Store,8256 05OCT24  D   APPLE.COM/BILL    APPLE.COM/BIL IE,5.49,debit,software,digital_subscriptions_services,Apple.com/bill debit; App Store bill with no media-product cue.,yes,Shopping (Discretionary) | Music and Downloads,,,streaming,digital_subscriptions_services,software,digital_subscriptions_services,T4_dictionary,no,yes,yes,yes,no
5,v3_volume,equifax,Child Benefits,HMRC CHILD BENEFIT,76.45,credit,benefits_state,income_benefits_state_support,HMRC Child Benefit credit.,established,,,,unclassified_other,unclassified,benefits_state,income_benefits_state_support,T4_dictionary,no,yes,no,yes,no
6,v3_volume,equifax,Admiral Insurance,P7333499601 Admiral Insurance,86.2,debit,insurance_general,insurance,Admiral is multi-line; insurance_general not motor-only.,established,Insurance | Motor Insurance,,,insurance_motor,insurance,insurance_motor,insurance,T4_dictionary,no,no,yes,yes,no
7,v3_volume,equifax,B&M,B&M 065 - INSHES  ON 07 FEB CLP,5.0,debit,discount_store,groceries_household_essentials,B&M variety discounter debit.,established,Shopping (Home) | Home Improvements,,,home_improvement,home_garden,discount_store,groceries_household_essentials,T4_dictionary,no,yes,no,yes,no
8,v3_volume,equifax,HMRC,Hmrc Gov.uk Sa,1920.81,debit,tax_payment,council_tax_government,HMRC Self Assessment debit.,yes,,,,unclassified_other,unclassified,tax_payment,council_tax_government,T4_dictionary,no,yes,no,yes,no
9,v3_volume,equifax,Playstation,PlaystationNetwork  ON 24 DEC BCC,8.99,debit,gaming_console_pc,entertainment_leisure,PlayStation Network debit; console gaming.,established,Shopping (Discretionary) | PC and Console Games,,,gaming_console_pc,entertainment_leisure,gaming_console_pc,entertainment_leisure,T4_dictionary,yes,yes,yes,yes,no
10,v3_volume,equifax,eDreams,EDREAMS CD 1636,913.03,credit,refund_received,income_other,"Override prefill holiday_package: eDreams CREDIT £913 with native Refund | Holidays; retailer credit is a refund, not spend.",established,Refund | Holidays,,,refund_received,income_other,refund_received,income_other,T6_native_fallback,yes,yes,yes,yes,no
11,v3_volume,equifax,Lidl,Lidl Gb  High Wycombe,16.96,debit,groceries,groceries_household_essentials,Lidl food discounter debit.,established,Shopping (Household Essentials) | General Groceries,,,groceries,groceries_household_essentials,groceries,groceries_household_essentials,T4_dictionary,yes,yes,yes,yes,no
12,v3_volume,equifax,NetFlix,Netflix NETFLIX.COM            18665797172   GBR,4.99,debit,streaming,digital_subscriptions_services,Netflix subscription debit.,established,"Utilities | Internet, TV and Phone",,,broadband_tv_phone,utilities_household_bills,streaming,digital_subscriptions_services,T4_dictionary,no,yes,no,yes,no
13,v3_volume,equifax,O2,O2,34.33,debit,mobile_phone_contract,utilities_household_bills,O2 mobile contract debit.,yes,Utilities | Mobile Phone Contracts,,,mobile_phone_contract,utilities_household_bills,mobile_phone_contract,utilities_household_bills,T4_dictionary,yes,yes,yes,yes,no
14,v3_volume,equifax,Deliveroo,"DELIVEROO (VIA APPLE PAY), ON 05-01-2024",32.63,debit,takeaway,eating_drinking_out,Deliveroo app debit.,established,Restaurants and takeaway | Take Away,,,takeaway,eating_drinking_out,takeaway,eating_drinking_out,T4_dictionary,yes,yes,yes,yes,no
15,v3_volume,equifax,Londis,LONDIS,5.28,debit,groceries,groceries_household_essentials,Londis is a symbol-group grocer; brief maps Spar/Nisa/Costcutter/Londis/Premier to groceries not convenience_store.,no,Shopping (Discretionary) | Newsagents and Convenience Stores,,,convenience_store,groceries_household_essentials,groceries,groceries_household_essentials,T4_dictionary,no,yes,yes,yes,no
16,v3_volume,equifax,Sainsbury's,SAINSBURYS S/MKTS,12.55,debit,groceries,groceries_household_essentials,Sainsbury's supermarket debit.,established,Shopping (Household Essentials) | General Groceries,,,groceries,groceries_household_essentials,groceries,groceries_household_essentials,T4_dictionary,yes,yes,yes,yes,no
17,v3_volume,equifax,Sky,SKY DIGITAL,169.49,debit,broadband_tv_phone,utilities_household_bills,Sky Digital debit; TV/broadband bundle not insurance.,yes,"Utilities | Internet, TV and Phone",,,broadband_tv_phone,utilities_household_bills,broadband_tv_phone,utilities_household_bills,T4_dictionary,yes,yes,yes,yes,no
18,v3_volume,equifax,Play.com,"SUMUP *PLAY BASE LTD (VIA APPLE PAY), ON 23-08-2024",1.44,debit,entertainment_other,entertainment_leisure,Override prefill software: narrative is SUMUP *PLAY BASE LTD not Play.com/Google Play. Playbase Ltd (Dover) is amusement/recreation; £1.44 card via SumUp.,established,Shopping (Discretionary) | TV and Online Shopping,,,retail_tv_online_shopping,general_retail_marketplaces,gaming_console_pc,entertainment_leisure,T4_dictionary,no,no,no,yes,no
19,v3_volume,equifax,Depop,DEPOP LIMITED DEPOP /PAYER ACC/E PH737VTI1HMGKO8300,34.67,credit,income_other_unspecified,income_other,"Depop seller-account credit; non-Amazon marketplace payout. Parent check: Depop CREDIT /PAYER ACC is marketplace proceeds, not spend. income_other_unspecified.",established,Transfers / Other | General Fashion,,,clothing_general,clothing_personal_care,marketplace_amazon,general_retail_marketplaces,T4_dictionary,no,no,no,no,no
20,v3_volume,equifax,Uber,UBER   *TRIP,16.9,debit,taxi_rideshare,transport_motoring,Uber *TRIP debit.,yes,Commuting and travel | Taxis,,,taxi_rideshare,transport_motoring,taxi_rideshare,transport_motoring,T4_dictionary,yes,yes,yes,yes,no
21,v3_volume,equifax,DVLA,DVLA-RL64KEL,16.62,debit,road_tax,transport_motoring,DVLA debit with vehicle registration; VED.,established,Automotive | Road Tax,,,road_tax,transport_motoring,road_tax,transport_motoring,T4_dictionary,yes,yes,yes,yes,no
22,v3_volume,equifax,OVO Energy,OVO Energy OVO ENERGY             BRISTOL       GBR,10.0,debit,energy,utilities_household_bills,OVO Energy debit.,established,Utilities | Energy Providers,,,energy,utilities_household_bills,energy,utilities_household_bills,T4_dictionary,yes,yes,yes,yes,no
23,v3_volume,equifax,Paypal,PAYPAL PAYMENT,3.99,debit,payment_intermediary,general_retail_marketplaces,Bare PayPal payment; underlying merchant not identifiable.,yes,Shopping (Discretionary) | E-Commerce Payment System,,,payment_intermediary,general_retail_marketplaces,payment_intermediary,general_retail_marketplaces,T4_dictionary,yes,yes,yes,yes,no
24,v3_volume,equifax,Uber,Uber UBER   * PENDING       London        GBR,5.93,debit,taxi_rideshare,transport_motoring,Uber pending trip debit.,yes,Commuting and travel | Taxis,,,taxi_rideshare,transport_motoring,taxi_rideshare,transport_motoring,T4_dictionary,yes,yes,yes,yes,no
25,v3_volume,equifax,Tesco,Contactless Payment TESCO STORES 5138 APPLEPAY 0699 2024-12-01,21.7,debit,groceries,groceries_household_essentials,Tesco supermarket debit.,established,Shopping (Household Essentials) | General Groceries,,,groceries,groceries_household_essentials,groceries,groceries_household_essentials,T4_dictionary,yes,yes,yes,yes,no
26,v3_volume,equifax,Just Eat,Just Eat Just Eat               London        GBR,23.84,debit,takeaway,eating_drinking_out,Just Eat debit.,yes,Restaurants and takeaway | Take Away,,,takeaway,eating_drinking_out,takeaway,eating_drinking_out,T4_dictionary,yes,yes,yes,yes,no
27,v3_volume,equifax,Merkur Slots,VISA DIRECT PAYMENT MERKUR SLOTS ON 04 SEP CRE,25.0,credit,gambling_unspecified,gambling,Merkur Slots credit; casino winnings stay on the casino leaf. Parent check: Merkur Slots VISA DIRECT CREDIT is winnings. T1 gambling_unspecified.,yes,Gambling and Betting | Poker and Casino Games,,,gambling_unspecified,gambling,gambling_unspecified,gambling,T6_native_fallback,yes,yes,yes,yes,no
28,v3_volume,equifax,Shell,SHELL U.K. OIL PRO  ON 25 DEC CPM SHELL U.K. OIL PRODUCT,29.4,debit,fuel,transport_motoring,Shell UK oil products debit; forecourt fuel.,established,Commuting and travel | Fuel,,,fuel,transport_motoring,fuel,transport_motoring,T4_dictionary,yes,yes,yes,yes,no
29,v3_volume,equifax,Sky Bet,Visa credit Sky Betting Gaming,23.2,credit,gambling_unspecified,gambling,Sky Bet credit; bookmaker winnings. Parent check: Sky Bet visa credit is winnings. T1 gambling_unspecified.,established,Gambling and Betting | Betting,,,gambling_unspecified,gambling,gambling_betting,gambling,T4_dictionary,yes,no,yes,yes,no
30,v3_volume,equifax,B&M,B&M 505 - CASTLEFO B&M 505 - CASTLEFORD,6.75,debit,discount_store,groceries_household_essentials,B&M debit.,established,Shopping (Home) | Home Improvements,,,home_improvement,home_garden,discount_store,groceries_household_essentials,T4_dictionary,no,yes,no,yes,no
31,v3_volume,equifax,ASDA,ASDA STORES,18.79,debit,groceries,groceries_household_essentials,Asda supermarket debit.,yes,Shopping (Household Essentials) | General Groceries,,,groceries,groceries_household_essentials,groceries,groceries_household_essentials,T4_dictionary,yes,yes,yes,yes,no
32,v3_volume,equifax,EDF,1013 22JUN24      EDF UK CARD       PAYMENTS          LONDON GB,10.0,debit,energy,utilities_household_bills,EDF card payment debit.,established,Utilities | Energy Providers,,,energy,utilities_household_bills,energy,utilities_household_bills,T4_dictionary,yes,yes,yes,yes,no
33,v3_volume,equifax,Resolvecall,"DIRECT DEBIT PAYMENT TO RESOLVECALL LIMITE REF 59367165, MANDATE NO 0088",6.0,debit,debt_collection,high_cost_distress_credit,Resolvecall Limited direct debit; DCA.,established,Financial Services | Debt Collection,,,debt_collection,high_cost_distress_credit,debt_collection,high_cost_distress_credit,T6_native_fallback,yes,yes,yes,yes,no
34,v3_volume,equifax,Paypal,PAYPAL PAYMENT,13.59,debit,payment_intermediary,general_retail_marketplaces,Bare PayPal payment; underlying merchant not identifiable.,yes,Shopping (Discretionary) | E-Commerce Payment System,,,payment_intermediary,general_retail_marketplaces,payment_intermediary,general_retail_marketplaces,T4_dictionary,yes,yes,yes,yes,no
35,v3_volume,equifax,Subway,SUBWAY,8.09,debit,takeaway,eating_drinking_out,Subway fast-food debit.,established,Restaurants and takeaway | Take Away,,,takeaway,eating_drinking_out,takeaway,eating_drinking_out,T4_dictionary,yes,yes,yes,yes,no
36,v3_volume,equifax,Prime,Amazon Prime*TQ64F Amazon Prime*TQ64F31C4,8.99,debit,streaming,digital_subscriptions_services,Amazon Prime debit; consumer media streaming.,established,Amazon All | Amazon,,,marketplace_amazon,general_retail_marketplaces,streaming,digital_subscriptions_services,T4_dictionary,no,yes,no,yes,no
37,v3_volume,equifax,Bet365,BET365,25.0,debit,gambling_betting,gambling,Bet365 stake debit.,established,Gambling and Betting | Betting,,,gambling_betting,gambling,gambling_betting,gambling,T4_dictionary,yes,yes,yes,yes,no
38,v3_volume,equifax,Argos,ARGOS LTD         NEWCASTLE UPO,0.3,debit,catalogue_retail,general_retail_marketplaces,Argos Ltd in-store debit.,established,Shopping (Discretionary) | General Catalogues,,,catalogue_retail,general_retail_marketplaces,catalogue_retail,general_retail_marketplaces,T4_dictionary,yes,yes,yes,yes,no
39,v3_volume,equifax,Employment and Support Allowance,JA702052A DWP EESA  000000001525469903 BGC,360.36,credit,benefits_state,income_benefits_state_support,DWP ESA (Employment and Support Allowance) credit.,established,,,,unclassified_other,unclassified,benefits_state,income_benefits_state_support,T4_dictionary,no,yes,no,yes,no
40,v3_volume,equifax,TheTrainLine,Trainline Trainline.com Ltd\120 Holburn Road\London\EC1N 2TD  GBRGBR,6.7,debit,public_transport_rail_coach,transport_motoring,Trainline debit.,yes,Commuting and travel | Trains and Coaches,,,public_transport_rail_coach,transport_motoring,public_transport_rail_coach,transport_motoring,T4_dictionary,yes,yes,yes,yes,no
41,v3_volume,equifax,Sony,6220 07JAN24      PLAYSTATION       NETWORK           SONY PSN GB,17.49,debit,gaming_console_pc,entertainment_leisure,PlayStation Network debit.,established,Shopping (Discretionary) | Audio Equipment,,,audio_equipment,general_retail_marketplaces,gaming_console_pc,entertainment_leisure,T4_dictionary,no,yes,no,yes,no
42,v3_volume,equifax,musicMagpie,WWW.MUSICMAGPIE.CO.UK CD 6654,16.19,debit,marketplace_refurbished,general_retail_marketplaces,musicMagpie debit; refurbished-device marketplace.,established,Shopping (Discretionary) | General Electrical,,,electrical_goods,general_retail_marketplaces,electrical_goods,general_retail_marketplaces,T6_native_fallback,no,no,yes,yes,no
43,v3_volume,equifax,Dobbies Garden Centre,Dobbies,8.55,debit,garden,home_garden,Dobbies garden centre debit.,established,Shopping (Home) | Garden Accessories,,,garden,home_garden,garden,home_garden,T6_native_fallback,yes,yes,yes,yes,no
44,v3_volume,equifax,GoHenry ,GoHenry MembershipLYMINGTON,4.49,debit,prepaid_card,transfers,GoHenry membership fee for a children's prepaid card.,established,Financial Services | Prepaid Cards,,,prepaid_card,transfers,prepaid_card,transfers,T4_dictionary,yes,yes,yes,yes,no
45,v3_volume,equifax,George at Asda,CARD PAYMENT TO ASDA GEORGE COM LEEDS ON 26-11-2023,98.25,debit,clothing_general,clothing_personal_care,George at Asda clothing debit.,yes,Shopping (Fashion) | General Fashion,,,clothing_general,clothing_personal_care,clothing_general,clothing_personal_care,T4_dictionary,yes,yes,yes,yes,no
46,v3_volume,equifax,Apple App Store,APPLE.COM/BILL IRELAND ON 13 NOV BCC,1.99,debit,software,digital_subscriptions_services,Apple.com/bill debit; no media-product cue.,yes,Shopping (Discretionary) | Music and Downloads,,,streaming,digital_subscriptions_services,software,digital_subscriptions_services,T4_dictionary,no,yes,yes,yes,no
47,v3_volume,equifax,Child Benefits,Child Benefit HMRC CHILD BENEFIT,55.8,credit,benefits_state,income_benefits_state_support,HMRC Child Benefit credit.,established,,,,unclassified_other,unclassified,benefits_state,income_benefits_state_support,T4_dictionary,no,yes,no,yes,no
48,v3_volume,equifax,Domestic and General,Direct debit D&G APPLIANCE CARE ************0692,9.85,debit,insurance_general,insurance,Domestic & General appliance-care insurance debit.,established,Insurance | General Insurance,,,insurance_general,insurance,insurance_general,insurance,T4_dictionary,yes,yes,yes,yes,no
49,v3_volume,equifax,Greggs,GREGGS,5.0,debit,restaurant_cafe,eating_drinking_out,Greggs debit; cafe/bakery per brief.,established,"Restaurants and takeaway | Restaurants, Cafes and Bistros",,,restaurant_cafe,eating_drinking_out,restaurant_cafe,eating_drinking_out,T4_dictionary,yes,yes,yes,yes,no
50,v3_volume,equifax,Co-op,"CO-OP GROUP 310531 (VIA APPLE PAY), ON 13-12-2024",2.1,debit,groceries,groceries_household_essentials,Co-op food retail debit.,established,Shopping (Household Essentials) | General Groceries,,,groceries,groceries_household_essentials,groceries,groceries_household_essentials,T4_dictionary,yes,yes,yes,yes,no
51,v3_volume,equifax,Lavazza Professional,Lavazza Professional Uk O,1.1,debit,confectionary,groceries_household_essentials,Lavazza Professional £1.10; workplace coffee/vending.,yes,Shopping (Discretionary) | Confectionary,,,confectionary,groceries_household_essentials,confectionary,groceries_household_essentials,T4_dictionary,yes,yes,yes,yes,no
52,v3_volume,equifax,Uber Eats,0073 10SEP24  D   UBER   * EATS     PENDING           LONDON GB,50.28,debit,takeaway,eating_drinking_out,Uber Eats debit.,established,Restaurants and takeaway | Take Away,,,takeaway,eating_drinking_out,takeaway,eating_drinking_out,T4_dictionary,yes,yes,yes,yes,no
53,v3_volume,equifax,E,WWW.E.ORG  ON 07 NOV BCC,30.0,debit,energy,utilities_household_bills,www.e.org energy supplier debit.,established,Utilities | Energy Providers,,,energy,utilities_household_bills,unclassified_other,unclassified,T4_dictionary,yes,no,yes,no,no
54,v3_volume,equifax,Dunelm,Dunelm SoftFurnish  ON 15 OCT BCC,40.0,debit,home_accessories,home_garden,Dunelm debit.,established,Shopping (Home) | Home Accessories,,,home_accessories,home_garden,home_accessories,home_garden,T4_dictionary,yes,yes,yes,yes,no
55,v3_volume,equifax,Just Eat,Visa purchase Just Eat APPLEPAY 5411,10.58,debit,takeaway,eating_drinking_out,Just Eat debit.,yes,Restaurants and takeaway | Take Away,,,takeaway,eating_drinking_out,takeaway,eating_drinking_out,T4_dictionary,yes,yes,yes,yes,no
56,v3_volume,equifax,Starbucks,(2550)STARBUCKS B (2550)STARBUCKS B HOTEL,7.95,debit,restaurant_cafe,eating_drinking_out,Starbucks debit.,established,"Restaurants and takeaway | Restaurants, Cafes and Bistros",,,restaurant_cafe,eating_drinking_out,restaurant_cafe,eating_drinking_out,T4_dictionary,yes,yes,yes,yes,no
57,v3_volume,equifax,Home Bargains,HOME BARGAINS,29.62,debit,discount_store,groceries_household_essentials,Home Bargains debit.,established,Shopping (Home) | Home Accessories,,,home_accessories,home_garden,discount_store,groceries_household_essentials,T4_dictionary,no,yes,no,yes,no
58,v3_volume,equifax,Uber,Visa purchase UBR* PENDING.UBER.COM APPLEPAY 5865,5.99,debit,taxi_rideshare,transport_motoring,Uber pending trip debit.,yes,Commuting and travel | Taxis,,,taxi_rideshare,transport_motoring,taxi_rideshare,transport_motoring,T4_dictionary,yes,yes,yes,yes,no
59,v3_volume,equifax,PayPal Credit,CARD PAYMENT TO PAYPAL *PYPL PAYIN3 ON 27-08-2024,10.32,debit,bnpl,credit_loan_repayments,"PayPal Pay in 3 debit; BNPL product, no underlying shop.",established,Financial Services | BNPL,,,bnpl,credit_loan_repayments,bnpl,credit_loan_repayments,T4_dictionary,yes,yes,yes,yes,no
60,v3_volume,equifax,Aldi,ALDI 112 775,9.18,debit,groceries,groceries_household_essentials,Aldi food discounter debit.,established,Shopping (Household Essentials) | General Groceries,,,groceries,groceries_household_essentials,groceries,groceries_household_essentials,T4_dictionary,yes,yes,yes,yes,no
61,v3_volume,equifax,Motor Fuel Group,6682 25FEB24 CD   MFG PENCOED       PENCOED GB,44.15,debit,fuel,transport_motoring,Motor Fuel Group (MFG) Pencoed forecourt debit.,established,Commuting and travel | Fuel,,,fuel,transport_motoring,fuel,transport_motoring,T4_dictionary,yes,yes,yes,yes,no
62,v3_volume,equifax,E.On,E.ON NEXT  ON 06 DEC BCC,24.87,debit,energy,utilities_household_bills,E.ON Next debit.,established,Utilities | Energy Providers,,,energy,utilities_household_bills,energy,utilities_household_bills,T4_dictionary,yes,yes,yes,yes,no
63,v3_volume,equifax,Select & Save,Select And Save SELECT AND SAVE        SUTTONINASHFI GBR,2.64,debit,convenience_store,groceries_household_essentials,"Select & Save is an independent convenience fascia, not a listed symbol-group grocer.",established,Shopping (Discretionary) | Newsagents and Convenience Stores,,,convenience_store,groceries_household_essentials,convenience_store,groceries_household_essentials,T6_native_fallback,yes,yes,yes,yes,no
64,v3_volume,equifax,ASDA,CARD PAYMENT TO ASDA STORES ON 25-10-2023,17.49,debit,groceries,groceries_household_essentials,Asda supermarket debit.,yes,Shopping (Household Essentials) | General Groceries,,,groceries,groceries_household_essentials,groceries,groceries_household_essentials,T4_dictionary,yes,yes,yes,yes,no
65,v3_volume,equifax,KFC,1079 27AUG23 CD   KFC - DUMFRIES    DUMFRIES GB,10.98,debit,takeaway,eating_drinking_out,KFC debit.,yes,Restaurants and takeaway | Take Away,,,takeaway,eating_drinking_out,takeaway,eating_drinking_out,T4_dictionary,yes,yes,yes,yes,no
66,v3_volume,equifax,Royal London Pensions,ROYAL LONDON,38.21,debit,pension_contribution,savings_investments,Royal London pensions debit.,established,,,,unclassified_other,unclassified,pension_contribution,savings_investments,T4_dictionary,no,yes,no,yes,yes
67,v3_volume,equifax,Ladbrokes,LC INTERNATIONAL L LC INTERNATIONAL LTD,5.0,debit,gambling_betting,gambling,Ladbrokes (LC International) stake debit.,established,Gambling and Betting | Betting,,,gambling_betting,gambling,gambling_betting,gambling,T4_dictionary,yes,yes,yes,yes,no
68,v3_volume,equifax,ASDA,Contactless Payment ASDA SUPERSTORE 2024-12-22,26.93,debit,groceries,groceries_household_essentials,Asda supermarket debit.,yes,Shopping (Household Essentials) | General Groceries,,,groceries,groceries_household_essentials,groceries,groceries_household_essentials,T4_dictionary,yes,yes,yes,yes,no
69,v3_volume,equifax,Clearpay,Visa purchase Clearpay 3992,18.0,debit,bnpl,credit_loan_repayments,Clearpay debit; no underlying merchant.,established,Financial Services | BNPL,,,bnpl,credit_loan_repayments,bnpl,credit_loan_repayments,T4_dictionary,yes,yes,yes,yes,no
70,v3_volume,equifax,M and M Direct,M AND M DIRECT LIMLEOMINSTER,1.7,debit,clothing_general,clothing_personal_care,M&M Direct fashion debit.,yes,Shopping (Fashion) | General Fashion,,,clothing_general,clothing_personal_care,clothing_general,clothing_personal_care,T6_native_fallback,yes,yes,yes,yes,no
71,v3_volume,equifax,Scoffable,Scoffable SCOFFABLE              +441312082230 GBR,14.15,debit,takeaway,eating_drinking_out,Scoffable is a Scottish takeaway-ordering platform.,yes,Restaurants and takeaway | Take Away,,,takeaway,eating_drinking_out,takeaway,eating_drinking_out,T6_native_fallback,yes,yes,yes,yes,no
72,v3_volume,equifax,Revolut,JULIE ASHTON SENT FROM REVOLUT REV************9563,30.0,credit,transfer_p2p,transfers,Credit SENT FROM REVOLUT by named person Julie Ashton; not own-account without pot evidence.,no,Own Transfers | Bank Transfer,,,transfer_bank_unspecified,transfers,transfer_own_account,transfers,T4_dictionary,no,no,yes,yes,no
73,v3_volume,equifax,Apple App Store,APPLE.COM/BILL,9.99,debit,software,digital_subscriptions_services,Apple.com/bill debit.,yes,Shopping (Discretionary) | Music and Downloads,,,streaming,digital_subscriptions_services,software,digital_subscriptions_services,T4_dictionary,no,yes,yes,yes,no
74,v3_volume,equifax,Uber Eats,3295 06AUG24      UBER   *EATS      HELP.UBER.COM GB  REFUND,2.43,credit,refund_received,income_other,Override prefill takeaway: Uber Eats CREDIT with REFUND in the narrative.,established,Refund | Take Away,,,refund_received,income_other,takeaway,eating_drinking_out,T4_dictionary,yes,no,yes,no,no
75,v3_volume,equifax,Marston's Plc,MARSTON'S PLC,5.5,debit,pub_bar,eating_drinking_out,Marston's pub debit.,yes,Restaurants and takeaway | Pubs and Bars,,,pub_bar,eating_drinking_out,pub_bar,eating_drinking_out,T6_native_fallback,yes,yes,yes,yes,no
76,v3_volume,equifax,Next,Contactless Payment NEXT RETAIL LTD,35.15,debit,clothing_general,clothing_personal_care,Next retail debit.,established,Shopping (Fashion) | General Fashion,,,clothing_general,clothing_personal_care,clothing_general,clothing_personal_care,T4_dictionary,yes,yes,yes,yes,no
77,v3_volume,equifax,FarmFoods,FARMFOODS 401     STOKE-ON-TREN,70.6,debit,groceries,groceries_household_essentials,Farmfoods food discounter debit.,yes,Shopping (Household Essentials) | General Groceries,,,groceries,groceries_household_essentials,groceries,groceries_household_essentials,T4_dictionary,yes,yes,yes,yes,no
78,v3_volume,equifax,Bolt,BOLT.EU/O/24091520  ON 15 SEP CPM BOLT.EU/O/2409152055,24.2,debit,taxi_rideshare,transport_motoring,"Override prefill salary_gig: Bolt.eu debit £24.20 is a ride, not gig income (established-leaf trap).",established,Commuting and travel | Taxis,,,taxi_rideshare,transport_motoring,taxi_rideshare,transport_motoring,T4_dictionary,yes,yes,yes,yes,no
79,v3_volume,equifax,Anglian Water,ANGLIAN WATER,13.0,debit,water,utilities_household_bills,Anglian Water debit.,established,Utilities | Water Companies,,,water,utilities_household_bills,water,utilities_household_bills,T4_dictionary,yes,yes,yes,yes,no
80,v3_volume,equifax,Zilch,ZILCH INSTALMENT,3.75,debit,bnpl,credit_loan_repayments,Zilch instalment; no underlying shop.,yes,Financial Services | BNPL,,,bnpl,credit_loan_repayments,bnpl,credit_loan_repayments,T4_dictionary,yes,yes,yes,yes,no
81,v3_volume,equifax,Parent Pay,PARENTPAY E-COM R  ON 14 SEP BCC,20.0,debit,school_fees,childcare_education,ParentPay school payment platform debit.,established,Services | Childcare,,,childcare,childcare_education,school_fees,childcare_education,T4_dictionary,no,yes,yes,yes,no
82,v3_volume,equifax,Boots,BOOTS 1490  ON 09 MAR CLP,20.11,debit,pharmacy,health_medical,Boots debit.,established,Personal Healthcare | General Health and Beauty,,,health_beauty_general,clothing_personal_care,pharmacy,health_medical,T4_dictionary,no,yes,no,yes,no
83,v3_volume,equifax,Disability Living Allowance,PP069164A DWP DLA  000000002163804355 BGC,524.6,credit,benefits_state,income_benefits_state_support,DWP DLA credit.,established,,,,unclassified_other,unclassified,benefits_state,income_benefits_state_support,T4_dictionary,no,yes,no,yes,no
84,v3_volume,equifax,TFL,2011 16NOV23 CD   TFL TRAVEL CH     TFL.GOV.UK/CP GB,1.75,debit,public_transport_rail_coach,transport_motoring,TfL travel charge debit.,established,Commuting and travel | Trains and Coaches,,,public_transport_rail_coach,transport_motoring,public_transport_rail_coach,transport_motoring,T4_dictionary,yes,yes,yes,yes,no
85,v3_volume,equifax,NetFlix,Netflix.com  ON 28 JUL BCC,17.99,debit,streaming,digital_subscriptions_services,Netflix debit.,established,"Utilities | Internet, TV and Phone",,,broadband_tv_phone,utilities_household_bills,streaming,digital_subscriptions_services,T4_dictionary,no,yes,no,yes,no
86,v3_volume,equifax,Lidl,LIDL GB  ON 25 NOV CPM,10.4,debit,groceries,groceries_household_essentials,Lidl debit.,established,Shopping (Household Essentials) | General Groceries,,,groceries,groceries_household_essentials,groceries,groceries_household_essentials,T4_dictionary,yes,yes,yes,yes,no
87,v3_volume,equifax,Shell,8355 11DEC24 C    SHELL DOVER       DOVER GB,6.4,debit,fuel,transport_motoring,Shell Dover forecourt debit.,established,Commuting and travel | Fuel,,,fuel,transport_motoring,fuel,transport_motoring,T4_dictionary,yes,yes,yes,yes,no
88,v3_volume,equifax,The Kings Head,Kings Head  ON 26 AUG CLP,10.6,debit,pub_bar,eating_drinking_out,Kings Head pub debit.,yes,Restaurants and takeaway | Pubs and Bars,,,pub_bar,eating_drinking_out,pub_bar,eating_drinking_out,T6_native_fallback,yes,yes,yes,yes,no
89,v3_volume,equifax,The Red Lion,Red Lion Cromer  ON 14 JAN CLP RED LION CROMER,5.0,debit,pub_bar,eating_drinking_out,Red Lion Cromer pub debit.,yes,Restaurants and takeaway | Pubs and Bars,,,pub_bar,eating_drinking_out,pub_bar,eating_drinking_out,T4_dictionary,yes,yes,yes,yes,no
90,v3_volume,equifax,Homebase,Homebase HOMEBASE               NEWCASTLE     GBR,8.0,debit,home_improvement,home_garden,Homebase debit.,established,Shopping (Home) | Home Accessories,,,home_accessories,home_garden,home_accessories,home_garden,T6_native_fallback,no,no,yes,yes,no
91,v3_volume,equifax,Apple App Store,Visa purchase APPLE.COM/BILL 2023-08-06,0.99,debit,software,digital_subscriptions_services,Apple.com/bill debit.,yes,Shopping (Discretionary) | Music and Downloads,,,streaming,digital_subscriptions_services,software,digital_subscriptions_services,T4_dictionary,no,yes,yes,yes,no
92,v3_volume,equifax,McDonalds,0902 04OCT24 C    MCDONALDS 39      LONDON GB,3.68,debit,takeaway,eating_drinking_out,McDonald's debit.,yes,Restaurants and takeaway | Take Away,,,takeaway,eating_drinking_out,takeaway,eating_drinking_out,T4_dictionary,yes,yes,yes,yes,no
93,v3_volume,equifax,adidas,adidaswww.adidas.co.uk Adidaswww.adidas.co.uk,33.0,debit,sportswear,clothing_personal_care,adidas.co.uk debit.,established,Shopping (Fashion) | Sportswear,,,sportswear,clothing_personal_care,sportswear,clothing_personal_care,T6_native_fallback,yes,yes,yes,yes,no
94,v3_volume,equifax,BPO Collections,BPO COLLECTIONS LT  6032240PD179820I30 DDR,2.0,debit,debt_collection,high_cost_distress_credit,BPO Collections Ltd DCA debit.,established,Financial Services | Debt Collection,,,debt_collection,high_cost_distress_credit,debt_collection,high_cost_distress_credit,T6_native_fallback,yes,yes,yes,yes,no
95,v3_volume,equifax,Playstation,PlayStation Networ PlayStation Network,3.29,debit,gaming_console_pc,entertainment_leisure,PlayStation Network debit.,established,Shopping (Discretionary) | PC and Console Games,,,gaming_console_pc,entertainment_leisure,gaming_console_pc,entertainment_leisure,T4_dictionary,yes,yes,yes,yes,no
96,v3_volume,equifax,SPAR,SPAR STORE  ON 02 APR CLP,6.02,debit,groceries,groceries_household_essentials,SPAR symbol-group grocer debit.,established,Shopping (Household Essentials) | General Groceries,,,groceries,groceries_household_essentials,groceries,groceries_household_essentials,T4_dictionary,yes,yes,yes,yes,no
97,v3_volume,equifax,Sky Bet,Visa purchase SKY BET,10.0,debit,gambling_betting,gambling,Sky Bet stake debit.,established,Gambling and Betting | Betting,,,gambling_betting,gambling,gambling_betting,gambling,T4_dictionary,yes,yes,yes,yes,no
98,v3_volume,equifax,Aldi,Contactless Payment ALDI 38 780 GOOGLE 9738,13.62,debit,groceries,groceries_household_essentials,Aldi debit.,established,Shopping (Household Essentials) | General Groceries,,,groceries,groceries_household_essentials,groceries,groceries_household_essentials,T4_dictionary,yes,yes,yes,yes,no
99,v3_volume,equifax,LiveScore Bet,Visa purchase livescorebet.com,10.0,debit,gambling_betting,gambling,LiveScore Bet stake debit.,established,Gambling and Betting | Betting,,,gambling_betting,gambling,gambling_betting,gambling,T4_dictionary,yes,yes,yes,yes,no
100,v3_volume,equifax,Esso,ESSO BARTON UPON HUMBE Esso Barton Upon Humbe,16.99,debit,fuel,transport_motoring,Override prefill salary: Esso Barton-upon-Humber debit is forecourt fuel (known established-leaf trap).,established,Commuting and travel | Fuel,,,fuel,transport_motoring,fuel,transport_motoring,T4_dictionary,yes,yes,yes,yes,no
101,v3_volume,equifax,Vendmaster Ltd ,VENDMASTER LTD  ON 10 SEP CLP,0.8,debit,confectionary,groceries_household_essentials,Vendmaster Ltd vending-machine debit.,yes,Shopping (Discretionary) | Confectionary,,,confectionary,groceries_household_essentials,confectionary,groceries_household_essentials,T6_native_fallback,yes,yes,yes,yes,no
102,v3_volume,equifax,The Range,THE RANGE,10.98,credit,refund_received,income_other,"Override prefill home_accessories: The Range CREDIT is a retailer refund, not spend.",established,Transfers / Other | Home Accessories,,,home_accessories,home_garden,home_accessories,home_garden,T4_dictionary,no,no,no,no,no
103,v3_volume,equifax,Lowell Financial,LOWELL PORTFOLIO I                    REFERENCE:   ************3904,5.0,debit,debt_collection,high_cost_distress_credit,Lowell Portfolio debit.,established,Financial Services | Debt Collection,,,debt_collection,high_cost_distress_credit,debt_collection,high_cost_distress_credit,T4_dictionary,yes,yes,yes,yes,no
104,v3_volume,equifax,Iceland,5029 02OCT24      ICELAND FOODS     FLINTSHIRE GB     REFUND,1.85,credit,refund_received,income_other,Override prefill groceries: Iceland CREDIT with REFUND in the narrative.,established,Refund | General Groceries,,,refund_received,income_other,groceries,groceries_household_essentials,T4_dictionary,yes,no,yes,no,no
105,v3_volume,equifax,The Red Lion,Red Lion Cromer  ON 22 DEC BCC RED LION CROMER,5.0,debit,pub_bar,eating_drinking_out,Red Lion Cromer pub debit.,yes,Restaurants and takeaway | Pubs and Bars,,,pub_bar,eating_drinking_out,pub_bar,eating_drinking_out,T4_dictionary,yes,yes,yes,yes,no
106,v3_volume,equifax,Marketplace,CARD PAYMENT TO AMZNMKTPLACE*082IQ6VF5 ON 11-12-2024,81.56,debit,marketplace_amazon,general_retail_marketplaces,Amazon Marketplace debit.,established,Amazon All | Amazon,,,marketplace_amazon,general_retail_marketplaces,marketplace_general,general_retail_marketplaces,T4_dictionary,yes,no,yes,yes,no
107,v3_volume,equifax,Co-op,Co-op CO-OP GROUP FOOD RETAI LONDON        GBR,14.35,debit,groceries,groceries_household_essentials,Co-op food retail debit.,established,Shopping (Household Essentials) | General Groceries,,,groceries,groceries_household_essentials,groceries,groceries_household_essentials,T4_dictionary,yes,yes,yes,yes,no
108,v3_volume,equifax,XBOX,Visa purchase Microsoft*Xbox 9978,2.15,debit,gaming_console_pc,entertainment_leisure,Microsoft Xbox debit.,established,Shopping (Discretionary) | PC and Console Games,,,gaming_console_pc,entertainment_leisure,gaming_console_pc,entertainment_leisure,T4_dictionary,yes,yes,yes,yes,no
109,v3_volume,equifax,Capital One,CAPITAL ONE  PBB00009965217 FT,5.0,debit,credit_card_repayment,credit_loan_repayments,Capital One debit.,yes,Financial Services | Credit Cards,,,credit_card_repayment,credit_loan_repayments,credit_card_repayment,credit_loan_repayments,T4_dictionary,yes,yes,yes,yes,no
110,v3_volume,equifax,Just Eat,Visa purchase Just Eat 2069,11.86,debit,takeaway,eating_drinking_out,Just Eat debit.,yes,Restaurants and takeaway | Take Away,,,takeaway,eating_drinking_out,takeaway,eating_drinking_out,T4_dictionary,yes,yes,yes,yes,no
111,v3_volume,equifax,Stagecoach,"WLT 92, Stagecoach",2.0,debit,public_transport_rail_coach,transport_motoring,Stagecoach bus debit.,established,Commuting and travel | Trains and Coaches,,,public_transport_rail_coach,transport_motoring,public_transport_rail_coach,transport_motoring,T4_dictionary,yes,yes,yes,yes,no
112,v3_volume,equifax,W.H.Smith,WH Smith Papworth Hosp Wh Smith Papwor,11.61,debit,books,entertainment_leisure,WH Smith at Papworth Hospital; WH Smith identity is books/news even in a hospital shop.,established,"Books, Newspapers and Magazines | General Books",,,books,entertainment_leisure,books,entertainment_leisure,T4_dictionary,yes,yes,yes,yes,no
113,v3_volume,equifax,RAC,RAC MOTORING SERVI,11.7,debit,breakdown_cover,transport_motoring,RAC motoring services debit.,established,Automotive | Breakdown Cover,,,breakdown_cover,transport_motoring,breakdown_cover,transport_motoring,T4_dictionary,yes,yes,yes,yes,no
114,v3_volume,equifax,McDonalds,Contactless Payment MCDONALDS 1519,11.98,debit,takeaway,eating_drinking_out,McDonald's debit.,yes,Restaurants and takeaway | Take Away,,,takeaway,eating_drinking_out,takeaway,eating_drinking_out,T4_dictionary,yes,yes,yes,yes,no
115,v3_volume,equifax,Abbey Inn,Abbey Inn,9.9,debit,unclassified_other,unclassified,Abbey Inn £9.90: many UK pubs and at least one hotel share the string; narrative does not disambiguate (name-collision rule).,no,Flights and Holidays | Hotels and Accommodation,,,accommodation,travel_holidays,accommodation,travel_holidays,T6_native_fallback,no,no,no,no,no
116,v3_volume,equifax,McDonalds,MCDONALDS 1244,9.18,debit,takeaway,eating_drinking_out,McDonald's debit.,yes,Restaurants and takeaway | Take Away,,,takeaway,eating_drinking_out,takeaway,eating_drinking_out,T4_dictionary,yes,yes,yes,yes,no
117,v3_volume,equifax,Virgin Media,VIRGIN MEDIA PYMTS,55.48,debit,broadband_tv_phone,utilities_household_bills,Virgin Media debit.,established,"Utilities | Internet, TV and Phone",,,broadband_tv_phone,utilities_household_bills,broadband_tv_phone,utilities_household_bills,T4_dictionary,yes,yes,yes,yes,no
118,v3_volume,equifax,Tesco,TESCO STORES 6056 Tesco,2.97,debit,groceries,groceries_household_essentials,Tesco supermarket debit.,established,Shopping (Household Essentials) | General Groceries,,,groceries,groceries_household_essentials,groceries,groceries_household_essentials,T4_dictionary,yes,yes,yes,yes,no
119,v3_volume,equifax,Sky,Direct debit SKY DIGITAL ************7095,149.67,debit,broadband_tv_phone,utilities_household_bills,Sky Digital direct debit.,yes,"Utilities | Internet, TV and Phone",,,broadband_tv_phone,utilities_household_bills,broadband_tv_phone,utilities_household_bills,T4_dictionary,yes,yes,yes,yes,no
120,v3_volume,equifax,Capital One,CARD PAYMENT TO CAPITAL ONE ON 31-10-2024,10.42,debit,credit_card_repayment,credit_loan_repayments,Capital One debit.,yes,Financial Services | Credit Cards,,,credit_card_repayment,credit_loan_repayments,credit_card_repayment,credit_loan_repayments,T4_dictionary,yes,yes,yes,yes,no
121,v3_volume,equifax,Londis,LONDIS  ON 16 DEC CLP,4.84,debit,groceries,groceries_household_essentials,Londis symbol-group grocer debit.,yes,Shopping (Discretionary) | Newsagents and Convenience Stores,,,convenience_store,groceries_household_essentials,groceries,groceries_household_essentials,T4_dictionary,no,yes,yes,yes,no
122,v3_volume,equifax,Child Benefits,HMRC CHILD BENEFIT,102.4,credit,benefits_state,income_benefits_state_support,HMRC Child Benefit credit.,established,,,,unclassified_other,unclassified,benefits_state,income_benefits_state_support,T4_dictionary,no,yes,no,yes,no
123,v3_volume,equifax,McDonalds,McDonald?s MCDONALDS              GLASGOW       GBR,4.89,debit,takeaway,eating_drinking_out,McDonald's debit.,yes,Restaurants and takeaway | Take Away,,,takeaway,eating_drinking_out,takeaway,eating_drinking_out,T4_dictionary,yes,yes,yes,yes,no
124,v3_volume,equifax,Pay By Phone,Paybyphone Re Spare 3,0.0,debit,car_parking,transport_motoring,PayByPhone parking debit (zero-value capture).,established,Commuting and travel | Car Parking,,,car_parking,transport_motoring,car_parking,transport_motoring,T4_dictionary,yes,yes,yes,yes,no
125,v3_volume,equifax,National Express,NX Bus NX Bus Contactless     Birmingham    GBR,4.0,debit,public_transport_rail_coach,transport_motoring,National Express bus debit.,yes,Commuting and travel | Trains and Coaches,,,public_transport_rail_coach,transport_motoring,public_transport_rail_coach,transport_motoring,T4_dictionary,yes,yes,yes,yes,no
126,v3_volume,equifax,Vinted,MANGOPAY S. A.    MGP VINTED-FR     FP 14/08/24 1934  010F215242280F4C,28.5,credit,income_other_unspecified,income_other,"Vinted/Mangopay seller credit. Parent check: Mangopay Vinted CREDIT is seller proceeds, not marketplace spend.",established,Transfers / Other | General Fashion,,,clothing_general,clothing_personal_care,marketplace_general,general_retail_marketplaces,T4_dictionary,no,no,no,no,no
127,v3_volume,equifax,Gleneagles Hotels,Contactless Payment GLENEAGLES HOTELS LIMITED APPLEPAY 7004,1.9,debit,restaurant_cafe,eating_drinking_out,"Gleneagles Hotels Limited £1.90; identifiable hotel, incidental F&B still filed as accommodation. Adversarial: £1.90 contactless at Gleneagles is hotel F&B, not a room night.",established,Flights and Holidays | Holidays UK,,,holiday_uk,travel_holidays,holiday_uk,travel_holidays,T6_native_fallback,no,no,no,no,no
128,v3_volume,equifax,HSBC,RYAN HSBC,12.0,debit,financial_institution_unspecified,unclassified,Ryan HSBC debit; could be a named person or an HSBC product — keep FI unspecified rather than force P2P.,established,Financial Services | Banks And Building Societies,,,financial_institution_unspecified,unclassified,financial_institution_unspecified,unclassified,T4_dictionary,yes,yes,yes,yes,no
129,v3_volume,equifax,Iceland,1762 11DEC24      ICELAND FOODS     FLINTSHIRE GB     REFUND,1.62,credit,refund_received,income_other,Override prefill groceries: Iceland CREDIT with REFUND in the narrative.,established,Refund | General Groceries,,,refund_received,income_other,groceries,groceries_household_essentials,T4_dictionary,yes,no,yes,no,no
130,v3_volume,equifax,Bet365,BET365,6.0,credit,gambling_unspecified,gambling,Bet365 credit; bookmaker winnings. Parent check: Bet365 CREDIT is winnings. T1 gambling_unspecified.,established,Gambling and Betting | Betting,,,gambling_unspecified,gambling,gambling_betting,gambling,T4_dictionary,yes,no,yes,yes,no
131,v3_volume,equifax,Greggs,GREGGS PLC,7.15,debit,restaurant_cafe,eating_drinking_out,Greggs debit.,established,"Restaurants and takeaway | Restaurants, Cafes and Bistros",,,restaurant_cafe,eating_drinking_out,restaurant_cafe,eating_drinking_out,T4_dictionary,yes,yes,yes,yes,no
132,v3_volume,equifax,Co-op,CO-OP GROUP PETROLPOUNDS HILL,2.5,debit,fuel,transport_motoring,"Override prefill groceries: CO-OP GROUP PETROL Pounds Hill; named petrol forecourt, small amount still fuel per brief.",established,Shopping (Household Essentials) | General Groceries,,,groceries,groceries_household_essentials,groceries,groceries_household_essentials,T4_dictionary,no,no,no,no,no
133,v3_volume,equifax,Voxi,WWW.VOXI.CO.UK,20.0,debit,mobile_phone_contract,utilities_household_bills,Voxi mobile debit.,established,Utilities | Mobile Phone Contracts,,,mobile_phone_contract,utilities_household_bills,mobile_phone_contract,utilities_household_bills,T4_dictionary,yes,yes,yes,yes,no
134,v3_volume,equifax,Waitrose,WAITROSE CD 8906,5.0,debit,groceries,groceries_household_essentials,Waitrose debit.,established,Shopping (Household Essentials) | General Groceries,,,groceries,groceries_household_essentials,groceries,groceries_household_essentials,T4_dictionary,yes,yes,yes,yes,no
135,v3_volume,equifax,Morrisons,MORRISONS DAILY  ON 05 NOV CLP,10.1,debit,groceries,groceries_household_essentials,"Morrisons Daily is a Morrisons food shop (convenience format, still groceries).",yes,Shopping (Household Essentials) | General Groceries,,,groceries,groceries_household_essentials,groceries,groceries_household_essentials,T4_dictionary,yes,yes,yes,yes,no
136,v3_volume,equifax,Uber,UBR* PENDING.UBER. UBR* PENDING.UBER.COM,7.9,debit,taxi_rideshare,transport_motoring,Uber pending trip debit.,yes,Commuting and travel | Taxis,,,taxi_rideshare,transport_motoring,taxi_rideshare,transport_motoring,T4_dictionary,yes,yes,yes,yes,no
137,v3_volume,equifax,Save The Change,SAVETHECHANGE-4268,0.62,debit,savings_transfer,savings_investments,Save the Change round-up debit.,established,,,,unclassified_other,unclassified,savings_transfer,savings_investments,T4_dictionary,no,yes,no,yes,no
138,v3_volume,equifax,Tesco,TESCO STORES 2877 MARTLESHAM,67.97,debit,groceries,groceries_household_essentials,Tesco supermarket debit.,established,Shopping (Household Essentials) | General Groceries,,,groceries,groceries_household_essentials,groceries,groceries_household_essentials,T4_dictionary,yes,yes,yes,yes,no
139,v3_volume,equifax,Lowell Financial,Direct debit LOWELL PORTFOLIO I ************6682,4.65,debit,debt_collection,high_cost_distress_credit,Lowell Portfolio direct debit.,established,Financial Services | Debt Collection,,,debt_collection,high_cost_distress_credit,debt_collection,high_cost_distress_credit,T4_dictionary,yes,yes,yes,yes,no
140,v3_volume,equifax,BetFred,BETFRED GIBRALTAR ON 08 OCT BCC Betfred,5.0,debit,gambling_betting,gambling,Betfred stake debit.,established,Gambling and Betting | Betting,,,gambling_betting,gambling,gambling_betting,gambling,T4_dictionary,yes,yes,yes,yes,no
141,v3_volume,equifax,Just Eat,Just Eat Just Eat               London        GBR,11.08,debit,takeaway,eating_drinking_out,Just Eat debit.,yes,Restaurants and takeaway | Take Away,,,takeaway,eating_drinking_out,takeaway,eating_drinking_out,T4_dictionary,yes,yes,yes,yes,no
142,v3_volume,equifax,EE Mobile,CARD PAYMENT TO EE TOPUP VESTA ON 19-07-2024,18.0,debit,mobile_phone_contract,utilities_household_bills,EE top-up debit.,established,Utilities | Mobile Phone Contracts,,,mobile_phone_contract,utilities_household_bills,mobile_phone_contract,utilities_household_bills,T4_dictionary,yes,yes,yes,yes,no
143,v3_volume,equifax,Just Eat,Just Eat Just Eat               London        GBR,24.71,debit,takeaway,eating_drinking_out,Just Eat debit.,yes,Restaurants and takeaway | Take Away,,,takeaway,eating_drinking_out,takeaway,eating_drinking_out,T4_dictionary,yes,yes,yes,yes,no
144,v3_volume,equifax,Lidl,LIDL GB FAKENHAM  FAKENHAM,18.89,debit,groceries,groceries_household_essentials,Lidl debit.,established,Shopping (Household Essentials) | General Groceries,,,groceries,groceries_household_essentials,groceries,groceries_household_essentials,T4_dictionary,yes,yes,yes,yes,no
145,v3_volume,equifax,Intrum,Direct debit INTRUM UK ************4639,10.0,debit,debt_collection,high_cost_distress_credit,Intrum UK direct debit.,yes,Financial Services | Debt Collection,,,debt_collection,high_cost_distress_credit,debt_collection,high_cost_distress_credit,T6_native_fallback,yes,yes,yes,yes,no
146,v3_volume,equifax,Translink,TRANSLINK FARE CHA TRANSLINK FARE CHARGE,4.0,debit,public_transport_rail_coach,transport_motoring,Translink NI fare debit.,established,Commuting and travel | Trains and Coaches,,,public_transport_rail_coach,transport_motoring,public_transport_rail_coach,transport_motoring,T6_native_fallback,yes,yes,yes,yes,no
147,v3_volume,equifax,Play.com,my play play account to chidera's Account,2.0,credit,transfer_p2p,transfers,"Override prefill software: credit 'play account to chidera's Account' names a person; P2P memo, not Play.com/Google Play.",established,Transfers / Other | TV and Online Shopping,,,retail_tv_online_shopping,general_retail_marketplaces,gaming_console_pc,entertainment_leisure,T4_dictionary,no,no,no,no,no
148,v3_volume,equifax,Aldi,ALDI,8.23,debit,groceries,groceries_household_essentials,Aldi debit.,established,Shopping (Household Essentials) | General Groceries,,,groceries,groceries_household_essentials,groceries,groceries_household_essentials,T4_dictionary,yes,yes,yes,yes,no
149,v3_volume,equifax,Sky Bet,CARD PAYMENT TO SKY BET ON 29-07-2023,5.0,debit,gambling_betting,gambling,Sky Bet stake debit.,established,Gambling and Betting | Betting,,,gambling_betting,gambling,gambling_betting,gambling,T4_dictionary,yes,yes,yes,yes,no
150,v3_volume,equifax,Superdrug,SUPERDRUG STORES PLC CD 2390,2.49,debit,pharmacy,health_medical,Superdrug debit.,established,Personal Healthcare | General Health and Beauty,,,health_beauty_general,clothing_personal_care,pharmacy,health_medical,T4_dictionary,no,yes,no,yes,no
151,v3_volume,equifax,Revolut,BRADLEY AUSTIN    SENT FROM REVOLUT FP 02/12/24 1513  REV************1724,4.0,credit,transfer_p2p,transfers,Credit SENT FROM REVOLUT by named person Bradley Austin; not own-account.,no,Own Transfers | Bank Transfer,,,transfer_bank_unspecified,transfers,transfer_own_account,transfers,T4_dictionary,no,no,yes,yes,no
152,v3_volume,equifax,Wetherspoon,Wetherspoon JD WETHERSPOON         Watford       GBR,13.29,debit,pub_bar,eating_drinking_out,Wetherspoon debit.,yes,Restaurants and takeaway | Pubs and Bars,,,pub_bar,eating_drinking_out,pub_bar,eating_drinking_out,T4_dictionary,yes,yes,yes,yes,no
153,v3_volume,equifax,Lowell Financial,LOWELL PORTFOLIO 1,40.0,debit,debt_collection,high_cost_distress_credit,Lowell Portfolio debit.,established,Financial Services | Debt Collection,,,debt_collection,high_cost_distress_credit,debt_collection,high_cost_distress_credit,T4_dictionary,yes,yes,yes,yes,no
154,v3_volume,equifax,OneBelow,"ONE BELOW (VIA APPLE PAY), ON 30-01-2025",1.0,debit,discount_store,groceries_household_essentials,OneBelow discounter debit.,yes,Shopping (Household Essentials) | Discount Stores,,,discount_store,groceries_household_essentials,discount_store,groceries_household_essentials,T4_dictionary,yes,yes,yes,yes,no
155,v3_volume,equifax,TFL,Contactless Payment TFL TRAVEL CH,9.6,debit,public_transport_rail_coach,transport_motoring,TfL travel charge debit.,established,Commuting and travel | Trains and Coaches,,,public_transport_rail_coach,transport_motoring,public_transport_rail_coach,transport_motoring,T4_dictionary,yes,yes,yes,yes,no
156,v3_volume,equifax,McDonalds,MCDONALDS  ON 07 DEC CLP McDonald's,23.23,debit,takeaway,eating_drinking_out,McDonald's debit.,yes,Restaurants and takeaway | Take Away,,,takeaway,eating_drinking_out,takeaway,eating_drinking_out,T4_dictionary,yes,yes,yes,yes,no
157,v3_volume,equifax,eBay,CARD PAYMENT TO EBAY O*02-10644-23339 ON 09-10-2023,5.44,debit,marketplace_general,general_retail_marketplaces,eBay purchase debit.,established,Shopping (Discretionary) | TV and Online Shopping,,,retail_tv_online_shopping,general_retail_marketplaces,marketplace_general,general_retail_marketplaces,T4_dictionary,no,yes,yes,yes,no
158,v3_volume,equifax,Tesco,CARD PAYMENT TO TESCO STORES 2742 ON 05-12-2023,33.75,debit,groceries,groceries_household_essentials,Tesco supermarket debit.,established,Shopping (Household Essentials) | General Groceries,,,groceries,groceries_household_essentials,groceries,groceries_household_essentials,T4_dictionary,yes,yes,yes,yes,no
159,v3_volume,equifax,Bamboo Loans,"STANDING ORDER VIA FASTER PAYMENT TO BAMBOO LTD REFERENCE GCTB58LEATHER , MANDATE NO 0036",10.0,debit,personal_loan_repayment,credit_loan_repayments,Bamboo Ltd standing order; unsecured personal lender.,yes,Financial Services | Personal Loans,,,personal_loan_repayment,credit_loan_repayments,personal_loan_repayment,credit_loan_repayments,T6_native_fallback,yes,yes,yes,yes,no
160,v3_volume,equifax,Post Office,POST OFFICE  08NOV,70.0,debit,unclassified_other,unclassified,Override prefill government_services: Post Office £70 debit with no cash/bill/postage cue; do not guess.,yes,Services | Delivery,,,delivery_courier,general_retail_marketplaces,government_services,council_tax_government,T4_dictionary,no,no,no,no,no
161,v3_volume,equifax,Competition Fox,COMPETITION FOX,6.0,debit,prize_competitions,gambling,"Competition Fox prize-draw platform, not licensed lottery.",established,Gambling and Betting | Lottery,,,gambling_lottery,gambling,prize_competitions,gambling,T4_dictionary,no,yes,yes,yes,no
162,v3_volume,equifax,TFL,2224 03JUL24 C    TFL TRAVEL CH     TFL.GOV.UK/CP GB,3.5,debit,public_transport_rail_coach,transport_motoring,TfL travel charge debit.,established,Commuting and travel | Trains and Coaches,,,public_transport_rail_coach,transport_motoring,public_transport_rail_coach,transport_motoring,T4_dictionary,yes,yes,yes,yes,no
163,v3_volume,equifax,Co-op,CO-OP GROUP 010467,6.45,debit,groceries,groceries_household_essentials,Co-op food debit.,established,Shopping (Household Essentials) | General Groceries,,,groceries,groceries_household_essentials,groceries,groceries_household_essentials,T4_dictionary,yes,yes,yes,yes,no
164,v3_volume,equifax,Cineworld,0004529903 4529903 Cineworld,10.99,debit,cinema,entertainment_leisure,Cineworld debit.,established,Entertainment | Cinema,,,cinema,entertainment_leisure,cinema,entertainment_leisure,T4_dictionary,yes,yes,yes,yes,no
165,v3_volume,equifax,Transferwise,Wise  ON 02 NOV BCC,995.69,debit,transfer_international,transfers,Wise debit £995.69.,established,Transfers / Other | International Transfer,,,transfer_international,transfers,transfer_international,transfers,T6_native_fallback,yes,yes,yes,yes,no
166,v3_volume,equifax,Esure Motor Insurance,ESURE MOTOR  P************1124 DDR,84.36,debit,insurance_motor,insurance,Esure Motor Insurance debit; motor-only brand.,yes,Insurance | Motor Insurance,,,insurance_motor,insurance,insurance_motor,insurance,T6_native_fallback,yes,yes,yes,yes,no
167,v3_volume,equifax,United Utilities,UNITED UTILITIES W,18.17,debit,water,utilities_household_bills,United Utilities water debit.,established,Utilities | Water Companies,,,water,utilities_household_bills,water,utilities_household_bills,T4_dictionary,yes,yes,yes,yes,no
168,v3_volume,equifax,Ann Summers,ANN SUMMERS LTD  ON 27 FEB CLP,13.0,debit,adult_products,entertainment_leisure,Ann Summers debit.,established,Shopping (Household Essentials) | Gifts Flowers and Parties,,,gifts_flowers,general_retail_marketplaces,adult_products,entertainment_leisure,T4_dictionary,no,yes,no,yes,no
169,v3_volume,equifax,ASDA,ASDA GROCERIES ONL ASDA GROCERIES ONLINE,3.07,credit,refund_received,income_other,Override prefill groceries: Asda Groceries Online CREDIT.,yes,Transfers / Other | General Groceries,,,groceries,groceries_household_essentials,groceries,groceries_household_essentials,T4_dictionary,no,no,no,no,no
170,v3_volume,equifax,Universal Credit,205G5270L DWP UC,809.64,credit,benefits_state,income_benefits_state_support,DWP Universal Credit credit.,established,,,,unclassified_other,unclassified,benefits_state,income_benefits_state_support,T4_dictionary,no,yes,no,yes,no
171,v3_volume,equifax,Barclaycard,MR KRZYSZTOF DARDZ  ************7004 BBP Barclaycard,50.0,debit,credit_card_repayment,credit_loan_repayments,Barclaycard debit (named cardholder).,established,Financial Services | Credit Cards,,,credit_card_repayment,credit_loan_repayments,credit_card_repayment,credit_loan_repayments,T4_dictionary,yes,yes,yes,yes,no
172,v3_volume,equifax,First South Yorkshire,FIRST SOUTH YORKSH FIRST SOUTH YORKSHIRE,2.0,debit,public_transport_rail_coach,transport_motoring,First South Yorkshire bus debit.,yes,Commuting and travel | Trains and Coaches,,,public_transport_rail_coach,transport_motoring,public_transport_rail_coach,transport_motoring,T6_native_fallback,yes,yes,yes,yes,no
173,v3_volume,equifax,McDonalds,0192 26NOV24 C    MCDONALDS 1100    SOUTHAMPTON GB,2.29,debit,takeaway,eating_drinking_out,McDonald's debit.,yes,Restaurants and takeaway | Take Away,,,takeaway,eating_drinking_out,takeaway,eating_drinking_out,T4_dictionary,yes,yes,yes,yes,no
174,v3_volume,equifax,Tesco,Tesco Stores 5660,8.9,debit,groceries,groceries_household_essentials,Tesco supermarket debit.,established,Shopping (Household Essentials) | General Groceries,,,groceries,groceries_household_essentials,groceries,groceries_household_essentials,T4_dictionary,yes,yes,yes,yes,no
175,v3_volume,equifax,Uber,UBER   *TRIP           Uber Uk Rides,16.95,debit,taxi_rideshare,transport_motoring,Uber *TRIP debit.,yes,Commuting and travel | Taxis,,,taxi_rideshare,transport_motoring,taxi_rideshare,transport_motoring,T4_dictionary,yes,yes,yes,yes,no
176,v3_volume,equifax,tiktok,TikTok TikTok                 DUBLIN        IRL,4.32,debit,online_services,digital_subscriptions_services,TikTok Dublin in-app debit; platform not shop.,yes,Services | Web Services,,,web_services,digital_subscriptions_services,online_services,digital_subscriptions_services,T4_dictionary,no,yes,yes,yes,no
177,v3_volume,equifax,stripe,From Stripe Payments UK Ltd,23.7,credit,unclassified_other,unclassified,Override prefill software: Stripe Payments UK Ltd CREDIT; processor payout vs refund not uniquely identifiable.,established,Transfers / Other | International Transfer,,,transfer_international,transfers,payment_intermediary,general_retail_marketplaces,T4_dictionary,no,no,no,no,no
178,v3_volume,equifax,TFL,TFL TRAVEL CH     TFL.GOV.UK/CP,1.75,debit,public_transport_rail_coach,transport_motoring,TfL travel charge debit.,established,Commuting and travel | Trains and Coaches,,,public_transport_rail_coach,transport_motoring,public_transport_rail_coach,transport_motoring,T4_dictionary,yes,yes,yes,yes,no
179,v3_volume,equifax,Elderbridge,2732 13SEP24      ELDERBRIDGE 8     NEWPORT GB,10.76,debit,debt_collection,high_cost_distress_credit,"Elderbridge Ltd card debit £10.76; Target Group loan-servicer/collector on legacy books, not a high-street lender origination.",no,Financial Services | Personal Loans,,,personal_loan_repayment,credit_loan_repayments,personal_loan_repayment,credit_loan_repayments,T6_native_fallback,no,no,no,no,no
180,v3_volume,equifax,Which?,W1016052041 Which?,10.99,debit,magazines,entertainment_leisure,Which? subscription debit.,established,"Books, Newspapers and Magazines | Magazines",,,magazines,entertainment_leisure,magazines,entertainment_leisure,T4_dictionary,yes,yes,yes,yes,no
181,v3_volume,equifax,Rebtel,Rebtel SWEDEN ON 21 JAN CPM,10.0,debit,software,digital_subscriptions_services,"Rebtel international-calling debit; telecoms, closest leaf is mobile. Adversarial: Rebtel is a VoIP/calling app, not a UK mobile-network contract.",established,Shopping (Discretionary) | Mobile Handsets and Accessories,,,mobile_handset,general_retail_marketplaces,mobile_handset,general_retail_marketplaces,T6_native_fallback,no,no,no,no,no
182,v3_volume,equifax,Hewlett Packard (HP),PAYPAL *HPINCUKLIM PAYPAL *HPINCUKLIMI,3.99,debit,printing_supplies,general_retail_marketplaces,PayPal *HP Instant Ink; underlying merchant is HP ink.,yes,Shopping (Discretionary) | Computer Peripherals and Accessories,,,computer_peripherals,general_retail_marketplaces,computer_peripherals,general_retail_marketplaces,T6_native_fallback,no,no,yes,yes,no
183,v3_volume,equifax,adidas,ADIDASWWW.ADIDAS.C ADIDASWWW.ADIDAS.CO.UK,42.35,debit,sportswear,clothing_personal_care,adidas.co.uk debit.,established,Shopping (Fashion) | Sportswear,,,sportswear,clothing_personal_care,sportswear,clothing_personal_care,T6_native_fallback,yes,yes,yes,yes,no
184,v3_volume,equifax,Tesco Fuel,6710 10NOV24 CD   TESCO PFS 4036    BROADSTAIRS GB,8.15,debit,fuel,transport_motoring,Tesco PFS (petrol filling station) debit.,established,Commuting and travel | Fuel,,,fuel,transport_motoring,fuel,transport_motoring,T4_dictionary,yes,yes,yes,yes,no
185,v3_volume,equifax,Discovery+,CARD PAYMENT TO DISCOVERY+ BASIC ON 28-11-2024,3.99,debit,streaming,digital_subscriptions_services,Discovery+ subscription debit.,established,"Utilities | Internet, TV and Phone",,,broadband_tv_phone,utilities_household_bills,broadband_tv_phone,utilities_household_bills,T6_native_fallback,no,no,no,no,no
186,v3_volume,equifax,McDonalds,MCDONALDS McDonald's,2.19,debit,takeaway,eating_drinking_out,McDonald's debit.,yes,Restaurants and takeaway | Take Away,,,takeaway,eating_drinking_out,takeaway,eating_drinking_out,T4_dictionary,yes,yes,yes,yes,no
187,v3_volume,equifax,Marks and Spencer,MARKS&SPENCER PLC,25.0,debit,department_store,general_retail_marketplaces,Marks & Spencer PLC debit (not Foodhall).,yes,Shopping (Fashion) | General Fashion,,,clothing_general,clothing_personal_care,department_store,general_retail_marketplaces,T4_dictionary,no,yes,no,yes,no
188,v3_volume,equifax,Cornish Pasty Co.,Cornish Pasty Shop Cornish Pasty Shop     Brighton      GBR,6.8,debit,takeaway,eating_drinking_out,Cornish Pasty Shop debit.,yes,Restaurants and takeaway | Take Away,,,takeaway,eating_drinking_out,takeaway,eating_drinking_out,T6_native_fallback,yes,yes,yes,yes,no
189,v3_volume,equifax,Just Eat,Just Eat,18.58,debit,takeaway,eating_drinking_out,Just Eat debit.,yes,Restaurants and takeaway | Take Away,,,takeaway,eating_drinking_out,takeaway,eating_drinking_out,T4_dictionary,yes,yes,yes,yes,no
190,v3_volume,equifax,ASDA,ASDA SUPERSTORE CD 1134,57.57,debit,groceries,groceries_household_essentials,Asda supermarket debit.,yes,Shopping (Household Essentials) | General Groceries,,,groceries,groceries_household_essentials,groceries,groceries_household_essentials,T4_dictionary,yes,yes,yes,yes,no
191,v3_volume,equifax,Costa,Contactless Payment COSTA COFFEE 43011762 GOOGLE 3899,6.5,debit,restaurant_cafe,eating_drinking_out,Costa Coffee debit.,established,"Restaurants and takeaway | Restaurants, Cafes and Bistros",,,restaurant_cafe,eating_drinking_out,restaurant_cafe,eating_drinking_out,T4_dictionary,yes,yes,yes,yes,no
192,v3_volume,equifax,Merkur Slots,MERKUR SLOTS  ON 03 NOV BCC,10.0,debit,gambling_casino,gambling,Merkur Slots debit.,yes,Gambling and Betting | Poker and Casino Games,,,gambling_casino,gambling,gambling_casino,gambling,T6_native_fallback,yes,yes,yes,yes,no
193,v3_volume,equifax,Post Office,Post Office 19NOV,680.0,credit,unclassified_other,unclassified,Post Office £680 CREDIT with no cash-deposit/salary cue; do not guess.,yes,Transfers / Other | Delivery,,,delivery_courier,general_retail_marketplaces,government_services,council_tax_government,T4_dictionary,no,no,no,no,no
194,v3_volume,equifax,Hotel Chocolat,HOTEL CHOCOLAT,52.45,debit,confectionary,groceries_household_essentials,Hotel Chocolat debit; chocolate retail not a restaurant.,established,"Restaurants and takeaway | Restaurants, Cafes and Bistros",,,restaurant_cafe,eating_drinking_out,confectionary,groceries_household_essentials,T4_dictionary,no,yes,no,yes,no
195,v3_volume,equifax,Save the Pennies,SAVE THE PENNIES ************3360,2.31,debit,savings_transfer,savings_investments,Save the Pennies round-up debit.,established,,,,unclassified_other,unclassified,savings_transfer,savings_investments,T4_dictionary,no,yes,no,yes,no
196,v3_volume,equifax,William Hill,9756 14AUG24      WHO INTERNET      INTERNET GI,5.0,debit,gambling_betting,gambling,William Hill (WHO Internet) stake debit.,established,Gambling and Betting | Betting,,,gambling_betting,gambling,gambling_betting,gambling,T4_dictionary,yes,yes,yes,yes,no
197,v3_volume,equifax,Post Office,Cash Deposit at Townhead Street Stevenston KA20 3AF GB Post Office Banking Services,20.0,credit,cash_deposit,cash,Narrative is Cash Deposit at a named Post Office.,yes,Cash Deposit | Delivery,,,cash_deposit,cash,government_services,council_tax_government,T4_dictionary,yes,no,yes,no,no
198,v3_volume,equifax,McDonalds,"WLT 77, Mcdonalds",7.21,debit,takeaway,eating_drinking_out,McDonald's debit.,yes,Restaurants and takeaway | Take Away,,,takeaway,eating_drinking_out,takeaway,eating_drinking_out,T4_dictionary,yes,yes,yes,yes,no
199,v3_volume,equifax,Too Good To Go,"WLT 17, Toogoodtog Vc1Qppg5Z2S",5.98,debit,takeaway,eating_drinking_out,Too Good To Go surplus-meal debit; brief maps TGTG to takeaway not groceries.,no,Shopping (Household Essentials) | Fairtrade and ethical products,,,groceries_specialist,groceries_household_essentials,groceries_specialist,groceries_household_essentials,T6_native_fallback,no,no,no,no,no
200,v3_volume,equifax,SPAR,SPAR STORE  ON 18 MAR CLP,5.08,debit,groceries,groceries_household_essentials,SPAR symbol-group grocer debit.,established,Shopping (Household Essentials) | General Groceries,,,groceries,groceries_household_essentials,groceries,groceries_household_essentials,T4_dictionary,yes,yes,yes,yes,no
201,v3_volume,equifax,The Southern CO-OP,SOUTHERN CO-OP RET SOUTHERN CO-OP RETAIL,2.55,debit,groceries,groceries_household_essentials,Southern Co-op retail food debit.,yes,Shopping (Household Essentials) | General Groceries,,,groceries,groceries_household_essentials,groceries,groceries_household_essentials,T4_dictionary,yes,yes,yes,yes,no
202,v3_volume,equifax,EDF,Visa purchase EDF UK CARD PAYMENTS 2024-09-29,10.0,debit,energy,utilities_household_bills,EDF debit.,established,Utilities | Energy Providers,,,energy,utilities_household_bills,energy,utilities_household_bills,T4_dictionary,yes,yes,yes,yes,no
203,v3_volume,equifax,Playstation,CARD PAYMENT TO PLAYSTATIONNETWORK ON 07-12-2024,6.99,debit,gaming_console_pc,entertainment_leisure,PlayStation Network debit.,established,Shopping (Discretionary) | PC and Console Games,,,gaming_console_pc,entertainment_leisure,gaming_console_pc,entertainment_leisure,T4_dictionary,yes,yes,yes,yes,no
204,v3_volume,equifax,Bet365,BET365 CD 8137,5.0,debit,gambling_betting,gambling,Bet365 stake debit.,established,Gambling and Betting | Betting,,,gambling_betting,gambling,gambling_betting,gambling,T4_dictionary,yes,yes,yes,yes,no
205,v3_volume,equifax,Morrisons,WM MORRISONS STORE  ON 27 FEB CLP,23.0,debit,groceries,groceries_household_essentials,Morrisons supermarket debit.,yes,Shopping (Household Essentials) | General Groceries,,,groceries,groceries_household_essentials,groceries,groceries_household_essentials,T4_dictionary,yes,yes,yes,yes,no
206,v3_volume,equifax,NISA,NISA,11.68,debit,groceries,groceries_household_essentials,Nisa symbol-group grocer debit.,established,Shopping (Household Essentials) | General Groceries,,,groceries,groceries_household_essentials,groceries,groceries_household_essentials,T4_dictionary,yes,yes,yes,yes,no
207,v3_volume,equifax,Halifax,Paid with Starling Halifax account Wassim Hales,5.59,debit,transfer_p2p,transfers,"Override prefill mortgage: 'Paid with Starling Halifax account Wassim Hales' is a named-person transfer, not a Halifax mortgage.",established,Financial Services | Banks And Building Societies,,,financial_institution_unspecified,unclassified,financial_institution_unspecified,unclassified,T4_dictionary,no,no,no,no,no
208,v3_volume,equifax,Link Financial,Direct debit LINK FINANCIAL ************2761,14.0,debit,debt_collection,high_cost_distress_credit,"Link Financial direct debit; collector, not LINK ATM.",established,Financial Services | Debt Collection,,,debt_collection,high_cost_distress_credit,debt_collection,high_cost_distress_credit,T6_native_fallback,yes,yes,yes,yes,no
209,v3_volume,equifax,Premier Stores,Premier Shop Express Premier Shop Express   Blackpool     GBR,1.98,debit,groceries,groceries_household_essentials,Premier Shop Express; Premier is a listed symbol-group grocer.,established,Shopping (Discretionary) | Newsagents and Convenience Stores,,,convenience_store,groceries_household_essentials,groceries,groceries_household_essentials,T4_dictionary,no,yes,yes,yes,no
210,v3_volume,equifax,ASDA,Asda ASDA FULWOOD           PRESTON       GBR,17.48,debit,groceries,groceries_household_essentials,Asda supermarket debit.,yes,Shopping (Household Essentials) | General Groceries,,,groceries,groceries_household_essentials,groceries,groceries_household_essentials,T4_dictionary,yes,yes,yes,yes,no
211,v3_volume,equifax,Deliveroo,Visa purchase DELIVEROO 4516,16.69,debit,takeaway,eating_drinking_out,Deliveroo debit.,established,Restaurants and takeaway | Take Away,,,takeaway,eating_drinking_out,takeaway,eating_drinking_out,T4_dictionary,yes,yes,yes,yes,no
212,v3_volume,equifax,Blackpool Transport,Contactless Payment BLACKPOOL TRANSPORT SERVI,2.0,debit,public_transport_rail_coach,transport_motoring,Blackpool Transport debit.,yes,Commuting and travel | Trains and Coaches,,,public_transport_rail_coach,transport_motoring,public_transport_rail_coach,transport_motoring,T6_native_fallback,yes,yes,yes,yes,no
213,v3_volume,equifax,Co-op,CO-OP GROUP  FOOD CD 1934,3.66,debit,groceries,groceries_household_essentials,Co-op food debit.,established,Shopping (Household Essentials) | General Groceries,,,groceries,groceries_household_essentials,groceries,groceries_household_essentials,T4_dictionary,yes,yes,yes,yes,no
214,v3_volume,equifax,tiktok,TIKTOK SHOP SELLER  ON 22 JUL CRM,8.02,credit,income_other_unspecified,income_other,"TikTok Shop Seller CREDIT; seller payout on a non-Amazon marketplace (shop is in the narrative). Parent check: TIKTOK SHOP SELLER CREDIT is seller proceeds, not spend.",no,Transfers / Other | Web Services,,,web_services,digital_subscriptions_services,online_services,digital_subscriptions_services,T4_dictionary,no,no,no,no,no
215,v3_volume,equifax,Greggs,GREGGS PLC  ON 20 SEP CLP Greggs,2.6,debit,restaurant_cafe,eating_drinking_out,Greggs debit.,established,"Restaurants and takeaway | Restaurants, Cafes and Bistros",,,restaurant_cafe,eating_drinking_out,restaurant_cafe,eating_drinking_out,T4_dictionary,yes,yes,yes,yes,no
216,v3_volume,equifax,Iceland,3903 02NOV24      ICELAND FOODS     FLINTSHIRE GB     REFUND,5.69,credit,refund_received,income_other,Override prefill groceries: Iceland CREDIT with REFUND in the narrative.,established,Refund | General Groceries,,,refund_received,income_other,groceries,groceries_household_essentials,T4_dictionary,yes,no,yes,no,no
217,v3_volume,equifax,Ladbrokes,LC International L  ON 12 OCT BCC LC INTERNATIONAL LTD,10.0,debit,gambling_betting,gambling,Ladbrokes (LC International) stake debit.,established,Gambling and Betting | Betting,,,gambling_betting,gambling,gambling_betting,gambling,T4_dictionary,yes,yes,yes,yes,no
218,v3_volume,equifax,Tesco Fuel,4200 22OCT24 CD   TESCO PFS 5570    SHROPSHIRE GB,4.5,debit,fuel,transport_motoring,Tesco PFS debit.,established,Commuting and travel | Fuel,,,fuel,transport_motoring,fuel,transport_motoring,T4_dictionary,yes,yes,yes,yes,no
219,v3_volume,equifax,E,WWW.E.ORG CD 1464,10.0,debit,energy,utilities_household_bills,www.e.org energy debit.,established,Utilities | Energy Providers,,,energy,utilities_household_bills,unclassified_other,unclassified,T4_dictionary,yes,no,yes,no,no
220,v3_volume,equifax,Marks and Spencer,M&S PLC - TRAFFORD CEN CD 2880,6.5,debit,department_store,general_retail_marketplaces,M&S Trafford Centre debit.,yes,Shopping (Fashion) | General Fashion,,,clothing_general,clothing_personal_care,department_store,general_retail_marketplaces,T4_dictionary,no,yes,no,yes,no
221,v3_volume,equifax,Lowell Financial,LOWELL PORTFOLIO 1  ************8504 DDR Lowell Group,2.0,debit,debt_collection,high_cost_distress_credit,Lowell Group debit.,established,Financial Services | Debt Collection,,,debt_collection,high_cost_distress_credit,debt_collection,high_cost_distress_credit,T4_dictionary,yes,yes,yes,yes,no
222,v3_volume,equifax,Cabot,Standing order CABOT FINANCIAL EU ************8018,5.0,debit,debt_collection,high_cost_distress_credit,Cabot Financial standing order.,established,Financial Services | Debt Collection,,,debt_collection,high_cost_distress_credit,debt_collection,high_cost_distress_credit,T4_dictionary,yes,yes,yes,yes,no
223,v3_volume,equifax,Green Man,The Green Man CD 2323,13.75,debit,pub_bar,eating_drinking_out,The Green Man pub debit.,yes,Restaurants and takeaway | Pubs and Bars,,,pub_bar,eating_drinking_out,pub_bar,eating_drinking_out,T6_native_fallback,yes,yes,yes,yes,no
224,v3_volume,equifax,Revolut,Sent from Revolut,100.0,credit,transfer_bank_unspecified,transfers,Override prefill transfer_own_account: 'Sent from Revolut' CREDIT with no named person and no own-pot evidence; brief forbids assuming Revolut pots.,yes,Transfers / Other | Bank Transfer,,,transfer_bank_unspecified,transfers,transfer_own_account,transfers,T4_dictionary,yes,no,yes,yes,no
225,v3_volume,equifax,Lebara,Lebara Mobile Limi  ON 12 AUG BCC LEBARA MOBILE LIMITED,1.99,debit,mobile_phone_contract,utilities_household_bills,Lebara Mobile debit.,established,Utilities | Mobile Phone Contracts,,,mobile_phone_contract,utilities_household_bills,mobile_phone_contract,utilities_household_bills,T4_dictionary,yes,yes,yes,yes,no
226,v3_volume,equifax,The National Lottery,CARD PAYMENT TO NATIONAL LOTTERY INTE ON 12-01-2024,6.0,debit,gambling_lottery,gambling,National Lottery debit.,established,Gambling and Betting | Lottery,,,gambling_lottery,gambling,gambling_lottery,gambling,T4_dictionary,yes,yes,yes,yes,no
227,v3_volume,equifax,Currys,CURRYS RETAIL LTD,0.01,credit,refund_received,income_other,Override prefill electrical_goods: Currys CREDIT £0.01 is a retailer refund/adjustment.,established,Transfers / Other | General Electrical,,,electrical_goods,general_retail_marketplaces,computing_devices,general_retail_marketplaces,T4_dictionary,no,no,no,no,no
228,v3_volume,equifax,AliExpress,Aliexpress.com London GBR 2159,5.46,debit,marketplace_general,general_retail_marketplaces,AliExpress debit; non-Amazon marketplace.,established,Shopping (Discretionary) | TV and Online Shopping,,,retail_tv_online_shopping,general_retail_marketplaces,marketplace_general,general_retail_marketplaces,T4_dictionary,no,yes,yes,yes,no
229,v3_volume,equifax,Shoe Zone,SHOE ZONE  ON 09 JUL CLP Shoe Zone,12.99,debit,footwear,clothing_personal_care,Shoe Zone debit.,established,Shopping (Fashion) | Footwear,,,footwear,clothing_personal_care,footwear,clothing_personal_care,T6_native_fallback,yes,yes,yes,yes,no
230,v3_volume,equifax,Pets at Home,PETS AT HOME LTD,15.0,debit,pet_supplies,pets,Pets at Home debit.,established,Pets | Pet Accessories,,,pet_supplies,pets,pet_supplies,pets,T4_dictionary,yes,yes,yes,yes,no
231,v3_volume,equifax,Uber,Uber UBR* PENDING.UBER.COM  London        GBR,8.75,credit,refund_received,income_other,"Uber CREDIT; native Identified Salary | Taxis and brief maps courier/taxi platform income to salary_gig (could be a pending-trip refund). Adversarial: UBR* PENDING.UBER.COM credit is a released rider auth, not driver pay. Identified Salary native is a known false positive here.",no,Identified Salary | Taxis,,,salary_gig,income_employment,taxi_rideshare,transport_motoring,T4_dictionary,no,no,no,no,no
232,v3_volume,equifax,SSE Airtricity,Visa purchase SSE AIRTRICITY,50.0,debit,energy,utilities_household_bills,SSE Airtricity energy debit.,yes,Utilities | Energy Providers,,,energy,utilities_household_bills,energy,utilities_household_bills,T6_native_fallback,yes,yes,yes,yes,no
233,v3_volume,equifax,Monzo,Sent from Monzo Megan Hancock,40.0,debit,transfer_p2p,transfers,Debit Sent from Monzo to named person Megan Hancock; not own-account.,no,Transfers / Other | Bank Transfer,,,transfer_bank_unspecified,transfers,transfer_own_account,transfers,T4_dictionary,no,no,yes,yes,no
234,v3_volume,equifax,TFL,Transport for London TFL TRAVEL CH\VICTORIA STREET\TFL.GOV.UK/CP\SW1H 0TL     GBR,1.75,debit,public_transport_rail_coach,transport_motoring,TfL travel charge debit.,established,Commuting and travel | Trains and Coaches,,,public_transport_rail_coach,transport_motoring,public_transport_rail_coach,transport_motoring,T4_dictionary,yes,yes,yes,yes,no
235,v3_volume,equifax,B&M,5201 22JAN25 CD   B&M 092 - SWANSEA SWANSEA GB,2.0,debit,discount_store,groceries_household_essentials,B&M debit.,established,Shopping (Home) | Home Improvements,,,home_improvement,home_garden,discount_store,groceries_household_essentials,T4_dictionary,no,yes,no,yes,no
236,v3_volume,equifax,Iceland,ICELAND,8.5,debit,groceries,groceries_household_essentials,Iceland debit.,established,Shopping (Household Essentials) | General Groceries,,,groceries,groceries_household_essentials,groceries,groceries_household_essentials,T4_dictionary,yes,yes,yes,yes,no
237,v3_volume,equifax,eBay,FASTER PAYMENTS RECEIPT REF.EBAY P5660127888 T FROM ADYEN N.V.,9.29,credit,income_other_unspecified,income_other,"eBay seller payout via Adyen FPS credit. Parent check: eBay FPS receipt FROM ADYEN is seller payout, not marketplace spend.",established,Transfers / Other | TV and Online Shopping,,,retail_tv_online_shopping,general_retail_marketplaces,marketplace_general,general_retail_marketplaces,T4_dictionary,no,no,no,no,no
238,v3_volume,equifax,LTT Vending,LTT Vending Ltd LTT VENDING LIMITED    LEEDS         GBR,1.0,debit,confectionary,groceries_household_essentials,LTT Vending Ltd debit.,yes,Shopping (Discretionary) | Confectionary,,,confectionary,groceries_household_essentials,confectionary,groceries_household_essentials,T6_native_fallback,yes,yes,yes,yes,no
239,v3_volume,equifax,Vodafone,"DIRECT DEBIT PAYMENT TO VODAFONE LTDDEVICE REF 1003551045, MANDATE NO 0059",21.0,debit,mobile_handset,general_retail_marketplaces,"Override prefill savings_transfer: Vodafone Ltd Device DD is the EVO handset loan, not savings.",established,Utilities | Mobile Phone Contracts,,,mobile_phone_contract,utilities_household_bills,mobile_phone_contract,utilities_household_bills,T4_dictionary,no,no,no,no,no
240,v3_volume,equifax,Ladbrokes,LC International L  ON 12 AUG BCC LC INTERNATIONAL LTD,7.6,debit,gambling_betting,gambling,Ladbrokes stake debit.,established,Gambling and Betting | Betting,,,gambling_betting,gambling,gambling_betting,gambling,T4_dictionary,yes,yes,yes,yes,no
241,v3_volume,equifax,eBay,eBay O*22-12187-70 eBay O*22-12187-70566,32.99,debit,marketplace_general,general_retail_marketplaces,eBay purchase debit.,established,Shopping (Discretionary) | TV and Online Shopping,,,retail_tv_online_shopping,general_retail_marketplaces,marketplace_general,general_retail_marketplaces,T4_dictionary,no,yes,yes,yes,no
242,v3_volume,equifax,TK Maxx,Contactless Payment TK MAXX APPLEPAY 2568 2023-12-17,24.99,debit,department_store,general_retail_marketplaces,TK Maxx off-price department store debit.,established,Shopping (Fashion) | General Fashion,,,clothing_general,clothing_personal_care,clothing_general,clothing_personal_care,T4_dictionary,no,no,no,no,no
243,v3_volume,equifax,Zara,ZARA VIVO CLUJ C8 RON         199.90 VISAXR   5.74590 CD 1636 08SEP23,34.79,debit,clothing_general,clothing_personal_care,"Zara Cluj (RON) converted debit; identifiable clothing merchant, not foreign_spend_unspecified.",yes,Shopping (Fashion) | General Fashion,,,clothing_general,clothing_personal_care,clothing_general,clothing_personal_care,T4_dictionary,yes,yes,yes,yes,no
244,v3_volume,equifax,Deliveroo,DELIVEROO  ON 10 DEC CPM,18.78,debit,takeaway,eating_drinking_out,Deliveroo debit.,established,Restaurants and takeaway | Take Away,,,takeaway,eating_drinking_out,takeaway,eating_drinking_out,T4_dictionary,yes,yes,yes,yes,no
245,v3_volume,equifax,McDonalds,MCDONALDS,14.26,debit,takeaway,eating_drinking_out,McDonald's debit.,yes,Restaurants and takeaway | Take Away,,,takeaway,eating_drinking_out,takeaway,eating_drinking_out,T4_dictionary,yes,yes,yes,yes,no
246,v3_volume,equifax,Allpay,ALLPAY *THE RIVERSLIVERPOOL,22.0,debit,rent,housing,Allpay *THE RIVERS Liverpool; The Riverside Group is a Liverpool housing association.,established,,,,unclassified_other,unclassified,unclassified_other,unclassified,T6_native_fallback,no,no,no,no,no
247,v3_volume,equifax,Home Bargains,Home Bargains HOME BARGAINS          CLEVELYS      GBR,6.58,debit,discount_store,groceries_household_essentials,Home Bargains debit.,established,Shopping (Home) | Home Accessories,,,home_accessories,home_garden,discount_store,groceries_household_essentials,T4_dictionary,no,yes,no,yes,no
248,v3_volume,equifax,Play.com,my play play account to chidera's Account,1.0,credit,transfer_p2p,transfers,Override prefill software: credit to chidera's Account; named-person P2P memo.,established,Transfers / Other | TV and Online Shopping,,,retail_tv_online_shopping,general_retail_marketplaces,gaming_console_pc,entertainment_leisure,T4_dictionary,no,no,no,no,no
249,v3_volume,equifax,Universal Credit,"BANK GIRO CREDIT REF 202F44E3D DWP UC, ************7866",1494.85,credit,benefits_state,income_benefits_state_support,DWP Universal Credit credit.,established,,,,unclassified_other,unclassified,benefits_state,income_benefits_state_support,T4_dictionary,no,yes,no,yes,no
250,v3_volume,equifax,Marketplace,Visa purchase AMZNMktplace*5H99N9I05 2306,11.94,debit,marketplace_amazon,general_retail_marketplaces,Amazon Marketplace debit.,established,Amazon All | Amazon,,,marketplace_amazon,general_retail_marketplaces,marketplace_general,general_retail_marketplaces,T4_dictionary,yes,no,yes,yes,no
251,v3_volume,equifax,Tesco,TESCO STORES 2964 CARLTON,12.09,debit,groceries,groceries_household_essentials,Tesco supermarket debit.,established,Shopping (Household Essentials) | General Groceries,,,groceries,groceries_household_essentials,groceries,groceries_household_essentials,T4_dictionary,yes,yes,yes,yes,no
252,v3_volume,equifax,Uber Eats,Uber Eats UBER   * EATS PENDING  London        GBR,13.56,debit,takeaway,eating_drinking_out,Uber Eats debit.,established,Restaurants and takeaway | Take Away,,,takeaway,eating_drinking_out,takeaway,eating_drinking_out,T4_dictionary,yes,yes,yes,yes,no
253,v3_volume,equifax,ASDA,9675 20DEC24 CD   ASDA STORES       MANCHESTER GB,6.15,debit,groceries,groceries_household_essentials,Asda supermarket debit.,yes,Shopping (Household Essentials) | General Groceries,,,groceries,groceries_household_essentials,groceries,groceries_household_essentials,T4_dictionary,yes,yes,yes,yes,no
254,v3_volume,equifax,Poundland,Poundland LTD - 1760 from AVAILABLE  Pot POUNDLAND LTD - 1760   SOUTHEND      GBR,8.3,debit,discount_store,groceries_household_essentials,Poundland debit.,established,Shopping (Household Essentials) | Discount Stores,,,discount_store,groceries_household_essentials,discount_store,groceries_household_essentials,T4_dictionary,yes,yes,yes,yes,no
255,v3_volume,equifax,Uber Eats,UBER   *EATS,15.58,debit,takeaway,eating_drinking_out,Uber Eats debit.,established,Restaurants and takeaway | Take Away,,,takeaway,eating_drinking_out,takeaway,eating_drinking_out,T4_dictionary,yes,yes,yes,yes,no
256,v3_volume,equifax,Paddy Power,Paddy Power,10.0,debit,gambling_betting,gambling,Paddy Power stake debit.,established,Gambling and Betting | Betting,,,gambling_betting,gambling,gambling_betting,gambling,T4_dictionary,yes,yes,yes,yes,no
257,v3_volume,equifax,Child Benefits,"BANK GIRO CREDIT REF DWPCMSGB2012SCHEME, 710035310200",29.46,credit,income_other_unspecified,income_other,"Override prefill benefits_state: DWPCMSGB2012SCHEME is Child Maintenance Service 2012, a credit of maintenance received (R15), not HMRC Child Benefit.",established,,,,unclassified_other,unclassified,benefits_state,income_benefits_state_support,T4_dictionary,no,no,no,no,no
258,v3_volume,equifax,Deliveroo,Deliveroo         LONDON,12.69,debit,takeaway,eating_drinking_out,Deliveroo debit.,established,Restaurants and takeaway | Take Away,,,takeaway,eating_drinking_out,takeaway,eating_drinking_out,T4_dictionary,yes,yes,yes,yes,no
259,v3_volume,equifax,Greggs,GREGGS PLC  ON 10 SEP CPM Greggs,2.5,debit,restaurant_cafe,eating_drinking_out,Greggs debit.,established,"Restaurants and takeaway | Restaurants, Cafes and Bistros",,,restaurant_cafe,eating_drinking_out,restaurant_cafe,eating_drinking_out,T4_dictionary,yes,yes,yes,yes,no
260,v3_volume,equifax,EE Mobile,EE LIMITED,97.11,debit,mobile_phone_contract,utilities_household_bills,EE Limited debit.,established,Utilities | Mobile Phone Contracts,,,mobile_phone_contract,utilities_household_bills,mobile_phone_contract,utilities_household_bills,T4_dictionary,yes,yes,yes,yes,no
261,v3_volume,equifax,Child Benefits,HMRC CHILD BENEFIT,170.2,credit,benefits_state,income_benefits_state_support,HMRC Child Benefit credit.,established,,,,unclassified_other,unclassified,benefits_state,income_benefits_state_support,T4_dictionary,no,yes,no,yes,no
262,v3_volume,equifax,Costa,COSTA COFFEE 43011 COSTA COFFEE 43011438,4.5,debit,restaurant_cafe,eating_drinking_out,Costa Coffee debit.,established,"Restaurants and takeaway | Restaurants, Cafes and Bistros",,,restaurant_cafe,eating_drinking_out,restaurant_cafe,eating_drinking_out,T4_dictionary,yes,yes,yes,yes,no
263,v3_volume,equifax,British Gas,"BRITISH GAS TRADING LT (VIA APPLE PAY), ON 13-11-2023",5.0,debit,energy,utilities_household_bills,British Gas debit.,established,Utilities | Energy Providers,,,energy,utilities_household_bills,energy,utilities_household_bills,T4_dictionary,yes,yes,yes,yes,no
264,v3_volume,equifax,Boots,BOOTS 1014  ON 18 SEP CLP,1.65,debit,pharmacy,health_medical,Boots debit.,established,Personal Healthcare | General Health and Beauty,,,health_beauty_general,clothing_personal_care,pharmacy,health_medical,T4_dictionary,no,yes,no,yes,no
265,v3_volume,equifax,TV Licensing ,"DIRECT DEBIT PAYMENT TO TV LICENCE MBP REF 3874296499, MANDATE NO 0051",13.25,debit,tv_licence,utilities_household_bills,TV Licence MBP direct debit.,established,Utilities | TV Licences,,,tv_licence,utilities_household_bills,tv_licence,utilities_household_bills,T4_dictionary,yes,yes,yes,yes,no
266,v3_volume,equifax,Savers Health,SAVERS HEALTH & BE SAVERS HEALTH & BEAUTY,2.25,debit,health_beauty_general,clothing_personal_care,"Savers Health & Beauty; beauty-led, not pharmacy.",established,Personal Healthcare | Skin and Hair Care,,,skin_hair_care,clothing_personal_care,pharmacy,health_medical,T4_dictionary,no,no,yes,no,no
267,v3_volume,equifax,McDonalds,MCDONALDS McDonald's,3.98,debit,takeaway,eating_drinking_out,McDonald's debit.,yes,Restaurants and takeaway | Take Away,,,takeaway,eating_drinking_out,takeaway,eating_drinking_out,T4_dictionary,yes,yes,yes,yes,no
268,v3_volume,equifax,Burger King,BURGER KING CD 1213,10.98,debit,takeaway,eating_drinking_out,Override prefill refund_received: Burger King debit cannot be a refund.,established,Restaurants and takeaway | Take Away,,,takeaway,eating_drinking_out,takeaway,eating_drinking_out,T4_dictionary,yes,yes,yes,yes,no
269,v3_volume,equifax,Uber,Uber UBER   *TRIP           London        GBR,8.95,debit,taxi_rideshare,transport_motoring,Uber *TRIP debit.,yes,Commuting and travel | Taxis,,,taxi_rideshare,transport_motoring,taxi_rideshare,transport_motoring,T4_dictionary,yes,yes,yes,yes,no
270,v3_volume,equifax,SAAS Payments,Scot Exec Saas SCOT EXEC SAAS,200.0,credit,income_other_unspecified,income_other,"Override prefill education_general: Scot Exec SAAS CREDIT is a Student Awards Agency Scotland bursary inflow, not education spend. Adversarial: SAAS student funding is not DWP/HMRC benefits_state. Honest income residual.",established,,,,unclassified_other,unclassified,unclassified_other,unclassified,T6_native_fallback,no,no,no,no,no
271,v3_volume,equifax,Home Retail,HOME RETAIL GROUP CD 8726,150.0,debit,catalogue_retail,general_retail_marketplaces,"Override prefill home_accessories: Home Retail Group is Argos Card / HRG Card Services; £150 round debit is store-card repayment. Adversarial: HOME RETAIL GROUP with shopping native and no Card Services/DDR cue is Argos spend, not store-card repayment. Aligned with rows 426 and 1332.",established,Shopping (Home) | Home Accessories,,,home_accessories,home_garden,catalogue_retail,general_retail_marketplaces,T4_dictionary,no,yes,no,yes,no
272,v3_volume,equifax,Costcutter,PPOINT_*COSTCUTTER PPOINT_*COSTCUTTER (DUNST,6.43,debit,groceries,groceries_household_essentials,Costcutter symbol-group grocer (via PayPoint) debit.,established,Shopping (Household Essentials) | General Groceries,,,groceries,groceries_household_essentials,groceries,groceries_household_essentials,T4_dictionary,yes,yes,yes,yes,no
273,v3_volume,equifax,Tesco,NYA*Tesco Nya*tesco,1.0,debit,unclassified_other,unclassified,Override prefill groceries: NYA*Tesco is Nayax unattended (vending or Tesco-garage air/jetwash); narrative does not pick one.,established,Shopping (Household Essentials) | General Groceries,,,groceries,groceries_household_essentials,groceries,groceries_household_essentials,T4_dictionary,no,no,no,no,no
274,v3_volume,equifax,Moriarty Law Limited,MORIARTY LAW - VT  ON 17 DEC BCC,9.81,debit,debt_collection,high_cost_distress_credit,Moriarty Law VT debit; debt-recovery practice not generic legal.,yes,Financial Services | Debt Collection,,,debt_collection,high_cost_distress_credit,debt_collection,high_cost_distress_credit,T6_native_fallback,yes,yes,yes,yes,no
275,v3_volume,equifax,Vanquis Bank,************1128 ************1128 Vanquis Bank Ltd,20.0,debit,credit_card_repayment,credit_loan_repayments,Vanquis Bank debit.,established,Financial Services | Credit Cards,,,credit_card_repayment,credit_loan_repayments,credit_card_repayment,credit_loan_repayments,T4_dictionary,yes,yes,yes,yes,no
276,v3_volume,equifax,Mircosoft,Microsoft*Ultimate Microsoft*Ultimate 1 Mont,12.99,debit,gaming_console_pc,entertainment_leisure,Override prefill software: Microsoft*Ultimate is Xbox Game Pass Ultimate.,yes,Shopping (Discretionary) | Software,,,software,digital_subscriptions_services,software,digital_subscriptions_services,T4_dictionary,no,no,no,no,no
277,v3_volume,equifax,SPAR,SPAR TRINITY,6.33,debit,groceries,groceries_household_essentials,SPAR Trinity symbol-group grocer debit.,established,Shopping (Household Essentials) | General Groceries,,,groceries,groceries_household_essentials,groceries,groceries_household_essentials,T4_dictionary,yes,yes,yes,yes,no
278,v3_volume,equifax,The National Lottery,The National Lottery NATIONAL LOTTERY       LONDON        GBR,15.0,debit,gambling_lottery,gambling,National Lottery debit.,established,Gambling and Betting | Lottery,,,gambling_lottery,gambling,gambling_lottery,gambling,T4_dictionary,yes,yes,yes,yes,no
279,v3_volume,equifax,Barclays,WEI CHUA  FROM MY BARCLAYS STO,150.0,debit,transfer_p2p,transfers,"Override prefill mortgage: WEI CHUA FROM MY BARCLAYS STO is a named-person transfer, not a mortgage.",established,Financial Services | Banks And Building Societies,,,financial_institution_unspecified,unclassified,financial_institution_unspecified,unclassified,T4_dictionary,no,no,no,no,no
280,v3_volume,equifax,TFL,Transport for London TFL TRAVEL CH\VICTORIA STREET\TFL.GOV.UK/CP\SW1H 0TL     GBR,8.5,debit,public_transport_rail_coach,transport_motoring,TfL travel charge debit.,established,Commuting and travel | Trains and Coaches,,,public_transport_rail_coach,transport_motoring,public_transport_rail_coach,transport_motoring,T4_dictionary,yes,yes,yes,yes,no
281,v3_volume,equifax,Link Financial,Direct debit LINK FINANCIAL ************2761,14.0,debit,debt_collection,high_cost_distress_credit,Link Financial direct debit.,established,Financial Services | Debt Collection,,,debt_collection,high_cost_distress_credit,debt_collection,high_cost_distress_credit,T6_native_fallback,yes,yes,yes,yes,no
282,v3_volume,equifax,Certas Energy,Certas Energy,1.5,debit,fuel,transport_motoring,Certas Energy £1.50 debit; brief: Certas at a pump is fuel (too small for a heating-oil delivery).,no,Utilities | Energy Providers,,,energy,utilities_household_bills,energy,utilities_household_bills,T6_native_fallback,no,no,no,no,no
283,v3_volume,equifax,Aqua,To Aqua,136.47,debit,credit_card_repayment,credit_loan_repayments,Aqua (NewDay) credit-card debit.,established,Financial Services | Credit Cards,,,credit_card_repayment,credit_loan_repayments,credit_card_repayment,credit_loan_repayments,T4_dictionary,yes,yes,yes,yes,no
284,v3_volume,equifax,Specsavers,SPECSAVERS,18.0,debit,optician,health_medical,Specsavers debit.,established,Personal Healthcare | Glasses and Contact Lenses,,,optician,health_medical,optician,health_medical,T4_dictionary,yes,yes,yes,yes,no
285,v3_volume,equifax,McDonalds,2011 12DEC23 CD   MCDONALDS 429     LONDON GB,6.88,debit,takeaway,eating_drinking_out,McDonald's debit.,yes,Restaurants and takeaway | Take Away,,,takeaway,eating_drinking_out,takeaway,eating_drinking_out,T4_dictionary,yes,yes,yes,yes,no
286,v3_volume,equifax,Clearpay,CLEARPAY,6.06,debit,bnpl,credit_loan_repayments,Clearpay debit; no underlying shop.,established,Financial Services | BNPL,,,bnpl,credit_loan_repayments,bnpl,credit_loan_repayments,T4_dictionary,yes,yes,yes,yes,no
287,v3_volume,equifax,Dominos Pizza,DOMINO S PIZZA,27.95,debit,takeaway,eating_drinking_out,Domino's Pizza debit.,established,Restaurants and takeaway | Take Away,,,takeaway,eating_drinking_out,takeaway,eating_drinking_out,T4_dictionary,yes,yes,yes,yes,no
288,v3_volume,equifax,Morrisons,WM MORRISONS STORE373 COLINDALE,22.04,debit,groceries,groceries_household_essentials,Morrisons supermarket debit.,yes,Shopping (Household Essentials) | General Groceries,,,groceries,groceries_household_essentials,groceries,groceries_household_essentials,T4_dictionary,yes,yes,yes,yes,no
289,v3_volume,equifax,TheTrainLine,Trainline Trainline.Com          London        GBR,12.0,debit,public_transport_rail_coach,transport_motoring,Trainline debit.,yes,Commuting and travel | Trains and Coaches,,,public_transport_rail_coach,transport_motoring,public_transport_rail_coach,transport_motoring,T4_dictionary,yes,yes,yes,yes,no
290,v3_volume,equifax,Marks and Spencer Food,MARKS&SPENCER PLC MARKS&SPENCER PLC SACA,13.37,debit,groceries,groceries_household_essentials,M&S Foodhall (SACAT) debit.,yes,Shopping (Household Essentials) | General Groceries,,,groceries,groceries_household_essentials,groceries,groceries_household_essentials,T4_dictionary,yes,yes,yes,yes,no
291,v3_volume,equifax,Arriva,CARD PAYMENT TO ARRIVA DURHAM COUNTY L ON 14-07-2024,2.0,debit,public_transport_rail_coach,transport_motoring,Arriva Durham County bus debit.,established,Commuting and travel | Trains and Coaches,,,public_transport_rail_coach,transport_motoring,public_transport_rail_coach,transport_motoring,T4_dictionary,yes,yes,yes,yes,no
292,v3_volume,equifax,Vodafone,0133 19JUL24      VODAFONE LTD      DEVICE            VODAFONE.COM GB,27.0,debit,mobile_handset,general_retail_marketplaces,Override prefill savings_transfer: Vodafone Ltd Device is the handset loan DD.,established,Utilities | Mobile Phone Contracts,,,mobile_phone_contract,utilities_household_bills,mobile_phone_contract,utilities_household_bills,T4_dictionary,no,no,no,no,no
293,v3_volume,equifax,Paypal,Direct debit PAYPAL PAYMENT 609242 40317401,26.33,debit,payment_intermediary,general_retail_marketplaces,PayPal direct debit; underlying merchant not identifiable.,yes,Shopping (Discretionary) | E-Commerce Payment System,,,payment_intermediary,general_retail_marketplaces,payment_intermediary,general_retail_marketplaces,T4_dictionary,yes,yes,yes,yes,no
294,v3_volume,equifax,GiffGaff.com,Visa purchase giffgaff 1929,12.0,debit,mobile_phone_contract,utilities_household_bills,giffgaff debit.,established,Utilities | Mobile Phone Contracts,,,mobile_phone_contract,utilities_household_bills,mobile_phone_contract,utilities_household_bills,T4_dictionary,yes,yes,yes,yes,no
295,v3_volume,equifax,Clearpay,CLEARPAY,8.96,debit,bnpl,credit_loan_repayments,Clearpay debit.,established,Financial Services | BNPL,,,bnpl,credit_loan_repayments,bnpl,credit_loan_repayments,T4_dictionary,yes,yes,yes,yes,no
296,v3_volume,equifax,Uber Eats,Visa purchase UBER *EATS,23.77,debit,takeaway,eating_drinking_out,Uber Eats debit.,established,Restaurants and takeaway | Take Away,,,takeaway,eating_drinking_out,takeaway,eating_drinking_out,T4_dictionary,yes,yes,yes,yes,no
297,v3_volume,equifax,Seasons Kitchen,SEASONS KITCHEN AN SEASONS KITCHEN AND FA,2.9,debit,restaurant_cafe,eating_drinking_out,Seasons Kitchen and Farm Shop £2.90; amount is cafe-like rather than a grocery shop.,yes,"Restaurants and takeaway | Restaurants, Cafes and Bistros",,,restaurant_cafe,eating_drinking_out,restaurant_cafe,eating_drinking_out,T6_native_fallback,yes,yes,yes,yes,no
298,v3_volume,equifax,ASDA,ASDA STORES 4430  ON 22 SEP CLP,24.84,debit,groceries,groceries_household_essentials,Asda supermarket debit.,yes,Shopping (Household Essentials) | General Groceries,,,groceries,groceries_household_essentials,groceries,groceries_household_essentials,T4_dictionary,yes,yes,yes,yes,no
299,v3_volume,equifax,BP,BP CLEVEDON SF CON  ON 19 NOV CPM BP CLEVEDON SF CONNECT,20.58,debit,fuel,transport_motoring,BP Clevedon SF Connect forecourt debit.,established,Commuting and travel | Fuel,,,fuel,transport_motoring,fuel,transport_motoring,T4_dictionary,yes,yes,yes,yes,no
300,v3_volume,equifax,Clearpay,Clearpay Clearpay\125 Kingsway\clearpay.co.u\WC2B 6NH  GBRGBR,4.57,credit,refund_received,income_other,"Override prefill bnpl: Clearpay CREDIT is a BNPL refund, not a repayment.",established,Financial Services | BNPL,,,bnpl,credit_loan_repayments,bnpl,credit_loan_repayments,T4_dictionary,no,no,no,no,no
301,v3_volume,equifax,Revolut,REVOLUT *SHREY ASH REVOLUT *SHREY ASHOK CHAK,50.0,credit,transfer_p2p,transfers,"Revolut *SHREY ASHOK CHAK CREDIT; named person, not own-account.",no,Transfers / Other | Bank Transfer,,,transfer_bank_unspecified,transfers,transfer_own_account,transfers,T4_dictionary,no,no,yes,yes,no
302,v3_volume,equifax,Sky Bet,WWW.SKYBET.COM  ON 01 DEC BCC,10.0,debit,gambling_betting,gambling,Sky Bet stake debit.,established,Gambling and Betting | Betting,,,gambling_betting,gambling,gambling_betting,gambling,T4_dictionary,yes,yes,yes,yes,no
303,v3_volume,equifax,tiktok,"TIKTOK SHOP SELLER (VIA APPLE PAY), ON 30-10-2024",2.99,debit,marketplace_general,general_retail_marketplaces,Override prefill online_services: TikTok Shop Seller debit; shop is in the narrative so marketplace_general.,yes,Services | Web Services,,,web_services,digital_subscriptions_services,online_services,digital_subscriptions_services,T4_dictionary,no,no,no,no,no
304,v3_volume,equifax,Texaco,TEXACO DINAS POWYS,3.35,debit,fuel,transport_motoring,Texaco Dinas Powys forecourt debit.,established,Commuting and travel | Fuel,,,fuel,transport_motoring,fuel,transport_motoring,T4_dictionary,yes,yes,yes,yes,no
305,v3_volume,equifax,Tesco,9156 20FEB25 C    TESCO STORES 3377 WESTON FAVELL GB,1.95,debit,groceries,groceries_household_essentials,Tesco supermarket debit.,established,Shopping (Household Essentials) | General Groceries,,,groceries,groceries_household_essentials,groceries,groceries_household_essentials,T4_dictionary,yes,yes,yes,yes,no
306,v3_volume,equifax,FoodHub,FoodHub,50.6,debit,takeaway,eating_drinking_out,FoodHub takeaway-ordering debit.,established,Restaurants and takeaway | Take Away,,,takeaway,eating_drinking_out,takeaway,eating_drinking_out,T4_dictionary,yes,yes,yes,yes,no
307,v3_volume,equifax,Uber Eats,PAYPAL *UBER EATS EndToEndID: NOTPROVIDED,16.88,debit,takeaway,eating_drinking_out,PayPal *Uber Eats; underlying is Uber Eats.,established,Restaurants and takeaway | Take Away,,,takeaway,eating_drinking_out,takeaway,eating_drinking_out,T4_dictionary,yes,yes,yes,yes,no
308,v3_volume,equifax,Aldi,CARD PAYMENT TO ALDI 54 778 ON 14-10-2024,10.34,debit,groceries,groceries_household_essentials,Aldi debit.,established,Shopping (Household Essentials) | General Groceries,,,groceries,groceries_household_essentials,groceries,groceries_household_essentials,T4_dictionary,yes,yes,yes,yes,no
309,v3_volume,equifax,Lidl,Contactless Payment LIDL GB STOKE GIFFORD APPLEPAY 8175,10.76,debit,groceries,groceries_household_essentials,Lidl debit.,established,Shopping (Household Essentials) | General Groceries,,,groceries,groceries_household_essentials,groceries,groceries_household_essentials,T4_dictionary,yes,yes,yes,yes,no
310,v3_volume,equifax,Co-op,CO-OP GROUP 070724HOVE (SF),3.0,debit,groceries,groceries_household_essentials,Co-op Hove food debit.,established,Shopping (Household Essentials) | General Groceries,,,groceries,groceries_household_essentials,groceries,groceries_household_essentials,T4_dictionary,yes,yes,yes,yes,no
311,v3_volume,equifax,tiktok,4551 06SEP24  D   TIKTOK SHOP SELLERLONDON GB,14.6,debit,marketplace_general,general_retail_marketplaces,Override prefill online_services: TikTok Shop Seller debit; marketplace not the TikTok app.,yes,Services | Web Services,,,web_services,digital_subscriptions_services,online_services,digital_subscriptions_services,T4_dictionary,no,no,no,no,no
312,v3_volume,equifax,Tesco,TESCO STORES 5936  ON 28 MAR BCC Tesco,1.15,credit,refund_received,income_other,Override prefill groceries: Tesco CREDIT.,established,Transfers / Other | General Groceries,,,groceries,groceries_household_essentials,groceries,groceries_household_essentials,T4_dictionary,no,no,no,no,no
313,v3_volume,equifax,Yates,Vicki Yates Shania Yates,30.0,credit,transfer_p2p,transfers,"Vicki Yates / Shania Yates credit; named people, not Yates's pub.",yes,Transfers / Other | Pubs and Bars,,,pub_bar,eating_drinking_out,pub_bar,eating_drinking_out,T6_native_fallback,no,no,no,no,no
314,v3_volume,equifax,Scotmid Co-Op,Scotmid Co-operative SCOTMID COOP           NORTH EDINBUR GBR,14.45,debit,groceries,groceries_household_essentials,Scotmid Co-op food debit.,yes,Shopping (Household Essentials) | General Groceries,,,groceries,groceries_household_essentials,groceries,groceries_household_essentials,T4_dictionary,yes,yes,yes,yes,no
315,v3_volume,equifax,Apple App Store,APPLE.COM/BILL,1.99,debit,software,digital_subscriptions_services,Apple.com/bill debit.,yes,Shopping (Discretionary) | Music and Downloads,,,streaming,digital_subscriptions_services,software,digital_subscriptions_services,T4_dictionary,no,yes,yes,yes,no
316,v3_volume,equifax,Child Tax Credit,ISOBEL CARSON CHILD TAX CREDIT EndToEndID: NOTPROVIDED,344.51,credit,benefits_state,income_benefits_state_support,Child Tax Credit credit £344.51; Isoebel Carson is the claimant name on a CTC payment.,established,,,,unclassified_other,unclassified,benefits_state,income_benefits_state_support,T4_dictionary,no,yes,no,yes,no
317,v3_volume,equifax,Play.com,Visa purchase GOOGLE *Google Play Ap,4.49,debit,software,digital_subscriptions_services,Google Play Apps debit (Equifax merchant Play.com).,established,Shopping (Discretionary) | TV and Online Shopping,,,retail_tv_online_shopping,general_retail_marketplaces,gaming_console_pc,entertainment_leisure,T4_dictionary,no,no,no,no,no
318,v3_volume,equifax,One Stop,"ONE STOP 6416 (VIA APPLE PAY), ON 20-10-2024",4.4,debit,convenience_store,groceries_household_essentials,One Stop convenience chain debit.,established,Shopping (Discretionary) | Newsagents and Convenience Stores,,,convenience_store,groceries_household_essentials,groceries,groceries_household_essentials,T4_dictionary,yes,no,yes,yes,no
319,v3_volume,equifax,ASDA,Asda Store 4733,7.1,debit,groceries,groceries_household_essentials,Asda supermarket debit.,yes,Shopping (Household Essentials) | General Groceries,,,groceries,groceries_household_essentials,groceries,groceries_household_essentials,T4_dictionary,yes,yes,yes,yes,no
320,v3_volume,equifax,Play.com,GOOGLE Google Play  ON 20 OCT BCC,1.99,debit,software,digital_subscriptions_services,Google Play debit.,established,Shopping (Discretionary) | TV and Online Shopping,,,retail_tv_online_shopping,general_retail_marketplaces,gaming_console_pc,entertainment_leisure,T4_dictionary,no,no,no,no,no
321,v3_volume,equifax,Topshop,TOP SHOP,7.2,debit,clothing_womens,clothing_personal_care,Topshop debit.,yes,Shopping (Fashion) | General Fashion,,,clothing_general,clothing_personal_care,clothing_womens,clothing_personal_care,T4_dictionary,no,yes,yes,yes,no
322,v3_volume,equifax,Playstation,PLAYSTATIONNETWORK  ON 22 DEC BCC,44.99,debit,gaming_console_pc,entertainment_leisure,PlayStation Network debit.,established,Shopping (Discretionary) | PC and Console Games,,,gaming_console_pc,entertainment_leisure,gaming_console_pc,entertainment_leisure,T4_dictionary,yes,yes,yes,yes,no
323,v3_volume,equifax,NISA,NISA LOCAL  ON 13 NOV CLP Nisa,11.0,debit,groceries,groceries_household_essentials,Nisa Local symbol-group grocer debit.,established,Shopping (Household Essentials) | General Groceries,,,groceries,groceries_household_essentials,groceries,groceries_household_essentials,T4_dictionary,yes,yes,yes,yes,no
324,v3_volume,equifax,Save The Change,SAVE THE CHANGE,1.91,debit,savings_transfer,savings_investments,Save the Change round-up debit.,established,,,,unclassified_other,unclassified,savings_transfer,savings_investments,T4_dictionary,no,yes,no,yes,no
325,v3_volume,equifax,Deliveroo, Roofoods Limited,51.64,credit,unclassified_other,unclassified,"Override prefill takeaway: Roofoods Limited (Deliveroo) CREDIT could be order refund, rider pay, or restaurant settlement; not unique.",established,Transfers / Other | Take Away,,,takeaway,eating_drinking_out,takeaway,eating_drinking_out,T4_dictionary,no,no,no,no,no
326,v3_volume,equifax,One Stop,CARD PAYMENT TO ONE STOP 6416 ON 14-10-2024,7.95,debit,convenience_store,groceries_household_essentials,One Stop debit.,established,Shopping (Discretionary) | Newsagents and Convenience Stores,,,convenience_store,groceries_household_essentials,groceries,groceries_household_essentials,T4_dictionary,yes,no,yes,yes,no
327,v3_volume,equifax,TFL,TFL TRAVEL CH  ON 04 NOV CLP,3.6,debit,public_transport_rail_coach,transport_motoring,TfL travel charge debit.,established,Commuting and travel | Trains and Coaches,,,public_transport_rail_coach,transport_motoring,public_transport_rail_coach,transport_motoring,T4_dictionary,yes,yes,yes,yes,no
328,v3_volume,equifax,ASDA,NYA*Asda  ON 15 DEC CLP,3.0,debit,unclassified_other,unclassified,Override prefill groceries: NYA*Asda is Nayax unattended (vending vs air/jetwash); do not rubber-stamp Asda groceries.,yes,Shopping (Household Essentials) | General Groceries,,,groceries,groceries_household_essentials,groceries,groceries_household_essentials,T4_dictionary,no,no,no,no,no
329,v3_volume,equifax,Child Tax Credit,CHILD TAX CREDIT,135.41,credit,benefits_state,income_benefits_state_support,Child Tax Credit credit.,established,,,,unclassified_other,unclassified,benefits_state,income_benefits_state_support,T4_dictionary,no,yes,no,yes,no
330,v3_volume,equifax,Sainsbury's,Contactless Payment SAINSBURYS S/MKTS 2024-07-14,13.0,debit,groceries,groceries_household_essentials,Sainsbury's supermarket debit.,established,Shopping (Household Essentials) | General Groceries,,,groceries,groceries_household_essentials,groceries,groceries_household_essentials,T4_dictionary,yes,yes,yes,yes,no
331,v3_volume,equifax,Home Retail,HOME RETAIL GROUP,18.13,debit,catalogue_retail,general_retail_marketplaces,Override prefill home_accessories: Home Retail Group is Argos Card / HRG Card Services. Adversarial: same Home Retail Group shopping debit as row 426 → catalogue_retail.,established,Shopping (Home) | Home Accessories,,,home_accessories,home_garden,catalogue_retail,general_retail_marketplaces,T4_dictionary,no,yes,no,yes,no
332,v3_volume,equifax,Morrisons,W M MORRISON STORE,6.75,debit,groceries,groceries_household_essentials,Morrisons supermarket debit.,yes,Shopping (Household Essentials) | General Groceries,,,groceries,groceries_household_essentials,groceries,groceries_household_essentials,T4_dictionary,yes,yes,yes,yes,no
333,v3_volume,equifax,Morrisons,WM MORRISONS STORE,34.2,debit,groceries,groceries_household_essentials,Morrisons supermarket debit.,yes,Shopping (Household Essentials) | General Groceries,,,groceries,groceries_household_essentials,groceries,groceries_household_essentials,T4_dictionary,yes,yes,yes,yes,no
334,v3_volume,equifax,Apple App Store,PAYPAL *APPLE.COM/  ON 26 NOV BCC,2.99,debit,software,digital_subscriptions_services,PayPal *Apple.com/bill; underlying is Apple.,yes,Shopping (Discretionary) | Music and Downloads,,,streaming,digital_subscriptions_services,software,digital_subscriptions_services,T4_dictionary,no,yes,yes,yes,no
335,v3_volume,equifax,Remitly,THIRD PARTY PAYMENT MADE VIA FASTER PAYMENT TO REMITLY UK REFERENCE R15637552497 SANTANDER REFERENCE R15637552497,60.0,debit,transfer_international,transfers,Remitly UK faster payment debit.,established,Transfers / Other | International Transfer,,,transfer_international,transfers,transfer_international,transfers,T4_dictionary,yes,yes,yes,yes,no
336,v3_volume,equifax,Leo Vegas Casino,LeoVegas,10.0,debit,gambling_casino,gambling,LeoVegas casino debit.,yes,Gambling and Betting | Poker and Casino Games,,,gambling_casino,gambling,gambling_unspecified,gambling,T5_R06,yes,no,yes,yes,no
337,v3_volume,equifax,eBay,eBay O*11-12272-23 eBay O*11-12272-23789,9.0,credit,refund_received,income_other,"Override prefill marketplace_general: eBay O* CREDIT uses the same purchase descriptor as card spend, so a purchase refund not a seller payout.",established,Transfers / Other | TV and Online Shopping,,,retail_tv_online_shopping,general_retail_marketplaces,marketplace_general,general_retail_marketplaces,T4_dictionary,no,no,no,no,no
338,v3_volume,equifax,McDonalds,PAYPAL *MCDONALDS  ON 10 NOV BCC PAYPAL *MCDONALDS 8260,1.49,debit,takeaway,eating_drinking_out,PayPal *McDonald's debit.,yes,Restaurants and takeaway | Take Away,,,takeaway,eating_drinking_out,takeaway,eating_drinking_out,T4_dictionary,yes,yes,yes,yes,no
339,v3_volume,equifax,Tesco,TESCO STORES 6452    )))) EndToEndID: NOTPROVIDED,16.5,debit,groceries,groceries_household_essentials,Tesco supermarket debit.,established,Shopping (Household Essentials) | General Groceries,,,groceries,groceries_household_essentials,groceries,groceries_household_essentials,T4_dictionary,yes,yes,yes,yes,no
340,v3_volume,equifax,Matalan,CARD PAYMENT TO MATALAN STORE 271 ON 29-10-2024,35.0,debit,clothing_general,clothing_personal_care,Matalan store debit; clothing not a department store.,established,Shopping (Discretionary) | Department Stores,,,department_store,general_retail_marketplaces,clothing_general,clothing_personal_care,T4_dictionary,no,yes,no,yes,no
341,v3_volume,equifax,Bet365,BET365  ON 10 JAN BCC bet365,10.0,debit,gambling_betting,gambling,Bet365 stake debit.,established,Gambling and Betting | Betting,,,gambling_betting,gambling,gambling_betting,gambling,T4_dictionary,yes,yes,yes,yes,no
342,v3_volume,equifax,Sky,SKY TV  ************5744 DDR,56.0,debit,broadband_tv_phone,utilities_household_bills,Sky TV direct debit.,yes,"Utilities | Internet, TV and Phone",,,broadband_tv_phone,utilities_household_bills,broadband_tv_phone,utilities_household_bills,T4_dictionary,yes,yes,yes,yes,no
343,v3_volume,equifax,Greggs,"GREGGS PLC (VIA APPLE PAY), ON 15-09-2023",4.25,debit,restaurant_cafe,eating_drinking_out,Greggs debit.,established,"Restaurants and takeaway | Restaurants, Cafes and Bistros",,,restaurant_cafe,eating_drinking_out,restaurant_cafe,eating_drinking_out,T4_dictionary,yes,yes,yes,yes,no
344,v3_volume,equifax,Motor Fuel Group,"MFG NETHERTON (VIA APPLE PAY), ON 05-10-2024",12.65,debit,fuel,transport_motoring,MFG Netherton forecourt debit.,established,Commuting and travel | Fuel,,,fuel,transport_motoring,fuel,transport_motoring,T4_dictionary,yes,yes,yes,yes,no
345,v3_volume,equifax,Paddy Power,PP ONLINE  ON 30 AUG BCC,10.0,debit,gambling_betting,gambling,Paddy Power Online stake debit.,established,Gambling and Betting | Betting,,,gambling_betting,gambling,gambling_betting,gambling,T4_dictionary,yes,yes,yes,yes,no
346,v3_volume,equifax,Three,H3G,22.0,debit,mobile_phone_contract,utilities_household_bills,Three (H3G) debit.,established,Utilities | Mobile Phone Contracts,,,mobile_phone_contract,utilities_household_bills,mobile_phone_contract,utilities_household_bills,T4_dictionary,yes,yes,yes,yes,no
347,v3_volume,equifax,The Southern CO-OP,SOUTHERN CO-OP RET  ON 28 FEB CLP,3.5,debit,groceries,groceries_household_essentials,Southern Co-op food debit.,yes,Shopping (Household Essentials) | General Groceries,,,groceries,groceries_household_essentials,groceries,groceries_household_essentials,T4_dictionary,yes,yes,yes,yes,no
348,v3_volume,equifax,Revolut,RIZWAAN SHARIFI SENT FROM REVOLUT REV************5120,25.0,credit,transfer_p2p,transfers,Credit SENT FROM REVOLUT by named person Rizwaan Sharifi; not own-account.,no,Transfers / Other | Bank Transfer,,,transfer_bank_unspecified,transfers,transfer_own_account,transfers,T4_dictionary,no,no,yes,yes,no
349,v3_volume,equifax,Smarty,5029 29JAN25      SMARTY CO UK      MAIDENHEAD GB,16.0,debit,mobile_phone_contract,utilities_household_bills,Smarty mobile debit.,yes,Utilities | Mobile Phone Contracts,,,mobile_phone_contract,utilities_household_bills,mobile_phone_contract,utilities_household_bills,T4_dictionary,yes,yes,yes,yes,no
350,v3_volume,equifax,Uber,Uber UBR* PENDING.UBER.COM \Aldgate Tower First Floor                    \LONDON       \E1 8FA    ENGGBR,9.94,debit,taxi_rideshare,transport_motoring,Uber pending trip debit.,yes,Commuting and travel | Taxis,,,taxi_rideshare,transport_motoring,taxi_rideshare,transport_motoring,T4_dictionary,yes,yes,yes,yes,no
351,v3_volume,equifax,DVLA,DVLA-SN03DCN  ************8930 DDR,15.75,debit,road_tax,transport_motoring,DVLA vehicle-reg direct debit; VED instalment.,established,Automotive | Road Tax,,,road_tax,transport_motoring,road_tax,transport_motoring,T4_dictionary,yes,yes,yes,yes,no
352,v3_volume,equifax,Virgin Active,To Virgin Active,78.0,debit,gym_fitness,health_medical,Virgin Active debit.,yes,Personal Healthcare | Gyms And Health Clubs,,,gym_fitness,health_medical,gym_fitness,health_medical,T6_native_fallback,yes,yes,yes,yes,no
353,v3_volume,equifax,Tesco,TESCO STORES 5437,58.47,debit,groceries,groceries_household_essentials,Tesco supermarket debit.,established,Shopping (Household Essentials) | General Groceries,,,groceries,groceries_household_essentials,groceries,groceries_household_essentials,T4_dictionary,yes,yes,yes,yes,no
354,v3_volume,equifax,Heron Foods,HERON FOODS GATESH HERON FOODS GATESHEAD,3.84,debit,groceries,groceries_household_essentials,Heron Foods food discounter debit.,established,Shopping (Household Essentials) | General Groceries,,,groceries,groceries_household_essentials,groceries,groceries_household_essentials,T4_dictionary,yes,yes,yes,yes,no
355,v3_volume,equifax,Sainsbury's Petrol,"SAINSBURYS PETROL (VIA APPLE PAY), ON 07-08-2024",42.17,debit,fuel,transport_motoring,Sainsbury's Petrol forecourt debit.,established,Commuting and travel | Fuel,,,fuel,transport_motoring,fuel,transport_motoring,T4_dictionary,yes,yes,yes,yes,no
356,v3_volume,equifax,Deliveroo,4337 02NOV24  D   DELIVEROO         LONDON GB,15.39,debit,takeaway,eating_drinking_out,Deliveroo debit.,established,Restaurants and takeaway | Take Away,,,takeaway,eating_drinking_out,takeaway,eating_drinking_out,T4_dictionary,yes,yes,yes,yes,no
357,v3_volume,equifax,HSBC,RYAN HSBC,20.0,debit,financial_institution_unspecified,unclassified,Ryan HSBC debit; person vs HSBC product not unique — same pattern as idx 127.,established,Financial Services | Banks And Building Societies,,,financial_institution_unspecified,unclassified,financial_institution_unspecified,unclassified,T4_dictionary,yes,yes,yes,yes,no
358,v3_volume,equifax,Prime,Amazon Prime*MP9VE  ON 13 AUG BCC,0.99,debit,streaming,digital_subscriptions_services,Amazon Prime debit.,established,Amazon All | Amazon,,,marketplace_amazon,general_retail_marketplaces,streaming,digital_subscriptions_services,T4_dictionary,no,yes,no,yes,no
359,v3_volume,equifax,Lidl,LIDL GB  NORMANTON CD 2880,5.04,debit,groceries,groceries_household_essentials,Lidl debit.,established,Shopping (Household Essentials) | General Groceries,,,groceries,groceries_household_essentials,groceries,groceries_household_essentials,T4_dictionary,yes,yes,yes,yes,no
360,v3_volume,equifax,studio.co.uk,Studio WWW.STUDIO.CO.UK       ACCRINGTON    GBR,67.63,debit,retail_finance_repayment,credit_loan_repayments,studio.co.uk Accrington debit; native Retail Finance and Studio is catalogue credit (Freemans-style).,no,Financial Services | Retail Finance,,,retail_finance_repayment,credit_loan_repayments,retail_finance_repayment,credit_loan_repayments,T6_native_fallback,yes,yes,yes,yes,no
361,v3_volume,equifax,Capital One,Transfer to Capital One,50.0,debit,credit_card_repayment,credit_loan_repayments,Capital One transfer debit.,yes,Financial Services | Credit Cards,,,credit_card_repayment,credit_loan_repayments,credit_card_repayment,credit_loan_repayments,T4_dictionary,yes,yes,yes,yes,no
362,v3_volume,equifax,Bet365,BET365 CD 8137,8.03,debit,gambling_betting,gambling,Bet365 stake debit.,established,Gambling and Betting | Betting,,,gambling_betting,gambling,gambling_betting,gambling,T4_dictionary,yes,yes,yes,yes,no
363,v3_volume,equifax,Co-op,CO-OP GROUP 108034  ON 26 APR CLP,11.1,debit,groceries,groceries_household_essentials,Co-op food debit.,established,Shopping (Household Essentials) | General Groceries,,,groceries,groceries_household_essentials,groceries,groceries_household_essentials,T4_dictionary,yes,yes,yes,yes,no
364,v3_volume,equifax,Sainsbury's,4267 01NOV24 CD   SAINSBURY'S S/MKT DENTON GB,12.0,debit,groceries,groceries_household_essentials,Sainsbury's supermarket debit.,established,Shopping (Household Essentials) | General Groceries,,,groceries,groceries_household_essentials,groceries,groceries_household_essentials,T4_dictionary,yes,yes,yes,yes,no
365,v3_volume,equifax,TFL,Tfl Travel Charge,1.75,debit,public_transport_rail_coach,transport_motoring,TfL travel charge debit.,established,Commuting and travel | Trains and Coaches,,,public_transport_rail_coach,transport_motoring,public_transport_rail_coach,transport_motoring,T4_dictionary,yes,yes,yes,yes,no
366,v3_volume,equifax,Argos,Klarna*argos  ON 20 DEC BCC KLARNA*ARGOS,13.65,debit,catalogue_retail,general_retail_marketplaces,"Klarna*Argos debit; underlying merchant is Argos, not BNPL.",established,Shopping (Discretionary) | General Catalogues,,,catalogue_retail,general_retail_marketplaces,catalogue_retail,general_retail_marketplaces,T4_dictionary,yes,yes,yes,yes,no
367,v3_volume,equifax,NatWest,From N Layadi Natwest account Savanah Scozzai,20.0,debit,transfer_p2p,transfers,"Override prefill mortgage: From N Layadi NatWest account Savanah Scozzai — named people, not a NatWest mortgage.",established,Financial Services | Banks And Building Societies,,,financial_institution_unspecified,unclassified,financial_institution_unspecified,unclassified,T4_dictionary,no,no,no,no,no
368,v3_volume,equifax,BetVictor,BETVICTOR LTD GIBRALTAR ON 21 SEP BCC,5.0,debit,gambling_betting,gambling,BetVictor stake debit.,established,Gambling and Betting | Betting,,,gambling_betting,gambling,gambling_betting,gambling,T4_dictionary,yes,yes,yes,yes,no
369,v3_volume,equifax,Marketplace,AMZNMktplace*T971K  ON 19 NOV BCC AMZNMKTPLACE,15.65,debit,marketplace_amazon,general_retail_marketplaces,Amazon Marketplace debit.,established,Amazon All | Amazon,,,marketplace_amazon,general_retail_marketplaces,marketplace_general,general_retail_marketplaces,T4_dictionary,yes,no,yes,yes,no
370,v3_volume,equifax,Zilch,ZILCH *      INSTALMEN Zilch.,3.01,debit,bnpl,credit_loan_repayments,Zilch instalment; no underlying shop.,yes,Financial Services | BNPL,,,bnpl,credit_loan_repayments,bnpl,credit_loan_repayments,T4_dictionary,yes,yes,yes,yes,no
371,v3_volume,equifax,Co-op,CENTRAL ENGLAND CO OPE Central Co-op Food,2.0,debit,groceries,groceries_household_essentials,Central England Co-op Food debit.,established,Shopping (Household Essentials) | General Groceries,,,groceries,groceries_household_essentials,groceries,groceries_household_essentials,T4_dictionary,yes,yes,yes,yes,no
372,v3_volume,equifax,Tesco,TESCO STORES 3333 CD 1636,52.0,debit,groceries,groceries_household_essentials,Tesco supermarket debit.,established,Shopping (Household Essentials) | General Groceries,,,groceries,groceries_household_essentials,groceries,groceries_household_essentials,T4_dictionary,yes,yes,yes,yes,no
373,v3_volume,equifax,Morrisons,MORRISONS DAILY CD 6080,8.6,debit,groceries,groceries_household_essentials,Morrisons Daily food-shop debit.,yes,Shopping (Household Essentials) | General Groceries,,,groceries,groceries_household_essentials,groceries,groceries_household_essentials,T4_dictionary,yes,yes,yes,yes,no
374,v3_volume,equifax,Zilch,ZILCH INSTALMENT,9.99,debit,bnpl,credit_loan_repayments,Zilch instalment.,yes,Financial Services | BNPL,,,bnpl,credit_loan_repayments,bnpl,credit_loan_repayments,T4_dictionary,yes,yes,yes,yes,no
375,v3_volume,equifax,Lidl,LIDL GB DERBY  ON 29 JAN CPM Lidl,9.74,debit,groceries,groceries_household_essentials,Lidl debit.,established,Shopping (Household Essentials) | General Groceries,,,groceries,groceries_household_essentials,groceries,groceries_household_essentials,T4_dictionary,yes,yes,yes,yes,no
376,v3_volume,equifax,Simply Local,SIMPLY LOCAL CD 1134,6.03,debit,convenience_store,groceries_household_essentials,Simply Local is an independent convenience fascia (Nisa/Premier affiliates and unaffiliated corner shops); native newsagents/convenience; not a named supermarket.,yes,Shopping (Discretionary) | Newsagents and Convenience Stores,,,convenience_store,groceries_household_essentials,convenience_store,groceries_household_essentials,T6_native_fallback,yes,yes,yes,yes,no
377,v3_volume,equifax,LTT Vending,LTT Vending Ltd LTT VENDING LIMITED    LEEDS         GBR,1.0,debit,confectionary,groceries_household_essentials,LTT Vending Ltd snack/confectionery vending debit.,yes,Shopping (Discretionary) | Confectionary,,,confectionary,groceries_household_essentials,confectionary,groceries_household_essentials,T6_native_fallback,yes,yes,yes,yes,no
378,v3_volume,equifax,Just Eat,Just Eat,13.34,debit,takeaway,eating_drinking_out,Just Eat takeaway order.,yes,Restaurants and takeaway | Take Away,,,takeaway,eating_drinking_out,takeaway,eating_drinking_out,T4_dictionary,yes,yes,yes,yes,no
379,v3_volume,equifax,Ladbrokes,LC INTERNATIONAL L LC INTERNATIONAL LTD,20.0,debit,gambling_betting,gambling,LC International is Ladbrokes Coral online betting.,established,Gambling and Betting | Betting,,,gambling_betting,gambling,gambling_betting,gambling,T4_dictionary,yes,yes,yes,yes,no
380,v3_volume,equifax,Clearpay,Clearpay,12.5,debit,bnpl,credit_loan_repayments,Clearpay instalment; no underlying shop in the narrative.,established,Financial Services | BNPL,,,bnpl,credit_loan_repayments,bnpl,credit_loan_repayments,T4_dictionary,yes,yes,yes,yes,no
381,v3_volume,equifax,Play.com,RACHELLE DAWSON  SOFT PLAY FT,20.0,debit,transfer_p2p,transfers,"Override prefill software. Merchant token Play.com is a collision; narrative is a faster payment to named person Rachelle Dawson for soft play, not the defunct retailer.",established,Shopping (Discretionary) | TV and Online Shopping,,,retail_tv_online_shopping,general_retail_marketplaces,gaming_console_pc,entertainment_leisure,T4_dictionary,no,no,no,no,no
382,v3_volume,equifax,Paddy Power,Paddy Power,50.0,debit,gambling_betting,gambling,Paddy Power bookmaker debit.,established,Gambling and Betting | Betting,,,gambling_betting,gambling,gambling_betting,gambling,T4_dictionary,yes,yes,yes,yes,no
383,v3_volume,equifax,Clearpay,CARD PAYMENT TO CLEARPAY ON 01-01-2025,10.98,debit,bnpl,credit_loan_repayments,Clearpay card payment; no underlying shop.,established,Financial Services | BNPL,,,bnpl,credit_loan_repayments,bnpl,credit_loan_repayments,T4_dictionary,yes,yes,yes,yes,no
384,v3_volume,equifax,Marks and Spencer Food,M&S MARKS&SPENCER PLC SF   NANTWICH      GBR,55.95,debit,groceries,groceries_household_essentials,M&S Food supermarket grocery spend.,yes,Shopping (Household Essentials) | General Groceries,,,groceries,groceries_household_essentials,groceries,groceries_household_essentials,T4_dictionary,yes,yes,yes,yes,no
385,v3_volume,equifax,Uber,Uber UBER   * PENDING       London        GBR,4.99,debit,taxi_rideshare,transport_motoring,Uber trip pending; not Eats.,yes,Commuting and travel | Taxis,,,taxi_rideshare,transport_motoring,taxi_rideshare,transport_motoring,T4_dictionary,yes,yes,yes,yes,no
386,v3_volume,equifax,PayL8r,PAYL8R.COM CD 2390,49.8,debit,bnpl,credit_loan_repayments,Payl8r BNPL; no identifiable shop.,yes,Financial Services | BNPL,,,bnpl,credit_loan_repayments,bnpl,credit_loan_repayments,T6_native_fallback,yes,yes,yes,yes,no
387,v3_volume,equifax,Krispy Kreme,Contactless Payment Krispy Kreme Doughnuts KK,8.65,debit,restaurant_cafe,eating_drinking_out,"Krispy Kreme is a doughnut cafe chain (eat-in/counter), closer to restaurant_cafe than a confectionery shop.",no,Shopping (Discretionary) | Confectionary,,,confectionary,groceries_household_essentials,confectionary,groceries_household_essentials,T6_native_fallback,no,no,no,no,no
388,v3_volume,equifax,Apple App Store,2011 31OCT23  D   APPLE.COM/BILL    APPLE.COM/BIL IE,6.99,debit,software,digital_subscriptions_services,Apple.com/bill in-app/subscription charge; product not distinguishable.,yes,Shopping (Discretionary) | Music and Downloads,,,streaming,digital_subscriptions_services,software,digital_subscriptions_services,T4_dictionary,no,yes,yes,yes,no
389,v3_volume,equifax,Deliveroo,DELIVEROO,15.83,debit,takeaway,eating_drinking_out,Deliveroo takeaway order.,established,Restaurants and takeaway | Take Away,,,takeaway,eating_drinking_out,takeaway,eating_drinking_out,T4_dictionary,yes,yes,yes,yes,no
390,v3_volume,equifax,Lidl,Contactless Payment LIDL GB NEW STEVENSTON GOOGLE 3793,33.3,debit,groceries,groceries_household_essentials,Lidl food discounter grocery spend.,established,Shopping (Household Essentials) | General Groceries,,,groceries,groceries_household_essentials,groceries,groceries_household_essentials,T4_dictionary,yes,yes,yes,yes,no
391,v3_volume,equifax,Stagecoach,7707 08DEC23 CD   STAGECOACH        SERVICES          STOCKPORT GB,1.1,debit,public_transport_rail_coach,transport_motoring,Stagecoach bus fare.,established,Commuting and travel | Trains and Coaches,,,public_transport_rail_coach,transport_motoring,public_transport_rail_coach,transport_motoring,T4_dictionary,yes,yes,yes,yes,no
392,v3_volume,equifax,Child Benefits,DWPCMSGB2012SCHEME,19.18,credit,income_other_unspecified,income_other,"Override prefill benefits_state. DWPCMSGB2012SCHEME is Child Maintenance Service Collect & Pay received, not Child Benefit. CMS credit → income_other_unspecified (R15).",established,,,,unclassified_other,unclassified,benefits_state,income_benefits_state_support,T4_dictionary,no,no,no,no,no
393,v3_volume,equifax,Currys,7536 30NOV24      CURRYS ONLINE     HEMEL HEMPSTE GB,388.99,debit,electrical_goods,general_retail_marketplaces,Currys Online electrical purchase.,established,Shopping (Discretionary) | General Electrical,,,electrical_goods,general_retail_marketplaces,computing_devices,general_retail_marketplaces,T4_dictionary,yes,no,yes,yes,no
394,v3_volume,equifax,Trading 212,4DpM1pBOY3c Trading Twoonetwo,3.0,debit,investment_trading,savings_investments,Trading 212 investment platform debit.,established,Investments and Trading | Trading,,,investment_trading,savings_investments,investment_trading,savings_investments,T6_native_fallback,yes,yes,yes,yes,no
395,v3_volume,equifax,TFL,TFL TRAVEL CH  ON 25 JAN CLP,3.3,debit,public_transport_rail_coach,transport_motoring,TfL travel charge.,established,Commuting and travel | Trains and Coaches,,,public_transport_rail_coach,transport_motoring,public_transport_rail_coach,transport_motoring,T4_dictionary,yes,yes,yes,yes,no
396,v3_volume,equifax,ASDA,Asda ASDA SUPERSTORE        GOVAN         GBR,12.9,debit,groceries,groceries_household_essentials,Asda superstore grocery spend.,yes,Shopping (Household Essentials) | General Groceries,,,groceries,groceries_household_essentials,groceries,groceries_household_essentials,T4_dictionary,yes,yes,yes,yes,no
397,v3_volume,equifax,Post Office,ST HELENS POST OFF ST HELENS POST OFFICE,3.73,debit,delivery_courier,general_retail_marketplaces,"Override prefill government_services. Post Office counter purchase is postage/parcels, not a government service.",yes,Services | Delivery,,,delivery_courier,general_retail_marketplaces,government_services,council_tax_government,T4_dictionary,yes,no,yes,no,no
398,v3_volume,equifax,Chopstix,CHOPSTIX  ON 29 JAN CLP,8.0,debit,takeaway,eating_drinking_out,Chopstix noodle takeaway.,yes,Restaurants and takeaway | Take Away,,,takeaway,eating_drinking_out,takeaway,eating_drinking_out,T6_native_fallback,yes,yes,yes,yes,no
399,v3_volume,equifax,Savers Health,SAVERS HEALTH & BE SAVERS HEALTH & BEAUTY,12.17,debit,health_beauty_general,clothing_personal_care,"Savers is beauty-led health retail, not a pharmacy.",established,Personal Healthcare | Skin and Hair Care,,,skin_hair_care,clothing_personal_care,pharmacy,health_medical,T4_dictionary,no,no,yes,no,no
400,v3_volume,equifax,Universal Credit,201444S39 DWP UC,1230.22,credit,benefits_state,income_benefits_state_support,DWP Universal Credit credit.,established,,,,unclassified_other,unclassified,benefits_state,income_benefits_state_support,T4_dictionary,no,yes,no,yes,no
401,v3_volume,equifax,Moonpig,Visa purchase MOONPIG,7.98,debit,gifts_flowers,general_retail_marketplaces,Moonpig personalised cards/gifts.,established,Shopping (Household Essentials) | Gifts Flowers and Parties,,,gifts_flowers,general_retail_marketplaces,gifts_flowers,general_retail_marketplaces,T4_dictionary,yes,yes,yes,yes,no
402,v3_volume,equifax,Asda (Petrol),ASDA PETROL 5131,2.94,debit,fuel,transport_motoring,Asda Petrol forecourt; tiny amount still fuel.,established,Commuting and travel | Fuel,,,fuel,transport_motoring,fuel,transport_motoring,T4_dictionary,yes,yes,yes,yes,no
403,v3_volume,equifax,Capital One,To Capital One,189.57,debit,credit_card_repayment,credit_loan_repayments,Capital One credit-card repayment.,yes,Financial Services | Credit Cards,,,credit_card_repayment,credit_loan_repayments,credit_card_repayment,credit_loan_repayments,T4_dictionary,yes,yes,yes,yes,no
404,v3_volume,equifax,Stoke on Trent City Council,STOKE-ON-TRENT CIT  ************0320 DDR Stoke-On-Trent City Council,7.6,debit,council_tax,council_tax_government,Stoke-on-Trent City Council direct debit.,yes,Utilities | Council,,,council_tax,council_tax_government,council_tax,council_tax_government,T6_native_fallback,yes,yes,yes,yes,no
405,v3_volume,equifax,Apple App Store,Apple APPLE.COM/BILL         APPLE.COM/BIL IRL,2.99,debit,software,digital_subscriptions_services,Apple.com/bill subscription/IAP.,yes,Shopping (Discretionary) | Music and Downloads,,,streaming,digital_subscriptions_services,software,digital_subscriptions_services,T4_dictionary,no,yes,yes,yes,no
406,v3_volume,equifax,Home Bargains,CARD PAYMENT TO HOME BARGAINS IRVINE ON 30-03-2024,10.54,debit,discount_store,groceries_household_essentials,Home Bargains variety discounter.,established,Shopping (Home) | Home Accessories,,,home_accessories,home_garden,discount_store,groceries_household_essentials,T4_dictionary,no,yes,no,yes,no
407,v3_volume,equifax,The Salisbury Pub,The Salisbury The Salisbury          Manchester    GBR,9.3,debit,pub_bar,eating_drinking_out,The Salisbury pub.,yes,Restaurants and takeaway | Pubs and Bars,,,pub_bar,eating_drinking_out,pub_bar,eating_drinking_out,T6_native_fallback,yes,yes,yes,yes,no
408,v3_volume,equifax,Londis,Londis Bracknell LTD LONDIS BRACKNELL LTD    GREAT BRITAI GBR,2.85,debit,groceries,groceries_household_essentials,Londis symbol-group grocer.,yes,Shopping (Discretionary) | Newsagents and Convenience Stores,,,convenience_store,groceries_household_essentials,groceries,groceries_household_essentials,T4_dictionary,no,yes,yes,yes,no
409,v3_volume,equifax,Shein,ZILCH SHEIN.COM,11.82,debit,clothing_general,clothing_personal_care,"Zilch*Shein: underlying merchant is Shein clothing, not BNPL.",established,Shopping (Fashion) | Womens Fashion,,,clothing_womens,clothing_personal_care,clothing_general,clothing_personal_care,T4_dictionary,no,yes,yes,yes,no
410,v3_volume,equifax,Zable Credit Card,2732 27NOV24      ZABLE             LONDON GB,30.0,debit,credit_card_repayment,credit_loan_repayments,Zable credit-card repayment.,established,Financial Services | Credit Cards,,,credit_card_repayment,credit_loan_repayments,credit_card_repayment,credit_loan_repayments,T4_dictionary,yes,yes,yes,yes,no
411,v3_volume,equifax,Mircosoft,PAYPAL *MICROSOFT,16.99,debit,software,digital_subscriptions_services,PayPal*Microsoft; identifiable software billing.,yes,Shopping (Discretionary) | Software,,,software,digital_subscriptions_services,software,digital_subscriptions_services,T4_dictionary,yes,yes,yes,yes,no
412,v3_volume,equifax,Carers Allowance,Bank credit JP839856A DWP CA ************5723,81.9,credit,benefits_state,income_benefits_state_support,DWP Carer's Allowance credit.,established,,,,unclassified_other,unclassified,benefits_state,income_benefits_state_support,T4_dictionary,no,yes,no,yes,no
413,v3_volume,equifax,Zego,ZEGO UK Zego,5.0,debit,insurance_motor,insurance,Zego is gig/motor-only insurance.,yes,Insurance | Motor Insurance,,,insurance_motor,insurance,insurance_motor,insurance,T6_native_fallback,yes,yes,yes,yes,no
414,v3_volume,equifax,Toby Carvery,Toby Carvery CS*TOBYCARVERY         Hemel Hempste GBR,50.0,debit,restaurant_cafe,eating_drinking_out,Toby Carvery restaurant.,established,"Restaurants and takeaway | Restaurants, Cafes and Bistros",,,restaurant_cafe,eating_drinking_out,restaurant_cafe,eating_drinking_out,T6_native_fallback,yes,yes,yes,yes,no
415,v3_volume,equifax,Clearpay,Clearpay,14.5,debit,bnpl,credit_loan_repayments,Clearpay; no underlying shop.,established,Financial Services | BNPL,,,bnpl,credit_loan_repayments,bnpl,credit_loan_repayments,T4_dictionary,yes,yes,yes,yes,no
416,v3_volume,equifax,PayPal Credit,PAYPAL *PYPL PAYIN PAYPAL *PYPL PAYIN3,28.73,debit,bnpl,credit_loan_repayments,PayPal Pay in 3 (PYPL PAYIN3) is BNPL.,established,Financial Services | BNPL,,,bnpl,credit_loan_repayments,bnpl,credit_loan_repayments,T4_dictionary,yes,yes,yes,yes,no
417,v3_volume,equifax,Sky,DGI SKY PROTECT  DVSU0000025 DDR Domestic & General,14.98,debit,insurance_other,insurance,"DGI Sky Protect via Domestic & General is Sky equipment/device cover, not Sky TV.",no,"Utilities | Internet, TV and Phone",,,broadband_tv_phone,utilities_household_bills,broadband_tv_phone,utilities_household_bills,T4_dictionary,no,no,no,no,no
418,v3_volume,equifax,Boylesports,Contactless Payment BOYLESPORTS 2024-12-08,2.0,debit,gambling_betting,gambling,Boylesports bookmaker.,yes,Gambling and Betting | Betting,,,gambling_betting,gambling,gambling_betting,gambling,T4_dictionary,yes,yes,yes,yes,no
419,v3_volume,equifax,Ladbrokes,LC International L LC International Ltd,56.0,debit,gambling_betting,gambling,LC International = Ladbrokes Coral betting.,established,Gambling and Betting | Betting,,,gambling_betting,gambling,gambling_betting,gambling,T4_dictionary,yes,yes,yes,yes,no
420,v3_volume,equifax,Matalan,"MATALAN STORE 260 (VIA APPLE PAY), ON 13-10-2024",76.0,debit,clothing_general,clothing_personal_care,Matalan clothing retailer.,established,Shopping (Discretionary) | Department Stores,,,department_store,general_retail_marketplaces,clothing_general,clothing_personal_care,T4_dictionary,no,yes,no,yes,no
421,v3_volume,equifax,Wayfair,Klarna*wayfair uk  ON 13 OCT BCC KLARNA*WAYFAIR UK,26.4,debit,home_accessories,home_garden,Klarna*Wayfair: underlying merchant is Wayfair home goods.,established,Shopping (Home) | Home Accessories,,,home_accessories,home_garden,home_accessories,home_garden,T4_dictionary,yes,yes,yes,yes,yes
422,v3_volume,equifax,Just Eat,Just Eat  ON 24 NOV CPM JUST EAT,21.15,debit,takeaway,eating_drinking_out,Just Eat takeaway.,yes,Restaurants and takeaway | Take Away,,,takeaway,eating_drinking_out,takeaway,eating_drinking_out,T4_dictionary,yes,yes,yes,yes,no
423,v3_volume,equifax,Novotel,Contactless Payment NOVOTEL HOTELS APPLEPAY ************0-20,19.69,debit,accommodation,travel_holidays,Novotel hotel spend.,established,Flights and Holidays | Hotels and Accommodation,,,accommodation,travel_holidays,accommodation,travel_holidays,T6_native_fallback,yes,yes,yes,yes,no
424,v3_volume,equifax,Smyths Toys,"SMYTHS TOYS (VIA APPLE PAY), ON 16-09-2024",32.99,debit,toys,general_retail_marketplaces,Smyths Toys.,established,Shopping (Discretionary) | Toy Stores,,,toys,general_retail_marketplaces,toys,general_retail_marketplaces,T4_dictionary,yes,yes,yes,yes,no
425,v3_volume,equifax,Home Retail,HOME RETAIL GROUP,40.01,debit,catalogue_retail,general_retail_marketplaces,Override prefill home_accessories. Home Retail Group is the Argos/Homebase parent used on statements for Argos purchases.,established,Shopping (Home) | Home Accessories,,,home_accessories,home_garden,catalogue_retail,general_retail_marketplaces,T4_dictionary,no,yes,no,yes,no
426,v3_volume,equifax,Uber Eats,Uber Eats UBER   * EATS PENDING  London        GBR,29.78,debit,takeaway,eating_drinking_out,Uber Eats delivery.,established,Restaurants and takeaway | Take Away,,,takeaway,eating_drinking_out,takeaway,eating_drinking_out,T4_dictionary,yes,yes,yes,yes,no
427,v3_volume,equifax,Beauty Bay,7084 04AUG24  D   BEAUTY BAY LTD    MANCHESTER GB,26.75,debit,health_beauty_general,clothing_personal_care,Beauty Bay cosmetics retailer.,yes,Personal Healthcare | General Health and Beauty,,,health_beauty_general,clothing_personal_care,health_beauty_general,clothing_personal_care,T6_native_fallback,yes,yes,yes,yes,no
428,v3_volume,equifax,Tesco,TESCO STORES 2101,39.09,debit,groceries,groceries_household_essentials,Tesco supermarket.,established,Shopping (Household Essentials) | General Groceries,,,groceries,groceries_household_essentials,groceries,groceries_household_essentials,T4_dictionary,yes,yes,yes,yes,no
429,v3_volume,equifax,Paypal,PAYPAL *DREAMCARGI PAYPAL *DREAMCARGIV,2.46,debit,prize_competitions,gambling,"Override prefill payment_intermediary. PayPal*DREAMCARGI is Dream Car Giveaways, a prize-draw platform.",yes,Shopping (Discretionary) | E-Commerce Payment System,,,payment_intermediary,general_retail_marketplaces,payment_intermediary,general_retail_marketplaces,T4_dictionary,no,no,no,no,no
430,v3_volume,equifax,ASDA,9156 15DEC24 C    ASDA FAR COTTON   NORTHAMPTON GB,35.55,debit,groceries,groceries_household_essentials,Asda Far Cotton grocery spend.,yes,Shopping (Household Essentials) | General Groceries,,,groceries,groceries_household_essentials,groceries,groceries_household_essentials,T4_dictionary,yes,yes,yes,yes,no
431,v3_volume,equifax,Deliveroo,Visa purchase DELIVEROO APPLEPAY 1557,10.88,debit,takeaway,eating_drinking_out,Deliveroo takeaway.,established,Restaurants and takeaway | Take Away,,,takeaway,eating_drinking_out,takeaway,eating_drinking_out,T4_dictionary,yes,yes,yes,yes,no
432,v3_volume,equifax,William Hill,CARD PAYMENT TO WILLIAMHILL*INTERNET ON 25-09-2024,100.0,debit,gambling_betting,gambling,William Hill internet betting.,established,Gambling and Betting | Betting,,,gambling_betting,gambling,gambling_betting,gambling,T4_dictionary,yes,yes,yes,yes,no
433,v3_volume,equifax,Paddy Power,Paddy Power,15.0,debit,gambling_betting,gambling,Paddy Power bookmaker.,established,Gambling and Betting | Betting,,,gambling_betting,gambling,gambling_betting,gambling,T4_dictionary,yes,yes,yes,yes,no
434,v3_volume,equifax,XBOX,3199 18OCT24      MICROSOFT*XBOX    MSBILL.INFO GB,7.19,debit,gaming_console_pc,entertainment_leisure,Xbox/Microsoft console gaming.,established,Shopping (Discretionary) | PC and Console Games,,,gaming_console_pc,entertainment_leisure,gaming_console_pc,entertainment_leisure,T4_dictionary,yes,yes,yes,yes,no
435,v3_volume,equifax,Clearpay,Clearpay CLEARPAY               MANCHESTER    GBR,4.9,debit,bnpl,credit_loan_repayments,Clearpay; no underlying shop.,established,Financial Services | BNPL,,,bnpl,credit_loan_repayments,bnpl,credit_loan_repayments,T4_dictionary,yes,yes,yes,yes,no
436,v3_volume,equifax,William Hill,WHO INTERNET William Hill,50.0,debit,gambling_betting,gambling,William Hill internet betting.,established,Gambling and Betting | Betting,,,gambling_betting,gambling,gambling_betting,gambling,T4_dictionary,yes,yes,yes,yes,no
437,v3_volume,equifax,Apple App Store,Apple APPLE.COM/BILL         APPLE.COM/BIL IRL,9.99,debit,software,digital_subscriptions_services,Apple.com/bill.,yes,Shopping (Discretionary) | Music and Downloads,,,streaming,digital_subscriptions_services,software,digital_subscriptions_services,T4_dictionary,no,yes,yes,yes,no
438,v3_volume,equifax,Tesco Fuel,"TESCO PFS 2475 (VIA APPLE PAY), ON 10-01-2025",12.25,debit,fuel,transport_motoring,Tesco PFS (petrol filling station).,established,Commuting and travel | Fuel,,,fuel,transport_motoring,fuel,transport_motoring,T4_dictionary,yes,yes,yes,yes,no
439,v3_volume,equifax,Apple App Store,Visa purchase APPLE.COM/BILL,2.99,debit,software,digital_subscriptions_services,Apple.com/bill.,yes,Shopping (Discretionary) | Music and Downloads,,,streaming,digital_subscriptions_services,software,digital_subscriptions_services,T4_dictionary,no,yes,yes,yes,no
440,v3_volume,equifax,Seasons Kitchen,SEASONS KITCHEN AN SEASONS KITCHEN AND FA,2.96,debit,restaurant_cafe,eating_drinking_out,Seasons Kitchen & Farm Shop; native restaurants and cafe/farm-shop mix; amount fits cafe spend.,yes,"Restaurants and takeaway | Restaurants, Cafes and Bistros",,,restaurant_cafe,eating_drinking_out,restaurant_cafe,eating_drinking_out,T6_native_fallback,yes,yes,yes,yes,no
441,v3_volume,equifax,Co-op,Contactless Payment CO-OP GROUP 500593 APPLEPAY 1726 2025-01-05,9.22,debit,groceries,groceries_household_essentials,Co-op grocery spend.,established,Shopping (Household Essentials) | General Groceries,,,groceries,groceries_household_essentials,groceries,groceries_household_essentials,T4_dictionary,yes,yes,yes,yes,no
442,v3_volume,equifax,eBay,eBay O*27-12709-59LONDON,12.69,debit,marketplace_general,general_retail_marketplaces,eBay marketplace (not Amazon).,established,Shopping (Discretionary) | TV and Online Shopping,,,retail_tv_online_shopping,general_retail_marketplaces,marketplace_general,general_retail_marketplaces,T4_dictionary,no,yes,yes,yes,no
443,v3_volume,equifax,TFL,4890 04MAR24 CD   TFL TRAVEL CH     TFL.GOV.UK/CP GB,1.75,debit,public_transport_rail_coach,transport_motoring,TfL travel charge.,established,Commuting and travel | Trains and Coaches,,,public_transport_rail_coach,transport_motoring,public_transport_rail_coach,transport_motoring,T4_dictionary,yes,yes,yes,yes,no
444,v3_volume,equifax,ASDA,Contactless Payment ASDA SUPERSTORE APPLEPAY 5865,88.84,debit,groceries,groceries_household_essentials,Asda superstore.,yes,Shopping (Household Essentials) | General Groceries,,,groceries,groceries_household_essentials,groceries,groceries_household_essentials,T4_dictionary,yes,yes,yes,yes,no
445,v3_volume,equifax,DVSA,DVSA GEN F M,2632.31,credit,salary,income_employment,"Override prefill driving_tuition. Large DVSA credit with Identified Salary native is employer pay, not a driving-test fee.",established,Identified Salary | Driving Tuition,,,salary,income_employment,driving_tuition,childcare_education,T4_dictionary,yes,no,yes,no,yes
446,v3_volume,equifax,TFL,Tfl Travel Charge,0.0,debit,public_transport_rail_coach,transport_motoring,TfL travel charge (zero-value still TfL).,established,Commuting and travel | Trains and Coaches,,,public_transport_rail_coach,transport_motoring,public_transport_rail_coach,transport_motoring,T4_dictionary,yes,yes,yes,yes,no
447,v3_volume,equifax,Ladbrokes,Ladbrokes LC INTERNATIONAL LTD   GIBRALTAR     GIB,5.0,debit,gambling_betting,gambling,"Ladbrokes Coral (LC International, Gibraltar).",established,Gambling and Betting | Betting,,,gambling_betting,gambling,gambling_betting,gambling,T4_dictionary,yes,yes,yes,yes,no
448,v3_volume,equifax,ASDA,Asda Store 5828,15.0,debit,groceries,groceries_household_essentials,Asda store grocery spend.,yes,Shopping (Household Essentials) | General Groceries,,,groceries,groceries_household_essentials,groceries,groceries_household_essentials,T4_dictionary,yes,yes,yes,yes,no
449,v3_volume,equifax,Id Mobile,ID MOBILE LIMITED,18.99,debit,mobile_phone_contract,utilities_household_bills,iD Mobile contract.,established,Utilities | Mobile Phone Contracts,,,mobile_phone_contract,utilities_household_bills,mobile_phone_contract,utilities_household_bills,T4_dictionary,yes,yes,yes,yes,no
450,v3_volume,equifax,Co-op,CO-OP GROUP 070157,2.6,debit,groceries,groceries_household_essentials,Co-op grocery spend.,established,Shopping (Household Essentials) | General Groceries,,,groceries,groceries_household_essentials,groceries,groceries_household_essentials,T4_dictionary,yes,yes,yes,yes,no
451,v3_volume,equifax,HMV,Hmv EndToEndID: NOTPROVIDED,43.97,debit,physical_media,entertainment_leisure,HMV physical media/entertainment retail.,established,Shopping (Discretionary) | Music and Downloads,,,streaming,digital_subscriptions_services,physical_media,entertainment_leisure,T4_dictionary,no,yes,no,yes,no
452,v3_volume,equifax,The Range,8511 14FEB25 CD   THE RANGE         FALKIRK GB,14.26,debit,home_accessories,home_garden,The Range home/garden variety store.,established,Shopping (Home) | Home Accessories,,,home_accessories,home_garden,home_accessories,home_garden,T4_dictionary,yes,yes,yes,yes,no
453,v3_volume,equifax,Vanquis Bank,************2896 Vanquis Bank,50.0,debit,credit_card_repayment,credit_loan_repayments,Vanquis Bank credit-card repayment.,established,Financial Services | Credit Cards,,,credit_card_repayment,credit_loan_repayments,credit_card_repayment,credit_loan_repayments,T4_dictionary,yes,yes,yes,yes,no
454,v3_volume,equifax,Monzo,Sent from Monzo Andrew Clowes,30.0,debit,transfer_p2p,transfers,Monzo debit to named person Andrew Clowes; no own-account evidence.,no,Transfers / Other | Bank Transfer,,,transfer_bank_unspecified,transfers,transfer_own_account,transfers,T4_dictionary,no,no,yes,yes,no
455,v3_volume,equifax,Aldi,Contactless Payment ALDI 49 773,44.07,debit,groceries,groceries_household_essentials,Aldi food discounter.,established,Shopping (Household Essentials) | General Groceries,,,groceries,groceries_household_essentials,groceries,groceries_household_essentials,T4_dictionary,yes,yes,yes,yes,no
456,v3_volume,equifax,Animed,ANIMED DIRECT,185.99,debit,pet_supplies,pets,Animed Direct pet-medicine/supplies retailer.,established,Pets | Pet Accessories,,,pet_supplies,pets,pet_supplies,pets,T6_native_fallback,yes,yes,yes,yes,no
457,v3_volume,equifax,Aldi,"ALDI 49 779 (VIA GOOGLE PAY), ON 19-12-2024",17.73,debit,groceries,groceries_household_essentials,Aldi grocery spend.,established,Shopping (Household Essentials) | General Groceries,,,groceries,groceries_household_essentials,groceries,groceries_household_essentials,T4_dictionary,yes,yes,yes,yes,no
458,v3_volume,equifax,Aldi,ALDI,2.28,debit,groceries,groceries_household_essentials,Aldi grocery spend.,established,Shopping (Household Essentials) | General Groceries,,,groceries,groceries_household_essentials,groceries,groceries_household_essentials,T4_dictionary,yes,yes,yes,yes,no
459,v3_volume,equifax,Paddy Power,Visa purchase 011311261 PP ONLINE,5.0,debit,gambling_betting,gambling,Paddy Power online betting.,established,Gambling and Betting | Betting,,,gambling_betting,gambling,gambling_betting,gambling,T4_dictionary,yes,yes,yes,yes,no
460,v3_volume,equifax,RingGo Parking,RINGGO PARKING,7.7,debit,car_parking,transport_motoring,RingGo parking.,established,Commuting and travel | Car Parking,,,car_parking,transport_motoring,car_parking,transport_motoring,T4_dictionary,yes,yes,yes,yes,no
461,v3_volume,equifax,Uber,UBER *TRIP  ON 31 AUG BCC Uber,7.92,debit,taxi_rideshare,transport_motoring,Uber trip.,yes,Commuting and travel | Taxis,,,taxi_rideshare,transport_motoring,taxi_rideshare,transport_motoring,T4_dictionary,yes,yes,yes,yes,no
462,v3_volume,equifax,Marks and Spencer,MARKS&SPENCER PLC,7.8,debit,department_store,general_retail_marketplaces,Marks & Spencer (not the Foodhall token).,yes,Shopping (Fashion) | General Fashion,,,clothing_general,clothing_personal_care,department_store,general_retail_marketplaces,T4_dictionary,no,yes,no,yes,no
463,v3_volume,equifax,NISA,NISA UOS,3.0,debit,groceries,groceries_household_essentials,Nisa symbol-group grocer.,established,Shopping (Household Essentials) | General Groceries,,,groceries,groceries_household_essentials,groceries,groceries_household_essentials,T4_dictionary,yes,yes,yes,yes,no
464,v3_volume,equifax,One Stop,"ONE STOP 6416 (VIA APPLE PAY), ON 10-09-2024",2.9,debit,convenience_store,groceries_household_essentials,"One Stop is Tesco's newsagent-style convenience chain, not a listed symbol-group grocer.",established,Shopping (Discretionary) | Newsagents and Convenience Stores,,,convenience_store,groceries_household_essentials,groceries,groceries_household_essentials,T4_dictionary,yes,no,yes,yes,no
465,v3_volume,equifax,Starling Bank,Amit Starling Emma Horrocks & Amit Madhar,30.0,debit,transfer_p2p,transfers,Override prefill transfer_own_account. Debit via Starling to named pair Emma Horrocks & Amit Madhar; no own-account/pot evidence.,established,Financial Services | Banks And Building Societies,,,financial_institution_unspecified,unclassified,transfer_own_account,transfers,T4_dictionary,no,no,no,yes,no
466,v3_volume,equifax,Ladbrokes,LC International L  ON 26 OCT BCC LC INTERNATIONAL LTD,5.0,debit,gambling_betting,gambling,Ladbrokes Coral betting.,established,Gambling and Betting | Betting,,,gambling_betting,gambling,gambling_betting,gambling,T4_dictionary,yes,yes,yes,yes,no
467,v3_volume,equifax,Post Office,POST OFFICE COUNTE POST OFFICE COUNTER,14.0,debit,delivery_courier,general_retail_marketplaces,Override prefill government_services. Post Office counter purchase is postage.,yes,Services | Delivery,,,delivery_courier,general_retail_marketplaces,government_services,council_tax_government,T4_dictionary,yes,no,yes,no,no
468,v3_volume,equifax,Tesco,TESCO STORES 6696,2.55,debit,groceries,groceries_household_essentials,Tesco supermarket.,established,Shopping (Household Essentials) | General Groceries,,,groceries,groceries_household_essentials,groceries,groceries_household_essentials,T4_dictionary,yes,yes,yes,yes,no
469,v3_volume,equifax,tiktok,TIKTOK SHOP SELLERLONDON,12.78,credit,income_other_unspecified,income_other,"Override prefill online_services. Credit from TikTok Shop Seller is marketplace payout, not a TikTok subscription. Parent check: TIKTOK SHOP SELLER CREDIT is seller proceeds, not spend.",yes,Transfers / Other | Web Services,,,web_services,digital_subscriptions_services,online_services,digital_subscriptions_services,T4_dictionary,no,no,no,no,no
470,v3_volume,equifax,Zilch,CARD PAYMENT TO ZILCH INSTALMENT ON 21-01-2025,3.81,debit,bnpl,credit_loan_repayments,Zilch instalment; no shop in the narrative.,yes,Financial Services | BNPL,,,bnpl,credit_loan_repayments,bnpl,credit_loan_repayments,T4_dictionary,yes,yes,yes,yes,no
471,v3_volume,equifax,Broxbourne Borough,BROXBOURNE BOROUGH,116.0,debit,council_tax,council_tax_government,Broxbourne Borough Council debit.,yes,Utilities | Council,,,council_tax,council_tax_government,council_tax,council_tax_government,T6_native_fallback,yes,yes,yes,yes,no
472,v3_volume,equifax,Capital One,CAPITAL ONE,46.51,debit,credit_card_repayment,credit_loan_repayments,Capital One card repayment.,yes,Financial Services | Credit Cards,,,credit_card_repayment,credit_loan_repayments,credit_card_repayment,credit_loan_repayments,T4_dictionary,yes,yes,yes,yes,no
473,v3_volume,equifax,Sainsbury's,Sainsbury?s SAINSBURYS             NEWCASTLE     GBR,40.0,debit,groceries,groceries_household_essentials,Sainsbury's supermarket debit.,established,Shopping (Household Essentials) | General Groceries,,,groceries,groceries_household_essentials,groceries,groceries_household_essentials,T4_dictionary,yes,yes,yes,yes,no
474,v3_volume,equifax,One Stop,"WLT 60, One Stop 6432",3.49,debit,convenience_store,groceries_household_essentials,One Stop convenience store.,established,Shopping (Discretionary) | Newsagents and Convenience Stores,,,convenience_store,groceries_household_essentials,groceries,groceries_household_essentials,T4_dictionary,yes,no,yes,yes,no
475,v3_volume,equifax,Lothian Buses,LOTHIAN BUSES LIMI  ON 06 DEC CLP Lothian Buses,2.0,debit,public_transport_rail_coach,transport_motoring,Lothian Buses fare.,established,Commuting and travel | Trains and Coaches,,,public_transport_rail_coach,transport_motoring,public_transport_rail_coach,transport_motoring,T4_dictionary,yes,yes,yes,yes,no
476,v3_volume,equifax,Prime,Visa purchase Amazon Prime*E19QX0UD5 5814,8.99,debit,streaming,digital_subscriptions_services,Amazon Prime membership (includes Prime Video).,established,Amazon All | Amazon,,,marketplace_amazon,general_retail_marketplaces,streaming,digital_subscriptions_services,T4_dictionary,no,yes,no,yes,no
477,v3_volume,equifax,BP,BP PELICAN SELF SE BP PELICAN SELF SERVE,2.49,debit,fuel,transport_motoring,BP Pelican self-serve forecourt; small amount still fuel.,established,Commuting and travel | Fuel,,,fuel,transport_motoring,fuel,transport_motoring,T4_dictionary,yes,yes,yes,yes,no
478,v3_volume,equifax,Clearpay,CLEARPAY,9.75,debit,bnpl,credit_loan_repayments,Clearpay; no underlying shop.,established,Financial Services | BNPL,,,bnpl,credit_loan_repayments,bnpl,credit_loan_repayments,T4_dictionary,yes,yes,yes,yes,no
479,v3_volume,equifax,Apple App Store,Apple APPLE.COM/BILL         APPLE.COM/BIL IRL,0.29,debit,software,digital_subscriptions_services,Apple.com/bill micro-charge.,yes,Shopping (Discretionary) | Music and Downloads,,,streaming,digital_subscriptions_services,software,digital_subscriptions_services,T4_dictionary,no,yes,yes,yes,no
480,v3_volume,equifax,British Gas,BRITISH GAS TRADINLEEDS,15.0,debit,energy,utilities_household_bills,British Gas energy bill.,established,Utilities | Energy Providers,,,energy,utilities_household_bills,energy,utilities_household_bills,T4_dictionary,yes,yes,yes,yes,no
481,v3_volume,equifax,Apple App Store,APPLE.COM/BILL,0.29,debit,software,digital_subscriptions_services,Apple.com/bill.,yes,Shopping (Discretionary) | Music and Downloads,,,streaming,digital_subscriptions_services,software,digital_subscriptions_services,T4_dictionary,no,yes,yes,yes,no
482,v3_volume,equifax,The National Lottery,4280 18JUL24      NATIONAL LOTTERY  LONDON GB,10.0,debit,gambling_lottery,gambling,National Lottery licensed lottery.,established,Gambling and Betting | Lottery,,,gambling_lottery,gambling,gambling_lottery,gambling,T4_dictionary,yes,yes,yes,yes,no
483,v3_volume,equifax,DVLA,Driver & Vehicle Licensing Agency DVLA-N11LHP Dvla-n11lhp,16.62,debit,road_tax,transport_motoring,"DVLA vehicle-reg reference N11LHP is VED, not a document fee.",established,Automotive | Road Tax,,,road_tax,transport_motoring,road_tax,transport_motoring,T4_dictionary,yes,yes,yes,yes,no
484,v3_volume,equifax,Uber,Uber UBR* PENDING.UBER.COM  London        GBR,19.9,debit,taxi_rideshare,transport_motoring,Uber trip pending.,yes,Commuting and travel | Taxis,,,taxi_rideshare,transport_motoring,taxi_rideshare,transport_motoring,T4_dictionary,yes,yes,yes,yes,no
485,v3_volume,equifax,Lidl,LIDL GB BILLINGSHU  ON 21 DEC CLP LIDL GB BILLINGSHURST,23.26,debit,groceries,groceries_household_essentials,Lidl grocery spend.,established,Shopping (Household Essentials) | General Groceries,,,groceries,groceries_household_essentials,groceries,groceries_household_essentials,T4_dictionary,yes,yes,yes,yes,no
486,v3_volume,equifax,Ladbrokes,LC INTERNATIONAL LTD Lc International,10.0,debit,gambling_betting,gambling,Ladbrokes Coral betting.,established,Gambling and Betting | Betting,,,gambling_betting,gambling,gambling_betting,gambling,T4_dictionary,yes,yes,yes,yes,no
487,v3_volume,equifax,Co-op,CO-OP GROUP 070261  ON 14 AUG CPM The Co-Operative,2.5,debit,groceries,groceries_household_essentials,Co-op grocery spend.,established,Shopping (Household Essentials) | General Groceries,,,groceries,groceries_household_essentials,groceries,groceries_household_essentials,T4_dictionary,yes,yes,yes,yes,no
488,v3_volume,equifax,NetFlix,NETFLIX.COM CD 9679,4.99,debit,streaming,digital_subscriptions_services,Netflix streaming subscription.,established,"Utilities | Internet, TV and Phone",,,broadband_tv_phone,utilities_household_bills,streaming,digital_subscriptions_services,T4_dictionary,no,yes,no,yes,no
489,v3_volume,equifax,Virgin Media,4108 30AUG24      VIRGIN MEDIA PYMTSREADING GB,23.0,debit,broadband_tv_phone,utilities_household_bills,Virgin Media broadband/TV.,established,"Utilities | Internet, TV and Phone",,,broadband_tv_phone,utilities_household_bills,broadband_tv_phone,utilities_household_bills,T4_dictionary,yes,yes,yes,yes,no
490,v3_volume,equifax,LTT Vending,LTT Vending Ltd LTT VENDING LIMITED    LEEDS         GBR,1.8,credit,refund_received,income_other,"Override prefill confectionary. LTT Vending credit is a refund, not spend.",yes,Transfers / Other | Confectionary,,,confectionary,groceries_household_essentials,confectionary,groceries_household_essentials,T6_native_fallback,no,no,no,no,no
491,v3_volume,equifax,TACO BELL,TACO BELL DRAGON R TACO BELL DRAGON RETAIL P,16.27,debit,takeaway,eating_drinking_out,Taco Bell fast food.,established,"Restaurants and takeaway | Restaurants, Cafes and Bistros",,,restaurant_cafe,eating_drinking_out,takeaway,eating_drinking_out,T4_dictionary,no,yes,yes,yes,no
492,v3_volume,equifax,Budgens,WILKS BUDGENS STON WILKS BUDGENS STONY STRAT,1.25,debit,groceries,groceries_household_essentials,"Override prefill convenience_store. Budgens is a Booker symbol food shop, treated like Londis.",established,Shopping (Discretionary) | Newsagents and Convenience Stores,,,convenience_store,groceries_household_essentials,groceries,groceries_household_essentials,T4_dictionary,no,yes,yes,yes,no
493,v3_volume,equifax,Lowell Financial,Lowell United Kingdom Account Edward Cockburn,15.0,debit,debt_collection,high_cost_distress_credit,Lowell Financial debt collection.,established,Financial Services | Debt Collection,,,debt_collection,high_cost_distress_credit,debt_collection,high_cost_distress_credit,T4_dictionary,yes,yes,yes,yes,no
494,v3_volume,equifax,McDonalds,PAYPAL *MCDONALDS  ON 14 AUG BCC PAYPAL *MCDONALDS 8260,7.48,debit,takeaway,eating_drinking_out,PayPal*McDonald's takeaway.,yes,Restaurants and takeaway | Take Away,,,takeaway,eating_drinking_out,takeaway,eating_drinking_out,T4_dictionary,yes,yes,yes,yes,no
495,v3_volume,equifax,DVLA,5196 27AUG24      DVLA DUPLICATE V5CMID               DVLA GB,25.0,debit,government_services,council_tax_government,"Override prefill road_tax. Narrative is DVLA duplicate V5C document fee, not VED.",established,Automotive | Road Tax,,,road_tax,transport_motoring,road_tax,transport_motoring,T4_dictionary,no,no,no,no,no
496,v3_volume,equifax,Zilch,ZILCH *      INSTALMEN Zilch.,10.36,debit,bnpl,credit_loan_repayments,Zilch instalment; no shop named.,yes,Financial Services | BNPL,,,bnpl,credit_loan_repayments,bnpl,credit_loan_repayments,T4_dictionary,yes,yes,yes,yes,no
497,v3_volume,equifax,DVLA,"DIRECT DEBIT PAYMENT TO DVLA-KY60OJS REF ************2275, MANDATE NO 0059",21.0,debit,road_tax,transport_motoring,DVLA VED direct debit for KY60OJS.,established,Automotive | Road Tax,,,road_tax,transport_motoring,road_tax,transport_motoring,T4_dictionary,yes,yes,yes,yes,no
498,v3_volume,equifax,First Bus,First Bus FIRST GLASGOW          GLASGOW       GBR,2.1,debit,public_transport_rail_coach,transport_motoring,First Glasgow bus fare.,established,Commuting and travel | Trains and Coaches,,,public_transport_rail_coach,transport_motoring,public_transport_rail_coach,transport_motoring,T4_dictionary,yes,yes,yes,yes,no
499,v3_volume,equifax,Esso,RSS ALPHINGTON,30.54,debit,fuel,transport_motoring,Override prefill salary (known Esso trap). RSS Alphington is Esso Rontec Alphington petrol station.,established,Commuting and travel | Fuel,,,fuel,transport_motoring,fuel,transport_motoring,T4_dictionary,yes,yes,yes,yes,no
500,v3_volume,equifax,Clearpay,CLEARPAY  ON 13 NOV BCC Clearpay,13.88,debit,bnpl,credit_loan_repayments,Clearpay; no underlying shop.,established,Financial Services | BNPL,,,bnpl,credit_loan_repayments,bnpl,credit_loan_repayments,T4_dictionary,yes,yes,yes,yes,no
501,v3_volume,equifax,Candy Store Express,CANDY STORE EXPRES CANDY STORE EXPRESS LT,2.34,debit,confectionary,groceries_household_essentials,Candy Store Express sweets shop.,yes,Shopping (Discretionary) | Confectionary,,,confectionary,groceries_household_essentials,confectionary,groceries_household_essentials,T6_native_fallback,yes,yes,yes,yes,no
502,v3_volume,equifax,Thames Water,THAMES WATER,35.0,debit,water,utilities_household_bills,Thames Water bill.,yes,Utilities | Water Companies,,,water,utilities_household_bills,water,utilities_household_bills,T4_dictionary,yes,yes,yes,yes,no
503,v3_volume,equifax,Lowell Financial,LOWELL PORTFOLIO I,5.0,debit,debt_collection,high_cost_distress_credit,Lowell Portfolio debt collection.,established,Financial Services | Debt Collection,,,debt_collection,high_cost_distress_credit,debt_collection,high_cost_distress_credit,T4_dictionary,yes,yes,yes,yes,no
504,v3_volume,equifax,Greggs,Greggs GREGGS                 LEEDS         GBR,2.0,debit,restaurant_cafe,eating_drinking_out,Greggs bakery cafe.,established,"Restaurants and takeaway | Restaurants, Cafes and Bistros",,,restaurant_cafe,eating_drinking_out,restaurant_cafe,eating_drinking_out,T4_dictionary,yes,yes,yes,yes,no
505,v3_volume,equifax,Amazon Prime Video,CARD PAYMENT TO PRIME VIDEO CHANNELS ON 06-01-2025,4.99,debit,streaming,digital_subscriptions_services,Prime Video Channels add-on.,established,Amazon All | Amazon,,,marketplace_amazon,general_retail_marketplaces,streaming,digital_subscriptions_services,T4_dictionary,no,yes,no,yes,no
506,v3_volume,equifax,Subway,Subway 24892 Gateway Hous,9.51,debit,takeaway,eating_drinking_out,Subway takeaway.,established,Restaurants and takeaway | Take Away,,,takeaway,eating_drinking_out,takeaway,eating_drinking_out,T4_dictionary,yes,yes,yes,yes,no
507,v3_volume,equifax,SPAR,SPAR,16.58,debit,groceries,groceries_household_essentials,SPAR symbol-group grocer.,established,Shopping (Household Essentials) | General Groceries,,,groceries,groceries_household_essentials,groceries,groceries_household_essentials,T4_dictionary,yes,yes,yes,yes,no
508,v3_volume,equifax,Seasons Kitchen,SEASONS KITCHEN AN SEASONS KITCHEN AND FA,10.35,debit,restaurant_cafe,eating_drinking_out,Seasons Kitchen cafe/farm-shop; native restaurants.,yes,"Restaurants and takeaway | Restaurants, Cafes and Bistros",,,restaurant_cafe,eating_drinking_out,restaurant_cafe,eating_drinking_out,T6_native_fallback,yes,yes,yes,yes,no
509,v3_volume,equifax,Tesco,TESCO STORES 6696,10.3,debit,groceries,groceries_household_essentials,Tesco supermarket.,established,Shopping (Household Essentials) | General Groceries,,,groceries,groceries_household_essentials,groceries,groceries_household_essentials,T4_dictionary,yes,yes,yes,yes,no
510,v3_volume,equifax,Marketplace,Visa purchase AMZNMktplace*L37HS0NU5 2003,9.78,debit,marketplace_amazon,general_retail_marketplaces,Amazon Marketplace purchase.,established,Amazon All | Amazon,,,marketplace_amazon,general_retail_marketplaces,marketplace_general,general_retail_marketplaces,T4_dictionary,yes,no,yes,yes,no
511,v3_volume,equifax,Tim Hortons,TIM HORTONS UK 807844 Tim Hortons,3.29,debit,restaurant_cafe,eating_drinking_out,Tim Hortons coffee shop.,yes,"Restaurants and takeaway | Restaurants, Cafes and Bistros",,,restaurant_cafe,eating_drinking_out,restaurant_cafe,eating_drinking_out,T6_native_fallback,yes,yes,yes,yes,no
512,v3_volume,equifax,Apple App Store,"APPLE.COM/BILL (VIA APPLE PAY), ON 29-09-2024",0.99,debit,software,digital_subscriptions_services,Apple.com/bill.,yes,Shopping (Discretionary) | Music and Downloads,,,streaming,digital_subscriptions_services,software,digital_subscriptions_services,T4_dictionary,no,yes,yes,yes,no
513,v3_volume,equifax,Sainsbury's,SAINSBURYS S/MKTS  ON 20 NOV CLP Sainsbury's,3.75,debit,groceries,groceries_household_essentials,Sainsbury's supermarket.,established,Shopping (Household Essentials) | General Groceries,,,groceries,groceries_household_essentials,groceries,groceries_household_essentials,T4_dictionary,yes,yes,yes,yes,no
514,v3_volume,equifax,Mr Vegas Casino,mrvegas,50.0,debit,gambling_casino,gambling,Mr Vegas online casino.,yes,Gambling and Betting | Poker and Casino Games,,,gambling_casino,gambling,transfer_p2p,transfers,T5_R01,yes,no,yes,no,no
515,v3_volume,equifax,Ladbrokes,LC International L  ON 21 JUL BCC LC INTERNATIONAL LTD,10.0,debit,gambling_betting,gambling,Ladbrokes Coral betting.,established,Gambling and Betting | Betting,,,gambling_betting,gambling,gambling_betting,gambling,T4_dictionary,yes,yes,yes,yes,no
516,v3_volume,equifax,Clearpay,CARD PAYMENT TO CLEARPAY ON 29-12-2024,18.5,debit,bnpl,credit_loan_repayments,Clearpay; no underlying shop.,established,Financial Services | BNPL,,,bnpl,credit_loan_repayments,bnpl,credit_loan_repayments,T4_dictionary,yes,yes,yes,yes,no
517,v3_volume,equifax,Apple App Store,APPLE.COM/BILL IRELAND ON 01 FEB BCC,0.99,debit,software,digital_subscriptions_services,Apple.com/bill.,yes,Shopping (Discretionary) | Music and Downloads,,,streaming,digital_subscriptions_services,software,digital_subscriptions_services,T4_dictionary,no,yes,yes,yes,no
518,v3_volume,equifax,Free Prints,Visa purchase FREEPRINTS APPLEPAY 1848,2.99,debit,printing_services,business_self_employment,FreePrints is a consumer photo-print-by-post service (not printer ink).,established,"Shopping (Discretionary) | Printers, Printer Ink and Printer Toner",,,printing_supplies,general_retail_marketplaces,printing_supplies,general_retail_marketplaces,T6_native_fallback,no,no,no,no,no
519,v3_volume,equifax,Apple App Store,APPLE.COM/BILL CD 1464,1.59,debit,software,digital_subscriptions_services,Apple.com/bill.,yes,Shopping (Discretionary) | Music and Downloads,,,streaming,digital_subscriptions_services,software,digital_subscriptions_services,T4_dictionary,no,yes,yes,yes,no
520,v3_volume,equifax,Just Eat,Just Eat,21.41,debit,takeaway,eating_drinking_out,Just Eat takeaway.,yes,Restaurants and takeaway | Take Away,,,takeaway,eating_drinking_out,takeaway,eating_drinking_out,T4_dictionary,yes,yes,yes,yes,no
521,v3_volume,equifax,The Cash Shop,Cash EndToEndID: Shop,5.0,debit,pawnbroker,high_cost_distress_credit,"The Cash Shop is a high-cost lender (payday), not pawnbroking on this evidence. Adversarial: The Cash Shop left payday lending in 2013; it now trades as a pawnbroker. Classify by current function.",yes,Financial Services | Payday Loans,,,payday_loan,high_cost_distress_credit,payday_loan,high_cost_distress_credit,T4_dictionary,no,no,yes,yes,no
522,v3_volume,equifax,William Hill,WILLIAMHILL*INTERNET William Hill,20.0,debit,gambling_betting,gambling,William Hill internet betting.,established,Gambling and Betting | Betting,,,gambling_betting,gambling,gambling_betting,gambling,T4_dictionary,yes,yes,yes,yes,no
523,v3_volume,equifax,Halifax,Nestle Halifax Vending NESTLE HALIFAX VENDING HALIFAX       GBR,1.1,debit,confectionary,groceries_household_essentials,"Override prefill mortgage. Nestlé Halifax Vending is a snack machine, not Halifax the bank.",established,Financial Services | Banks And Building Societies,,,financial_institution_unspecified,unclassified,financial_institution_unspecified,unclassified,T4_dictionary,no,no,no,no,no
524,v3_volume,equifax,Ladbrokes,8517 15NOV24  D   LC INTERNATIONAL  LTD               GIBRALTAR GI,5.0,debit,gambling_betting,gambling,Ladbrokes Coral Gibraltar betting.,established,Gambling and Betting | Betting,,,gambling_betting,gambling,gambling_betting,gambling,T4_dictionary,yes,yes,yes,yes,no
525,v3_volume,equifax,Revolut,BRADLEY AUSTIN    SENT FROM REVOLUT FP 30/11/24 1226  REV************4086,10.09,credit,transfer_p2p,transfers,Revolut credit from named person Bradley Austin; not an own-account pot.,no,Own Transfers | Bank Transfer,,,transfer_bank_unspecified,transfers,transfer_own_account,transfers,T4_dictionary,no,no,yes,yes,no
526,v3_volume,equifax,Admiral Financial Services,"DIRECT DEBIT PAYMENT TO AFSL REF AFS001374052, MANDATE NO 0008",465.05,debit,personal_loan_repayment,credit_loan_repayments,"Admiral Financial Services (AFSL) personal loan, not Admiral insurance.",yes,Financial Services | Personal Loans,,,personal_loan_repayment,credit_loan_repayments,personal_loan_repayment,credit_loan_repayments,T6_native_fallback,yes,yes,yes,yes,no
527,v3_volume,equifax,Apple App Store,APPLE.COM/BILL CD 1636,19.99,debit,software,digital_subscriptions_services,Apple.com/bill.,yes,Shopping (Discretionary) | Music and Downloads,,,streaming,digital_subscriptions_services,software,digital_subscriptions_services,T4_dictionary,no,yes,yes,yes,no
528,v3_volume,equifax,Revolut,TEK BAHADUR LAMA SENT FROM REVOLUT REV************8536,150.0,credit,transfer_p2p,transfers,Revolut credit from named person Tek Bahadur Lama.,no,Transfers / Other | Bank Transfer,,,transfer_bank_unspecified,transfers,transfer_own_account,transfers,T4_dictionary,no,no,yes,yes,no
529,v3_volume,equifax,Home Bargains,T J MORRIS LTD  ON 05 NOV BCC,11.26,debit,discount_store,groceries_household_essentials,TJ Morris = Home Bargains discounter.,established,Shopping (Home) | Home Accessories,,,home_accessories,home_garden,discount_store,groceries_household_essentials,T4_dictionary,no,yes,no,yes,no
530,v3_volume,equifax,Co-op,"CO-OP GROUP 700967 (VIA APPLE PAY), ON 18-01-2024",14.6,debit,groceries,groceries_household_essentials,Co-op grocery spend.,established,Shopping (Household Essentials) | General Groceries,,,groceries,groceries_household_essentials,groceries,groceries_household_essentials,T4_dictionary,yes,yes,yes,yes,no
531,v3_volume,equifax,Royal Mail,UK  EXCL CM AND W,397.6,credit,salary,income_employment,"Royal Mail credit of hundreds with Identified Salary native is PAYE, not agency/gig.",no,Identified Salary | Delivery,,,salary_gig,income_employment,delivery_courier,general_retail_marketplaces,T4_dictionary,no,no,yes,no,no
532,v3_volume,equifax,Apple App Store,APPLE.COM/BILL,8.99,debit,software,digital_subscriptions_services,Apple.com/bill.,yes,Shopping (Discretionary) | Music and Downloads,,,streaming,digital_subscriptions_services,software,digital_subscriptions_services,T4_dictionary,no,yes,yes,yes,no
533,v3_volume,equifax,Tesco,Tesco TESCO STORES  2097     LONDON        GBR,10.0,debit,groceries,groceries_household_essentials,Tesco supermarket.,established,Shopping (Household Essentials) | General Groceries,,,groceries,groceries_household_essentials,groceries,groceries_household_essentials,T4_dictionary,yes,yes,yes,yes,no
534,v3_volume,equifax,Haven Holidays,"Card 74, Haven Serve",21.15,debit,restaurant_cafe,eating_drinking_out,"Override prefill unclassified_card_spend. Haven Serve is Haven Parks' on-site food-and-drink ordering app, not an unidentified SumUp seller.",established,Flights and Holidays | Holidays UK,,,holiday_uk,travel_holidays,holiday_uk,travel_holidays,T4_dictionary,no,no,no,no,no
535,v3_volume,equifax,Zego,ZEGO UK  ON 17 OCT BCC,10.0,debit,insurance_motor,insurance,Zego motor insurance.,yes,Insurance | Motor Insurance,,,insurance_motor,insurance,insurance_motor,insurance,T6_native_fallback,yes,yes,yes,yes,no
536,v3_volume,equifax,Trip.com,UBER *TRIP  ON 20 NOV BCC UBR* PENDING.UBER.COM,6.16,debit,taxi_rideshare,transport_motoring,Merchant token Trip.com is wrong; narrative is UBER *TRIP.,established,Flights and Holidays | Holidays,,,holiday_package,travel_holidays,accommodation,travel_holidays,T4_dictionary,no,no,no,no,no
537,v3_volume,equifax,The Modern Milkman,THE MODERN MILKMAN,4.94,debit,groceries_specialist,groceries_household_essentials,The Modern Milkman doorstep milk.,yes,Shopping (Household Essentials) | General Groceries,,,groceries,groceries_household_essentials,groceries,groceries_household_essentials,T6_native_fallback,no,no,yes,yes,no
538,v3_volume,equifax,Cabot,CABOT FINANCIAL E                     REFERENCE: CCMDD02616278/6,75.0,debit,debt_collection,high_cost_distress_credit,Cabot Financial debt collection.,established,Financial Services | Debt Collection,,,debt_collection,high_cost_distress_credit,debt_collection,high_cost_distress_credit,T4_dictionary,yes,yes,yes,yes,no
539,v3_volume,equifax,McDonalds,MCDONALDS  ON 15 NOV CLP,1.79,debit,takeaway,eating_drinking_out,McDonald's takeaway.,yes,Restaurants and takeaway | Take Away,,,takeaway,eating_drinking_out,takeaway,eating_drinking_out,T4_dictionary,yes,yes,yes,yes,no
540,v3_volume,equifax,Clearpay,Clearpay,25.53,debit,bnpl,credit_loan_repayments,Clearpay; no underlying shop.,established,Financial Services | BNPL,,,bnpl,credit_loan_repayments,bnpl,credit_loan_repayments,T4_dictionary,yes,yes,yes,yes,no
541,v3_volume,equifax,Poundland,Pound Land POUNDLAND LTD  - 1104  KENT          GBR,2.5,debit,discount_store,groceries_household_essentials,Poundland variety discounter.,established,Shopping (Household Essentials) | Discount Stores,,,discount_store,groceries_household_essentials,discount_store,groceries_household_essentials,T4_dictionary,yes,yes,yes,yes,no
542,v3_volume,equifax,NatWest,JACKIE NATWEST,10.0,debit,transfer_p2p,transfers,"Override prefill mortgage. Jackie NatWest is a named-person bank transfer, not a Halifax/NatWest mortgage.",established,Financial Services | Banks And Building Societies,,,financial_institution_unspecified,unclassified,financial_institution_unspecified,unclassified,T4_dictionary,no,no,no,no,no
543,v3_volume,equifax,E,WWW.E.ORG,10.0,debit,energy,utilities_household_bills,www.e.org is E (E.ON Next/E Fuels) energy billing.,established,Utilities | Energy Providers,,,energy,utilities_household_bills,unclassified_other,unclassified,T4_dictionary,yes,no,yes,no,no
544,v3_volume,equifax,Shein,Klarna*shein.co.uk,0.0,debit,clothing_general,clothing_personal_care,Klarna*Shein: underlying merchant is Shein (zero-value still the shop).,established,Shopping (Fashion) | Womens Fashion,,,clothing_womens,clothing_personal_care,clothing_general,clothing_personal_care,T4_dictionary,no,yes,yes,yes,no
545,v3_volume,equifax,Bet365,BET365,10.4,debit,gambling_betting,gambling,Bet365 bookmaker.,established,Gambling and Betting | Betting,,,gambling_betting,gambling,gambling_betting,gambling,T4_dictionary,yes,yes,yes,yes,no
546,v3_volume,equifax,Portsmouth Water,PORTSMOUTH WATER L  9444727602 DDR,15.0,debit,water,utilities_household_bills,Portsmouth Water bill.,established,Utilities | Water Companies,,,water,utilities_household_bills,water,utilities_household_bills,T6_native_fallback,yes,yes,yes,yes,no
547,v3_volume,equifax,Apple App Store,APPLE.COM/BILL IRELAND ON 11 NOV BCC,1.99,debit,software,digital_subscriptions_services,Apple.com/bill.,yes,Shopping (Discretionary) | Music and Downloads,,,streaming,digital_subscriptions_services,software,digital_subscriptions_services,T4_dictionary,no,yes,yes,yes,no
548,v3_volume,equifax,Personal Independence Payment ,PX861212A DWP PIP,405.4,credit,benefits_state,income_benefits_state_support,DWP Personal Independence Payment credit.,established,,,,unclassified_other,unclassified,benefits_state,income_benefits_state_support,T4_dictionary,no,yes,no,yes,no
549,v3_volume,equifax,W.H.Smith,WH Smith Stansted,22.0,debit,airport_spend,travel_holidays,Override prefill books. WH Smith Stansted is airside retail at the airport.,established,"Books, Newspapers and Magazines | General Books",,,books,entertainment_leisure,books,entertainment_leisure,T4_dictionary,no,no,no,no,no
550,v3_volume,equifax,DVSA,DVSA,23.0,debit,government_services,council_tax_government,"Override prefill driving_tuition. DVSA debit of £23 is a theory/practical test fee, not a driving-school lesson.",established,Education and Learning | Driving Tuition,,,driving_tuition,childcare_education,driving_tuition,childcare_education,T4_dictionary,no,no,no,no,yes
551,v3_volume,equifax,tiktok,4618 23OCT24      KLARNA*TIKTOK SHOPU                 LONDON GB,22.06,debit,marketplace_general,general_retail_marketplaces,"Klarna*TikTok Shop: identifiable marketplace, not TikTok social/clothing guess.",no,Services | Web Services,,,web_services,digital_subscriptions_services,online_services,digital_subscriptions_services,T4_dictionary,no,no,no,no,no
552,v3_volume,equifax,The Gym Website,THE GYM LTD,24.99,debit,gym_fitness,health_medical,The Gym Group membership.,established,Personal Healthcare | Gyms And Health Clubs,,,gym_fitness,health_medical,gym_fitness,health_medical,T4_dictionary,yes,yes,yes,yes,no
553,v3_volume,equifax,Just Eat,"WLT 77, Just Eat",16.77,debit,takeaway,eating_drinking_out,Just Eat takeaway.,yes,Restaurants and takeaway | Take Away,,,takeaway,eating_drinking_out,takeaway,eating_drinking_out,T4_dictionary,yes,yes,yes,yes,no
554,v3_volume,equifax,McDonalds,3882 26OCT23 CD   MCDONALDS         HAMILTON GB,9.96,debit,takeaway,eating_drinking_out,McDonald's takeaway.,yes,Restaurants and takeaway | Take Away,,,takeaway,eating_drinking_out,takeaway,eating_drinking_out,T4_dictionary,yes,yes,yes,yes,no
555,v3_volume,equifax,Co-op,Co-op CO-OP GROUP FOOD RETAI GLASGOW       GBR,7.85,debit,groceries,groceries_household_essentials,Co-op food retail.,established,Shopping (Household Essentials) | General Groceries,,,groceries,groceries_household_essentials,groceries,groceries_household_essentials,T4_dictionary,yes,yes,yes,yes,no
556,v3_volume,equifax,Greggs,EDLINGTON GREGGS  ON 18 FEB CPM,9.6,debit,restaurant_cafe,eating_drinking_out,Greggs bakery cafe.,established,"Restaurants and takeaway | Restaurants, Cafes and Bistros",,,restaurant_cafe,eating_drinking_out,restaurant_cafe,eating_drinking_out,T4_dictionary,yes,yes,yes,yes,no
557,v3_volume,equifax,Deliveroo,DELIVEROO Deliveroo,46.48,debit,takeaway,eating_drinking_out,Deliveroo takeaway.,established,Restaurants and takeaway | Take Away,,,takeaway,eating_drinking_out,takeaway,eating_drinking_out,T4_dictionary,yes,yes,yes,yes,no
558,v3_volume,equifax,Apple App Store,Visa purchase APPLE.COM/BILL,0.99,debit,software,digital_subscriptions_services,Apple.com/bill.,yes,Shopping (Discretionary) | Music and Downloads,,,streaming,digital_subscriptions_services,software,digital_subscriptions_services,T4_dictionary,no,yes,yes,yes,no
559,v3_volume,equifax,Co-op,CO-OP GROUP 010461Mapperley,22.2,debit,groceries,groceries_household_essentials,Co-op grocery spend.,established,Shopping (Household Essentials) | General Groceries,,,groceries,groceries_household_essentials,groceries,groceries_household_essentials,T4_dictionary,yes,yes,yes,yes,no
560,v3_volume,equifax,Shell,SHELL JUNCTION OF SHELL JUNCTION OF A331,0.53,debit,fuel,transport_motoring,Shell forecourt; tiny amount still fuel.,established,Commuting and travel | Fuel,,,fuel,transport_motoring,fuel,transport_motoring,T4_dictionary,yes,yes,yes,yes,no
561,v3_volume,equifax,ASDA,Contactless Payment ASDA SUPERSTORE,17.81,debit,groceries,groceries_household_essentials,Asda superstore.,yes,Shopping (Household Essentials) | General Groceries,,,groceries,groceries_household_essentials,groceries,groceries_household_essentials,T4_dictionary,yes,yes,yes,yes,no
562,v3_volume,equifax,Shein,SHEIN MWALE,260.0,debit,clothing_general,clothing_personal_care,"Equifax resolved vendor Shein plus fashion native; MWALE treated as a reference, not a separate person.",established,Shopping (Fashion) | Womens Fashion,,,clothing_womens,clothing_personal_care,clothing_general,clothing_personal_care,T4_dictionary,no,yes,yes,yes,no
563,v3_volume,equifax,Transdev Blazefield Limited,Contactless Payment TRANSDEV BLAZEFIELD LIMIT GOOGLE 1086 2024-12-15,1.7,debit,public_transport_rail_coach,transport_motoring,Transdev Blazefield bus operator.,yes,Commuting and travel | Trains and Coaches,,,public_transport_rail_coach,transport_motoring,public_transport_rail_coach,transport_motoring,T6_native_fallback,yes,yes,yes,yes,no
564,v3_volume,equifax,Savers Health,SAVERS HEALTH & BE SAVERS HEALTH & BEAUTY,25.8,debit,health_beauty_general,clothing_personal_care,Savers health-and-beauty retail.,established,Personal Healthcare | Skin and Hair Care,,,skin_hair_care,clothing_personal_care,pharmacy,health_medical,T4_dictionary,no,no,yes,no,no
565,v3_volume,equifax,Zilch,ZILCH INSTALMENT,5.32,debit,bnpl,credit_loan_repayments,Zilch instalment; no shop named.,yes,Financial Services | BNPL,,,bnpl,credit_loan_repayments,bnpl,credit_loan_repayments,T4_dictionary,yes,yes,yes,yes,no
566,v3_volume,equifax,Revolut,Revolut**7042*  ON 20 DEC CPM REVOLUT**7042*,33.0,debit,transfer_bank_unspecified,transfers,Override prefill transfer_own_account. Revolut debit with only a masked reference; no own-account evidence so not a pot.,yes,Transfers / Other | Bank Transfer,,,transfer_bank_unspecified,transfers,transfer_own_account,transfers,T4_dictionary,yes,no,yes,yes,no
567,v3_volume,equifax,Clearpay,CARD PAYMENT TO CLEARPAY ON 03-01-2025,24.42,debit,bnpl,credit_loan_repayments,Clearpay; no underlying shop.,established,Financial Services | BNPL,,,bnpl,credit_loan_repayments,bnpl,credit_loan_repayments,T4_dictionary,yes,yes,yes,yes,no
568,v3_volume,equifax,Greggs,GREGGS PLC Greggs,5.85,debit,restaurant_cafe,eating_drinking_out,Greggs bakery cafe.,established,"Restaurants and takeaway | Restaurants, Cafes and Bistros",,,restaurant_cafe,eating_drinking_out,restaurant_cafe,eating_drinking_out,T4_dictionary,yes,yes,yes,yes,no
569,v3_volume,equifax,NISA,Nisa Your Local Nisa Your Local        Wickford      GBR,7.9,debit,groceries,groceries_household_essentials,Nisa symbol-group grocer.,established,Shopping (Household Essentials) | General Groceries,,,groceries,groceries_household_essentials,groceries,groceries_household_essentials,T4_dictionary,yes,yes,yes,yes,no
570,v3_volume,equifax,Sainsbury's,SAINSBURY'S Mum,10.0,credit,transfer_p2p,transfers,"Override prefill groceries. Credit with memo Mum is family P2P, not a Sainsbury's shop.",established,Transfers / Other | General Groceries,,,groceries,groceries_household_essentials,groceries,groceries_household_essentials,T4_dictionary,no,no,no,no,no
571,v3_volume,equifax,Uber,Visa purchase UBR* PENDING.UBER.COM APPLEPAY 8005,15.7,debit,taxi_rideshare,transport_motoring,Uber trip pending.,yes,Commuting and travel | Taxis,,,taxi_rideshare,transport_motoring,taxi_rideshare,transport_motoring,T4_dictionary,yes,yes,yes,yes,no
572,v3_volume,equifax,Deliveroo,DELIVEROO CD 4121,31.28,debit,takeaway,eating_drinking_out,Deliveroo takeaway.,established,Restaurants and takeaway | Take Away,,,takeaway,eating_drinking_out,takeaway,eating_drinking_out,T4_dictionary,yes,yes,yes,yes,no
573,v3_volume,equifax,McDonalds,Contactless Payment MCDONALDS 770,12.22,debit,takeaway,eating_drinking_out,McDonald's takeaway.,yes,Restaurants and takeaway | Take Away,,,takeaway,eating_drinking_out,takeaway,eating_drinking_out,T4_dictionary,yes,yes,yes,yes,no
574,v3_volume,equifax,TFL,6813 10OCT24 C    TFL TRAVEL CH     TFL.GOV.UK/CP GB,1.75,debit,public_transport_rail_coach,transport_motoring,TfL travel charge.,established,Commuting and travel | Trains and Coaches,,,public_transport_rail_coach,transport_motoring,public_transport_rail_coach,transport_motoring,T4_dictionary,yes,yes,yes,yes,no
575,v3_volume,equifax,Depop,DEPOP             LONDON,50.34,debit,marketplace_general,general_retail_marketplaces,Depop marketplace.,established,Shopping (Fashion) | General Fashion,,,clothing_general,clothing_personal_care,marketplace_amazon,general_retail_marketplaces,T4_dictionary,no,no,no,yes,no
576,v3_volume,equifax,Taptap Send Uk Limited,TapTap Send,4.05,debit,transfer_international,transfers,TapTap Send remittance.,established,Transfers / Other | International Transfer,,,transfer_international,transfers,transfer_international,transfers,T4_dictionary,yes,yes,yes,yes,no
577,v3_volume,equifax,Personal Independence Payment ,Bank credit PC254756A SSA PIP ************0491,107.6,credit,benefits_state,income_benefits_state_support,SSA PIP (Personal Independence Payment) credit.,established,,,,unclassified_other,unclassified,benefits_state,income_benefits_state_support,T4_dictionary,no,yes,no,yes,no
578,v3_volume,equifax,Co-op,CO-OP GROUP FOOD,4.0,debit,groceries,groceries_household_essentials,Co-op food.,established,Shopping (Household Essentials) | General Groceries,,,groceries,groceries_household_essentials,groceries,groceries_household_essentials,T4_dictionary,yes,yes,yes,yes,no
579,v3_volume,equifax,Clearpay,2732 01AUG24      CLEARPAY          MANCHESTER GB,9.1,debit,bnpl,credit_loan_repayments,Clearpay; no underlying shop.,established,Financial Services | BNPL,,,bnpl,credit_loan_repayments,bnpl,credit_loan_repayments,T4_dictionary,yes,yes,yes,yes,no
580,v3_volume,equifax,Uber,UBR* PENDING.UBER. UBR* PENDING.UBER.COM,5.99,debit,taxi_rideshare,transport_motoring,Uber trip pending.,yes,Commuting and travel | Taxis,,,taxi_rideshare,transport_motoring,taxi_rideshare,transport_motoring,T4_dictionary,yes,yes,yes,yes,no
581,v3_volume,equifax,Tesco,Contactless Payment TESCO STORES 5480 GOOGLE 8272,13.8,debit,groceries,groceries_household_essentials,Tesco supermarket.,established,Shopping (Household Essentials) | General Groceries,,,groceries,groceries_household_essentials,groceries,groceries_household_essentials,T4_dictionary,yes,yes,yes,yes,no
582,v3_volume,equifax,Specsavers,Direct debit SPECSAVERS ************0881,10.0,debit,optician,health_medical,Specsavers direct debit (glasses/contacts plan).,established,Personal Healthcare | Glasses and Contact Lenses,,,optician,health_medical,optician,health_medical,T4_dictionary,yes,yes,yes,yes,no
583,v3_volume,equifax,BT,BT.COM CONSUMER BP  ON 02 DEC BCC,42.31,debit,broadband_tv_phone,utilities_household_bills,BT consumer broadband/phone.,established,"Utilities | Internet, TV and Phone",,,broadband_tv_phone,utilities_household_bills,broadband_tv_phone,utilities_household_bills,T4_dictionary,yes,yes,yes,yes,no
584,v3_volume,equifax,KFC,KFC OXFORD ROAD,9.78,debit,takeaway,eating_drinking_out,KFC takeaway.,yes,Restaurants and takeaway | Take Away,,,takeaway,eating_drinking_out,takeaway,eating_drinking_out,T4_dictionary,yes,yes,yes,yes,no
585,v3_volume,equifax,HSBC,Paid with Starling GB Account Andrei Bucur Hsbc,100.0,debit,transfer_p2p,transfers,Override prefill financial_institution_unspecified. Starling payment to named person Andrei Bucur at HSBC.,established,Financial Services | Banks And Building Societies,,,financial_institution_unspecified,unclassified,financial_institution_unspecified,unclassified,T4_dictionary,no,no,no,no,no
586,v3_volume,equifax,Scotmid Co-Op,Scotmid Co-operative SCOTMID COOP           WEST LOTHIAN  GBR,24.25,debit,groceries,groceries_household_essentials,Scotmid Co-op grocery spend.,yes,Shopping (Household Essentials) | General Groceries,,,groceries,groceries_household_essentials,groceries,groceries_household_essentials,T4_dictionary,yes,yes,yes,yes,no
587,v3_volume,equifax,Shop Direct,"DIRECT DEBIT PAYMENT TO SHOP DIRECT GROUP REF 10099124, MANDATE NO 0004",282.79,debit,retail_finance_repayment,credit_loan_repayments,Override prefill catalogue_retail. Shop Direct Group direct debit with mandate is Very/Littlewoods catalogue credit repayment.,established,Shopping (Discretionary) | TV and Online Shopping,,,retail_tv_online_shopping,general_retail_marketplaces,retail_tv_online_shopping,general_retail_marketplaces,T6_native_fallback,no,no,no,no,no
588,v3_volume,equifax,Child Benefits,HMRC CHILD BENEFIT,25.6,credit,benefits_state,income_benefits_state_support,HMRC Child Benefit credit.,established,,,,unclassified_other,unclassified,benefits_state,income_benefits_state_support,T4_dictionary,no,yes,no,yes,no
589,v3_volume,equifax,TheTrainLine,trainline,24.89,debit,public_transport_rail_coach,transport_motoring,Trainline rail tickets.,yes,Commuting and travel | Trains and Coaches,,,public_transport_rail_coach,transport_motoring,public_transport_rail_coach,transport_motoring,T4_dictionary,yes,yes,yes,yes,no
590,v3_volume,equifax,Tesco,4337 23OCT24 CD   TESCO STORES 5908 MANCHESTER GB,34.2,debit,groceries,groceries_household_essentials,Tesco supermarket.,established,Shopping (Household Essentials) | General Groceries,,,groceries,groceries_household_essentials,groceries,groceries_household_essentials,T4_dictionary,yes,yes,yes,yes,no
591,v3_volume,equifax,Tesco,Tesco,0.49,debit,groceries,groceries_household_essentials,Tesco supermarket.,established,Shopping (Household Essentials) | General Groceries,,,groceries,groceries_household_essentials,groceries,groceries_household_essentials,T4_dictionary,yes,yes,yes,yes,no
592,v3_volume,equifax,LoveHoney,5029 21SEP24      KLARNA*LOVEHONEY  LONDON GB,21.66,debit,adult_products,entertainment_leisure,Klarna*Lovehoney; identifiable adult retailer.,yes,Shopping (Discretionary) | Over 18 Toys,,,adult_products,entertainment_leisure,adult_products,entertainment_leisure,T6_native_fallback,yes,yes,yes,yes,no
593,v3_volume,equifax,Playstation,PlayStation Networ  ON 01 DEC BCC PLAYSTATION NETWORK,0.36,debit,gaming_console_pc,entertainment_leisure,PlayStation Network console gaming.,established,Shopping (Discretionary) | PC and Console Games,,,gaming_console_pc,entertainment_leisure,gaming_console_pc,entertainment_leisure,T4_dictionary,yes,yes,yes,yes,no
594,v3_volume,equifax,Paypal,9034 08OCT24      PAYPAL            *MSAMIDLANDS      07861713815 GB,60.0,debit,payment_intermediary,general_retail_marketplaces,PayPal*MSAMIDLANDS: underlying payee not identifiable; do not guess a shop type.,yes,Shopping (Discretionary) | E-Commerce Payment System,,,payment_intermediary,general_retail_marketplaces,payment_intermediary,general_retail_marketplaces,T4_dictionary,yes,yes,yes,yes,no
595,v3_volume,equifax,Tesco,Contactless Payment TESCO STORES 4423,30.06,debit,groceries,groceries_household_essentials,Tesco supermarket.,established,Shopping (Household Essentials) | General Groceries,,,groceries,groceries_household_essentials,groceries,groceries_household_essentials,T4_dictionary,yes,yes,yes,yes,no
596,v3_volume,equifax,Premier Stores,Premier Shop Express Premier Shop Express   Blackpool     GBR,1.49,debit,groceries,groceries_household_essentials,Premier symbol-group grocer.,established,Shopping (Discretionary) | Newsagents and Convenience Stores,,,convenience_store,groceries_household_essentials,groceries,groceries_household_essentials,T4_dictionary,no,yes,yes,yes,no
597,v3_volume,equifax,Kickers,Kickers,59.95,debit,footwear,clothing_personal_care,Kickers shoe retailer.,yes,Shopping (Fashion) | General Fashion,,,clothing_general,clothing_personal_care,footwear,clothing_personal_care,T4_dictionary,no,yes,yes,yes,no
598,v3_volume,equifax,One Stop,One Stop ONE STOP 6325          STONEBURN     GBR,15.28,debit,convenience_store,groceries_household_essentials,One Stop convenience store.,established,Shopping (Discretionary) | Newsagents and Convenience Stores,,,convenience_store,groceries_household_essentials,groceries,groceries_household_essentials,T4_dictionary,yes,no,yes,yes,no
599,v3_volume,equifax,Uber,UBER   *TRIP,2.0,debit,taxi_rideshare,transport_motoring,Uber trip.,yes,Commuting and travel | Taxis,,,taxi_rideshare,transport_motoring,taxi_rideshare,transport_motoring,T4_dictionary,yes,yes,yes,yes,no
600,v3_volume,equifax,Vinted,Visa purchase MGP*Vinted APPLEPAY 5968,14.89,debit,marketplace_general,general_retail_marketplaces,Vinted marketplace.,established,Shopping (Fashion) | General Fashion,,,clothing_general,clothing_personal_care,marketplace_general,general_retail_marketplaces,T4_dictionary,no,yes,no,yes,no
601,v3_volume,plaid,Clearpay,Clearpay,5,debit,bnpl,credit_loan_repayments,Clearpay BNPL.,established,LOAN_PAYMENTS_BNPL_AND_EWA,bnpl,credit_loan_repayments,bnpl,credit_loan_repayments,bnpl,credit_loan_repayments,T4_dictionary,yes,yes,yes,yes,no
602,v3_volume,plaid,U.S. Post Office,LNK POST OFFICE,40,debit,cash_withdrawal,cash,"Override prefill delivery_courier. LNK + Post Office debit is LINK ATM cash, not postage.",yes,TRANSFER_OUT_CHECKS_AND_ATM,cash_withdrawal,cash,cash_withdrawal,cash,delivery_courier,general_retail_marketplaces,T4_dictionary,yes,no,yes,no,no
603,v3_volume,plaid,Tesco Petrol,8839 14AUG25      TESCO PAY AT PUMP 3933              CLEETHORPES GB,10,debit,fuel,transport_motoring,Tesco pay-at-pump fuel.,established,TRAVEL_AND_TRANSPORTATION_OTHER_TRAVEL_AND_TRANSPORTATION,transport_other,transport_motoring,transport_other,transport_motoring,fuel,transport_motoring,T5_R05,no,yes,yes,yes,no
604,v3_volume,plaid,SkyBet,SKY BET,5,debit,gambling_betting,gambling,Sky Bet bookmaker.,yes,ENTERTAINMENT_CASINOS_AND_GAMBLING,gambling_unspecified,gambling,gambling_unspecified,gambling,gambling_betting,gambling,T4_dictionary,no,yes,yes,yes,no
605,v3_volume,plaid,Arriva,ARRIVA UK BUS,26.5,debit,public_transport_rail_coach,transport_motoring,Arriva UK Bus.,established,TRAVEL_AND_TRANSPORTATION_PUBLIC_TRANSIT,public_transport_rail_coach,transport_motoring,public_transport_rail_coach,transport_motoring,public_transport_rail_coach,transport_motoring,T4_dictionary,yes,yes,yes,yes,no
606,v3_volume,plaid,Sainsbury's,SAINSBURYS S/MKTS WEST PARK FAR,19.92,debit,groceries,groceries_household_essentials,Sainsbury's supermarket.,established,FOOD_RETAIL_GROCERIES,groceries,groceries_household_essentials,groceries,groceries_household_essentials,groceries,groceries_household_essentials,T4_dictionary,yes,yes,yes,yes,no
607,v3_volume,plaid,eBay,eBay,6.28,debit,marketplace_general,general_retail_marketplaces,eBay marketplace.,established,GENERAL_MERCHANDISE_ONLINE_MARKETPLACES,marketplace_general,general_retail_marketplaces,marketplace_general,general_retail_marketplaces,marketplace_general,general_retail_marketplaces,T4_dictionary,yes,yes,yes,yes,no
608,v3_volume,plaid,Tesco,Tesco,10.04,debit,groceries,groceries_household_essentials,Tesco supermarket.,established,FOOD_RETAIL_GROCERIES,groceries,groceries_household_essentials,groceries,groceries_household_essentials,groceries,groceries_household_essentials,T4_dictionary,yes,yes,yes,yes,no
609,v3_volume,plaid,Dirty Duck,Dirty Duck           )))),6.85,debit,pub_bar,eating_drinking_out,Dirty Duck is a common UK pub name; liquor-store native is wrong.,yes,FOOD_RETAIL_LIQUOR_STORES,alcohol_beer_spirits,groceries_household_essentials,alcohol_beer_spirits,groceries_household_essentials,alcohol_beer_spirits,groceries_household_essentials,T6_native_fallback,no,no,no,no,no
610,v3_volume,plaid,Morrisons,WM MORRISONS STORE,23.25,debit,groceries,groceries_household_essentials,Morrisons supermarket.,yes,FOOD_RETAIL_GROCERIES,groceries,groceries_household_essentials,groceries,groceries_household_essentials,groceries,groceries_household_essentials,T4_dictionary,yes,yes,yes,yes,no
611,v3_volume,plaid,McDonald's,MCDONALDS CD 3708,11.21,debit,takeaway,eating_drinking_out,McDonald's takeaway.,yes,DINING_DINING,restaurant_cafe,eating_drinking_out,restaurant_cafe,eating_drinking_out,takeaway,eating_drinking_out,T4_dictionary,no,yes,yes,yes,no
612,v3_volume,plaid,Anitta Kaur,ANITTA KAUR       X                 VIA MOBILE - PYMT,100,debit,transfer_p2p,transfers,Debit to named person Anitta Kaur via mobile payment.,no,TRANSFER_OUT_OTHER,unclassified_transfer,unclassified,unclassified_transfer,unclassified,transfer_p2p,transfers,T4_dictionary,no,yes,no,yes,no
613,v3_volume,plaid,Todays,TODAYS Todays,15.75,debit,groceries,groceries_household_essentials,Override prefill unclassified_other. Today's is a Unitas/Nisa-Today's symbol-group grocer (Today's Local/Express).,yes,TRAVEL_AND_TRANSPORTATION_OTHER_TRAVEL_AND_TRANSPORTATION,transport_other,transport_motoring,transport_other,transport_motoring,transport_other,transport_motoring,T6_native_fallback,no,no,no,no,no
614,v3_volume,plaid,Just Eat,Just Eat.Co.UK Ltd,20.53,debit,takeaway,eating_drinking_out,Just Eat takeaway.,yes,DINING_DINING,restaurant_cafe,eating_drinking_out,restaurant_cafe,eating_drinking_out,takeaway,eating_drinking_out,T4_dictionary,no,yes,yes,yes,no
615,v3_volume,plaid,Pubcasino.co.uk,PUBCASINO.CO.UK MALTA ON 16 AUG BCC,20,debit,gambling_casino,gambling,Pubcasino.co.uk online casino (Malta).,yes,ENTERTAINMENT_CASINOS_AND_GAMBLING,gambling_unspecified,gambling,gambling_unspecified,gambling,gambling_casino,gambling,T4_dictionary,no,yes,yes,yes,no
616,v3_volume,plaid,MRQ,CARD PAYMENT TO MRQ.COM ON 30-06-2025,20,debit,gambling_casino,gambling,Override prefill gambling_bingo. MRQ.com is MrQ online casino; narrative does not say bingo.,established,ENTERTAINMENT_CASINOS_AND_GAMBLING,gambling_unspecified,gambling,gambling_unspecified,gambling,gambling_casino,gambling,T4_dictionary,no,yes,yes,yes,no
617,v3_volume,plaid,SkyBet,Sky Bet,30,debit,gambling_betting,gambling,Sky Bet bookmaker.,yes,ENTERTAINMENT_CASINOS_AND_GAMBLING,gambling_unspecified,gambling,gambling_unspecified,gambling,gambling_betting,gambling,T4_dictionary,no,yes,yes,yes,no
618,v3_volume,plaid,Pets At Home,PETS AT HOME LTD,11.99,debit,pet_supplies,pets,Pets at Home.,established,PET_CARE_AND_SUPPLIES_PET_SUPPLIES,pet_supplies,pets,pet_supplies,pets,pet_supplies,pets,T4_dictionary,yes,yes,yes,yes,no
619,v3_volume,plaid,KRS,KRS ELIZABETH STEVBACCO             VIA MOBILE - PYMT FP 18/07/25 10    45111354092054000N,86,debit,transfer_p2p,transfers,Mobile payment to named person Elizabeth Stev; KRS prefix does not identify a firm.,no,TRANSFER_OUT_OTHER,unclassified_transfer,unclassified,unclassified_transfer,unclassified,unclassified_transfer,unclassified,T6_native_fallback,no,no,no,no,no
620,v3_volume,plaid,eBay,EBAY Commerce UK LP*6999581839,-1622.99,credit,income_other_unspecified,income_other,"Large eBay credit; native income. Treated as marketplace seller proceeds rather than a shop refund. Parent check: large eBay Commerce CREDIT is seller payout, not spend.",established,INCOME_SALARY,salary,income_employment,salary,income_employment,marketplace_general,general_retail_marketplaces,T4_dictionary,no,no,no,no,no
621,v3_volume,plaid,Sony Playstation,PlayStation,19.79,debit,gaming_console_pc,entertainment_leisure,PlayStation console gaming.,yes,ENTERTAINMENT_MUSIC_VIDEO_GAMES_TV_AND_MOVIES,entertainment_other,entertainment_leisure,entertainment_other,entertainment_leisure,entertainment_other,entertainment_leisure,T6_native_fallback,no,no,yes,yes,no
622,v3_volume,plaid,Klarna,Klarna*eBay,-115.21,credit,refund_received,income_other,"Klarna*eBay credit: retailer/Klarna refund of an eBay purchase, not a BNPL loan or fresh marketplace spend.",no,LOAN_DISBURSEMENTS_BNPL_AND_EWA,loan_disbursement,credit_loan_repayments,loan_disbursement,credit_loan_repayments,bnpl,credit_loan_repayments,T4_dictionary,no,no,no,no,no
623,v3_volume,plaid,Londis,Londis Harbour Stores,8.19,debit,groceries,groceries_household_essentials,Londis symbol-group grocer.,yes,GENERAL_MERCHANDISE_CONVENIENCE_STORES,convenience_store,groceries_household_essentials,convenience_store,groceries_household_essentials,groceries,groceries_household_essentials,T4_dictionary,no,yes,yes,yes,no
624,v3_volume,plaid,Tesco,TESCO STORES 6781,23.06,debit,groceries,groceries_household_essentials,Tesco supermarket.,established,FOOD_RETAIL_GROCERIES,groceries,groceries_household_essentials,groceries,groceries_household_essentials,groceries,groceries_household_essentials,T4_dictionary,yes,yes,yes,yes,no
625,v3_volume,plaid,Creation,CREATION.CO.UK  A/1016159734/11421 DDR CREATION FINANCIAL SERVICES,220.35,debit,retail_finance_repayment,credit_loan_repayments,Creation Financial Services store-card/retail finance.,yes,LOAN_PAYMENTS_PERSONAL_LOAN_PAYMENT,personal_loan_repayment,credit_loan_repayments,personal_loan_repayment,credit_loan_repayments,personal_loan_repayment,credit_loan_repayments,T6_native_fallback,no,no,yes,yes,no
626,v3_volume,plaid,Hibbert Ap,To A/C 58330496   HIBBERT AP        Via Mobile Xfer,1,debit,transfer_p2p,transfers,Mobile transfer to named account Hibbert AP.,no,TRANSFER_OUT_OTHER,unclassified_transfer,unclassified,unclassified_transfer,unclassified,unclassified_transfer,unclassified,T6_native_fallback,no,no,no,no,no
627,v3_volume,plaid,Nval Limited,Nval Limited,23.39,debit,fuel,transport_motoring,Override prefill unclassified_other. NVAL Limited is Denaby Service Station (SIC retail of automotive fuel).,yes,TRANSFER_OUT_OTHER,unclassified_transfer,unclassified,unclassified_transfer,unclassified,unclassified_transfer,unclassified,T6_native_fallback,no,no,no,no,no
628,v3_volume,plaid,S Kiernan,S KIERNAN,100,debit,transfer_p2p,transfers,Debit to named person S Kiernan.,no,TRANSFER_OUT_OTHER,unclassified_transfer,unclassified,unclassified_transfer,unclassified,transfer_p2p,transfers,T4_dictionary,no,yes,no,yes,no
629,v3_volume,plaid,Sainsbury's Petrol Station,SAINSBURYS PETROL,33.64,debit,fuel,transport_motoring,Sainsbury's petrol station.,established,TRAVEL_AND_TRANSPORTATION_OTHER_TRAVEL_AND_TRANSPORTATION,transport_other,transport_motoring,transport_other,transport_motoring,fuel,transport_motoring,T5_R05,no,yes,yes,yes,no
630,v3_volume,plaid,Raylo,Raylo - SortCodeAccountNumber: 16222410135836,30.71,debit,retail_finance_repayment,credit_loan_repayments,Raylo device finance repayment.,yes,GENERAL_MERCHANDISE_ONLINE_MARKETPLACES,marketplace_general,general_retail_marketplaces,marketplace_general,general_retail_marketplaces,retail_finance_repayment,credit_loan_repayments,T4_dictionary,no,yes,no,yes,no
631,v3_volume,plaid,Wh Smith New Southern Gen,WH Smith New South,9.76,debit,books,entertainment_leisure,"WH Smith (New Southern) is station/news books retail, not an airport token.",yes,GENERAL_MERCHANDISE_OTHER_GENERAL_MERCHANDISE,retail_other,general_retail_marketplaces,retail_other,general_retail_marketplaces,retail_other,general_retail_marketplaces,T6_native_fallback,no,no,no,no,no
632,v3_volume,plaid,Morrisons,Morrisons Daily ,5,debit,groceries,groceries_household_essentials,Morrisons Daily is a Morrisons food convenience shop.,yes,FOOD_RETAIL_GROCERIES,groceries,groceries_household_essentials,groceries,groceries_household_essentials,groceries,groceries_household_essentials,T4_dictionary,yes,yes,yes,yes,no
633,v3_volume,plaid,Tesco,Tesco,5.5,debit,groceries,groceries_household_essentials,Tesco supermarket.,established,FOOD_RETAIL_GROCERIES,groceries,groceries_household_essentials,groceries,groceries_household_essentials,groceries,groceries_household_essentials,T4_dictionary,yes,yes,yes,yes,no
634,v3_volume,plaid,Semichem,SEMICHEM 3474,23.92,debit,health_beauty_general,clothing_personal_care,"Semi-Chem is Savers-like health/beauty variety, not a pharmacy.",yes,PERSONAL_CARE_HAIR_AND_BEAUTY,skin_hair_care,clothing_personal_care,skin_hair_care,clothing_personal_care,skin_hair_care,clothing_personal_care,T6_native_fallback,no,no,yes,yes,no
635,v3_volume,plaid,Tesco Petrol,1548 16JUL25 CD   TESCO PFS 3730    HANDFORTH GB,41.42,debit,fuel,transport_motoring,Tesco PFS Handforth fuel.,established,TRAVEL_AND_TRANSPORTATION_OTHER_TRAVEL_AND_TRANSPORTATION,transport_other,transport_motoring,transport_other,transport_motoring,fuel,transport_motoring,T5_R05,no,yes,yes,yes,no
636,v3_volume,plaid,Side Street Burgers,SIDE STREET BURGER  ON 31 JUL CPM SIDE STREET BURGERS,14.97,debit,takeaway,eating_drinking_out,Side Street Burgers takeaway.,yes,DINING_DINING,restaurant_cafe,eating_drinking_out,restaurant_cafe,eating_drinking_out,takeaway,eating_drinking_out,T4_dictionary,no,yes,yes,yes,no
637,v3_volume,plaid,The Hare And Hounds,Contactless Payment THE HARE AND HOUNDS APPLEPAY 8194,11.95,debit,pub_bar,eating_drinking_out,The Hare and Hounds pub.,yes,DINING_DINING,restaurant_cafe,eating_drinking_out,restaurant_cafe,eating_drinking_out,pub_bar,eating_drinking_out,T4_dictionary,no,yes,yes,yes,no
638,v3_volume,plaid,Klassic Pub Company,KLASSIC PUB COMPANY CD 5517,2.8,debit,pub_bar,eating_drinking_out,Klassic Pub Company pub operator.,yes,DINING_DINING,restaurant_cafe,eating_drinking_out,restaurant_cafe,eating_drinking_out,pub_bar,eating_drinking_out,T4_dictionary,no,yes,yes,yes,no
639,v3_volume,plaid,Sam's Convenience Stor,Sam's Convenience sto Sam's Convenience Stor,2.8,debit,convenience_store,groceries_household_essentials,Sam's Convenience Store corner shop.,yes,GENERAL_MERCHANDISE_CONVENIENCE_STORES,convenience_store,groceries_household_essentials,convenience_store,groceries_household_essentials,convenience_store,groceries_household_essentials,T4_dictionary,yes,yes,yes,yes,no
640,v3_volume,plaid,Co Op Group Food,CO OP GROUP FOOD,31,debit,groceries,groceries_household_essentials,Co-op Group food.,yes,FOOD_RETAIL_GROCERIES,groceries,groceries_household_essentials,groceries,groceries_household_essentials,groceries,groceries_household_essentials,T4_dictionary,yes,yes,yes,yes,no
641,v3_volume,plaid,Karen Baker Food Ft,KAREN BAKER  FOOD FT,50,debit,transfer_p2p,transfers,"Override prefill unclassified_other. Named person Karen Baker; FOOD FT is a faster-payment memo, not a shop.",yes,TRANSFER_OUT_OTHER,unclassified_transfer,unclassified,unclassified_transfer,unclassified,unclassified_transfer,unclassified,T6_native_fallback,no,no,no,no,no
642,v3_volume,plaid,Vinted,1748 25SEP25  D   VINTED            VILNIUS GB,24.19,debit,marketplace_general,general_retail_marketplaces,Vinted marketplace.,established,GENERAL_MERCHANDISE_ONLINE_MARKETPLACES,marketplace_general,general_retail_marketplaces,marketplace_general,general_retail_marketplaces,marketplace_general,general_retail_marketplaces,T4_dictionary,yes,yes,yes,yes,no
643,v3_volume,plaid,Icelandair,ICELAND FOODS,15,debit,groceries,groceries_household_essentials,"Narrative is Iceland Foods, not Icelandair.",established,FOOD_RETAIL_GROCERIES,groceries,groceries_household_essentials,groceries,groceries_household_essentials,groceries,groceries_household_essentials,T6_native_fallback,yes,yes,yes,yes,no
644,v3_volume,plaid,Apple,Visa purchase APPLE.COM/BILL,2.99,debit,software,digital_subscriptions_services,Apple.com/bill.,established,GENERAL_MERCHANDISE_COMPUTERS_AND_ELECTRONICS,computing_devices,general_retail_marketplaces,computing_devices,general_retail_marketplaces,software,digital_subscriptions_services,T4_dictionary,no,yes,no,yes,no
645,v3_volume,plaid,Ki Tty,5639 20JUL25  D   ETSY.COM*KI       TTYLANECRAF       LONDON GB,8.69,debit,marketplace_general,general_retail_marketplaces,"Etsy.com seller (Ki Tty / Kitty Lane Craft); Etsy is marketplace_general, not arts_crafts.",no,ENTERTAINMENT_EVENTS_AND_TICKETS,live_music,entertainment_leisure,live_music,entertainment_leisure,live_music,entertainment_leisure,T6_native_fallback,no,no,no,no,no
646,v3_volume,plaid,Aldi,ALDI 17 780,34.51,debit,groceries,groceries_household_essentials,Aldi grocery spend.,established,FOOD_RETAIL_GROCERIES,groceries,groceries_household_essentials,groceries,groceries_household_essentials,groceries,groceries_household_essentials,T4_dictionary,yes,yes,yes,yes,no
647,v3_volume,plaid,Heart Bingo,HEART BINGO GIBRALTAR ON 13 AUG CPM,25,debit,gambling_bingo,gambling,Heart Bingo online bingo.,yes,ENTERTAINMENT_CASINOS_AND_GAMBLING,gambling_unspecified,gambling,gambling_unspecified,gambling,gambling_unspecified,gambling,T5_R06,no,no,yes,yes,no
648,v3_volume,plaid,UniBet,Unibet,80,debit,gambling_betting,gambling,Unibet bookmaker.,established,ENTERTAINMENT_CASINOS_AND_GAMBLING,gambling_unspecified,gambling,gambling_unspecified,gambling,gambling_betting,gambling,T4_dictionary,no,yes,yes,yes,no
649,v3_volume,plaid,Newell Stores LTD,Newell Stores Ltd    )))),24.75,debit,groceries,groceries_household_essentials,Override prefill unclassified_other. Newell Stores is an independent NI supermarket.,yes,GENERAL_SERVICES_OTHER_SERVICES,business_services,business_self_employment,business_services,business_self_employment,business_services,business_self_employment,T6_native_fallback,no,no,no,no,no
650,v3_volume,plaid,Amazon,Amazon.co.uk*R72CL  ON 12 JUL BCC,8.99,debit,marketplace_amazon,general_retail_marketplaces,Amazon.co.uk purchase.,established,GENERAL_MERCHANDISE_ONLINE_MARKETPLACES,marketplace_general,general_retail_marketplaces,marketplace_general,general_retail_marketplaces,marketplace_amazon,general_retail_marketplaces,T4_dictionary,no,yes,yes,yes,no
651,v3_volume,plaid,Wowcher,WOWCHER           LONDON,3.99,debit,marketplace_general,general_retail_marketplaces,Wowcher deals marketplace.,established,GENERAL_MERCHANDISE_ONLINE_MARKETPLACES,marketplace_general,general_retail_marketplaces,marketplace_general,general_retail_marketplaces,marketplace_general,general_retail_marketplaces,T4_dictionary,yes,yes,yes,yes,yes
652,v3_volume,plaid,Amazon,amazon.co.uk Amazon,9.49,debit,marketplace_amazon,general_retail_marketplaces,Amazon.co.uk purchase.,established,GENERAL_MERCHANDISE_ONLINE_MARKETPLACES,marketplace_general,general_retail_marketplaces,marketplace_general,general_retail_marketplaces,marketplace_amazon,general_retail_marketplaces,T4_dictionary,no,yes,yes,yes,no
653,v3_volume,plaid,Tesco,TESCO STORES 4357,10,debit,groceries,groceries_household_essentials,Tesco supermarket.,established,FOOD_RETAIL_GROCERIES,groceries,groceries_household_essentials,groceries,groceries_household_essentials,groceries,groceries_household_essentials,T4_dictionary,yes,yes,yes,yes,no
654,v3_volume,plaid,Pizza Hut,CARD PAYMENT TO PIZZA HUT TRURO ON 30-07-2025,31.48,debit,takeaway,eating_drinking_out,Pizza Hut (UK treated as takeaway/fast-casual pizza).,yes,DINING_DINING,restaurant_cafe,eating_drinking_out,restaurant_cafe,eating_drinking_out,takeaway,eating_drinking_out,T4_dictionary,no,yes,yes,yes,no
655,v3_volume,plaid,Vinted,Vinted,4.9,debit,marketplace_general,general_retail_marketplaces,Vinted marketplace.,established,GENERAL_MERCHANDISE_ONLINE_MARKETPLACES,marketplace_general,general_retail_marketplaces,marketplace_general,general_retail_marketplaces,marketplace_general,general_retail_marketplaces,T4_dictionary,yes,yes,yes,yes,no
656,v3_volume,plaid,Zilch,Zilch,11.25,debit,bnpl,credit_loan_repayments,Zilch instalment; no shop named.,yes,LOAN_PAYMENTS_BNPL_AND_EWA,bnpl,credit_loan_repayments,bnpl,credit_loan_repayments,bnpl,credit_loan_repayments,T4_dictionary,yes,yes,yes,yes,no
657,v3_volume,plaid,Shirehampton High Street,SHIREHAMPTON HIGH,14.19,debit,unclassified_other,unclassified,Shirehampton High Street does not identify which shop on the street; do not guess.,yes,TRANSFER_OUT_OTHER,unclassified_transfer,unclassified,unclassified_transfer,unclassified,unclassified_transfer,unclassified,T6_native_fallback,no,no,yes,yes,no
658,v3_volume,plaid,McDonald's,0278 05JUL25 CD   MCDONALDS         BRADFORD GB,7.61,debit,takeaway,eating_drinking_out,McDonald's takeaway.,yes,DINING_DINING,restaurant_cafe,eating_drinking_out,restaurant_cafe,eating_drinking_out,takeaway,eating_drinking_out,T4_dictionary,no,yes,yes,yes,no
659,v3_volume,plaid,Marks & Spencer,MARKS&SPENCER PLC  ON 05 AUG CLP M&S,7.3,debit,department_store,general_retail_marketplaces,Marks & Spencer department store.,established,GENERAL_MERCHANDISE_DEPARTMENT_STORES,department_store,general_retail_marketplaces,department_store,general_retail_marketplaces,department_store,general_retail_marketplaces,T4_dictionary,yes,yes,yes,yes,no
660,v3_volume,plaid,Amazon,WWW.AMAZON.* RF4E26J74 Amazon,8.9,debit,marketplace_amazon,general_retail_marketplaces,Amazon.co.uk purchase.,established,GENERAL_MERCHANDISE_ONLINE_MARKETPLACES,marketplace_general,general_retail_marketplaces,marketplace_general,general_retail_marketplaces,marketplace_amazon,general_retail_marketplaces,T4_dictionary,no,yes,yes,yes,no
661,v3_volume,plaid,Breeze Competition Cd,BREEZE COMPETITION CD 9575,24.8,debit,prize_competitions,gambling,Breeze Competitions prize-draw platform.,yes,DINING_DINING,restaurant_cafe,eating_drinking_out,restaurant_cafe,eating_drinking_out,prize_competitions,gambling,T4_dictionary,no,yes,no,yes,no
662,v3_volume,plaid,Claire Boswell Fin,Claire Boswell    fin               VIA MOBILE - LVP  FP 11/07/25 10    19073241343529000N,160,debit,transfer_p2p,transfers,Mobile payment to named person Claire Boswell.,no,TRANSFER_OUT_OTHER,unclassified_transfer,unclassified,unclassified_transfer,unclassified,unclassified_transfer,unclassified,T6_native_fallback,no,no,no,no,no
663,v3_volume,plaid,South East Water,SOUTH EAST  WATER 313812895,26,debit,water,utilities_household_bills,South East Water bill.,yes,RENT_AND_UTILITIES_WATER,water,utilities_household_bills,water,utilities_household_bills,water,utilities_household_bills,T4_dictionary,yes,yes,yes,yes,no
664,v3_volume,plaid,Clearpay,CLEARPAY,4.71,debit,bnpl,credit_loan_repayments,Clearpay; no underlying shop.,established,LOAN_PAYMENTS_BNPL_AND_EWA,bnpl,credit_loan_repayments,bnpl,credit_loan_repayments,bnpl,credit_loan_repayments,T4_dictionary,yes,yes,yes,yes,no
665,v3_volume,plaid,Bpo Collections Ltfirst,REVERSAL OF 04-09 BPO COLLECTIONS LTFIRST PAYMENT,-35,credit,returned_payment,fees_charges,Override prefill debt_collection. Narrative is REVERSAL OF a BPO Collections debit; unpaid/returned payment.,yes,LOAN_PAYMENTS_CREDIT_CARD_PAYMENT,credit_card_repayment,credit_loan_repayments,credit_card_repayment,credit_loan_repayments,credit_card_repayment,credit_loan_repayments,T6_native_fallback,no,no,no,no,no
666,v3_volume,plaid,Revolut,"MICHELLE DUFFEY SENT FROM REVOLUT REV543379365828536 SENT FROM REVOLUT,REV543379365828536",-3.5,credit,transfer_p2p,transfers,Revolut credit from named person Michelle Duffey.,no,TRANSFER_IN_TRANSFER_IN_FROM_APPS,transfer_p2p,transfers,transfer_p2p,transfers,transfer_own_account,transfers,T4_dictionary,yes,no,yes,yes,no
667,v3_volume,plaid,Betfair,VISA Debit Transaction BETFAIR,20,debit,gambling_betting,gambling,Betfair betting exchange/bookmaker.,established,ENTERTAINMENT_CASINOS_AND_GAMBLING,gambling_unspecified,gambling,gambling_unspecified,gambling,gambling_betting,gambling,T4_dictionary,no,yes,yes,yes,no
668,v3_volume,plaid,Bet365,5145 05OCT25      BET365            STOKE GB,20,debit,gambling_betting,gambling,Bet365 bookmaker.,established,ENTERTAINMENT_CASINOS_AND_GAMBLING,gambling_unspecified,gambling,gambling_unspecified,gambling,gambling_betting,gambling,T4_dictionary,no,yes,yes,yes,no
669,v3_volume,plaid,Translink,"TRANSLINK MOBILE TICKE (VIA APPLE PAY), ON 16-07-2025",4.7,debit,public_transport_rail_coach,transport_motoring,Translink NI mobile ticket.,established,TRAVEL_AND_TRANSPORTATION_PUBLIC_TRANSIT,public_transport_rail_coach,transport_motoring,public_transport_rail_coach,transport_motoring,public_transport_rail_coach,transport_motoring,T6_native_fallback,yes,yes,yes,yes,no
670,v3_volume,plaid,McDonald's,MCDONALDS CD 8152,19.32,debit,takeaway,eating_drinking_out,McDonald's takeaway.,yes,DINING_DINING,restaurant_cafe,eating_drinking_out,restaurant_cafe,eating_drinking_out,takeaway,eating_drinking_out,T4_dictionary,no,yes,yes,yes,no
671,v3_volume,plaid,Holland & Barrett,HOLLAND & BARRETT  ON 19 JUL CPM,5,debit,supplements,health_medical,Holland & Barrett health-food/supplements.,established,GENERAL_MERCHANDISE_OTHER_GENERAL_MERCHANDISE,retail_other,general_retail_marketplaces,retail_other,general_retail_marketplaces,supplements,health_medical,T4_dictionary,no,yes,no,yes,no
672,v3_volume,plaid,Bath & N,Direct debit BATH & N EAST SOME 560034 57134510,55,debit,council_tax,council_tax_government,"Bath & North East Somerset Council direct debit, not beauty.",no,PERSONAL_CARE_HAIR_AND_BEAUTY,skin_hair_care,clothing_personal_care,skin_hair_care,clothing_personal_care,skin_hair_care,clothing_personal_care,T6_native_fallback,no,no,no,no,no
673,v3_volume,plaid,Rumbles Fish Bar,Rumbles Fish Bar,8.4,debit,takeaway,eating_drinking_out,Rumbles Fish Bar chip shop.,yes,DINING_DINING,restaurant_cafe,eating_drinking_out,restaurant_cafe,eating_drinking_out,takeaway,eating_drinking_out,T4_dictionary,no,yes,yes,yes,no
674,v3_volume,plaid,Apple,APPLE.COM/BILL CD 1273,2.99,debit,software,digital_subscriptions_services,Apple.com/bill.,established,GENERAL_MERCHANDISE_COMPUTERS_AND_ELECTRONICS,computing_devices,general_retail_marketplaces,computing_devices,general_retail_marketplaces,software,digital_subscriptions_services,T4_dictionary,no,yes,no,yes,no
675,v3_volume,plaid,The Flowerpot,The Flowerpot,7.05,debit,unclassified_card_spend,unclassified,The Flowerpot collides: multiple UK pubs and florists share the name; narrative does not disambiguate.,no,GENERAL_MERCHANDISE_OTHER_GENERAL_MERCHANDISE,retail_other,general_retail_marketplaces,retail_other,general_retail_marketplaces,retail_other,general_retail_marketplaces,T6_native_fallback,no,no,no,no,no
676,v3_volume,plaid,Ovo Energy,OVO Energy,20,debit,energy,utilities_household_bills,OVO Energy bill.,established,RENT_AND_UTILITIES_OTHER_UTILITIES,utility_other,utilities_household_bills,utility_other,utilities_household_bills,energy,utilities_household_bills,T4_dictionary,no,yes,yes,yes,no
677,v3_volume,plaid,Clearpay,Clearpay,9.72,debit,bnpl,credit_loan_repayments,Clearpay; no underlying shop.,established,LOAN_PAYMENTS_BNPL_AND_EWA,bnpl,credit_loan_repayments,bnpl,credit_loan_repayments,bnpl,credit_loan_repayments,T4_dictionary,yes,yes,yes,yes,no
678,v3_volume,plaid,Tamesidesportstrus,www.tamesidesportstrus,35.99,debit,gym_fitness,health_medical,Override prefill sports_participation. Tameside Sports Trust (Active Tameside) £35.99 is a leisure-centre gym membership.,yes,TRANSFER_OUT_OTHER,unclassified_transfer,unclassified,unclassified_transfer,unclassified,unclassified_transfer,unclassified,T6_native_fallback,no,no,no,no,no
679,v3_volume,plaid,M Thompson,M THOMPSON 06SEP25 772233 73607468,5,debit,transfer_p2p,transfers,Override prefill unclassified_other. Debit to named person M Thompson.,yes,TRANSFER_OUT_OTHER,unclassified_transfer,unclassified,unclassified_transfer,unclassified,transfer_p2p,transfers,T4_dictionary,no,yes,no,yes,no
680,v3_volume,plaid,Village Store,VILLAGE STORE  ON 15 JUL CLP,0.79,debit,convenience_store,groceries_household_essentials,Village store corner shop.,yes,GENERAL_MERCHANDISE_CONVENIENCE_STORES,convenience_store,groceries_household_essentials,convenience_store,groceries_household_essentials,convenience_store,groceries_household_essentials,T4_dictionary,yes,yes,yes,yes,no
681,v3_volume,plaid,Ballerrs Ol,Ballerrs Ol12,14.5,debit,unclassified_other,unclassified,"Ballerrs Ol12 collides (sports bar, streetwear, socks brand) and could be a person; do not pick one.",yes,TRANSFER_OUT_OTHER,unclassified_transfer,unclassified,unclassified_transfer,unclassified,unclassified_transfer,unclassified,T6_native_fallback,no,no,yes,yes,no
682,v3_volume,plaid,Daniel Fahey Loan,DANIEL FAHEY  LOAN FT,27,debit,transfer_p2p,transfers,"Override prefill personal_loan_repayment. Named person Daniel Fahey with LOAN memo is informal P2P borrowing, not a licensed lender.",yes,LOAN_PAYMENTS_PERSONAL_LOAN_PAYMENT,personal_loan_repayment,credit_loan_repayments,personal_loan_repayment,credit_loan_repayments,personal_loan_repayment,credit_loan_repayments,T6_native_fallback,no,no,no,no,no
683,v3_volume,plaid,Morr Airdrie Cd,MORR AIRDRIE CD 7396,20.13,debit,groceries,groceries_household_essentials,Override prefill unclassified_other. MORR AIRDRIE is Morrisons Airdrie supermarket.,yes,TRANSFER_OUT_OTHER,unclassified_transfer,unclassified,unclassified_transfer,unclassified,unclassified_transfer,unclassified,T6_native_fallback,no,no,no,no,no
684,v3_volume,plaid,Amazon,CARD PAYMENT TO AMZNMKTPLACE*R47ZW5L94 ON 25-08-2025,5.99,debit,marketplace_amazon,general_retail_marketplaces,Amazon Marketplace purchase.,established,GENERAL_MERCHANDISE_ONLINE_MARKETPLACES,marketplace_general,general_retail_marketplaces,marketplace_general,general_retail_marketplaces,marketplace_amazon,general_retail_marketplaces,T4_dictionary,no,yes,yes,yes,no
685,v3_volume,plaid,Lexi Simm Mum,Lexi Simm                                mum x,3,debit,transfer_p2p,transfers,Debit to named person Lexi Simm with mum memo.,no,TRANSFER_OUT_OTHER,unclassified_transfer,unclassified,unclassified_transfer,unclassified,transfer_p2p,transfers,T4_dictionary,no,yes,no,yes,no
686,v3_volume,plaid,Wagamama,Wagamama Limited 2,29.15,debit,restaurant_cafe,eating_drinking_out,Wagamama restaurant.,yes,DINING_DINING,restaurant_cafe,eating_drinking_out,restaurant_cafe,eating_drinking_out,restaurant_cafe,eating_drinking_out,T4_dictionary,yes,yes,yes,yes,no
687,v3_volume,plaid,Clearpay,0052 05SEP25      CLEARPAY          CLEARPAY.CO.U GB,26.73,debit,bnpl,credit_loan_repayments,Clearpay; no underlying shop.,established,LOAN_PAYMENTS_BNPL_AND_EWA,bnpl,credit_loan_repayments,bnpl,credit_loan_repayments,bnpl,credit_loan_repayments,T4_dictionary,yes,yes,yes,yes,no
688,v3_volume,plaid,Lowestoft Bowl,Lowestoft Bowl,21.05,debit,days_out,entertainment_leisure,Lowestoft Bowl ten-pin bowling / family entertainment centre.,yes,ENTERTAINMENT_EVENTS_AND_TICKETS,live_music,entertainment_leisure,live_music,entertainment_leisure,live_music,entertainment_leisure,T6_native_fallback,no,no,yes,yes,no
689,v3_volume,plaid,Mr P J Hara Mr Peter,Mr P J Hara Mr Peter Hara,3.57,debit,transfer_p2p,transfers,Debit to named person Mr P J Hara / Peter Hara.,no,TRANSFER_OUT_OTHER,unclassified_transfer,unclassified,unclassified_transfer,unclassified,transfer_p2p,transfers,T4_dictionary,no,yes,no,yes,no
690,v3_volume,plaid,SkyBet,Sky Bet,10,debit,gambling_betting,gambling,Sky Bet bookmaker.,yes,ENTERTAINMENT_CASINOS_AND_GAMBLING,gambling_unspecified,gambling,gambling_unspecified,gambling,gambling_betting,gambling,T4_dictionary,no,yes,yes,yes,no
691,v3_volume,plaid,Tesco,TESCO STORES 6460  ON 08 JUL CPM Tesco,29.2,debit,groceries,groceries_household_essentials,Tesco supermarket.,established,FOOD_RETAIL_GROCERIES,groceries,groceries_household_essentials,groceries,groceries_household_essentials,groceries,groceries_household_essentials,T4_dictionary,yes,yes,yes,yes,no
692,v3_volume,plaid,Luke J Hills,Payment to LUKE J HILLS 601455 61069604,15,debit,transfer_p2p,transfers,Override prefill unclassified_other. Payment to named person Luke J Hills; gas/electric native is wrong.,yes,RENT_AND_UTILITIES_GAS_AND_ELECTRICITY,energy,utilities_household_bills,energy,utilities_household_bills,energy,utilities_household_bills,T6_native_fallback,no,no,no,no,no
693,v3_volume,plaid,Tesco,Cash at Tesco Lodge Pk Exp,31,debit,cash_withdrawal,cash,Override prefill groceries. Cash at Tesco Lodge Park Express is ATM cash withdrawal.,established,TRANSFER_OUT_CHECKS_AND_ATM,cash_withdrawal,cash,cash_withdrawal,cash,groceries,groceries_household_essentials,T4_dictionary,yes,no,yes,no,no
694,v3_volume,plaid,Waitrose,WAITROSE 207,5.35,debit,groceries,groceries_household_essentials,Waitrose supermarket.,established,FOOD_RETAIL_GROCERIES,groceries,groceries_household_essentials,groceries,groceries_household_essentials,groceries,groceries_household_essentials,T4_dictionary,yes,yes,yes,yes,no
695,v3_volume,plaid,Raylo,RAYLO 6XM3EXC,20.98,debit,retail_finance_repayment,credit_loan_repayments,Raylo device finance.,yes,GENERAL_MERCHANDISE_ONLINE_MARKETPLACES,marketplace_general,general_retail_marketplaces,marketplace_general,general_retail_marketplaces,retail_finance_repayment,credit_loan_repayments,T4_dictionary,no,yes,no,yes,no
696,v3_volume,plaid,Vinted,Visa purchase MGP*Vinted,5.45,debit,marketplace_general,general_retail_marketplaces,Vinted marketplace.,established,GENERAL_MERCHANDISE_ONLINE_MARKETPLACES,marketplace_general,general_retail_marketplaces,marketplace_general,general_retail_marketplaces,marketplace_general,general_retail_marketplaces,T4_dictionary,yes,yes,yes,yes,no
697,v3_volume,plaid,Zilch,ZILCH TEMU.COM,17.67,debit,marketplace_general,general_retail_marketplaces,Override prefill bnpl. Zilch*Temu: underlying merchant is Temu marketplace.,yes,LOAN_PAYMENTS_BNPL_AND_EWA,bnpl,credit_loan_repayments,bnpl,credit_loan_repayments,bnpl,credit_loan_repayments,T4_dictionary,no,no,no,no,no
698,v3_volume,plaid,Zopa,ZOPA CREDIT CARDS JFCGPS4-ZOPA,21.51,debit,credit_card_repayment,credit_loan_repayments,"Zopa Credit Cards repayment, not a Zopa personal loan.",no,LOAN_PAYMENTS_PERSONAL_LOAN_PAYMENT,personal_loan_repayment,credit_loan_repayments,personal_loan_repayment,credit_loan_repayments,personal_loan_repayment,credit_loan_repayments,T4_dictionary,no,no,yes,yes,no
699,v3_volume,plaid,BetFred,8062 12AUG25      BETFRED           GIBRALTAR GI,50,debit,gambling_betting,gambling,Betfred bookmaker.,established,ENTERTAINMENT_CASINOS_AND_GAMBLING,gambling_unspecified,gambling,gambling_unspecified,gambling,gambling_betting,gambling,T4_dictionary,no,yes,yes,yes,no
700,v3_volume,plaid,Dvla,DVLA-GK12VSN                          REFERENCE: 000000000062862804,22.31,debit,road_tax,transport_motoring,DVLA VED for GK12VSN.,established,GOVERNMENTS_AND_NON_PROFIT_GOVERNMENTS_AND_NON_PROFIT,council_tax,council_tax_government,council_tax,council_tax_government,road_tax,transport_motoring,T4_dictionary,no,yes,no,yes,no
701,v3_volume,plaid,tombola,TOMBOLA,10,debit,gambling_bingo,gambling,Tombola online bingo.,established,ENTERTAINMENT_CASINOS_AND_GAMBLING,gambling_unspecified,gambling,gambling_unspecified,gambling,gambling_bingo,gambling,T4_dictionary,no,yes,yes,yes,no
702,v3_volume,plaid,La Casa Caffe,LA CASA CAFFE LTD La Casa Caffe,3.2,debit,restaurant_cafe,eating_drinking_out,La Casa Caffe coffee shop.,yes,DINING_COFFEE,restaurant_cafe,eating_drinking_out,restaurant_cafe,eating_drinking_out,restaurant_cafe,eating_drinking_out,T6_native_fallback,yes,yes,yes,yes,no
703,v3_volume,plaid,Severn Trent,SEVERN TRENT WATER 7750071285,36.68,debit,water,utilities_household_bills,Severn Trent Water bill.,established,RENT_AND_UTILITIES_WATER,water,utilities_household_bills,water,utilities_household_bills,water,utilities_household_bills,T4_dictionary,yes,yes,yes,yes,no
704,v3_volume,plaid,Deliveroo,Visa purchase DELIVEROO 0797,22.45,debit,takeaway,eating_drinking_out,Deliveroo takeaway.,established,DINING_DINING,restaurant_cafe,eating_drinking_out,restaurant_cafe,eating_drinking_out,takeaway,eating_drinking_out,T4_dictionary,no,yes,yes,yes,no
705,v3_volume,plaid,Uber,UBER *TRIP HELP.UB,12.53,debit,taxi_rideshare,transport_motoring,Uber trip.,yes,TRAVEL_AND_TRANSPORTATION_TAXIS_AND_RIDE_SHARES,taxi_rideshare,transport_motoring,taxi_rideshare,transport_motoring,taxi_rideshare,transport_motoring,T4_dictionary,yes,yes,yes,yes,no
706,v3_volume,plaid,Clearpay,CARD PAYMENT TO CLEARPAY ON 04-08-2025,25,debit,bnpl,credit_loan_repayments,Clearpay; no underlying shop.,established,LOAN_PAYMENTS_BNPL_AND_EWA,bnpl,credit_loan_repayments,bnpl,credit_loan_repayments,bnpl,credit_loan_repayments,T4_dictionary,yes,yes,yes,yes,no
707,v3_volume,plaid,Bet365,BET365,20,debit,gambling_betting,gambling,Bet365 bookmaker.,established,ENTERTAINMENT_CASINOS_AND_GAMBLING,gambling_unspecified,gambling,gambling_unspecified,gambling,gambling_betting,gambling,T4_dictionary,no,yes,yes,yes,no
708,v3_volume,plaid,Bet365,BET365,40,debit,gambling_betting,gambling,Bet365 bookmaker.,established,ENTERTAINMENT_CASINOS_AND_GAMBLING,gambling_unspecified,gambling,gambling_unspecified,gambling,gambling_betting,gambling,T4_dictionary,no,yes,yes,yes,no
709,v3_volume,plaid,CO-OP,CO-OP GROUP 010670  ON 02 SEP CPM The Co-Operative,8.65,debit,groceries,groceries_household_essentials,Co-op grocery spend.,established,FOOD_RETAIL_GROCERIES,groceries,groceries_household_essentials,groceries,groceries_household_essentials,groceries,groceries_household_essentials,T4_dictionary,yes,yes,yes,yes,no
710,v3_volume,plaid,Home Bargains,HOME BARGAINS,18.26,debit,discount_store,groceries_household_essentials,Home Bargains discounter.,established,GENERAL_MERCHANDISE_OTHER_GENERAL_MERCHANDISE,retail_other,general_retail_marketplaces,retail_other,general_retail_marketplaces,discount_store,groceries_household_essentials,T4_dictionary,no,yes,no,yes,no
711,v3_volume,plaid,New Look,NEW LOOK MCOMM  ON 13 AUG CPM New Look,13.99,debit,clothing_general,clothing_personal_care,New Look clothing.,established,GENERAL_MERCHANDISE_APPAREL_AND_ACCESSORIES,clothing_general,clothing_personal_care,clothing_general,clothing_personal_care,clothing_general,clothing_personal_care,T4_dictionary,yes,yes,yes,yes,no
712,v3_volume,plaid,Tesco,LNK TESCO TALBOT G,120,debit,cash_withdrawal,cash,Override prefill groceries. LNK Tesco Talbot Green is LINK ATM cash.,established,TRANSFER_OUT_CHECKS_AND_ATM,cash_withdrawal,cash,cash_withdrawal,cash,groceries,groceries_household_essentials,T4_dictionary,yes,no,yes,no,no
713,v3_volume,plaid,William Hill,WILLIAMHILL*INTERN,20,debit,gambling_betting,gambling,William Hill internet betting.,established,ENTERTAINMENT_CASINOS_AND_GAMBLING,gambling_unspecified,gambling,gambling_unspecified,gambling,gambling_betting,gambling,T4_dictionary,no,yes,yes,yes,no
714,v3_volume,plaid,Miss Alice Edwards Jane,MISS ALICE EDWARDS  JANE FT,10,debit,transfer_p2p,transfers,Faster payment to named person Miss Alice Edwards Jane.,no,TRANSFER_OUT_OTHER,unclassified_transfer,unclassified,unclassified_transfer,unclassified,transfer_p2p,transfers,T5_R01,no,yes,no,yes,no
715,v3_volume,plaid,Off Licence Gs Wi,PPOINT_*OFF LICENC,2.65,debit,alcohol_beer_spirits,groceries_household_essentials,PayPoint off-licence purchase.,yes,TRAVEL_AND_TRANSPORTATION_OTHER_TRAVEL_AND_TRANSPORTATION,transport_other,transport_motoring,transport_other,transport_motoring,transport_other,transport_motoring,T6_native_fallback,no,no,no,no,no
716,v3_volume,plaid,Tesco,5853 09SEP25 C    TESCO STORES 6017 MANCHESTER GB,79.61,debit,groceries,groceries_household_essentials,Tesco supermarket.,established,FOOD_RETAIL_GROCERIES,groceries,groceries_household_essentials,groceries,groceries_household_essentials,groceries,groceries_household_essentials,T4_dictionary,yes,yes,yes,yes,no
717,v3_volume,plaid,Hiren Kantilal,HIREN KANTILAL 400000001650113261,5,debit,transfer_p2p,transfers,Debit to named person Hiren Kantilal.,no,TRANSFER_OUT_OTHER,unclassified_transfer,unclassified,unclassified_transfer,unclassified,unclassified_transfer,unclassified,T6_native_fallback,no,no,no,no,no
718,v3_volume,plaid,Revolut,CHARLES DIGNEY SENT FROM REVOLUT REV604396849151053,-88,credit,transfer_p2p,transfers,Revolut credit from named person Charles Digney.,no,TRANSFER_IN_TRANSFER_IN_FROM_APPS,transfer_p2p,transfers,transfer_p2p,transfers,transfer_own_account,transfers,T4_dictionary,yes,no,yes,yes,no
719,v3_volume,plaid,Shell,SHELL MILTON,50.61,debit,fuel,transport_motoring,Shell Milton forecourt.,established,TRAVEL_AND_TRANSPORTATION_OTHER_TRAVEL_AND_TRANSPORTATION,transport_other,transport_motoring,transport_other,transport_motoring,fuel,transport_motoring,T4_dictionary,no,yes,yes,yes,no
720,v3_volume,plaid,Uber Eats,CARD PAYMENT TO UBER *EATS ON 05-07-2025,9.88,debit,takeaway,eating_drinking_out,Uber Eats.,established,DINING_DINING,restaurant_cafe,eating_drinking_out,restaurant_cafe,eating_drinking_out,takeaway,eating_drinking_out,T4_dictionary,no,yes,yes,yes,no
721,v3_volume,plaid,Clearpay,PENDING CLEARPAY,12.38,debit,bnpl,credit_loan_repayments,Clearpay pending; no shop named.,established,LOAN_PAYMENTS_BNPL_AND_EWA,bnpl,credit_loan_repayments,bnpl,credit_loan_repayments,bnpl,credit_loan_repayments,T4_dictionary,yes,yes,yes,yes,no
722,v3_volume,plaid,Google,PAYPAL *GOOGLE GOO35314369001,1.59,debit,web_services,digital_subscriptions_services,PayPal*Google small consumer bill; product not distinguishable (Play vs cloud) so keep Google services/web.,established,GENERAL_MERCHANDISE_OTHER_GENERAL_MERCHANDISE,retail_other,general_retail_marketplaces,retail_other,general_retail_marketplaces,software,digital_subscriptions_services,T4_dictionary,no,no,no,yes,no
723,v3_volume,plaid,Morrisons,MORRISONS DAILY,19.04,debit,groceries,groceries_household_essentials,Morrisons Daily food shop.,yes,FOOD_RETAIL_GROCERIES,groceries,groceries_household_essentials,groceries,groceries_household_essentials,groceries,groceries_household_essentials,T4_dictionary,yes,yes,yes,yes,no
724,v3_volume,plaid,Lodos Food Centre,Lodos Food Centre,6.99,debit,groceries_specialist,groceries_household_essentials,"Lodos Food Centre is a halal/world-food specialist grocer, not a general supermarket.",no,FOOD_RETAIL_GROCERIES,groceries,groceries_household_essentials,groceries,groceries_household_essentials,groceries,groceries_household_essentials,T4_dictionary,no,no,yes,yes,no
725,v3_volume,plaid,Amazon,CARD PAYMENT TO AMAZON UK* ZT7AF6RZ4 ON 08-09-2025,35.8,debit,marketplace_amazon,general_retail_marketplaces,Amazon UK purchase.,established,GENERAL_MERCHANDISE_ONLINE_MARKETPLACES,marketplace_general,general_retail_marketplaces,marketplace_general,general_retail_marketplaces,marketplace_amazon,general_retail_marketplaces,T4_dictionary,no,yes,yes,yes,no
726,v3_volume,plaid,Lidl,LIDL BELFAST- SHOR,23.76,debit,groceries,groceries_household_essentials,Lidl Belfast grocery spend.,established,FOOD_RETAIL_GROCERIES,groceries,groceries_household_essentials,groceries,groceries_household_essentials,groceries,groceries_household_essentials,T4_dictionary,yes,yes,yes,yes,no
727,v3_volume,plaid,Budgens,Contactless Payment BUDGENS WATTON AT STONE,18.14,debit,groceries,groceries_household_essentials,Override prefill convenience_store. Budgens Watton-at-Stone is a symbol food shop.,established,FOOD_RETAIL_GROCERIES,groceries,groceries_household_essentials,groceries,groceries_household_essentials,groceries,groceries_household_essentials,T4_dictionary,yes,yes,yes,yes,no
728,v3_volume,plaid,Poundland,Poundland,2,debit,discount_store,groceries_household_essentials,Poundland discounter.,established,GENERAL_MERCHANDISE_OTHER_GENERAL_MERCHANDISE,retail_other,general_retail_marketplaces,retail_other,general_retail_marketplaces,discount_store,groceries_household_essentials,T4_dictionary,no,yes,no,yes,no
729,v3_volume,plaid,Scotlands Charity,SCOTLANDS CHARITY,4.34,debit,charitable_donation,charitable_political_giving,Scotland's Charity (Air Ambulance) payment; £4.34 is not a round lottery stake so donation not gambling_lottery.,yes,GOVERNMENTS_AND_NON_PROFIT_DONATIONS,charitable_donation,charitable_political_giving,charitable_donation,charitable_political_giving,charitable_donation,charitable_political_giving,T6_native_fallback,yes,yes,yes,yes,no
730,v3_volume,plaid,Amazon Prime Video,Prime  Video*RC1C2,0.99,debit,streaming,digital_subscriptions_services,Prime Video streaming.,established,ENTERTAINMENT_MUSIC_VIDEO_GAMES_TV_AND_MOVIES,entertainment_other,entertainment_leisure,entertainment_other,entertainment_leisure,streaming,digital_subscriptions_services,T4_dictionary,no,yes,no,yes,no
731,v3_volume,plaid,COOP,CENTRAL ENG COOP RLE12 8DU,17.98,debit,groceries,groceries_household_essentials,Central England Co-op grocery spend.,established,FOOD_RETAIL_GROCERIES,groceries,groceries_household_essentials,groceries,groceries_household_essentials,groceries,groceries_household_essentials,T6_native_fallback,yes,yes,yes,yes,no
732,v3_volume,plaid,Motor Fuel Group,0285 26JUL25 C    MFG WATERLINKS    BIRMINGHAM GB,62.08,debit,fuel,transport_motoring,Motor Fuel Group (MFG Waterlinks) forecourt.,established,TRAVEL_AND_TRANSPORTATION_OTHER_TRAVEL_AND_TRANSPORTATION,transport_other,transport_motoring,transport_other,transport_motoring,fuel,transport_motoring,T4_dictionary,no,yes,yes,yes,no
733,v3_volume,plaid,Vodafone,1003809596 Vodafone,10.5,debit,mobile_phone_contract,utilities_household_bills,"Override prefill savings_transfer. Vodafone is a mobile contract, not a savings product.",established,RENT_AND_UTILITIES_TELECOMMUNICATIONS,mobile_phone_contract,utilities_household_bills,mobile_phone_contract,utilities_household_bills,mobile_phone_contract,utilities_household_bills,T4_dictionary,yes,yes,yes,yes,no
734,v3_volume,plaid,Barclaycard,MRS CHRISTINA DYSO  XXXXXXXXXXXX3003 BBP Barclaycard,6.04,debit,credit_card_repayment,credit_loan_repayments,Barclaycard repayment (Christina Dyson is the cardholder name on the mandate).,established,LOAN_PAYMENTS_CREDIT_CARD_PAYMENT,credit_card_repayment,credit_loan_repayments,credit_card_repayment,credit_loan_repayments,credit_card_repayment,credit_loan_repayments,T4_dictionary,yes,yes,yes,yes,no
735,v3_volume,plaid,Midnite,MIDNITE.COM Midnite,10,debit,gambling_betting,gambling,Midnite.com is a UKGC sportsbook (casino is secondary); label the betting product.,no,ENTERTAINMENT_CASINOS_AND_GAMBLING,gambling_unspecified,gambling,gambling_unspecified,gambling,gambling_unspecified,gambling,T6_native_fallback,no,no,yes,yes,no
736,v3_volume,plaid,Raka Lane News,RAKA LANE NEWS,17.73,debit,convenience_store,groceries_household_essentials,Raka Lane News newsagent.,yes,GENERAL_MERCHANDISE_CONVENIENCE_STORES,convenience_store,groceries_household_essentials,convenience_store,groceries_household_essentials,convenience_store,groceries_household_essentials,T4_dictionary,yes,yes,yes,yes,no
737,v3_volume,plaid,Klarna,KLARNA*MUSTHAVEIDE,11.32,debit,retail_tv_online_shopping,general_retail_marketplaces,"Override prefill bnpl. Klarna*MUSTHAVEIDE is Must Have Ideas, a TV/online gadget-home retailer.",yes,LOAN_PAYMENTS_BNPL_AND_EWA,bnpl,credit_loan_repayments,bnpl,credit_loan_repayments,bnpl,credit_loan_repayments,T4_dictionary,no,no,no,no,no
738,v3_volume,plaid,Lisa V,Payment to LISA VANDOME 040709 01076643,30,debit,transfer_p2p,transfers,Payment to named person Lisa Vandomé.,no,TRANSFER_OUT_OTHER,unclassified_transfer,unclassified,unclassified_transfer,unclassified,unclassified_transfer,unclassified,T6_native_fallback,no,no,no,no,no
739,v3_volume,plaid,Amazonslots,Visa purchase AMAZONSLOTS.COM,10,debit,gambling_casino,gambling,"amazonslots.com is Jumpman Gaming online casino, not Amazon retail.",established,GENERAL_MERCHANDISE_ONLINE_MARKETPLACES,marketplace_general,general_retail_marketplaces,marketplace_general,general_retail_marketplaces,marketplace_general,general_retail_marketplaces,T6_native_fallback,no,no,no,no,no
740,v3_volume,plaid,Mohammed Tareeq,MOHAMMED TAREEQ   RENT MUNAZZA KHAN VIA MOBILE - PYMT FP 21/08/25 10    05094013161462000N,925,debit,rent,housing,Mobile payment to Mohammed Tareeq with explicit RENT memo for Munazza Khan.,yes,RENT_AND_UTILITIES_RENT,rent,housing,rent,housing,rent,housing,T4_dictionary,yes,yes,yes,yes,no
741,v3_volume,plaid,Greggs,GREGGS PLC Greggs,3.35,debit,restaurant_cafe,eating_drinking_out,Greggs bakery cafe.,established,DINING_DINING,restaurant_cafe,eating_drinking_out,restaurant_cafe,eating_drinking_out,restaurant_cafe,eating_drinking_out,T4_dictionary,yes,yes,yes,yes,no
742,v3_volume,plaid,Klarna,Klarna,5.66,debit,bnpl,credit_loan_repayments,Klarna instalment; no underlying shop.,yes,LOAN_PAYMENTS_BNPL_AND_EWA,bnpl,credit_loan_repayments,bnpl,credit_loan_repayments,bnpl,credit_loan_repayments,T4_dictionary,yes,yes,yes,yes,no
743,v3_volume,plaid,JD Wetherspoon,Contactless Payment WETHERSPOONS APPLEPAY 9469,6.49,debit,pub_bar,eating_drinking_out,JD Wetherspoon pub.,yes,DINING_DINING,restaurant_cafe,eating_drinking_out,restaurant_cafe,eating_drinking_out,restaurant_cafe,eating_drinking_out,T6_native_fallback,no,no,yes,yes,no
744,v3_volume,plaid,Klarna,KLARNA*KLARNA,49.19,debit,bnpl,credit_loan_repayments,Klarna*Klarna self-billed instalment; no shop.,yes,LOAN_PAYMENTS_BNPL_AND_EWA,bnpl,credit_loan_repayments,bnpl,credit_loan_repayments,bnpl,credit_loan_repayments,T4_dictionary,yes,yes,yes,yes,no
745,v3_volume,plaid,ChargePoint,Chargepoint Nl Gbp,10,debit,fuel,transport_motoring,ChargePoint EV charging treated as fuel analogue.,yes,TRAVEL_AND_TRANSPORTATION_OTHER_TRAVEL_AND_TRANSPORTATION,transport_other,transport_motoring,transport_other,transport_motoring,transport_other,transport_motoring,T6_native_fallback,no,no,yes,yes,no
746,v3_volume,plaid,McDonald's,3692 21SEP25  D   MCDONALDS 8260932 BLAYDON UPON GB,14.76,debit,takeaway,eating_drinking_out,McDonald's takeaway.,yes,DINING_DINING,restaurant_cafe,eating_drinking_out,restaurant_cafe,eating_drinking_out,takeaway,eating_drinking_out,T4_dictionary,no,yes,yes,yes,no
747,v3_volume,plaid,Win Bet Online LTD,WIN BET ONLINE LTD BULGARIA AMOUNT IN BGN 50.00 ON 22 JUL VISA 2.234692 FINAL GBP AMOUNT INCLUDES NON-STERLING TRANS FEE £0.67 ,23.04,debit,gambling_betting,gambling,Win Bet Online Ltd (Bulgaria) bookmaker; FX fee is incidental.,yes,ENTERTAINMENT_CASINOS_AND_GAMBLING,gambling_unspecified,gambling,gambling_unspecified,gambling,gambling_betting,gambling,T5_R07,no,yes,yes,yes,no
748,v3_volume,plaid,B & Q,B & Q 1346,4.5,debit,home_improvement,home_garden,B&Q DIY/home improvement.,established,GENERAL_MERCHANDISE_FURNITURE_AND_HARDWARE,home_accessories,home_garden,home_accessories,home_garden,home_accessories,home_garden,T6_native_fallback,no,no,yes,yes,no
749,v3_volume,plaid,Transport for London,Transport for London,17.7,debit,public_transport_rail_coach,transport_motoring,Transport for London travel.,yes,TRAVEL_AND_TRANSPORTATION_PUBLIC_TRANSIT,public_transport_rail_coach,transport_motoring,public_transport_rail_coach,transport_motoring,public_transport_rail_coach,transport_motoring,T4_dictionary,yes,yes,yes,yes,no
750,v3_volume,plaid,McDonald's,McDonalds 8261501  ON 24 JUN CPM MCDONALDS 8261501,14.25,debit,takeaway,eating_drinking_out,McDonald's takeaway.,yes,DINING_DINING,restaurant_cafe,eating_drinking_out,restaurant_cafe,eating_drinking_out,takeaway,eating_drinking_out,T4_dictionary,no,yes,yes,yes,no
751,v3_volume,plaid,Tesco,TESCO STORES 2693,4.49,debit,groceries,groceries_household_essentials,Tesco supermarket debit.,established,FOOD_RETAIL_GROCERIES,groceries,groceries_household_essentials,groceries,groceries_household_essentials,groceries,groceries_household_essentials,T4_dictionary,yes,yes,yes,yes,no
752,v3_volume,plaid,Zilch,ZILCH INSTALMENT,33.04,debit,bnpl,credit_loan_repayments,Zilch instalment with no underlying merchant in the narrative.,yes,LOAN_PAYMENTS_BNPL_AND_EWA,bnpl,credit_loan_repayments,bnpl,credit_loan_repayments,bnpl,credit_loan_repayments,T4_dictionary,yes,yes,yes,yes,no
753,v3_volume,plaid,CO-OP,Contactless Payment CO-OPERATIVE FOOD,7.33,debit,groceries,groceries_household_essentials,Co-op Food contactless grocery debit.,established,FOOD_RETAIL_GROCERIES,groceries,groceries_household_essentials,groceries,groceries_household_essentials,groceries,groceries_household_essentials,T4_dictionary,yes,yes,yes,yes,no
754,v3_volume,plaid,Tesco,LNK TESCO GRMBY RD,150,debit,cash_withdrawal,cash,"Override groceries: LNK + ATM native and round £150 is a LINK cash withdrawal at Tesco Grimsby Road, not store spend.",established,TRANSFER_OUT_CHECKS_AND_ATM,cash_withdrawal,cash,cash_withdrawal,cash,groceries,groceries_household_essentials,T4_dictionary,yes,no,yes,no,no
755,v3_volume,plaid,Medexpress,MedExpress,203.94,debit,pharmacy,health_medical,MedExpress is a UK online pharmacy (weight-loss/Rx).,established,MEDICAL_OTHER_MEDICAL,health_other,health_medical,health_other,health_medical,health_other,health_medical,T6_native_fallback,no,no,yes,yes,no
756,v3_volume,plaid,Sambuca Morpeth LTD,SAMBUCA MORPETH LT,35.4,debit,restaurant_cafe,eating_drinking_out,"Sambuca Morpeth is a licensed Italian restaurant (SIC 56101), not a pub.",no,DINING_DINING,restaurant_cafe,eating_drinking_out,restaurant_cafe,eating_drinking_out,restaurant_cafe,eating_drinking_out,T6_native_fallback,yes,yes,yes,yes,no
757,v3_volume,plaid,Be.ev,Be.EV,1,debit,fuel,transport_motoring,Be.EV is a UK public EV charging network; £1 is a charge/session.,yes,GENERAL_MERCHANDISE_OTHER_GENERAL_MERCHANDISE,retail_other,general_retail_marketplaces,retail_other,general_retail_marketplaces,retail_other,general_retail_marketplaces,T6_native_fallback,no,no,no,no,no
758,v3_volume,plaid,Zable Card Zable,Zable Card Zable,47.55,debit,credit_card_repayment,credit_loan_repayments,Zable Card is a UK credit-building credit card; debit is card repayment.,no,LOAN_PAYMENTS_CREDIT_CARD_PAYMENT,credit_card_repayment,credit_loan_repayments,credit_card_repayment,credit_loan_repayments,credit_card_repayment,credit_loan_repayments,T6_native_fallback,yes,yes,yes,yes,no
759,v3_volume,plaid,Current,208526 33066436  OPTIONAL FT Barclays current account,15,debit,transfer_bank_unspecified,transfers,Optional faster payment to a Barclays current account without own-account evidence (not 'to myself'/same name).,yes,TRANSFER_OUT_OTHER,unclassified_transfer,unclassified,unclassified_transfer,unclassified,unclassified_other,unclassified,T4_dictionary,no,no,no,no,no
760,v3_volume,plaid,Amazon,Amazon,48.7,debit,marketplace_amazon,general_retail_marketplaces,Amazon debit.,established,GENERAL_MERCHANDISE_ONLINE_MARKETPLACES,marketplace_general,general_retail_marketplaces,marketplace_general,general_retail_marketplaces,marketplace_amazon,general_retail_marketplaces,T4_dictionary,no,yes,yes,yes,no
761,v3_volume,plaid,Lidl,LIDL GB LIVERPOOL,50.57,debit,groceries,groceries_household_essentials,Lidl supermarket debit.,established,FOOD_RETAIL_GROCERIES,groceries,groceries_household_essentials,groceries,groceries_household_essentials,groceries,groceries_household_essentials,T4_dictionary,yes,yes,yes,yes,no
762,v3_volume,plaid,Sainsbury's,SAINSBURYS S/MKTS  ON 10 JUL BCC Sainsbury's - Fuel,10,debit,fuel,transport_motoring,Override groceries: narrative explicitly says Sainsbury's - Fuel.,established,FOOD_RETAIL_GROCERIES,groceries,groceries_household_essentials,groceries,groceries_household_essentials,groceries,groceries_household_essentials,T4_dictionary,no,no,no,no,no
763,v3_volume,plaid,Raylo,RAYLO BBJ92E9,28.99,debit,retail_finance_repayment,credit_loan_repayments,Raylo device-finance repayment.,yes,GENERAL_MERCHANDISE_ONLINE_MARKETPLACES,marketplace_general,general_retail_marketplaces,marketplace_general,general_retail_marketplaces,retail_finance_repayment,credit_loan_repayments,T4_dictionary,no,yes,no,yes,no
764,v3_volume,plaid,Tesco,TESCO CAFE LLANELLDYFED,3.4,debit,restaurant_cafe,eating_drinking_out,"Override groceries: Tesco Cafe Llanelli is in-store cafe spend, not supermarket groceries.",established,FOOD_RETAIL_GROCERIES,groceries,groceries_household_essentials,groceries,groceries_household_essentials,groceries,groceries_household_essentials,T4_dictionary,no,no,no,no,no
765,v3_volume,plaid,Wickes,Wickes,42.07,debit,home_improvement,home_garden,Wickes DIY/home-improvement debit.,yes,GENERAL_MERCHANDISE_FURNITURE_AND_HARDWARE,home_accessories,home_garden,home_accessories,home_garden,home_improvement,home_garden,T4_dictionary,no,yes,yes,yes,no
766,v3_volume,plaid,Creditspring,CREDITSPRING,28,debit,personal_loan_repayment,credit_loan_repayments,"Creditspring £28 is the typical membership/loan collection; gold merchant leaf is personal_loan_repayment (subscription lender, not payday).",established,LOAN_PAYMENTS_PERSONAL_LOAN_PAYMENT,personal_loan_repayment,credit_loan_repayments,personal_loan_repayment,credit_loan_repayments,payday_loan,high_cost_distress_credit,T4_dictionary,yes,no,yes,no,no
767,v3_volume,plaid,Primark,Primark,62.2,debit,clothing_general,clothing_personal_care,Primark clothing debit.,established,GENERAL_MERCHANDISE_APPAREL_AND_ACCESSORIES,clothing_general,clothing_personal_care,clothing_general,clothing_personal_care,clothing_general,clothing_personal_care,T4_dictionary,yes,yes,yes,yes,no
768,v3_volume,plaid,Sports Direct,SPORTSDIRECT 217,8,debit,sportswear,clothing_personal_care,Sports Direct debit.,established,GENERAL_MERCHANDISE_SPORTING_GOODS,sportswear,clothing_personal_care,sportswear,clothing_personal_care,sportswear,clothing_personal_care,T4_dictionary,yes,yes,yes,yes,no
769,v3_volume,plaid,O2,O2 ONLINE NEW ORDEREADING,1,debit,mobile_phone_contract,utilities_household_bills,O2 online order/top-up.,yes,RENT_AND_UTILITIES_TELECOMMUNICATIONS,mobile_phone_contract,utilities_household_bills,mobile_phone_contract,utilities_household_bills,mobile_phone_contract,utilities_household_bills,T4_dictionary,yes,yes,yes,yes,no
770,v3_volume,plaid,Nh Linate,NH LINATE ITALY AMOUNT IN EUR 2.50 ON 09 OCT VISA 1.150861 FINAL GBP AMOUNT INCLUDES NON-STERLING TRANS FEE £0.06 ,2.23,debit,accommodation,travel_holidays,NH Linate is an NH Hotel at Milan Linate; foreign amount is hotel spend (not generic foreign_spend).,yes,TRANSFER_OUT_OTHER,unclassified_transfer,unclassified,unclassified_transfer,unclassified,unclassified_transfer,unclassified,T6_native_fallback,no,no,no,no,no
771,v3_volume,plaid,Asda Petrol,Asda Petrol,3.72,debit,fuel,transport_motoring,Asda Petrol forecourt debit.,established,TRAVEL_AND_TRANSPORTATION_OTHER_TRAVEL_AND_TRANSPORTATION,transport_other,transport_motoring,transport_other,transport_motoring,fuel,transport_motoring,T5_R05,no,yes,yes,yes,no
772,v3_volume,plaid,Harper Vending LTD,Harper Vending Ltd,1.65,debit,confectionary,groceries_household_essentials,Harper Vending is a vending-machine operator; £1.65 snack/drink.,yes,FOOD_RETAIL_OTHER,groceries,groceries_household_essentials,groceries,groceries_household_essentials,groceries,groceries_household_essentials,T6_native_fallback,no,no,yes,yes,no
773,v3_volume,plaid,TV LICENSING,TV LICENCE MBP                        REFERENCE: 1553412763,9.75,debit,tv_licence,utilities_household_bills,TV Licensing instalment.,established,ENTERTAINMENT_OTHER_ENTERTAINMENT,entertainment_other,entertainment_leisure,entertainment_other,entertainment_leisure,tv_licence,utilities_household_bills,T4_dictionary,no,yes,no,yes,no
774,v3_volume,plaid,Sarah,SARAH MCAVOY 100000001601082252,6,debit,transfer_p2p,transfers,Debit to named person Sarah McAvoy.,no,TRANSFER_OUT_OTHER,unclassified_transfer,unclassified,unclassified_transfer,unclassified,transfer_p2p,transfers,T4_dictionary,no,yes,no,yes,no
775,v3_volume,plaid,LTD,EE LTD,40.99,debit,mobile_phone_contract,utilities_household_bills,EE Ltd mobile bill.,yes,RENT_AND_UTILITIES_TELECOMMUNICATIONS,mobile_phone_contract,utilities_household_bills,mobile_phone_contract,utilities_household_bills,mobile_phone_contract,utilities_household_bills,T6_native_fallback,yes,yes,yes,yes,no
776,v3_volume,plaid,Market Vaggelis,MARKET VAGGELIS,9.61,debit,groceries_specialist,groceries_household_essentials,Market Vaggelis reads as a specialist/world-food grocer; models agreed.,yes,FOOD_RETAIL_GROCERIES,groceries,groceries_household_essentials,groceries,groceries_household_essentials,groceries,groceries_household_essentials,T6_native_fallback,no,no,yes,yes,no
777,v3_volume,plaid,SkyBet,Visa purchase SKY BET 9967,18,debit,gambling_betting,gambling,Sky Bet sportsbook debit.,yes,ENTERTAINMENT_CASINOS_AND_GAMBLING,gambling_unspecified,gambling,gambling_unspecified,gambling,gambling_betting,gambling,T4_dictionary,no,yes,yes,yes,no
778,v3_volume,plaid,Osamu Edomwande,OSAMU EDOMWANDE  UH FT,12,debit,transfer_p2p,transfers,Debit to named person Osamu Edomwande.,no,TRANSFER_OUT_OTHER,unclassified_transfer,unclassified,unclassified_transfer,unclassified,unclassified_transfer,unclassified,T6_native_fallback,no,no,no,no,no
779,v3_volume,plaid,Halifax Barclays,HALIFAX  BARCLAYS FT,20,debit,financial_institution_unspecified,unclassified,Override credit_card_repayment: HALIFAX BARCLAYS FT is a bank-to-bank faster payment with no product (card/mortgage/savings) in the narrative.,established,TRANSFER_OUT_OTHER,unclassified_transfer,unclassified,unclassified_transfer,unclassified,unclassified_transfer,unclassified,T6_native_fallback,no,no,yes,yes,no
780,v3_volume,plaid,Lidl,Lidl,25.09,debit,groceries,groceries_household_essentials,Lidl supermarket debit.,established,FOOD_RETAIL_GROCERIES,groceries,groceries_household_essentials,groceries,groceries_household_essentials,groceries,groceries_household_essentials,T4_dictionary,yes,yes,yes,yes,no
781,v3_volume,plaid,Steven Roberts,STEVEN ROBERTS 500000001611621541,20,debit,transfer_p2p,transfers,Debit to named person Steven Roberts.,no,TRANSFER_OUT_OTHER,unclassified_transfer,unclassified,unclassified_transfer,unclassified,unclassified_transfer,unclassified,T6_native_fallback,no,no,no,no,no
782,v3_volume,plaid,Marks And Spencer,MARKS AND SPENCER  ON 29 JUL CPM,1.25,debit,department_store,general_retail_marketplaces,Marks & Spencer debit; taxonomy treats M&S as department_store even at small ticket.,yes,FOOD_RETAIL_GROCERIES,groceries,groceries_household_essentials,groceries,groceries_household_essentials,department_store,general_retail_marketplaces,T4_dictionary,no,yes,no,yes,no
783,v3_volume,plaid,Transport for London,TFL TRAVEL CH,7,debit,public_transport_rail_coach,transport_motoring,TfL travel charge.,yes,TRAVEL_AND_TRANSPORTATION_PUBLIC_TRANSIT,public_transport_rail_coach,transport_motoring,public_transport_rail_coach,transport_motoring,public_transport_rail_coach,transport_motoring,T4_dictionary,yes,yes,yes,yes,no
784,v3_volume,plaid,Jessica Ruby,Jessica           Ruby,50,debit,transfer_p2p,transfers,Debit to named person Jessica Ruby.,no,TRANSFER_OUT_OTHER,unclassified_transfer,unclassified,unclassified_transfer,unclassified,unclassified_transfer,unclassified,T6_native_fallback,no,no,no,no,no
785,v3_volume,plaid,Sainsbury's,0162 09OCT25 C    SAINSBURYS S/MKTS BAMBER BRIDGE GB,2.71,debit,groceries,groceries_household_essentials,Sainsbury's supermarket debit.,established,FOOD_RETAIL_GROCERIES,groceries,groceries_household_essentials,groceries,groceries_household_essentials,groceries,groceries_household_essentials,T4_dictionary,yes,yes,yes,yes,no
786,v3_volume,plaid,Best One,BEST ONE,4.63,debit,convenience_store,groceries_household_essentials,Best-One is a convenience fascia (not in the Spar/Nisa/Londis/Premier groceries list).,established,LOAN_PAYMENTS_PERSONAL_LOAN_PAYMENT,personal_loan_repayment,credit_loan_repayments,personal_loan_repayment,credit_loan_repayments,personal_loan_repayment,credit_loan_repayments,T6_native_fallback,no,no,no,no,no
787,v3_volume,plaid,Amazon,4476 02JUN25      AMAZON* SH3W07YL5 LONDON GB,50.66,debit,marketplace_amazon,general_retail_marketplaces,Amazon debit.,established,GENERAL_MERCHANDISE_ONLINE_MARKETPLACES,marketplace_general,general_retail_marketplaces,marketplace_general,general_retail_marketplaces,marketplace_amazon,general_retail_marketplaces,T4_dictionary,no,yes,yes,yes,no
788,v3_volume,plaid,Tesco,CARD PAYMENT TO TESCO STORES 2179 ON 08-09-2025,126.95,debit,groceries,groceries_household_essentials,Tesco Stores debit.,established,FOOD_RETAIL_GROCERIES,groceries,groceries_household_essentials,groceries,groceries_household_essentials,groceries,groceries_household_essentials,T4_dictionary,yes,yes,yes,yes,no
789,v3_volume,plaid,HM Revenue and Customs,HMRC CHILD BENEFIT,-104.2,credit,benefits_state,income_benefits_state_support,HMRC Child Benefit credit; not tax_refund and not council_tax.,yes,TAX_REFUND_TAX_REFUND,tax_refund,income_other,tax_refund,income_other,tax_payment,council_tax_government,T4_dictionary,no,no,no,no,no
790,v3_volume,plaid,The Club Tropicana,The Club Tropicana,1.39,debit,unclassified_other,unclassified,"Club Tropicana is a name collision (cocktail bar, 80s-night brand, song); £1.39 does not uniquely identify the payee.",yes,ENTERTAINMENT_EVENTS_AND_TICKETS,live_music,entertainment_leisure,live_music,entertainment_leisure,live_music,entertainment_leisure,T6_native_fallback,no,no,no,no,no
791,v3_volume,plaid,First West Yorkshire,FIRST WEST YORKSHI,3.2,debit,public_transport_rail_coach,transport_motoring,First West Yorkshire bus operator.,yes,ENTERTAINMENT_MUSIC_VIDEO_GAMES_TV_AND_MOVIES,entertainment_other,entertainment_leisure,entertainment_other,entertainment_leisure,entertainment_other,entertainment_leisure,T6_native_fallback,no,no,no,no,no
792,v3_volume,plaid,Tesco,Visa purchase TESCO STORES 2920,91.8,debit,groceries,groceries_household_essentials,Tesco supermarket debit.,established,FOOD_RETAIL_GROCERIES,groceries,groceries_household_essentials,groceries,groceries_household_essentials,groceries,groceries_household_essentials,T4_dictionary,yes,yes,yes,yes,no
793,v3_volume,plaid,Castle Vending,Castle Vending       )))),1,debit,confectionary,groceries_household_essentials,Castle Vending vending-machine spend.,established,FOOD_RETAIL_OTHER,groceries,groceries_household_essentials,groceries,groceries_household_essentials,groceries,groceries_household_essentials,T6_native_fallback,no,no,yes,yes,no
794,v3_volume,plaid,Morr Leeds,Morr Leeds Yeadon,58.95,debit,groceries,groceries_household_essentials,Morr Leeds Yeadon is Morrisons at Yeadon; native TRAVEL is wrong. £58.95 grocery basket.,yes,TRAVEL_AND_TRANSPORTATION_OTHER_TRAVEL_AND_TRANSPORTATION,transport_other,transport_motoring,transport_other,transport_motoring,transport_other,transport_motoring,T6_native_fallback,no,no,no,no,no
795,v3_volume,plaid,Just Eat,Just Eat,23.21,debit,takeaway,eating_drinking_out,Just Eat delivery aggregator.,yes,DINING_DINING,restaurant_cafe,eating_drinking_out,restaurant_cafe,eating_drinking_out,takeaway,eating_drinking_out,T4_dictionary,no,yes,yes,yes,no
796,v3_volume,plaid,Lowell Financial,LOWELL PORTFOLIO I 00015613056904,12.62,debit,debt_collection,high_cost_distress_credit,Lowell Portfolio debt-collection debit.,established,GENERAL_SERVICES_ACCOUNTING_AND_FINANCIAL_SERVICES,financial_services_other,credit_loan_repayments,financial_services_other,credit_loan_repayments,debt_collection,high_cost_distress_credit,T4_dictionary,no,yes,no,yes,no
797,v3_volume,plaid,Asda,ZILCH ASDA STORES CD 3815,9.68,debit,groceries,groceries_household_essentials,"Zilch+Asda: label the shop (Asda groceries), not BNPL.",no,LOAN_PAYMENTS_BNPL_AND_EWA,bnpl,credit_loan_repayments,bnpl,credit_loan_repayments,groceries,groceries_household_essentials,T4_dictionary,no,yes,no,yes,no
798,v3_volume,plaid,Just Eat,Just Eat,17.97,debit,takeaway,eating_drinking_out,Just Eat delivery aggregator.,yes,DINING_DINING,restaurant_cafe,eating_drinking_out,restaurant_cafe,eating_drinking_out,takeaway,eating_drinking_out,T4_dictionary,no,yes,yes,yes,no
799,v3_volume,plaid,Palace,Palace,6.35,debit,unclassified_other,unclassified,"Palace is a name collision (hotel, pub, football, other); £6.35 lodging native is not enough to pick accommodation.",yes,TRAVEL_AND_TRANSPORTATION_LODGING,accommodation,travel_holidays,accommodation,travel_holidays,accommodation,travel_holidays,T6_native_fallback,no,no,no,no,no
800,v3_volume,plaid,Motor Fuel Group,MFG GREAT BARR  ON 29 SEP CPM Motor Fuel Group,45.65,debit,fuel,transport_motoring,Motor Fuel Group Great Barr forecourt.,established,TRAVEL_AND_TRANSPORTATION_OTHER_TRAVEL_AND_TRANSPORTATION,transport_other,transport_motoring,transport_other,transport_motoring,fuel,transport_motoring,T4_dictionary,no,yes,yes,yes,no
801,v3_volume,plaid,Google Play,Google Play Apps,2.49,debit,software,digital_subscriptions_services,Google Play Apps digital purchase; convention is software not gaming_mobile.,established,ENTERTAINMENT_MUSIC_VIDEO_GAMES_TV_AND_MOVIES,entertainment_other,entertainment_leisure,entertainment_other,entertainment_leisure,software,digital_subscriptions_services,T4_dictionary,no,yes,no,yes,no
802,v3_volume,plaid,Amazon,AMZNMktplace*RF94F2GQ4 CD 4710,10.98,debit,marketplace_amazon,general_retail_marketplaces,Amazon Marketplace debit.,established,GENERAL_MERCHANDISE_ONLINE_MARKETPLACES,marketplace_general,general_retail_marketplaces,marketplace_general,general_retail_marketplaces,marketplace_amazon,general_retail_marketplaces,T4_dictionary,no,yes,yes,yes,no
803,v3_volume,plaid,Current,TRANSFER TO BASIC CURRENT ACCOUNT,2,debit,transfer_own_account,transfers,TRANSFER TO BASIC CURRENT ACCOUNT names the customer's own current-account product.,no,TRANSFER_OUT_OTHER,unclassified_transfer,unclassified,unclassified_transfer,unclassified,unclassified_other,unclassified,T4_dictionary,no,no,no,no,no
804,v3_volume,plaid,Manishaa Jp Tradi,PPOINT_*MANISHAA J,1,debit,unclassified_other,unclassified,PayPoint to truncated MANISHAA J trader; shop type not identifiable.,yes,TRANSFER_OUT_OTHER,unclassified_transfer,unclassified,unclassified_transfer,unclassified,unclassified_transfer,unclassified,T6_native_fallback,no,no,yes,yes,no
805,v3_volume,plaid,Screwfix,SCREWFIX DIRECT CD 2016,32.97,debit,tools,home_garden,Screwfix debit.,established,GENERAL_MERCHANDISE_FURNITURE_AND_HARDWARE,home_accessories,home_garden,home_accessories,home_garden,tools,home_garden,T4_dictionary,no,yes,yes,yes,no
806,v3_volume,plaid,Mid Devon District,MID DEVON DISTRICT,20,debit,council_tax,council_tax_government,"Mid Devon District Council debit £20; typical council-tax instalment, though other council services are possible.",no,DINING_DINING,restaurant_cafe,eating_drinking_out,restaurant_cafe,eating_drinking_out,restaurant_cafe,eating_drinking_out,T6_native_fallback,no,no,no,no,no
807,v3_volume,plaid,Elite,SQ *ELITE 8 BALL L,4,debit,sports_participation,entertainment_leisure,Square Elite 8 Ball is a pool-hall payment.,no,ENTERTAINMENT_EVENTS_AND_TICKETS,live_music,entertainment_leisure,live_music,entertainment_leisure,live_music,entertainment_leisure,T6_native_fallback,no,no,yes,yes,no
808,v3_volume,plaid,Online Tuition & Accom,Visa purchase ONLINE TUITION & ACCOM,249.86,debit,education_general,childcare_education,Online tuition and accommodation billed together; education is the identifiable purpose.,yes,CHILDCARE_AND_EDUCATION_CHILDCARE_AND_EDUCATION,childcare,childcare_education,childcare,childcare_education,childcare,childcare_education,T6_native_fallback,no,no,yes,yes,no
809,v3_volume,plaid,Sadegh Neissi,Sadegh Neissi,15,debit,transfer_p2p,transfers,Debit to named person Sadegh Neissi.,no,TRANSFER_OUT_OTHER,unclassified_transfer,unclassified,unclassified_transfer,unclassified,unclassified_transfer,unclassified,T6_native_fallback,no,no,no,no,no
810,v3_volume,plaid,Lidl,Contactless Payment LIDL BELFAST- CASTLEREAGH,2.09,debit,groceries,groceries_household_essentials,Lidl Belfast grocery debit.,established,FOOD_RETAIL_GROCERIES,groceries,groceries_household_essentials,groceries,groceries_household_essentials,groceries,groceries_household_essentials,T4_dictionary,yes,yes,yes,yes,no
811,v3_volume,plaid,Rapanui Teemill,Rapanui / Teemill,21.41,debit,clothing_general,clothing_personal_care,Rapanui/Teemill is an ethical clothing brand (not the water-bill collision).,yes,DINING_DINING,restaurant_cafe,eating_drinking_out,restaurant_cafe,eating_drinking_out,restaurant_cafe,eating_drinking_out,T6_native_fallback,no,no,no,no,no
812,v3_volume,plaid,The Angel Oak,The Angel Oak,13.4,debit,pub_bar,eating_drinking_out,The Angel Oak is a pub.,yes,DINING_DINING,restaurant_cafe,eating_drinking_out,restaurant_cafe,eating_drinking_out,restaurant_cafe,eating_drinking_out,T6_native_fallback,no,no,yes,yes,no
813,v3_volume,plaid,Lee Lavick,LEE LAVICK 600000001631570925,15,debit,transfer_p2p,transfers,Debit to named person Lee Lavick.,no,TRANSFER_OUT_OTHER,unclassified_transfer,unclassified,unclassified_transfer,unclassified,transfer_p2p,transfers,T4_dictionary,no,yes,no,yes,no
814,v3_volume,plaid,Octopus Energy,OCTOPUS ENERGY LTDLONDON,30,debit,energy,utilities_household_bills,Octopus Energy debit.,yes,RENT_AND_UTILITIES_OTHER_UTILITIES,utility_other,utilities_household_bills,utility_other,utilities_household_bills,energy,utilities_household_bills,T4_dictionary,no,yes,yes,yes,no
815,v3_volume,plaid,Doncaster Rovers Footb,DONCASTER ROVERS F,5.2,debit,restaurant_cafe,eating_drinking_out,"Doncaster Rovers Football; £5.20 is consistent with a ticket/membership add-on rather than a meal. Adversarial: £5.20 with DINING native at a cashless stadium is concourse food, not a ticket.",yes,DINING_DINING,restaurant_cafe,eating_drinking_out,restaurant_cafe,eating_drinking_out,restaurant_cafe,eating_drinking_out,T6_native_fallback,yes,yes,yes,yes,no
816,v3_volume,plaid,Stageco,STAGECOACH,2,debit,public_transport_rail_coach,transport_motoring,Stagecoach bus.,yes,TRAVEL_AND_TRANSPORTATION_OTHER_TRAVEL_AND_TRANSPORTATION,transport_other,transport_motoring,transport_other,transport_motoring,transport_other,transport_motoring,T6_native_fallback,no,no,yes,yes,no
817,v3_volume,plaid,Bocalto Tapas,Bocalto Tapas,17.38,debit,restaurant_cafe,eating_drinking_out,Bocalto Tapas restaurant.,yes,DINING_DINING,restaurant_cafe,eating_drinking_out,restaurant_cafe,eating_drinking_out,restaurant_cafe,eating_drinking_out,T6_native_fallback,yes,yes,yes,yes,no
818,v3_volume,plaid,Bustleholme Football,Bustleholme footba,1.5,debit,sports_participation,entertainment_leisure,Grassroots Bustleholme football club £1.50.,yes,DINING_DINING,restaurant_cafe,eating_drinking_out,restaurant_cafe,eating_drinking_out,restaurant_cafe,eating_drinking_out,T6_native_fallback,no,no,no,no,no
819,v3_volume,plaid,Transport for London,TfL Travel Charge,13.2,debit,public_transport_rail_coach,transport_motoring,TfL travel charge.,yes,TRAVEL_AND_TRANSPORTATION_PUBLIC_TRANSIT,public_transport_rail_coach,transport_motoring,public_transport_rail_coach,transport_motoring,public_transport_rail_coach,transport_motoring,T4_dictionary,yes,yes,yes,yes,no
820,v3_volume,plaid,Amazon,AMZNMktplace*RU9LJ CD 3551,17.99,debit,marketplace_amazon,general_retail_marketplaces,Amazon Marketplace debit.,established,GENERAL_MERCHANDISE_ONLINE_MARKETPLACES,marketplace_general,general_retail_marketplaces,marketplace_general,general_retail_marketplaces,marketplace_amazon,general_retail_marketplaces,T4_dictionary,no,yes,yes,yes,no
821,v3_volume,plaid,Current,TRANSFER TO EVERYDAY CURRENT ACCOUNT,200,debit,transfer_own_account,transfers,TRANSFER TO EVERYDAY CURRENT ACCOUNT is an own-account pot/product.,yes,TRANSFER_OUT_OTHER,unclassified_transfer,unclassified,unclassified_transfer,unclassified,unclassified_other,unclassified,T4_dictionary,no,no,no,no,no
822,v3_volume,plaid,Morrisons,MORRISONS DAILY  ON 30 OCT CPM,15.55,debit,groceries,groceries_household_essentials,"Morrisons Daily is a Morrisons food shop (convenience-format supermarket), so groceries not convenience_store.",yes,FOOD_RETAIL_GROCERIES,groceries,groceries_household_essentials,groceries,groceries_household_essentials,groceries,groceries_household_essentials,T4_dictionary,yes,yes,yes,yes,no
823,v3_volume,plaid,Klarna,KLARNA*KLARNA SHOP,15,debit,bnpl,credit_loan_repayments,Klarna Shop with no other underlying retailer named.,yes,LOAN_PAYMENTS_BNPL_AND_EWA,bnpl,credit_loan_repayments,bnpl,credit_loan_repayments,bnpl,credit_loan_repayments,T4_dictionary,yes,yes,yes,yes,no
824,v3_volume,plaid,Screwfix,SCREWFIX DIRECT CD 9848,146.53,debit,tools,home_garden,Screwfix debit.,established,GENERAL_MERCHANDISE_FURNITURE_AND_HARDWARE,home_accessories,home_garden,home_accessories,home_garden,tools,home_garden,T4_dictionary,no,yes,yes,yes,no
825,v3_volume,plaid,Tina Clark,Payment to TINA CLARK 040003 50901980,3.2,debit,transfer_p2p,transfers,Payment to named person Tina Clark.,established,DINING_WINE_BARS_AND_PUBS,pub_bar,eating_drinking_out,pub_bar,eating_drinking_out,pub_bar,eating_drinking_out,T6_native_fallback,no,no,no,no,no
826,v3_volume,plaid,Next Leicester,NEXT              LEICESTER,20,debit,clothing_general,clothing_personal_care,"NEXT LEICESTER is a Next store location, not Next Directory catalogue credit.",no,GENERAL_MERCHANDISE_FURNITURE_AND_HARDWARE,home_accessories,home_garden,home_accessories,home_garden,home_accessories,home_garden,T6_native_fallback,no,no,no,no,no
827,v3_volume,plaid,Cd The,9436 22OCT25 CD   THE OLD FORT      SEAVIEW GB,9.7,debit,restaurant_cafe,eating_drinking_out,The Old Fort Seaview hospitality debit.,yes,DINING_DINING,restaurant_cafe,eating_drinking_out,restaurant_cafe,eating_drinking_out,restaurant_cafe,eating_drinking_out,T6_native_fallback,yes,yes,yes,yes,no
828,v3_volume,plaid,Apple,"APPLE.COM/BILL - Hollyhill Estate, APPLE.COM/BIL",0.99,debit,software,digital_subscriptions_services,APPLE.COM/BILL App Store/iCloud subscription.,established,GENERAL_MERCHANDISE_COMPUTERS_AND_ELECTRONICS,computing_devices,general_retail_marketplaces,computing_devices,general_retail_marketplaces,software,digital_subscriptions_services,T4_dictionary,no,yes,no,yes,no
829,v3_volume,plaid,SkyBet,SKY BET,5,debit,gambling_betting,gambling,Sky Bet sportsbook debit.,yes,ENTERTAINMENT_CASINOS_AND_GAMBLING,gambling_unspecified,gambling,gambling_unspecified,gambling,gambling_betting,gambling,T4_dictionary,no,yes,yes,yes,no
830,v3_volume,plaid,Greggs,GREGGS PLC,9.35,debit,restaurant_cafe,eating_drinking_out,Greggs; taxonomy maps Greggs to restaurant_cafe not takeaway.,established,DINING_DINING,restaurant_cafe,eating_drinking_out,restaurant_cafe,eating_drinking_out,restaurant_cafe,eating_drinking_out,T4_dictionary,yes,yes,yes,yes,no
831,v3_volume,plaid,Lewis Priest,Lewis Priest - SortCodeAccountNumber: 04000330422645,10,debit,transfer_p2p,transfers,Debit to named person Lewis Priest.,no,TRANSFER_OUT_OTHER,unclassified_transfer,unclassified,unclassified_transfer,unclassified,unclassified_transfer,unclassified,T6_native_fallback,no,no,no,no,no
832,v3_volume,plaid,Amazon,Visa purchase AMAZON* SZ7OC72Q5 8259,97,debit,marketplace_amazon,general_retail_marketplaces,Amazon debit.,established,GENERAL_MERCHANDISE_ONLINE_MARKETPLACES,marketplace_general,general_retail_marketplaces,marketplace_general,general_retail_marketplaces,marketplace_amazon,general_retail_marketplaces,T4_dictionary,no,yes,yes,yes,no
833,v3_volume,plaid,Clearpay,5830 14AUG25      CLEARPAY          MANCHESTER GB,9.69,debit,bnpl,credit_loan_repayments,Clearpay instalment; no underlying shop in the narrative.,established,LOAN_PAYMENTS_BNPL_AND_EWA,bnpl,credit_loan_repayments,bnpl,credit_loan_repayments,bnpl,credit_loan_repayments,T4_dictionary,yes,yes,yes,yes,no
834,v3_volume,plaid,A Mussarat,A MUSSARAT 110068 12717668,20,debit,transfer_p2p,transfers,Debit to named person A Mussarat.,no,TRANSFER_OUT_OTHER,unclassified_transfer,unclassified,unclassified_transfer,unclassified,transfer_p2p,transfers,T4_dictionary,no,yes,no,yes,no
835,v3_volume,plaid,Utility Warehouse,Utility Warehouse - SortCodeAccountNumber: 20000080256684,53.3,debit,utility_other,utilities_household_bills,Utility Warehouse bundles energy/phone/broadband; product not specified.,established,RENT_AND_UTILITIES_OTHER_UTILITIES,utility_other,utilities_household_bills,utility_other,utilities_household_bills,utility_other,utilities_household_bills,T6_native_fallback,yes,yes,yes,yes,no
836,v3_volume,plaid,Asda,1424 24MAY25 C    ASDA STORES 4873  SUTTON STONEC GB,3.98,debit,groceries,groceries_household_essentials,Asda Stores grocery debit.,yes,FOOD_RETAIL_GROCERIES,groceries,groceries_household_essentials,groceries,groceries_household_essentials,groceries,groceries_household_essentials,T4_dictionary,yes,yes,yes,yes,no
837,v3_volume,plaid,Garthowen Store,Garthowen Store,16.09,debit,convenience_store,groceries_household_essentials,Garthowen Store independent convenience shop.,yes,GENERAL_MERCHANDISE_CONVENIENCE_STORES,convenience_store,groceries_household_essentials,convenience_store,groceries_household_essentials,convenience_store,groceries_household_essentials,T6_native_fallback,yes,yes,yes,yes,no
838,v3_volume,plaid,Tesco,PENDING TESCO STORES 3304,29.4,debit,groceries,groceries_household_essentials,Tesco supermarket debit.,established,FOOD_RETAIL_GROCERIES,groceries,groceries_household_essentials,groceries,groceries_household_essentials,groceries,groceries_household_essentials,T4_dictionary,yes,yes,yes,yes,no
839,v3_volume,plaid,Amazon,Amazon,14.38,debit,marketplace_amazon,general_retail_marketplaces,Amazon debit.,established,GENERAL_MERCHANDISE_ONLINE_MARKETPLACES,marketplace_general,general_retail_marketplaces,marketplace_general,general_retail_marketplaces,marketplace_amazon,general_retail_marketplaces,T4_dictionary,no,yes,yes,yes,no
840,v3_volume,plaid,Sainsbury's,Visa purchase SAINSBURY'S S/MKT,20.7,debit,groceries,groceries_household_essentials,Sainsbury's supermarket debit.,established,FOOD_RETAIL_GROCERIES,groceries,groceries_household_essentials,groceries,groceries_household_essentials,groceries,groceries_household_essentials,T4_dictionary,yes,yes,yes,yes,no
841,v3_volume,plaid,CO-OP,CO-OP GROUP 060739,3.5,debit,groceries,groceries_household_essentials,Co-op Group grocery debit.,established,FOOD_RETAIL_GROCERIES,groceries,groceries_household_essentials,groceries,groceries_household_essentials,groceries,groceries_household_essentials,T4_dictionary,yes,yes,yes,yes,no
842,v3_volume,plaid,James O'donnell,JAMES O'DONNELL 600000001609121219,8,debit,transfer_p2p,transfers,Debit to named person James O'Donnell.,no,TRANSFER_OUT_OTHER,unclassified_transfer,unclassified,unclassified_transfer,unclassified,transfer_p2p,transfers,T4_dictionary,no,yes,no,yes,no
843,v3_volume,plaid,Mr B Hawes-crad,MR B HAWES-CRADDOCBRAD              VIA MOBILE - PYMT FP 06/07/25 10    57124405829673000R,4.49,debit,transfer_p2p,transfers,Mobile payment to named person Mr B Hawes-Craddoc.,yes,TRANSFER_OUT_OTHER,unclassified_transfer,unclassified,unclassified_transfer,unclassified,transfer_p2p,transfers,T4_dictionary,no,yes,no,yes,no
844,v3_volume,plaid,Halfords,HALFORDS 0859,60.99,debit,vehicle_maintenance,transport_motoring,Halfords motoring/parts debit.,established,GENERAL_MERCHANDISE_OTHER_GENERAL_MERCHANDISE,retail_other,general_retail_marketplaces,retail_other,general_retail_marketplaces,vehicle_maintenance,transport_motoring,T4_dictionary,no,yes,no,yes,no
845,v3_volume,plaid,Cd Co Op Group Food,3025 12JUN25 CD   CO OP GROUP FOOD  GLOUCESTER GB,3.5,debit,groceries,groceries_household_essentials,Co-op Group Food grocery debit.,yes,FOOD_RETAIL_GROCERIES,groceries,groceries_household_essentials,groceries,groceries_household_essentials,groceries,groceries_household_essentials,T4_dictionary,yes,yes,yes,yes,no
846,v3_volume,plaid,Tesco,Tesco,3.45,debit,groceries,groceries_household_essentials,Tesco supermarket debit.,established,FOOD_RETAIL_GROCERIES,groceries,groceries_household_essentials,groceries,groceries_household_essentials,groceries,groceries_household_essentials,T4_dictionary,yes,yes,yes,yes,no
847,v3_volume,plaid,Monzo,Billy - Sent from Monzo - SortCodeAccountNumber: 04000401358206,10,debit,transfer_p2p,transfers,Monzo send to named person Billy; not own-account evidence.,no,TRANSFER_OUT_OTHER,unclassified_transfer,unclassified,unclassified_transfer,unclassified,transfer_own_account,transfers,T4_dictionary,no,no,no,yes,no
848,v3_volume,plaid,Cd Birdsfoot Food Andwin,8443 03JUL25 CD   BIRDSFOOT FOOD    ANDWIN            LUTON GB,2,debit,convenience_store,groceries_household_essentials,"Birdsfoot Food Luton is Birdsfoot Lane Food and Wine, a corner-shop/off-licence.",no,DINING_DINING,restaurant_cafe,eating_drinking_out,restaurant_cafe,eating_drinking_out,restaurant_cafe,eating_drinking_out,T6_native_fallback,no,no,no,no,no
849,v3_volume,plaid,Freemans,A & C FREEMAN LTD FREEMANS,10000,debit,unclassified_other,unclassified,"Freemans catalogue-credit repayment (brief: Freemans bank payments are often retail finance); £10k is a settlement-sized debit. Adversarial: A & C FREEMAN LTD is a Peterborough quarrying/haulage firm (07627866), not Freemans catalogue credit. Name collision — do not force retail_finance_repayment.",established,GENERAL_MERCHANDISE_ONLINE_MARKETPLACES,marketplace_general,general_retail_marketplaces,marketplace_general,general_retail_marketplaces,catalogue_retail,general_retail_marketplaces,T4_dictionary,no,no,no,no,no
850,v3_volume,plaid,Klarna,KLARNA,6.06,debit,bnpl,credit_loan_repayments,Klarna debit with no underlying merchant.,yes,LOAN_PAYMENTS_BNPL_AND_EWA,bnpl,credit_loan_repayments,bnpl,credit_loan_repayments,bnpl,credit_loan_repayments,T4_dictionary,yes,yes,yes,yes,no
851,v3_volume,plaid,Clearpay,Clearpay  ON 30 AUG BCC,16.99,debit,bnpl,credit_loan_repayments,Clearpay instalment; no underlying shop.,established,LOAN_PAYMENTS_BNPL_AND_EWA,bnpl,credit_loan_repayments,bnpl,credit_loan_repayments,bnpl,credit_loan_repayments,T4_dictionary,yes,yes,yes,yes,no
852,v3_volume,plaid,Apple,CARD PAYMENT TO APPLE.COM/BILL ON 01-08-2025,5.99,debit,software,digital_subscriptions_services,APPLE.COM/BILL subscription.,established,GENERAL_MERCHANDISE_COMPUTERS_AND_ELECTRONICS,computing_devices,general_retail_marketplaces,computing_devices,general_retail_marketplaces,software,digital_subscriptions_services,T4_dictionary,no,yes,no,yes,no
853,v3_volume,plaid,Universal Square,UNIVERSAL SQUARE  MANCHESTER,7,debit,unclassified_other,unclassified,"Universal Square Manchester is a mixed office campus (parking, cafe, events); £7 does not uniquely identify the product.",yes,ENTERTAINMENT_EVENTS_AND_TICKETS,live_music,entertainment_leisure,live_music,entertainment_leisure,live_music,entertainment_leisure,T6_native_fallback,no,no,no,no,no
854,v3_volume,plaid,Uber,UBER* TRIP Uber* Trip,5.41,debit,taxi_rideshare,transport_motoring,Uber trip (not Eats).,yes,TRAVEL_AND_TRANSPORTATION_TAXIS_AND_RIDE_SHARES,taxi_rideshare,transport_motoring,taxi_rideshare,transport_motoring,taxi_rideshare,transport_motoring,T4_dictionary,yes,yes,yes,yes,no
855,v3_volume,plaid,eBay,eBay,4.99,debit,marketplace_general,general_retail_marketplaces,eBay; not Amazon.,established,GENERAL_MERCHANDISE_ONLINE_MARKETPLACES,marketplace_general,general_retail_marketplaces,marketplace_general,general_retail_marketplaces,marketplace_general,general_retail_marketplaces,T4_dictionary,yes,yes,yes,yes,no
856,v3_volume,plaid,Vinted,MGP*Vinted        London,5.97,debit,marketplace_general,general_retail_marketplaces,Vinted via Mangopay; not Amazon.,established,GENERAL_MERCHANDISE_ONLINE_MARKETPLACES,marketplace_general,general_retail_marketplaces,marketplace_general,general_retail_marketplaces,marketplace_general,general_retail_marketplaces,T4_dictionary,yes,yes,yes,yes,no
857,v3_volume,plaid,Thabisile A,THABISILE A MOYO 400000001586900353,20,debit,transfer_p2p,transfers,Debit to named person Thabisile A Moyo.,yes,TRANSFER_OUT_OTHER,unclassified_transfer,unclassified,unclassified_transfer,unclassified,unclassified_transfer,unclassified,T6_native_fallback,no,no,no,no,no
858,v3_volume,plaid,Victoria Oxshott,Victoria Oxshott  Leatherhead,6,debit,pub_bar,eating_drinking_out,"Victoria Oxshott Leatherhead reads as a named person plus place, not a shop. Adversarial: The Victoria, Oxshott (Leatherhead) is a pub, not a named person.",no,TRANSFER_OUT_OTHER,unclassified_transfer,unclassified,unclassified_transfer,unclassified,unclassified_transfer,unclassified,T6_native_fallback,no,no,no,no,no
859,v3_volume,plaid,HPI,5984 31AUG25      HPI INSTANT INK UKWWW.HP.COM GB,4.49,debit,printing_supplies,general_retail_marketplaces,HP Instant Ink subscription; label the underlying merchant.,established,GENERAL_MERCHANDISE_OTHER_GENERAL_MERCHANDISE,retail_other,general_retail_marketplaces,retail_other,general_retail_marketplaces,printing_supplies,general_retail_marketplaces,T4_dictionary,no,yes,yes,yes,yes
860,v3_volume,plaid,Easy Saver,TO Easy Saver 770104-00080833,30,debit,savings_transfer,savings_investments,Transfer to Easy Saver pot.,established,TRANSFER_OUT_SAVINGS,savings_transfer,savings_investments,savings_transfer,savings_investments,savings_transfer,savings_investments,T6_native_fallback,yes,yes,yes,yes,no
861,v3_volume,plaid,SKY,"DIRECT DEBIT PAYMENT TO SKY TV REF 00624903820105, MANDATE NO 0080",110,debit,broadband_tv_phone,utilities_household_bills,Sky TV direct debit.,yes,ENTERTAINMENT_MUSIC_VIDEO_GAMES_TV_AND_MOVIES,entertainment_other,entertainment_leisure,entertainment_other,entertainment_leisure,broadband_tv_phone,utilities_household_bills,T4_dictionary,no,yes,no,yes,no
862,v3_volume,plaid,Trainline,Visa purchase trainline 4826,34.39,debit,public_transport_rail_coach,transport_motoring,Trainline rail booking.,yes,TRAVEL_AND_TRANSPORTATION_PUBLIC_TRANSIT,public_transport_rail_coach,transport_motoring,public_transport_rail_coach,transport_motoring,public_transport_rail_coach,transport_motoring,T6_native_fallback,yes,yes,yes,yes,no
863,v3_volume,plaid,Booking.com,Visa purchase BOOKING #35325437 GOOGLE 4220,5.2,debit,accommodation,travel_holidays,Booking.com hotel booking/fee.,established,TRAVEL_AND_TRANSPORTATION_OTHER_TRAVEL_AND_TRANSPORTATION,transport_other,transport_motoring,transport_other,transport_motoring,accommodation,travel_holidays,T4_dictionary,no,yes,no,yes,no
864,v3_volume,plaid,Circuit Go,Circuit Go,2.5,debit,laundry,home_garden,Circuit Go is a managed laundry-payment platform.,established,FOOD_RETAIL_OTHER,groceries,groceries_household_essentials,groceries,groceries_household_essentials,laundry,home_garden,T4_dictionary,no,yes,no,yes,yes
865,v3_volume,plaid,Bermondsey Bier,Bermondsey Bierkeller,55.3,debit,pub_bar,eating_drinking_out,Bermondsey Bierkeller pub/bar.,yes,DINING_DINING,restaurant_cafe,eating_drinking_out,restaurant_cafe,eating_drinking_out,restaurant_cafe,eating_drinking_out,T6_native_fallback,no,no,yes,yes,no
866,v3_volume,plaid,Tesco,TESCO TESCO DOWNLAND EXP 02SEP 18.01 ATM,25,debit,cash_withdrawal,cash,Override groceries: narrative includes ATM and native is CHECKS_AND_ATM; Tesco Downland Express cash withdrawal.,established,TRANSFER_OUT_CHECKS_AND_ATM,cash_withdrawal,cash,cash_withdrawal,cash,groceries,groceries_household_essentials,T4_dictionary,yes,no,yes,no,no
867,v3_volume,plaid,Laurentiu Robert,LAURENTIU ROBERT S  BARCA FT,3,debit,transfer_p2p,transfers,Debit to named person Laurentiu Robert.,yes,TRANSFER_OUT_OTHER,unclassified_transfer,unclassified,unclassified_transfer,unclassified,transfer_p2p,transfers,T4_dictionary,no,yes,no,yes,no
868,v3_volume,plaid,Mtcgame,Mtcgame,33.96,debit,gaming_online,entertainment_leisure,"MTCGAME is a game gift-card/top-up store, not a gambling operator; native personal-loan is wrong.",no,LOAN_PAYMENTS_PERSONAL_LOAN_PAYMENT,personal_loan_repayment,credit_loan_repayments,personal_loan_repayment,credit_loan_repayments,gaming_console_pc,entertainment_leisure,T4_dictionary,no,no,no,yes,no
869,v3_volume,plaid,C Taylor Aa Ft,C TAYLOR  AA FT,20,debit,transfer_p2p,transfers,Debit to named person C Taylor.,no,TRANSFER_OUT_OTHER,unclassified_transfer,unclassified,unclassified_transfer,unclassified,unclassified_transfer,unclassified,T6_native_fallback,no,no,no,no,no
870,v3_volume,plaid,McDonald's,MCDONALDS         ROYSTON,6.98,debit,takeaway,eating_drinking_out,McDonald's debit.,yes,DINING_DINING,restaurant_cafe,eating_drinking_out,restaurant_cafe,eating_drinking_out,takeaway,eating_drinking_out,T4_dictionary,no,yes,yes,yes,no
871,v3_volume,plaid,Co-op,Co-op,32.85,debit,groceries,groceries_household_essentials,Co-op grocery debit.,established,FOOD_RETAIL_GROCERIES,groceries,groceries_household_essentials,groceries,groceries_household_essentials,groceries,groceries_household_essentials,T4_dictionary,yes,yes,yes,yes,no
872,v3_volume,plaid,The Plough,THE PLOUGH INN The Plough Inn,10.55,debit,pub_bar,eating_drinking_out,The Plough Inn.,yes,DINING_DINING,restaurant_cafe,eating_drinking_out,restaurant_cafe,eating_drinking_out,pub_bar,eating_drinking_out,T4_dictionary,no,yes,yes,yes,no
873,v3_volume,plaid,Klarna,KLARNA 2EKV5ZY-HALFORDS,64.67,debit,vehicle_maintenance,transport_motoring,Override bnpl: Klarna+Halfords — label the underlying Halfords motoring spend.,yes,LOAN_PAYMENTS_BNPL_AND_EWA,bnpl,credit_loan_repayments,bnpl,credit_loan_repayments,bnpl,credit_loan_repayments,T4_dictionary,no,no,no,no,no
874,v3_volume,plaid,Tesco Petrol,TESCO PFS 3718,14.19,debit,fuel,transport_motoring,Tesco PFS (petrol filling station).,established,TRAVEL_AND_TRANSPORTATION_OTHER_TRAVEL_AND_TRANSPORTATION,transport_other,transport_motoring,transport_other,transport_motoring,fuel,transport_motoring,T5_R05,no,yes,yes,yes,no
875,v3_volume,plaid,Scamp & Dude,Scamp & Dude,29.81,debit,clothing_general,clothing_personal_care,Scamp & Dude is a UK clothing brand.,yes,TRAVEL_AND_TRANSPORTATION_LODGING,accommodation,travel_holidays,accommodation,travel_holidays,accommodation,travel_holidays,T6_native_fallback,no,no,no,no,no
876,v3_volume,plaid,Amazon,Amazon.co.uk*R78WQ9X14 CD 4258,16.93,debit,marketplace_amazon,general_retail_marketplaces,Amazon.co.uk debit.,established,GENERAL_MERCHANDISE_ONLINE_MARKETPLACES,marketplace_general,general_retail_marketplaces,marketplace_general,general_retail_marketplaces,marketplace_amazon,general_retail_marketplaces,T4_dictionary,no,yes,yes,yes,no
877,v3_volume,plaid,Burger King,Burger King Bromley,11.38,debit,takeaway,eating_drinking_out,"Override refund_received: Burger King Bromley is a debit takeaway spend, not a credit/refund.",established,DINING_DINING,restaurant_cafe,eating_drinking_out,restaurant_cafe,eating_drinking_out,takeaway,eating_drinking_out,T4_dictionary,no,yes,yes,yes,no
878,v3_volume,plaid,Gbolade Design Stu,GBOLADE DESIGN STU 309391 52558968,4500,debit,business_services,business_self_employment,£4500 bank payment to Gbolade Design Studio; design-studio professional services rather than gambling (native is wrong).,yes,ENTERTAINMENT_CASINOS_AND_GAMBLING,gambling_unspecified,gambling,gambling_unspecified,gambling,gambling_unspecified,gambling,T6_native_fallback,no,no,no,no,no
879,v3_volume,plaid,Raylo,RAYLO,36.45,debit,retail_finance_repayment,credit_loan_repayments,Raylo device-finance repayment.,yes,GENERAL_MERCHANDISE_ONLINE_MARKETPLACES,marketplace_general,general_retail_marketplaces,marketplace_general,general_retail_marketplaces,retail_finance_repayment,credit_loan_repayments,T4_dictionary,no,yes,no,yes,no
880,v3_volume,plaid,Monzo,Mr Brian Mccarthy Sent from Monzo,1,debit,transfer_p2p,transfers,Monzo send to named person Mr Brian McCarthy; not own-account.,no,TRANSFER_OUT_OTHER,unclassified_transfer,unclassified,unclassified_transfer,unclassified,transfer_own_account,transfers,T4_dictionary,no,no,no,yes,no
881,v3_volume,plaid,Co-op,Co-op,10.75,debit,groceries,groceries_household_essentials,Co-op grocery debit.,established,FOOD_RETAIL_GROCERIES,groceries,groceries_household_essentials,groceries,groceries_household_essentials,groceries,groceries_household_essentials,T4_dictionary,yes,yes,yes,yes,no
882,v3_volume,plaid,Exchanged To Btc,Exchanged to BTC,30,debit,crypto,savings_investments,Exchanged to BTC is a crypto purchase.,established,TRANSFER_OUT_INVESTMENT_AND_RETIREMENT_FUNDS,investment_general,savings_investments,investment_general,savings_investments,crypto,savings_investments,T5_R04,no,yes,yes,yes,no
883,v3_volume,plaid,Uber Eats,UBER   *EATS,14.53,debit,takeaway,eating_drinking_out,Uber Eats.,established,DINING_DINING,restaurant_cafe,eating_drinking_out,restaurant_cafe,eating_drinking_out,takeaway,eating_drinking_out,T4_dictionary,no,yes,yes,yes,no
884,v3_volume,plaid,SKY,Direct debit DGI SKY PROTECT 600001 36318515,15,debit,insurance_general,insurance,"SKY PROTECT is Sky's insurance add-on, not Sky TV (brief: use the narrative).",no,INSURANCE_AND_TAX_INSURANCE,insurance_general,insurance,insurance_general,insurance,broadband_tv_phone,utilities_household_bills,T4_dictionary,yes,no,yes,no,no
885,v3_volume,plaid,Giffgaff,CARD PAYMENT TO GIFFGAFF ON 06-06-2025,10,debit,mobile_phone_contract,utilities_household_bills,giffgaff top-up/plan.,yes,RENT_AND_UTILITIES_TELECOMMUNICATIONS,mobile_phone_contract,utilities_household_bills,mobile_phone_contract,utilities_household_bills,mobile_phone_contract,utilities_household_bills,T6_native_fallback,yes,yes,yes,yes,no
886,v3_volume,plaid,Congleton Eats,CONGLETON EATS,35.85,debit,takeaway,eating_drinking_out,Congleton Eats is a local takeaway-ordering platform.,no,DINING_DINING,restaurant_cafe,eating_drinking_out,restaurant_cafe,eating_drinking_out,restaurant_cafe,eating_drinking_out,T6_native_fallback,no,no,yes,yes,no
887,v3_volume,plaid,Just Eat,Just Eat          London,19.5,debit,takeaway,eating_drinking_out,Just Eat.,yes,DINING_DINING,restaurant_cafe,eating_drinking_out,restaurant_cafe,eating_drinking_out,takeaway,eating_drinking_out,T4_dictionary,no,yes,yes,yes,no
888,v3_volume,plaid,Thameslink,Thameslink,6.6,debit,public_transport_rail_coach,transport_motoring,Thameslink rail.,yes,GENERAL_SERVICES_OTHER_SERVICES,business_services,business_self_employment,business_services,business_self_employment,business_services,business_self_employment,T6_native_fallback,no,no,no,no,no
889,v3_volume,plaid,McDonald's,MCDONALDS 1587 McDonald's,5,debit,takeaway,eating_drinking_out,McDonald's debit.,yes,DINING_DINING,restaurant_cafe,eating_drinking_out,restaurant_cafe,eating_drinking_out,takeaway,eating_drinking_out,T4_dictionary,no,yes,yes,yes,no
890,v3_volume,plaid,Miss Sam Denny Hi,miss Sam denny    hi,5,debit,transfer_p2p,transfers,Debit to named person Miss Sam Denny.,no,TRANSFER_OUT_OTHER,unclassified_transfer,unclassified,unclassified_transfer,unclassified,transfer_p2p,transfers,T5_R01,no,yes,no,yes,no
891,v3_volume,plaid,Aldi,ALDI STORES LTD,62.86,debit,groceries,groceries_household_essentials,Aldi food discounter → groceries.,established,FOOD_RETAIL_GROCERIES,groceries,groceries_household_essentials,groceries,groceries_household_essentials,groceries,groceries_household_essentials,T4_dictionary,yes,yes,yes,yes,no
892,v3_volume,plaid,Go Local Extra,Go Local Extra,2.44,debit,convenience_store,groceries_household_essentials,Go Local Extra convenience fascia.,established,TRANSFER_OUT_OTHER,unclassified_transfer,unclassified,unclassified_transfer,unclassified,convenience_store,groceries_household_essentials,T4_dictionary,no,yes,no,yes,yes
893,v3_volume,plaid,Rashids Convenien,PPOINT_*RASHIDS CO,9.5,debit,convenience_store,groceries_household_essentials,PayPoint Rashids Convenience.,yes,TRANSFER_OUT_OTHER,unclassified_transfer,unclassified,unclassified_transfer,unclassified,convenience_store,groceries_household_essentials,T4_dictionary,no,yes,no,yes,no
894,v3_volume,plaid,BetFred,Visa purchase BETFRED 2025-07-06,20,debit,gambling_betting,gambling,Betfred bookmaker debit.,established,ENTERTAINMENT_CASINOS_AND_GAMBLING,gambling_unspecified,gambling,gambling_unspecified,gambling,gambling_betting,gambling,T4_dictionary,no,yes,yes,yes,no
895,v3_volume,plaid,Wc Rowe Mkt Jew St,WC ROWE MKT JEW ST,6.9,debit,restaurant_cafe,eating_drinking_out,"W.C. Rowe Jew Street is Rowe's Cornish bakery (Greggs-like bakery/cafe), not a grocer.",no,FOOD_RETAIL_GROCERIES,groceries,groceries_household_essentials,groceries,groceries_household_essentials,groceries,groceries_household_essentials,T6_native_fallback,no,no,no,no,no
896,v3_volume,plaid,Cd Wc Billiard Room,0540 27JUL25 CD   WC BILLIARD ROOM  SHOP              WINDSOR GB,5,debit,sports_participation,entertainment_leisure,WC Billiard Room Windsor is a billiards/pool room; sports_participation over pub_bar.,no,ENTERTAINMENT_OTHER_ENTERTAINMENT,entertainment_other,entertainment_leisure,entertainment_other,entertainment_leisure,entertainment_other,entertainment_leisure,T6_native_fallback,no,no,yes,yes,no
897,v3_volume,plaid,McDonald's,McDonald’s,23.82,debit,takeaway,eating_drinking_out,McDonald's debit.,yes,DINING_DINING,restaurant_cafe,eating_drinking_out,restaurant_cafe,eating_drinking_out,takeaway,eating_drinking_out,T4_dictionary,no,yes,yes,yes,no
898,v3_volume,plaid,M6 Toll,M6 Toll Charge,10.3,debit,tolls,transport_motoring,M6 Toll road charge.,established,TRAVEL_AND_TRANSPORTATION_OTHER_TRAVEL_AND_TRANSPORTATION,transport_other,transport_motoring,transport_other,transport_motoring,transport_other,transport_motoring,T6_native_fallback,no,no,yes,yes,no
899,v3_volume,plaid,Virgin Games,Virgin Games,40,debit,gambling_casino,gambling,Virgin Games online casino.,established,ENTERTAINMENT_CASINOS_AND_GAMBLING,gambling_unspecified,gambling,gambling_unspecified,gambling,gambling_casino,gambling,T4_dictionary,no,yes,yes,yes,no
900,v3_volume,plaid,Starbucks,4995 08JUL25 CD   STARBUCKS         HIGH WYCOMBE GB,4.45,debit,restaurant_cafe,eating_drinking_out,Starbucks cafe.,established,DINING_COFFEE,restaurant_cafe,eating_drinking_out,restaurant_cafe,eating_drinking_out,restaurant_cafe,eating_drinking_out,T4_dictionary,yes,yes,yes,yes,no
901,v3_volume,plaid,Goldwire Conve,PPOINT_*GOLDWIRE C  ON 12 JUL CLP PPOINT_*GOLDWIRE CONVE,18.34,debit,convenience_store,groceries_household_essentials,PayPoint Goldwire Convenience.,yes,TRANSFER_OUT_OTHER,unclassified_transfer,unclassified,unclassified_transfer,unclassified,unclassified_transfer,unclassified,T6_native_fallback,no,no,no,no,no
902,v3_volume,plaid,Transport for London,TFL TRAVEL CH  ON 16 OCT CPM TFL TRAVEL CHARGE,4.4,debit,public_transport_rail_coach,transport_motoring,TfL travel charge.,yes,TRAVEL_AND_TRANSPORTATION_PUBLIC_TRANSIT,public_transport_rail_coach,transport_motoring,public_transport_rail_coach,transport_motoring,public_transport_rail_coach,transport_motoring,T4_dictionary,yes,yes,yes,yes,no
903,v3_volume,plaid,Mark Afolabi,Mark Afolabi Inca Dinner,60,debit,transfer_p2p,transfers,"Named person Mark Afolabi; 'Inca Dinner' is a memo for splitting a meal, not restaurant spend.",no,DINING_DINING,restaurant_cafe,eating_drinking_out,restaurant_cafe,eating_drinking_out,restaurant_cafe,eating_drinking_out,T6_native_fallback,no,no,no,no,no
904,v3_volume,plaid,RingGo,Visa purchase RINGGO PARKING APPLEPAY 3292,0.2,debit,car_parking,transport_motoring,RingGo parking app.,yes,TRAVEL_AND_TRANSPORTATION_OTHER_TRAVEL_AND_TRANSPORTATION,transport_other,transport_motoring,transport_other,transport_motoring,transport_other,transport_motoring,T6_native_fallback,no,no,yes,yes,no
905,v3_volume,plaid,Ace Of Mansfield LTD,ACE OF MANSFIELD L  ON 16 OCT BCC ACE OF MANSFIELD LTD,5.8,debit,taxi_rideshare,transport_motoring,Ace of Mansfield Ltd is a taxi operator (SIC 49320); native hardware is wrong.,no,GENERAL_MERCHANDISE_FURNITURE_AND_HARDWARE,home_accessories,home_garden,home_accessories,home_garden,home_accessories,home_garden,T6_native_fallback,no,no,no,no,no
906,v3_volume,plaid,Amazon,AMAZON* RU2XE7MV4,25.34,debit,marketplace_amazon,general_retail_marketplaces,Amazon debit.,established,GENERAL_MERCHANDISE_ONLINE_MARKETPLACES,marketplace_general,general_retail_marketplaces,marketplace_general,general_retail_marketplaces,marketplace_amazon,general_retail_marketplaces,T4_dictionary,no,yes,yes,yes,no
907,v3_volume,plaid,Transport for London,Transport for London,2.9,debit,public_transport_rail_coach,transport_motoring,TfL.,yes,TRAVEL_AND_TRANSPORTATION_PUBLIC_TRANSIT,public_transport_rail_coach,transport_motoring,public_transport_rail_coach,transport_motoring,public_transport_rail_coach,transport_motoring,T4_dictionary,yes,yes,yes,yes,no
908,v3_volume,plaid,Rhys Eg,RHYS EGGLETON-HARR 400000001600885289,6.5,debit,transfer_p2p,transfers,Debit to named person Rhys Eggleton-Harr.,no,TRANSFER_OUT_OTHER,unclassified_transfer,unclassified,unclassified_transfer,unclassified,unclassified_transfer,unclassified,T6_native_fallback,no,no,no,no,no
909,v3_volume,plaid,Lidl,Lidl Gb Southampton,33.79,debit,groceries,groceries_household_essentials,Lidl Southampton.,established,FOOD_RETAIL_GROCERIES,groceries,groceries_household_essentials,groceries,groceries_household_essentials,groceries,groceries_household_essentials,T4_dictionary,yes,yes,yes,yes,no
910,v3_volume,plaid,Ariana Mini Superstore,Ariana Mini Supers,1,debit,convenience_store,groceries_household_essentials,Ariana Mini Superstore is a mini-market/convenience shop.,yes,FOOD_RETAIL_GROCERIES,groceries,groceries_household_essentials,groceries,groceries_household_essentials,convenience_store,groceries_household_essentials,T4_dictionary,no,yes,yes,yes,no
911,v3_volume,plaid,Zaap Thai Manchester,Zaap Thai Manchest,50.73,debit,restaurant_cafe,eating_drinking_out,Zaap Thai Manchester restaurant.,yes,DINING_DINING,restaurant_cafe,eating_drinking_out,restaurant_cafe,eating_drinking_out,restaurant_cafe,eating_drinking_out,T6_native_fallback,yes,yes,yes,yes,no
912,v3_volume,plaid,tombola,9285 06JUN25      TOMBOLA           TOMBOLA UK GI,5,debit,gambling_bingo,gambling,tombola UK online bingo.,established,ENTERTAINMENT_CASINOS_AND_GAMBLING,gambling_unspecified,gambling,gambling_unspecified,gambling,gambling_bingo,gambling,T4_dictionary,no,yes,yes,yes,no
913,v3_volume,plaid,Netflix,7704 28JUL25      NETFLIX.COM       18665797172 GB,24.98,debit,streaming,digital_subscriptions_services,Netflix subscription.,established,ENTERTAINMENT_MUSIC_VIDEO_GAMES_TV_AND_MOVIES,entertainment_other,entertainment_leisure,entertainment_other,entertainment_leisure,streaming,digital_subscriptions_services,T4_dictionary,no,yes,no,yes,no
914,v3_volume,plaid,Amazon,amazon.co.uk*ZT6I2  ON 09 SEP BCC AMAZON.CO.UK,0.99,debit,marketplace_amazon,general_retail_marketplaces,Amazon.co.uk debit.,established,GENERAL_MERCHANDISE_ONLINE_MARKETPLACES,marketplace_general,general_retail_marketplaces,marketplace_general,general_retail_marketplaces,marketplace_amazon,general_retail_marketplaces,T4_dictionary,no,yes,yes,yes,no
915,v3_volume,plaid,Bet365,5145 28SEP25      BET365            STOKE GB,20,debit,gambling_betting,gambling,Bet365 sportsbook debit.,established,ENTERTAINMENT_CASINOS_AND_GAMBLING,gambling_unspecified,gambling,gambling_unspecified,gambling,gambling_betting,gambling,T4_dictionary,no,yes,yes,yes,no
916,v3_volume,plaid,Shell,SHELL,23,debit,fuel,transport_motoring,Shell forecourt.,established,TRAVEL_AND_TRANSPORTATION_OTHER_TRAVEL_AND_TRANSPORTATION,transport_other,transport_motoring,transport_other,transport_motoring,fuel,transport_motoring,T4_dictionary,no,yes,yes,yes,no
917,v3_volume,plaid,P.o.,P.O. 254 260 STONE,300,debit,unclassified_other,unclassified,"Post Office Stone £300 is multi-product (cash, bills, parcels); native is not ATM so cash_withdrawal is a guess.",no,GENERAL_SERVICES_OTHER_SERVICES,business_services,business_self_employment,business_services,business_self_employment,business_services,business_self_employment,T6_native_fallback,no,no,no,no,no
918,v3_volume,plaid,SkyBet,Sky Bet,5,debit,gambling_betting,gambling,Sky Bet debit.,yes,ENTERTAINMENT_CASINOS_AND_GAMBLING,gambling_unspecified,gambling,gambling_unspecified,gambling,gambling_betting,gambling,T4_dictionary,no,yes,yes,yes,no
919,v3_volume,plaid,Dukes Bailiffs,Visa purchase DUKES BAILIFFS,110,debit,debt_enforcement,high_cost_distress_credit,"Dukes Bailiffs is a certificated enforcement/bailiff firm, more severe than collection.",yes,DINING_DINING,restaurant_cafe,eating_drinking_out,restaurant_cafe,eating_drinking_out,debt_enforcement,high_cost_distress_credit,T4_dictionary,no,yes,no,yes,no
920,v3_volume,plaid,Burger King,0950 10JUL25 CD   BUTLINS BURGER    KING              SKEGNESS GB,22.65,debit,takeaway,eating_drinking_out,Override refund_received: Butlins Burger King is a debit takeaway spend.,established,DINING_DINING,restaurant_cafe,eating_drinking_out,restaurant_cafe,eating_drinking_out,takeaway,eating_drinking_out,T4_dictionary,no,yes,yes,yes,no
921,v3_volume,plaid,Sony Playstation,PlayStation Networ,6.99,debit,gaming_console_pc,entertainment_leisure,PlayStation Network subscription/content.,yes,ENTERTAINMENT_MUSIC_VIDEO_GAMES_TV_AND_MOVIES,entertainment_other,entertainment_leisure,entertainment_other,entertainment_leisure,entertainment_other,entertainment_leisure,T6_native_fallback,no,no,yes,yes,no
922,v3_volume,plaid,Subway,SUBWAY 62318-0  ON 10 JUL CPM,7.19,debit,takeaway,eating_drinking_out,Subway.,established,DINING_DINING,restaurant_cafe,eating_drinking_out,restaurant_cafe,eating_drinking_out,takeaway,eating_drinking_out,T4_dictionary,no,yes,yes,yes,no
923,v3_volume,plaid,Heron Foods,HERON FOODS       WALLASEY,9.18,debit,groceries,groceries_household_essentials,Heron Foods food discounter → groceries.,established,FOOD_RETAIL_GROCERIES,groceries,groceries_household_essentials,groceries,groceries_household_essentials,groceries,groceries_household_essentials,T4_dictionary,yes,yes,yes,yes,no
924,v3_volume,plaid,Booze Store,MNK*Booze Store CD 0350,2.25,debit,alcohol_beer_spirits,groceries_household_essentials,Booze Store off-licence.,yes,FOOD_RETAIL_LIQUOR_STORES,alcohol_beer_spirits,groceries_household_essentials,alcohol_beer_spirits,groceries_household_essentials,alcohol_beer_spirits,groceries_household_essentials,T4_dictionary,yes,yes,yes,yes,no
925,v3_volume,plaid,Tesco,Tesco,3.05,debit,groceries,groceries_household_essentials,Tesco supermarket debit.,established,FOOD_RETAIL_GROCERIES,groceries,groceries_household_essentials,groceries,groceries_household_essentials,groceries,groceries_household_essentials,T4_dictionary,yes,yes,yes,yes,no
926,v3_volume,plaid,Uber Eats,Uber Eats,41.89,debit,takeaway,eating_drinking_out,Uber Eats.,established,DINING_DINING,restaurant_cafe,eating_drinking_out,restaurant_cafe,eating_drinking_out,takeaway,eating_drinking_out,T4_dictionary,no,yes,yes,yes,no
927,v3_volume,plaid,G Webb,G WEBB 774032 44203868,60,debit,transfer_p2p,transfers,Override unclassified: debit to named person G Webb.,yes,TRANSFER_OUT_OTHER,unclassified_transfer,unclassified,unclassified_transfer,unclassified,transfer_p2p,transfers,T5_R02,no,yes,no,yes,no
928,v3_volume,plaid,Gumtree Com,GUMTREE COM,10.99,debit,marketplace_general,general_retail_marketplaces,Gumtree classifieds marketplace; not Amazon.,yes,GENERAL_MERCHANDISE_OTHER_GENERAL_MERCHANDISE,retail_other,general_retail_marketplaces,retail_other,general_retail_marketplaces,marketplace_general,general_retail_marketplaces,T4_dictionary,no,yes,yes,yes,no
929,v3_volume,plaid,Transport for London,TFL TRAVEL CH  ON 19 SEP CLP Transport for London,1.75,debit,public_transport_rail_coach,transport_motoring,TfL travel charge.,yes,TRAVEL_AND_TRANSPORTATION_PUBLIC_TRANSIT,public_transport_rail_coach,transport_motoring,public_transport_rail_coach,transport_motoring,public_transport_rail_coach,transport_motoring,T4_dictionary,yes,yes,yes,yes,no
930,v3_volume,plaid,Amazon,Visa purchase Amazon.co.uk*8D37V6RQ5 2417,2.6,debit,marketplace_amazon,general_retail_marketplaces,Amazon.co.uk debit.,established,GENERAL_MERCHANDISE_ONLINE_MARKETPLACES,marketplace_general,general_retail_marketplaces,marketplace_general,general_retail_marketplaces,marketplace_amazon,general_retail_marketplaces,T4_dictionary,no,yes,yes,yes,no
931,v3_volume,plaid,Miss Michaela,MISS MICHAELA S SMITH                    underway chocolate,1.5,debit,transfer_p2p,transfers,Override unclassified: debit to named person Miss Michaela S Smith; chocolate memo is P2P not dining.,yes,DINING_OTHER_DINING,restaurant_cafe,eating_drinking_out,restaurant_cafe,eating_drinking_out,transfer_p2p,transfers,T5_R01,no,yes,no,yes,no
932,v3_volume,plaid,Express S Market & Con,Express S/market & Con,66.51,debit,groceries,groceries_household_essentials,Express supermarket & convenience; £66.51 supermarket-sized food shop → groceries.,no,FOOD_RETAIL_GROCERIES,groceries,groceries_household_essentials,groceries,groceries_household_essentials,groceries,groceries_household_essentials,T6_native_fallback,yes,yes,yes,yes,no
933,v3_volume,plaid,Apple,APPLE.COM/BILL,1.79,debit,software,digital_subscriptions_services,APPLE.COM/BILL.,established,GENERAL_MERCHANDISE_COMPUTERS_AND_ELECTRONICS,computing_devices,general_retail_marketplaces,computing_devices,general_retail_marketplaces,software,digital_subscriptions_services,T4_dictionary,no,yes,no,yes,no
934,v3_volume,plaid,Sky Bet, SKY BET,5,debit,gambling_betting,gambling,Sky Bet debit.,established,ENTERTAINMENT_CASINOS_AND_GAMBLING,gambling_unspecified,gambling,gambling_unspecified,gambling,gambling_betting,gambling,T4_dictionary,no,yes,yes,yes,no
935,v3_volume,plaid,Amazon Prime,CARD PAYMENT TO AMAZON PRIME*RK8XZ7R34 ON 03-09-2025,8.99,debit,streaming,digital_subscriptions_services,Amazon Prime subscription maps to streaming.,established,GENERAL_SERVICES_OTHER_SERVICES,business_services,business_self_employment,business_services,business_self_employment,business_services,business_self_employment,T6_native_fallback,no,no,no,no,no
936,v3_volume,plaid,Clearpay,Clearpay  ON 19 AUG BCC,16.54,debit,bnpl,credit_loan_repayments,Clearpay instalment.,established,LOAN_PAYMENTS_BNPL_AND_EWA,bnpl,credit_loan_repayments,bnpl,credit_loan_repayments,bnpl,credit_loan_repayments,T4_dictionary,yes,yes,yes,yes,no
937,v3_volume,plaid,Rishi Patel,RISHI PATEL 400000001595711435,780,debit,transfer_p2p,transfers,Debit to named person Rishi Patel.,no,TRANSFER_OUT_OTHER,unclassified_transfer,unclassified,unclassified_transfer,unclassified,unclassified_transfer,unclassified,T6_native_fallback,no,no,no,no,no
938,v3_volume,plaid,Lagoon Leisure Centre,LAGOON LEISURE CEN,5.3,debit,gym_fitness,health_medical,Lagoon Leisure Centre swimming/gym session.,yes,ENTERTAINMENT_EVENTS_AND_TICKETS,live_music,entertainment_leisure,live_music,entertainment_leisure,live_music,entertainment_leisure,T6_native_fallback,no,no,no,no,no
939,v3_volume,plaid,Virgin Games,Virgin Games,10,debit,gambling_casino,gambling,Virgin Games casino.,established,ENTERTAINMENT_CASINOS_AND_GAMBLING,gambling_unspecified,gambling,gambling_unspecified,gambling,gambling_casino,gambling,T4_dictionary,no,yes,yes,yes,no
940,v3_volume,plaid,Lansdowne Service Stat,LANSDOWNE SERVICE  ON 07 OCT CPM LANSDOWNE SERVICE STAT,2.22,debit,fuel,transport_motoring,Lansdowne Service Station forecourt.,yes,TRAVEL_AND_TRANSPORTATION_OTHER_TRAVEL_AND_TRANSPORTATION,transport_other,transport_motoring,transport_other,transport_motoring,transport_other,transport_motoring,T6_native_fallback,no,no,yes,yes,no
941,v3_volume,plaid,Clearpay,CLEARPAY          CLEARPAY.CO.U,2.61,debit,bnpl,credit_loan_repayments,Clearpay instalment.,established,LOAN_PAYMENTS_BNPL_AND_EWA,bnpl,credit_loan_repayments,bnpl,credit_loan_repayments,bnpl,credit_loan_repayments,T4_dictionary,yes,yes,yes,yes,no
942,v3_volume,plaid,Stephen Nolan,STEPHEN NOLAN 500000001592487293,15,debit,transfer_p2p,transfers,Debit to named person Stephen Nolan.,no,TRANSFER_OUT_OTHER,unclassified_transfer,unclassified,unclassified_transfer,unclassified,unclassified_transfer,unclassified,T6_native_fallback,no,no,no,no,no
943,v3_volume,plaid,Star,STAR              Star from mum,10,debit,transfer_p2p,transfers,"Star from mum is a P2P to/from family, not a shop.",no,TRANSFER_OUT_OTHER,unclassified_transfer,unclassified,unclassified_transfer,unclassified,unclassified_transfer,unclassified,T6_native_fallback,no,no,no,no,no
944,v3_volume,plaid,Tesco Petrol,Visa purchase TESCO PAY AT PUMP 3844,10,debit,fuel,transport_motoring,Tesco pay-at-pump.,established,TRAVEL_AND_TRANSPORTATION_OTHER_TRAVEL_AND_TRANSPORTATION,transport_other,transport_motoring,transport_other,transport_motoring,fuel,transport_motoring,T5_R05,no,yes,yes,yes,no
945,v3_volume,plaid,BetVictor,BETVICTOR LTD CD 1444,5,debit,gambling_betting,gambling,BetVictor sportsbook.,established,ENTERTAINMENT_CASINOS_AND_GAMBLING,gambling_unspecified,gambling,gambling_unspecified,gambling,gambling_betting,gambling,T4_dictionary,no,yes,yes,yes,no
946,v3_volume,plaid,Admiral,ADMIRAL INSURANCE  P72552746010000026 DDR Admiral,67.08,debit,insurance_general,insurance,"Override gambling_casino: ADMIRAL INSURANCE DDR is multi-line Admiral insurance, not Admiral Casino.",established,INSURANCE_AND_TAX_INSURANCE,insurance_general,insurance,insurance_general,insurance,insurance_general,insurance,T6_native_fallback,yes,yes,yes,yes,no
947,v3_volume,plaid,HM Revenue and Customs,HMRC CHILD BENEFIT 02876712,-26.05,credit,benefits_state,income_benefits_state_support,HMRC Child Benefit credit.,yes,INCOME_SALARY,salary,income_employment,salary,income_employment,tax_payment,council_tax_government,T4_dictionary,no,no,no,no,no
948,v3_volume,plaid,Paddy Power,2759 20SEP25  D   PADDY POWER       LONDON GB,10,debit,gambling_betting,gambling,Paddy Power debit (spend).,established,ENTERTAINMENT_CASINOS_AND_GAMBLING,gambling_unspecified,gambling,gambling_unspecified,gambling,gambling_betting,gambling,T4_dictionary,no,yes,yes,yes,no
949,v3_volume,plaid,Cornwells Chemists Holm,CORNWELLS CHEMISTS,9.45,debit,pharmacy,health_medical,Cornwells Chemists.,yes,FOOD_RETAIL_GROCERIES,groceries,groceries_household_essentials,groceries,groceries_household_essentials,groceries,groceries_household_essentials,T6_native_fallback,no,no,no,no,no
950,v3_volume,plaid,Just Eat,Just Eat.Co.UK Ltd,9.93,debit,takeaway,eating_drinking_out,Just Eat.,yes,DINING_DINING,restaurant_cafe,eating_drinking_out,restaurant_cafe,eating_drinking_out,takeaway,eating_drinking_out,T4_dictionary,no,yes,yes,yes,no
951,v3_volume,plaid,A C,27AUG A/C 73511919,8.03,debit,transfer_bank_unspecified,transfers,A/C number-only transfer; purpose unknown.,established,INTEREST_PAYMENTS_INTEREST_CHARGED,interest_charged,fees_charges,interest_charged,fees_charges,interest_charged,fees_charges,T6_native_fallback,no,no,no,no,no
952,v3_volume,plaid,BetVictor,BETVICTOR LTD,10,debit,gambling_betting,gambling,BetVictor debit.,established,ENTERTAINMENT_CASINOS_AND_GAMBLING,gambling_unspecified,gambling,gambling_unspecified,gambling,gambling_betting,gambling,T4_dictionary,no,yes,yes,yes,no
953,v3_volume,plaid,Cash Machine,E01374600000000 Cash Machine,20,debit,cash_withdrawal,cash,Cash machine ATM debit.,established,TRANSFER_OUT_CHECKS_AND_ATM,cash_withdrawal,cash,cash_withdrawal,cash,cash_withdrawal,cash,T6_native_fallback,yes,yes,yes,yes,no
954,v3_volume,plaid,Transport for London,TFL TRAVEL CH,5.25,debit,public_transport_rail_coach,transport_motoring,TfL travel charge.,yes,TRAVEL_AND_TRANSPORTATION_PUBLIC_TRANSIT,public_transport_rail_coach,transport_motoring,public_transport_rail_coach,transport_motoring,public_transport_rail_coach,transport_motoring,T4_dictionary,yes,yes,yes,yes,no
955,v3_volume,plaid,Revolut,DAVID BROWN       OBAIUUVOTM2MDWSWO TPP REVOLUT LTD   FP 07/08/25 10    52115214199410000J,340,debit,transfer_p2p,transfers,Revolut faster payment to named person David Brown; not own-account.,no,TRANSFER_OUT_TRANSFER_OUT_FROM_APPS,transfer_p2p,transfers,transfer_p2p,transfers,transfer_own_account,transfers,T4_dictionary,yes,no,yes,yes,no
956,v3_volume,plaid,Tt Hawkhill,"TT HAWKHILL - 16 HAWKHILL AVENUE, EDINBURGH",189.25,debit,home_improvement,home_garden,16 Hawkhill Avenue Edinburgh is Thornbridge/Rembrand Timber; TT Hawkhill is a timber merchant (native gambling is wrong).,no,ENTERTAINMENT_CASINOS_AND_GAMBLING,gambling_unspecified,gambling,gambling_unspecified,gambling,gambling_unspecified,gambling,T6_native_fallback,no,no,no,no,no
957,v3_volume,plaid,Ebar,EBAR,14.2,debit,restaurant_cafe,eating_drinking_out,EBAR hospitality debit; models agreed restaurant_cafe.,yes,DINING_DINING,restaurant_cafe,eating_drinking_out,restaurant_cafe,eating_drinking_out,restaurant_cafe,eating_drinking_out,T6_native_fallback,yes,yes,yes,yes,no
958,v3_volume,plaid,Cd Red Lion,2768 27JUN25 CD   RED LION          WOODBRIDGE GB,6.25,debit,pub_bar,eating_drinking_out,Red Lion Woodbridge pub.,yes,DINING_DINING,restaurant_cafe,eating_drinking_out,restaurant_cafe,eating_drinking_out,restaurant_cafe,eating_drinking_out,T6_native_fallback,no,no,yes,yes,no
959,v3_volume,plaid,Apple,APPLE.COM/BILL CD 8075,1.99,debit,software,digital_subscriptions_services,APPLE.COM/BILL.,established,GENERAL_MERCHANDISE_COMPUTERS_AND_ELECTRONICS,computing_devices,general_retail_marketplaces,computing_devices,general_retail_marketplaces,software,digital_subscriptions_services,T4_dictionary,no,yes,no,yes,no
960,v3_volume,plaid,Lowell Financial,LOWELL PORTFOLIO I,2,debit,debt_collection,high_cost_distress_credit,Lowell Portfolio.,established,GENERAL_SERVICES_ACCOUNTING_AND_FINANCIAL_SERVICES,financial_services_other,credit_loan_repayments,financial_services_other,credit_loan_repayments,debt_collection,high_cost_distress_credit,T4_dictionary,no,yes,no,yes,no
961,v3_volume,plaid,Clearpay,Visa purchase CLEARPAY APPLEPAY 2387,25,debit,bnpl,credit_loan_repayments,Clearpay Apple Pay instalment.,established,LOAN_PAYMENTS_BNPL_AND_EWA,bnpl,credit_loan_repayments,bnpl,credit_loan_repayments,bnpl,credit_loan_repayments,T4_dictionary,yes,yes,yes,yes,no
962,v3_volume,plaid,First Hampshire,Contactless Payment FIRST HAMPSHIRE,6,debit,public_transport_rail_coach,transport_motoring,First Hampshire is First Bus Hampshire.,no,GENERAL_MERCHANDISE_OTHER_GENERAL_MERCHANDISE,retail_other,general_retail_marketplaces,retail_other,general_retail_marketplaces,retail_other,general_retail_marketplaces,T6_native_fallback,no,no,no,no,no
963,v3_volume,plaid,Klarna,2662 16JUN25      KLARNA*HALF       ORDS.COM          LONDON GB,37.97,debit,vehicle_maintenance,transport_motoring,Override bnpl: Klarna*Halfords.com — label Halfords.,yes,LOAN_PAYMENTS_BNPL_AND_EWA,bnpl,credit_loan_repayments,bnpl,credit_loan_repayments,bnpl,credit_loan_repayments,T4_dictionary,no,no,no,no,no
964,v3_volume,plaid,Amazon,1969 30JUN25      AMAZON* 583MR7UT5 LONDON GB,12.03,debit,marketplace_amazon,general_retail_marketplaces,Amazon debit.,established,GENERAL_MERCHANDISE_ONLINE_MARKETPLACES,marketplace_general,general_retail_marketplaces,marketplace_general,general_retail_marketplaces,marketplace_amazon,general_retail_marketplaces,T4_dictionary,no,yes,yes,yes,no
965,v3_volume,plaid,B&M,Contactless Payment B&M 769 SOLIHULL,10,debit,discount_store,groceries_household_essentials,"B&M variety discounter, not groceries.",established,FOOD_RETAIL_GROCERIES,groceries,groceries_household_essentials,groceries,groceries_household_essentials,discount_store,groceries_household_essentials,T4_dictionary,no,yes,yes,yes,no
966,v3_volume,plaid,Uber Eats,Uber   * Eats Pending,19.72,debit,takeaway,eating_drinking_out,Uber Eats pending.,established,DINING_DINING,restaurant_cafe,eating_drinking_out,restaurant_cafe,eating_drinking_out,takeaway,eating_drinking_out,T4_dictionary,no,yes,yes,yes,no
967,v3_volume,plaid,Amazon,AMAZON* RS88G2X54,21.83,debit,marketplace_amazon,general_retail_marketplaces,Amazon debit.,established,GENERAL_MERCHANDISE_ONLINE_MARKETPLACES,marketplace_general,general_retail_marketplaces,marketplace_general,general_retail_marketplaces,marketplace_amazon,general_retail_marketplaces,T4_dictionary,no,yes,yes,yes,no
968,v3_volume,plaid,Zilch,ZILCH INSTALMENT CD 3113,16.23,debit,bnpl,credit_loan_repayments,Zilch instalment with no shop named.,yes,LOAN_PAYMENTS_BNPL_AND_EWA,bnpl,credit_loan_repayments,bnpl,credit_loan_repayments,bnpl,credit_loan_repayments,T4_dictionary,yes,yes,yes,yes,no
969,v3_volume,plaid,Uber,Uber,6.97,debit,taxi_rideshare,transport_motoring,Uber trip.,yes,TRAVEL_AND_TRANSPORTATION_TAXIS_AND_RIDE_SHARES,taxi_rideshare,transport_motoring,taxi_rideshare,transport_motoring,taxi_rideshare,transport_motoring,T4_dictionary,yes,yes,yes,yes,no
970,v3_volume,plaid,Screwfix,SCREWFIX DIRECT  ON 06 JUL CPM Screwfix,37.98,debit,tools,home_garden,Screwfix.,established,GENERAL_MERCHANDISE_FURNITURE_AND_HARDWARE,home_accessories,home_garden,home_accessories,home_garden,tools,home_garden,T4_dictionary,no,yes,yes,yes,no
971,v3_volume,plaid,Capital One,CAPITAL ONE       DE3E7B68-CA01-40B5TPP HSBC UK BANK PFP 18/06/25 10    19163057374134000N,59.99,debit,credit_card_repayment,credit_loan_repayments,Capital One card repayment.,yes,LOAN_PAYMENTS_CREDIT_CARD_PAYMENT,credit_card_repayment,credit_loan_repayments,credit_card_repayment,credit_loan_repayments,credit_card_repayment,credit_loan_repayments,T4_dictionary,yes,yes,yes,yes,no
972,v3_volume,plaid,Aldi,Contactless Payment ALDI 22 772 APPLEPAY 8561,24.62,debit,groceries,groceries_household_essentials,Aldi grocery debit.,established,FOOD_RETAIL_GROCERIES,groceries,groceries_household_essentials,groceries,groceries_household_essentials,groceries,groceries_household_essentials,T4_dictionary,yes,yes,yes,yes,no
973,v3_volume,plaid,Apple,7883 26SEP25      APPLE.COM/BILL    08001076285 IE,0.99,debit,software,digital_subscriptions_services,APPLE.COM/BILL.,established,GENERAL_MERCHANDISE_COMPUTERS_AND_ELECTRONICS,computing_devices,general_retail_marketplaces,computing_devices,general_retail_marketplaces,software,digital_subscriptions_services,T4_dictionary,no,yes,no,yes,no
974,v3_volume,plaid,Cd Bob Shop 03a,5841 06AUG25 CD   BOB SHOP 03A      BIRMINGHAM GB,8.9,debit,convenience_store,groceries_household_essentials,Bob Shop Birmingham convenience store.,no,DINING_OTHER_DINING,restaurant_cafe,eating_drinking_out,restaurant_cafe,eating_drinking_out,restaurant_cafe,eating_drinking_out,T6_native_fallback,no,no,no,no,no
975,v3_volume,plaid,Ruhi Stores LTD,PPOINT_*RUHI STORE,2.79,debit,convenience_store,groceries_household_essentials,PayPoint Ruhi Stores convenience.,yes,GENERAL_MERCHANDISE_CONVENIENCE_STORES,convenience_store,groceries_household_essentials,convenience_store,groceries_household_essentials,convenience_store,groceries_household_essentials,T6_native_fallback,yes,yes,yes,yes,no
976,v3_volume,plaid,O2,O2 D16281322,25.75,debit,mobile_phone_contract,utilities_household_bills,O2 contract debit.,yes,RENT_AND_UTILITIES_TELECOMMUNICATIONS,mobile_phone_contract,utilities_household_bills,mobile_phone_contract,utilities_household_bills,mobile_phone_contract,utilities_household_bills,T4_dictionary,yes,yes,yes,yes,no
977,v3_volume,plaid,White,White Horse Al - 20733,5.85,debit,pub_bar,eating_drinking_out,White Horse Alton pub.,yes,DINING_DINING,restaurant_cafe,eating_drinking_out,restaurant_cafe,eating_drinking_out,restaurant_cafe,eating_drinking_out,T6_native_fallback,no,no,yes,yes,no
978,v3_volume,plaid,K Steptoe,K STEPTOE  17AUG25 110666 12785562,15,debit,transfer_p2p,transfers,Override unclassified: debit to named person K Steptoe.,yes,TRANSFER_OUT_OTHER,unclassified_transfer,unclassified,unclassified_transfer,unclassified,transfer_p2p,transfers,T5_R02,no,yes,no,yes,no
979,v3_volume,plaid,Merseyside Entertainments,ARRIVA MERSEYSIDE,22,debit,public_transport_rail_coach,transport_motoring,Description is ARRIVA MERSEYSIDE bus; merchant string 'Entertainments' is a Plaid artefact.,yes,ENTERTAINMENT_CASINOS_AND_GAMBLING,gambling_unspecified,gambling,gambling_unspecified,gambling,gambling_unspecified,gambling,T6_native_fallback,no,no,no,no,no
980,v3_volume,plaid,SkyBet,SKY BET,10,debit,gambling_betting,gambling,Sky Bet.,yes,ENTERTAINMENT_CASINOS_AND_GAMBLING,gambling_unspecified,gambling,gambling_unspecified,gambling,gambling_betting,gambling,T4_dictionary,no,yes,yes,yes,no
981,v3_volume,plaid,Beenetwork,BEENETWORK.COM/CHA  ON 15 JUL CPM BEENETWORK.COM/CHARGES,2.8,debit,public_transport_rail_coach,transport_motoring,beenetwork.com is TfGM bus/tram fares.,established,RENT_AND_UTILITIES_RENT,rent,housing,rent,housing,public_transport_rail_coach,transport_motoring,T4_dictionary,no,yes,no,yes,yes
982,v3_volume,plaid,Smarkets,9696 23AUG25  D   SMARKETS          LONDON GB,20,debit,gambling_betting,gambling,Smarkets betting exchange.,yes,ENTERTAINMENT_CASINOS_AND_GAMBLING,gambling_unspecified,gambling,gambling_unspecified,gambling,gambling_unspecified,gambling,T6_native_fallback,no,no,yes,yes,no
983,v3_volume,plaid,Loqbox Grow,LOQBOX GROW       BRISTOL,16.96,debit,savings_transfer,savings_investments,Loqbox Grow is a savings-based credit-builder pot.,yes,LOAN_PAYMENTS_CREDIT_CARD_PAYMENT,credit_card_repayment,credit_loan_repayments,credit_card_repayment,credit_loan_repayments,revolving_credit_repayment,credit_loan_repayments,T4_dictionary,no,no,no,no,no
984,v3_volume,plaid,Sieena Smith San,SIEENA SMITH  SAN ACC FT,26,debit,transfer_p2p,transfers,Override unclassified: debit to named person Sieena Smith (Santander account memo).,yes,TRANSFER_OUT_OTHER,unclassified_transfer,unclassified,unclassified_transfer,unclassified,transfer_p2p,transfers,T4_dictionary,no,yes,no,yes,no
985,v3_volume,plaid,Varinder Bali,VARINDER BALI 400000001646322035,1000,debit,transfer_p2p,transfers,Debit to named person Varinder Bali.,yes,TRANSFER_OUT_OTHER,unclassified_transfer,unclassified,unclassified_transfer,unclassified,unclassified_transfer,unclassified,T6_native_fallback,no,no,no,no,no
986,v3_volume,plaid,Tate Members,Tate Members - SortCodeAccountNumber: 18000255405691,14.5,debit,memberships,entertainment_leisure,Tate Members gallery membership.,yes,TRANSFER_OUT_OTHER,unclassified_transfer,unclassified,unclassified_transfer,unclassified,unclassified_transfer,unclassified,T6_native_fallback,no,no,no,no,no
987,v3_volume,plaid,JD Wetherspoon,JD WETHERSPOON,12.63,debit,pub_bar,eating_drinking_out,JD Wetherspoon.,yes,DINING_DINING,restaurant_cafe,eating_drinking_out,restaurant_cafe,eating_drinking_out,restaurant_cafe,eating_drinking_out,T6_native_fallback,no,no,yes,yes,no
988,v3_volume,plaid,Oodle Car Finance,OODLE CAR FINANCE  250503110873645-01 DDR,210.71,debit,car_finance_repayment,credit_loan_repayments,Override returned_payment: Oodle Car Finance DDR debit with no UNP/reversal language.,established,LOAN_PAYMENTS_MORTGAGE_AND_AUTO,mortgage,housing,mortgage,housing,mortgage,housing,T6_native_fallback,no,no,no,no,no
989,v3_volume,plaid,Greggs,Greggs,3.35,debit,restaurant_cafe,eating_drinking_out,Greggs.,established,DINING_DINING,restaurant_cafe,eating_drinking_out,restaurant_cafe,eating_drinking_out,restaurant_cafe,eating_drinking_out,T4_dictionary,yes,yes,yes,yes,no
990,v3_volume,plaid,Clare Xx,CLARE  XX FT,60,debit,transfer_p2p,transfers,Named person Clare; native childcare is unsupported.,no,CHILDCARE_AND_EDUCATION_CHILDCARE_AND_EDUCATION,childcare,childcare_education,childcare,childcare_education,childcare,childcare_education,T6_native_fallback,no,no,no,no,no
991,v3_volume,plaid,Revolut,To Delaney Bowen manyonda - Sent from Revolut - SortCodeAccountNumber: 23147029606020,30,debit,transfer_p2p,transfers,Revolut send to named person Delaney Bowen Manyonda.,yes,TRANSFER_OUT_TRANSFER_OUT_FROM_APPS,transfer_p2p,transfers,transfer_p2p,transfers,transfer_own_account,transfers,T4_dictionary,yes,no,yes,yes,no
992,v3_volume,plaid,Deliveroo,Deliveroo,25.85,debit,takeaway,eating_drinking_out,Deliveroo.,established,DINING_DINING,restaurant_cafe,eating_drinking_out,restaurant_cafe,eating_drinking_out,takeaway,eating_drinking_out,T4_dictionary,no,yes,yes,yes,no
993,v3_volume,plaid,S Kenney,S KENNEY 200000001637103483,29.62,debit,transfer_p2p,transfers,Debit to named person S Kenney; native groceries is wrong.,no,FOOD_RETAIL_GROCERIES,groceries,groceries_household_essentials,groceries,groceries_household_essentials,transfer_p2p,transfers,T4_dictionary,no,yes,no,yes,no
994,v3_volume,plaid,Revolut,Hamza Belamri Sent from Revolut,-1000,credit,transfer_p2p,transfers,Revolut credit from named person Hamza Belamri.,yes,TRANSFER_IN_TRANSFER_IN_FROM_APPS,transfer_p2p,transfers,transfer_p2p,transfers,transfer_own_account,transfers,T4_dictionary,yes,no,yes,yes,no
995,v3_volume,plaid,Cd Lavazza Professional,4819 03OCT25 CD   LAVAZZA           PROFESSIONAL U    SWINDON GB,0.35,debit,confectionary,groceries_household_essentials,Lavazza Professional workplace coffee vending (£0.35).,established,DINING_COFFEE,restaurant_cafe,eating_drinking_out,restaurant_cafe,eating_drinking_out,restaurant_cafe,eating_drinking_out,T6_native_fallback,no,no,no,no,no
996,v3_volume,plaid,Rcn,RCN  0000476242-0011025 DDR,16.82,debit,trade_union,business_self_employment,RCN (Royal College of Nursing) membership DD.,established,RENT_AND_UTILITIES_INTERNET_AND_CABLE,broadband_tv_phone,utilities_household_bills,broadband_tv_phone,utilities_household_bills,trade_union,business_self_employment,T4_dictionary,no,yes,no,yes,yes
997,v3_volume,plaid,Sky,SKY DIGITAL,50.25,debit,broadband_tv_phone,utilities_household_bills,Sky Digital TV/broadband.,yes,RENT_AND_UTILITIES_TELECOMMUNICATIONS,mobile_phone_contract,utilities_household_bills,mobile_phone_contract,utilities_household_bills,broadband_tv_phone,utilities_household_bills,T4_dictionary,no,yes,yes,yes,no
998,v3_volume,plaid,Ascot Racecourse Betting & Gaming,Ascot Racecourse,79.4,debit,gambling_betting,gambling,"Merchant is Ascot Racecourse Betting & Gaming, so on-course betting not tickets.",yes,ENTERTAINMENT_CASINOS_AND_GAMBLING,gambling_unspecified,gambling,gambling_unspecified,gambling,gambling_betting,gambling,T4_dictionary,no,yes,yes,yes,no
999,v3_volume,plaid,Aaron Hall,Payment to AARON HALL 558104 24124443 2025-10-19,155,debit,transfer_p2p,transfers,Payment to named person Aaron Hall.,yes,TRANSFER_OUT_OTHER,unclassified_transfer,unclassified,unclassified_transfer,unclassified,unclassified_transfer,unclassified,T6_native_fallback,no,no,no,no,no
1000,v3_volume,plaid,Colchester Zoo,Colchester Zoo Commerc,6.5,debit,days_out,entertainment_leisure,Colchester Zoo admission/spend.,yes,ENTERTAINMENT_OTHER_ENTERTAINMENT,entertainment_other,entertainment_leisure,entertainment_other,entertainment_leisure,entertainment_other,entertainment_leisure,T6_native_fallback,no,no,yes,yes,no
1001,v3_volume,plaid,Asda,ASDA STORES,7.31,debit,groceries,groceries_household_essentials,Asda Stores grocery debit.,yes,FOOD_RETAIL_GROCERIES,groceries,groceries_household_essentials,groceries,groceries_household_essentials,groceries,groceries_household_essentials,T4_dictionary,yes,yes,yes,yes,no
1002,v3_volume,plaid,Monica Sundar Pv,MONICA SUNDAR PV6089138910136265,60,debit,transfer_p2p,transfers,Debit to named person Monica Sundar.,no,TRANSFER_OUT_OTHER,unclassified_transfer,unclassified,unclassified_transfer,unclassified,unclassified_transfer,unclassified,T6_native_fallback,no,no,no,no,no
1003,v3_volume,plaid,BP,BP RIVINGTON NORTH CD 2811,2,debit,fuel,transport_motoring,BP Rivington North forecourt.,established,TRAVEL_AND_TRANSPORTATION_OTHER_TRAVEL_AND_TRANSPORTATION,transport_other,transport_motoring,transport_other,transport_motoring,fuel,transport_motoring,T4_dictionary,no,yes,yes,yes,no
1004,v3_volume,plaid,Apple,APPLE.COM/BILL,2.99,debit,software,digital_subscriptions_services,APPLE.COM/BILL.,established,GENERAL_MERCHANDISE_COMPUTERS_AND_ELECTRONICS,computing_devices,general_retail_marketplaces,computing_devices,general_retail_marketplaces,software,digital_subscriptions_services,T4_dictionary,no,yes,no,yes,no
1005,v3_volume,plaid,TK Maxx,TK MAXX,30.19,debit,clothing_general,clothing_personal_care,Override department_store: TK Maxx gold/dictionary leaf is clothing_general.,established,GENERAL_MERCHANDISE_APPAREL_AND_ACCESSORIES,clothing_general,clothing_personal_care,clothing_general,clothing_personal_care,clothing_general,clothing_personal_care,T4_dictionary,yes,yes,yes,yes,no
1006,v3_volume,plaid,Let Insurance Serv,LET INSURANCE SERV  SU6WMNFE2V DDR,17.29,debit,insurance_home,insurance,"Let Insurance Services is landlord/let property insurance, closest to insurance_home not a generic other.",no,INSURANCE_AND_TAX_INSURANCE,insurance_general,insurance,insurance_general,insurance,insurance_general,insurance,T6_native_fallback,no,no,yes,yes,no
1007,v3_volume,plaid,Morrisons,Morrisons,15,debit,groceries,groceries_household_essentials,Morrisons supermarket.,yes,FOOD_RETAIL_GROCERIES,groceries,groceries_household_essentials,groceries,groceries_household_essentials,groceries,groceries_household_essentials,T4_dictionary,yes,yes,yes,yes,no
1008,v3_volume,plaid,Xero,XERO UK LTD       PQATABF8W0DPLBL8NU,44.4,debit,software,digital_subscriptions_services,Xero accounting software subscription.,yes,GENERAL_SERVICES_ACCOUNTING_AND_FINANCIAL_SERVICES,financial_services_other,credit_loan_repayments,financial_services_other,credit_loan_repayments,financial_services_other,credit_loan_repayments,T6_native_fallback,no,no,no,no,no
1009,v3_volume,plaid,Current,202622 00905364  MOBILE-CHANNEL FT Barclays current account,440,debit,transfer_bank_unspecified,transfers,Mobile faster payment to a Barclays current account without own-account evidence.,no,TRANSFER_OUT_OTHER,unclassified_transfer,unclassified,unclassified_transfer,unclassified,unclassified_other,unclassified,T4_dictionary,no,no,no,no,no
1010,v3_volume,plaid,Imogen Carter & M,Imogen Carter & M Urbanavicius,80,debit,transfer_p2p,transfers,Debit to named people Imogen Carter and Urbanavicius; native groceries is wrong.,no,FOOD_RETAIL_GROCERIES,groceries,groceries_household_essentials,groceries,groceries_household_essentials,groceries,groceries_household_essentials,T6_native_fallback,no,no,no,no,no
1011,v3_volume,plaid,Halfords,Halfords,66,debit,vehicle_maintenance,transport_motoring,Halfords.,established,GENERAL_MERCHANDISE_OTHER_GENERAL_MERCHANDISE,retail_other,general_retail_marketplaces,retail_other,general_retail_marketplaces,vehicle_maintenance,transport_motoring,T4_dictionary,no,yes,no,yes,no
1012,v3_volume,plaid,SkyBet,Sky Bet,5,debit,gambling_betting,gambling,Sky Bet.,yes,ENTERTAINMENT_CASINOS_AND_GAMBLING,gambling_unspecified,gambling,gambling_unspecified,gambling,gambling_betting,gambling,T4_dictionary,no,yes,yes,yes,no
1013,v3_volume,plaid,Sainsbury's,Sainsbury’s,2.38,debit,groceries,groceries_household_essentials,Sainsbury's supermarket.,established,FOOD_RETAIL_GROCERIES,groceries,groceries_household_essentials,groceries,groceries_household_essentials,groceries,groceries_household_essentials,T4_dictionary,yes,yes,yes,yes,no
1014,v3_volume,plaid,Westhill Golf Clu,CLR*WESTHILL GOLF,30,debit,sports_participation,entertainment_leisure,"Westhill Golf Club is golf participation, not a gym.",no,PERSONAL_CARE_GYMS_AND_FITNESS_CENTERS,gym_fitness,health_medical,gym_fitness,health_medical,gym_fitness,health_medical,T6_native_fallback,no,no,no,no,no
1015,v3_volume,plaid,Apple, Apple,0.29,debit,software,digital_subscriptions_services,Apple micro IAP/bill.,established,GENERAL_MERCHANDISE_OTHER_GENERAL_MERCHANDISE,retail_other,general_retail_marketplaces,retail_other,general_retail_marketplaces,software,digital_subscriptions_services,T4_dictionary,no,yes,no,yes,no
1016,v3_volume,plaid,Sujal Jasoliya,SUJAL JASOLIYA  SELF FT,10,debit,transfer_own_account,transfers,Sujal Jasoliya SELF FT: SELF memo is own-account evidence.,yes,TRANSFER_OUT_OTHER,unclassified_transfer,unclassified,unclassified_transfer,unclassified,unclassified_transfer,unclassified,T6_native_fallback,no,no,no,no,no
1017,v3_volume,plaid,SkyBet,SKY BET,5,debit,gambling_betting,gambling,Sky Bet.,yes,ENTERTAINMENT_CASINOS_AND_GAMBLING,gambling_unspecified,gambling,gambling_unspecified,gambling,gambling_betting,gambling,T4_dictionary,no,yes,yes,yes,no
1018,v3_volume,plaid,Jasmin Tao Hughes,Jasmin Tao Hughes Miss J Hughes,20,debit,transfer_p2p,transfers,Debit to named person Jasmin Tao Hughes / Miss J Hughes.,yes,TRANSFER_OUT_OTHER,unclassified_transfer,unclassified,unclassified_transfer,unclassified,transfer_p2p,transfers,T4_dictionary,no,yes,no,yes,no
1019,v3_volume,plaid,Tesla,Tesla Inc.,1.98,debit,fuel,transport_motoring,"Tesla Inc £1.98 automotive native is Supercharger/EV charging, labelled fuel like Be.EV.",no,TRAVEL_AND_TRANSPORTATION_AUTOMOTIVE,vehicle_maintenance,transport_motoring,vehicle_maintenance,transport_motoring,vehicle_maintenance,transport_motoring,T6_native_fallback,no,no,yes,yes,no
1020,v3_volume,plaid,Aaliyah Hodgson,AALIYAH HODGSON  I LOVE YOU FT,15.4,debit,transfer_p2p,transfers,Debit to named person Aaliyah Hodgson.,yes,TRANSFER_OUT_OTHER,unclassified_transfer,unclassified,unclassified_transfer,unclassified,transfer_p2p,transfers,T4_dictionary,no,yes,no,yes,no
1021,v3_volume,plaid,L Dykeman,L DYKEMAN 110620 12763960,20,debit,transfer_p2p,transfers,Named person L Dykeman; native groceries unsupported.,no,FOOD_RETAIL_GROCERIES,groceries,groceries_household_essentials,groceries,groceries_household_essentials,transfer_p2p,transfers,T5_R02,no,yes,no,yes,no
1022,v3_volume,plaid,Antony Adams,United Kingdom Account - Cash Antony Adams - SortCodeAccountNumber: 77580330981360,10,debit,transfer_p2p,transfers,Cash/send to named person Antony Adams.,yes,TRANSFER_OUT_OTHER,unclassified_transfer,unclassified,unclassified_transfer,unclassified,unclassified_transfer,unclassified,T6_native_fallback,no,no,no,no,no
1023,v3_volume,plaid,CO-OP,CO-OP GROUP 190338,34.95,debit,groceries,groceries_household_essentials,Co-op Group grocery.,established,FOOD_RETAIL_GROCERIES,groceries,groceries_household_essentials,groceries,groceries_household_essentials,groceries,groceries_household_essentials,T4_dictionary,yes,yes,yes,yes,no
1024,v3_volume,plaid,Brent Parking,Brent Parking,1.2,debit,car_parking,transport_motoring,Brent council parking.,yes,TRAVEL_AND_TRANSPORTATION_OTHER_TRAVEL_AND_TRANSPORTATION,transport_other,transport_motoring,transport_other,transport_motoring,car_parking,transport_motoring,T4_dictionary,no,yes,yes,yes,no
1025,v3_volume,plaid,Amazon,AMZNMktplace*5V4P9 CD 9118,26.99,debit,marketplace_amazon,general_retail_marketplaces,Amazon Marketplace.,established,GENERAL_MERCHANDISE_ONLINE_MARKETPLACES,marketplace_general,general_retail_marketplaces,marketplace_general,general_retail_marketplaces,marketplace_amazon,general_retail_marketplaces,T4_dictionary,no,yes,yes,yes,no
1026,v3_volume,plaid,Tesco,"TESCO STORES 2773 (VIA APPLE PAY), ON 17-07-2025",4,debit,groceries,groceries_household_essentials,Tesco Stores Apple Pay.,established,FOOD_RETAIL_GROCERIES,groceries,groceries_household_essentials,groceries,groceries_household_essentials,groceries,groceries_household_essentials,T4_dictionary,yes,yes,yes,yes,no
1027,v3_volume,plaid,British Gas,BRITISH GAS,10,debit,energy,utilities_household_bills,British Gas.,established,RENT_AND_UTILITIES_GAS_AND_ELECTRICITY,energy,utilities_household_bills,energy,utilities_household_bills,energy,utilities_household_bills,T4_dictionary,yes,yes,yes,yes,no
1028,v3_volume,plaid,National Express,NX BUS CONTACTLESS,3,debit,public_transport_rail_coach,transport_motoring,National Express / NX bus contactless.,yes,TRAVEL_AND_TRANSPORTATION_PUBLIC_TRANSIT,public_transport_rail_coach,transport_motoring,public_transport_rail_coach,transport_motoring,public_transport_rail_coach,transport_motoring,T4_dictionary,yes,yes,yes,yes,no
1029,v3_volume,plaid,jet2.com,JET2.COM ON-      LEEDS,158.4,debit,flights,travel_holidays,Jet2.com flight booking.,yes,TRAVEL_AND_TRANSPORTATION_FLIGHTS,flights,travel_holidays,flights,travel_holidays,flights,travel_holidays,T6_native_fallback,yes,yes,yes,yes,no
1030,v3_volume,plaid,Klarna,Klarna*AliExpress,14.54,debit,marketplace_general,general_retail_marketplaces,Override bnpl: Klarna*AliExpress — AliExpress is a non-Amazon marketplace.,yes,LOAN_PAYMENTS_BNPL_AND_EWA,bnpl,credit_loan_repayments,bnpl,credit_loan_repayments,bnpl,credit_loan_repayments,T4_dictionary,no,no,no,no,no
1031,v3_volume,plaid,CO-OP,8973 19JUL25 CD   CO-OP GROUP 070646STEVENAGE GB,5.35,debit,groceries,groceries_household_essentials,Co-op Group grocery.,established,FOOD_RETAIL_GROCERIES,groceries,groceries_household_essentials,groceries,groceries_household_essentials,groceries,groceries_household_essentials,T4_dictionary,yes,yes,yes,yes,no
1032,v3_volume,plaid,C Tsk Bread & Wine Limit,1030 01AUG25 C    TSK BREAD & WINE  LIMIT             SOUTHPORT GB,9.99,debit,alcohol_beer_spirits,groceries_household_essentials,TSK Bread & Wine Southport is a classic off-licence name; native dining is wrong.,no,DINING_DINING,restaurant_cafe,eating_drinking_out,restaurant_cafe,eating_drinking_out,restaurant_cafe,eating_drinking_out,T6_native_fallback,no,no,no,no,no
1033,v3_volume,plaid,Thefamilytr,8099 20JUL25  D   THEFAMILYTR       AVELCLUB          DUBLIN 2 IE,12,debit,memberships,entertainment_leisure,"THEFAMILYTR AVELCLUB Dublin £12 matches The Family Travel Club membership, not a holiday booking.",no,DINING_DINING,restaurant_cafe,eating_drinking_out,restaurant_cafe,eating_drinking_out,restaurant_cafe,eating_drinking_out,T6_native_fallback,no,no,no,no,no
1034,v3_volume,plaid,U.S. Post Office,POST OFFICE 117 ROSE LANE 15SEP 13.08 ATM,-30,credit,cash_deposit,cash,Post Office Rose Lane ATM credit; ATM credit = cash_deposit (Plaid misnames UK PO as U.S. Post Office).,no,TRANSFER_IN_CHECKS_AND_ATM,cash_deposit,cash,cash_deposit,cash,delivery_courier,general_retail_marketplaces,T4_dictionary,yes,no,yes,no,no
1035,v3_volume,plaid,Baby Kobin,To A/C 00675168   BABY KOBIN        Via Mobile Xfer,244.02,debit,transfer_p2p,transfers,Mobile transfer to Baby Kobin (named recipient).,yes,TRANSFER_OUT_OTHER,unclassified_transfer,unclassified,unclassified_transfer,unclassified,unclassified_transfer,unclassified,T6_native_fallback,no,no,no,no,no
1036,v3_volume,plaid,Lucky Bx,LUCKY BX,3,debit,gambling_unspecified,gambling,Lucky BX gambling operator without a reliable subtype.,yes,ENTERTAINMENT_CASINOS_AND_GAMBLING,gambling_unspecified,gambling,gambling_unspecified,gambling,gambling_unspecified,gambling,T6_native_fallback,yes,yes,yes,yes,no
1037,v3_volume,plaid,O2,O2 - SortCodeAccountNumber: 40025081265075,65.94,debit,mobile_phone_contract,utilities_household_bills,O2 contract.,yes,RENT_AND_UTILITIES_TELECOMMUNICATIONS,mobile_phone_contract,utilities_household_bills,mobile_phone_contract,utilities_household_bills,mobile_phone_contract,utilities_household_bills,T4_dictionary,yes,yes,yes,yes,no
1038,v3_volume,plaid,Amazon,Visa purchase Amazon.co.uk*RF1WH3RI4 2880,13.2,debit,marketplace_amazon,general_retail_marketplaces,Amazon.co.uk.,established,GENERAL_MERCHANDISE_ONLINE_MARKETPLACES,marketplace_general,general_retail_marketplaces,marketplace_general,general_retail_marketplaces,marketplace_amazon,general_retail_marketplaces,T4_dictionary,no,yes,yes,yes,no
1039,v3_volume,plaid,Hamilton Hall,Hamilton Hall,6.14,debit,pub_bar,eating_drinking_out,Hamilton Hall is the JD Wetherspoon pub at Liverpool Street station.,no,DINING_DINING,restaurant_cafe,eating_drinking_out,restaurant_cafe,eating_drinking_out,restaurant_cafe,eating_drinking_out,T6_native_fallback,no,no,yes,yes,no
1040,v3_volume,plaid,MetLife,METLIFE EUROPE DAC A7KTV000008FH1EMAQ,22,debit,insurance_life,insurance,MetLife Europe life/protection insurer.,established,INSURANCE_AND_TAX_INSURANCE,insurance_general,insurance,insurance_general,insurance,insurance_life,insurance,T4_dictionary,no,yes,yes,yes,yes
1041,v3_volume,plaid,Lowell Financial,LOWELL PORTFOLIO 1  00025060702504 DDR,8.54,debit,debt_collection,high_cost_distress_credit,Lowell Portfolio DDR.,established,GENERAL_SERVICES_ACCOUNTING_AND_FINANCIAL_SERVICES,financial_services_other,credit_loan_repayments,financial_services_other,credit_loan_repayments,debt_collection,high_cost_distress_credit,T4_dictionary,no,yes,no,yes,no
1042,v3_volume,plaid,Rocket Stores,CARD PAYMENT TO ROCKET STORES LTD ON 11-10-2025,21.65,debit,convenience_store,groceries_household_essentials,"Rocket Stores Ltd convenience (sometimes forecourt shop); £21.65 shop-sized, not clearly pump fuel.",no,TRAVEL_AND_TRANSPORTATION_OTHER_TRAVEL_AND_TRANSPORTATION,transport_other,transport_motoring,transport_other,transport_motoring,transport_other,transport_motoring,T6_native_fallback,no,no,no,no,no
1043,v3_volume,plaid,McDonald's,MCDONALDS,8.49,debit,takeaway,eating_drinking_out,McDonald's.,yes,DINING_DINING,restaurant_cafe,eating_drinking_out,restaurant_cafe,eating_drinking_out,takeaway,eating_drinking_out,T4_dictionary,no,yes,yes,yes,no
1044,v3_volume,plaid,Klarna,CARD PAYMENT TO KLARNA*EBAY ON 14-06-2025,8.72,debit,marketplace_general,general_retail_marketplaces,Override bnpl: Klarna*eBay — label eBay marketplace.,yes,LOAN_PAYMENTS_BNPL_AND_EWA,bnpl,credit_loan_repayments,bnpl,credit_loan_repayments,bnpl,credit_loan_repayments,T4_dictionary,no,no,no,no,no
1045,v3_volume,plaid,Amazon,AMAZON* RM30K0US4  ON 17 AUG BCC AMAZON.CO.UK,40.17,debit,marketplace_amazon,general_retail_marketplaces,Amazon.co.uk.,established,GENERAL_MERCHANDISE_ONLINE_MARKETPLACES,marketplace_general,general_retail_marketplaces,marketplace_general,general_retail_marketplaces,marketplace_amazon,general_retail_marketplaces,T4_dictionary,no,yes,yes,yes,no
1046,v3_volume,plaid,Sean Bruton Sean,SEAN BRUTON       SEAN              VIA MOBILE - PYMT FP 11/06/25 10    18094806331336000N,90,debit,transfer_p2p,transfers,Mobile payment to named person Sean Bruton.,yes,TRANSFER_OUT_OTHER,unclassified_transfer,unclassified,unclassified_transfer,unclassified,transfer_p2p,transfers,T4_dictionary,no,yes,no,yes,no
1047,v3_volume,plaid,Nicks Frui,SUMUP  *NICKS FRUI,3,debit,groceries_specialist,groceries_household_essentials,SumUp Nicks Fruit is a greengrocer.,no,DINING_OTHER_DINING,restaurant_cafe,eating_drinking_out,restaurant_cafe,eating_drinking_out,restaurant_cafe,eating_drinking_out,T6_native_fallback,no,no,no,no,no
1048,v3_volume,plaid,Irene Ochieng,Payment to IRENE OCHIENG 202963 43721205,50,debit,transfer_p2p,transfers,Payment to named person Irene Ochieng.,yes,TRANSFER_OUT_OTHER,unclassified_transfer,unclassified,unclassified_transfer,unclassified,unclassified_transfer,unclassified,T6_native_fallback,no,no,no,no,no
1049,v3_volume,plaid,Emily Matkin,EMILY MATKIN 200000001643382332,20,debit,transfer_p2p,transfers,Debit to named person Emily Matkin.,yes,TRANSFER_OUT_OTHER,unclassified_transfer,unclassified,unclassified_transfer,unclassified,unclassified_transfer,unclassified,T6_native_fallback,no,no,no,no,no
1050,v3_volume,plaid,Mandate No,"DIRECT DEBIT REVERSAL REF 3M9GMZE, MANDATE NO 0025",-5.18,credit,returned_payment,fees_charges,Override payment_intermediary: narrative is DIRECT DEBIT REVERSAL (UNP/reversal rule).,established,TRANSFER_IN_OTHER,unclassified_transfer,unclassified,unclassified_transfer,unclassified,unclassified_transfer,unclassified,T6_native_fallback,no,no,no,no,no
1051,v3_volume,plaid,A.rose Boutique,SQ *A.ROSE BOUTIQU,25,debit,clothing_general,clothing_personal_care,Square A.Rose Boutique clothing.,yes,GENERAL_MERCHANDISE_APPAREL_AND_ACCESSORIES,clothing_general,clothing_personal_care,clothing_general,clothing_personal_care,clothing_general,clothing_personal_care,T6_native_fallback,yes,yes,yes,yes,no
1052,v3_volume,plaid,Trainline,Visa purchase TRAINLINE APPLEPAY 9324,4.05,debit,public_transport_rail_coach,transport_motoring,Trainline.,yes,TRAVEL_AND_TRANSPORTATION_PUBLIC_TRANSIT,public_transport_rail_coach,transport_motoring,public_transport_rail_coach,transport_motoring,public_transport_rail_coach,transport_motoring,T6_native_fallback,yes,yes,yes,yes,no
1053,v3_volume,plaid,HM Revenue and Customs,HMRC CHILD BENEFIT  KELLY00LAURA920227 BGC,-60.55,credit,benefits_state,income_benefits_state_support,HMRC Child Benefit credit.,yes,TAX_REFUND_TAX_REFUND,tax_refund,income_other,tax_refund,income_other,tax_payment,council_tax_government,T4_dictionary,no,no,no,no,no
1054,v3_volume,plaid,C Peacehaven,3916 27AUG25 C    PEACEHAVEN*       PEACEHAVEN        BRIGHTON GB,9.3,debit,unclassified_other,unclassified,PEACEHAVEN* Brighton is a truncated town-level merchant; multiple real payees possible.,no,GENERAL_MERCHANDISE_OTHER_GENERAL_MERCHANDISE,retail_other,general_retail_marketplaces,retail_other,general_retail_marketplaces,transfer_p2p,transfers,T5_R02,no,no,no,no,no
1055,v3_volume,plaid,Poundland,7826 15AUG25 CD   POUNDLAND LTD -   1748              NEWCASTLE UPO GB,2,debit,discount_store,groceries_household_essentials,Poundland.,established,GENERAL_MERCHANDISE_OTHER_GENERAL_MERCHANDISE,retail_other,general_retail_marketplaces,retail_other,general_retail_marketplaces,discount_store,groceries_household_essentials,T4_dictionary,no,yes,no,yes,no
1056,v3_volume,plaid,The Range,7778 30JUN25 C    THE RANGE         DERBY GB,10.48,debit,home_accessories,home_garden,The Range home/garden general merchandise.,established,GENERAL_MERCHANDISE_FURNITURE_AND_HARDWARE,home_accessories,home_garden,home_accessories,home_garden,home_accessories,home_garden,T4_dictionary,yes,yes,yes,yes,no
1057,v3_volume,plaid,Deliveroo,7294 28SEP25  D   DELIVEROO         LONDON GB,23.25,debit,takeaway,eating_drinking_out,Deliveroo.,established,DINING_DINING,restaurant_cafe,eating_drinking_out,restaurant_cafe,eating_drinking_out,takeaway,eating_drinking_out,T4_dictionary,no,yes,yes,yes,no
1058,v3_volume,plaid,Amazon,Visa purchase Amazon.co.uk 8543,19.89,debit,marketplace_amazon,general_retail_marketplaces,Amazon.co.uk.,established,GENERAL_MERCHANDISE_ONLINE_MARKETPLACES,marketplace_general,general_retail_marketplaces,marketplace_general,general_retail_marketplaces,marketplace_amazon,general_retail_marketplaces,T4_dictionary,no,yes,yes,yes,no
1059,v3_volume,plaid,McDonald's,McDonalds 8261672,5,debit,takeaway,eating_drinking_out,McDonald's.,yes,DINING_DINING,restaurant_cafe,eating_drinking_out,restaurant_cafe,eating_drinking_out,takeaway,eating_drinking_out,T4_dictionary,no,yes,yes,yes,no
1060,v3_volume,plaid,Wise,Wise Payments Fee for 30.00 GBP Withdrawn BT Kiosk - ATM,0.5,debit,money_transfer_fee,fees_charges,"Wise fee for ATM withdrawal, not the cash itself.",established,TRANSFER_OUT_CHECKS_AND_ATM,cash_withdrawal,cash,cash_withdrawal,cash,cash_withdrawal,cash,T6_native_fallback,no,no,no,no,no
1061,v3_volume,plaid,Londis,CARD PAYMENT TO BOURNES LOCAL LONDIS ON 12-07-2025,1.75,debit,groceries,groceries_household_essentials,Bournes Local Londis is a symbol-group grocer → groceries.,yes,GENERAL_MERCHANDISE_CONVENIENCE_STORES,convenience_store,groceries_household_essentials,convenience_store,groceries_household_essentials,groceries,groceries_household_essentials,T4_dictionary,no,yes,yes,yes,no
1062,v3_volume,plaid,Aldi,ALDI 28 772  ON 16 JUL CLP Aldi,7.51,debit,groceries,groceries_household_essentials,Aldi.,established,FOOD_RETAIL_GROCERIES,groceries,groceries_household_essentials,groceries,groceries_household_essentials,groceries,groceries_household_essentials,T4_dictionary,yes,yes,yes,yes,no
1063,v3_volume,plaid,S Harris,S HARRIS 110868 11538166,30,debit,transfer_p2p,transfers,Debit to named person S Harris.,yes,TRANSFER_OUT_OTHER,unclassified_transfer,unclassified,unclassified_transfer,unclassified,transfer_p2p,transfers,T5_R02,no,yes,no,yes,no
1064,v3_volume,plaid,Sally Beauty,Sally Beauty,8,debit,health_beauty_general,clothing_personal_care,Sally Beauty is beauty-led retail without a pharmacy identity (not skin_hair_care-only).,no,PERSONAL_CARE_HAIR_AND_BEAUTY,skin_hair_care,clothing_personal_care,skin_hair_care,clothing_personal_care,skin_hair_care,clothing_personal_care,T4_dictionary,no,no,yes,yes,no
1065,v3_volume,plaid,Cd Oxford Food And Wine,6251 09AUG25 CD   OXFORD FOOD AND   WINE              READING GB,1.99,debit,alcohol_wine,groceries_household_essentials,Oxford Food and Wine Reading; liquor native and models agreed alcohol_wine off-licence.,yes,FOOD_RETAIL_LIQUOR_STORES,alcohol_beer_spirits,groceries_household_essentials,alcohol_beer_spirits,groceries_household_essentials,alcohol_beer_spirits,groceries_household_essentials,T6_native_fallback,no,no,yes,yes,no
1066,v3_volume,plaid,Spotify,CARD PAYMENT TO SPOTIFY ON 07-07-2025,5.99,debit,streaming,digital_subscriptions_services,Spotify.,yes,ENTERTAINMENT_MUSIC_VIDEO_GAMES_TV_AND_MOVIES,entertainment_other,entertainment_leisure,entertainment_other,entertainment_leisure,streaming,digital_subscriptions_services,T4_dictionary,no,yes,no,yes,no
1067,v3_volume,plaid,Food Bazaar,FOOD BAZAAR,7.42,debit,groceries_specialist,groceries_household_essentials,"Food Bazaar is a world-food grocer, not a full supermarket.",no,FOOD_RETAIL_GROCERIES,groceries,groceries_household_essentials,groceries,groceries_household_essentials,groceries,groceries_household_essentials,T6_native_fallback,no,no,yes,yes,no
1068,v3_volume,plaid,Wh Smith Whiston Hospital,Contactless Payment WH Smith Whiston Hospital APPLEPAY 2673,1.5,debit,newspapers,entertainment_leisure,WH Smith hospital kiosk is a newsagent; newspapers over books.,yes,DINING_OTHER_DINING,restaurant_cafe,eating_drinking_out,restaurant_cafe,eating_drinking_out,restaurant_cafe,eating_drinking_out,T6_native_fallback,no,no,no,no,no
1069,v3_volume,plaid,Warren James,9571 01SEP25 CD   WARREN JAMES      SKEGNESS GB,48.9,debit,jewellery,clothing_personal_care,Warren James jeweller.,yes,GENERAL_MERCHANDISE_APPAREL_AND_ACCESSORIES,clothing_general,clothing_personal_care,clothing_general,clothing_personal_care,clothing_general,clothing_personal_care,T6_native_fallback,no,no,yes,yes,no
1070,v3_volume,plaid,Amazon,AMZNMktplace*X07XB  ON 16 SEP BCC AMZNMKTPLACE,10.99,debit,marketplace_amazon,general_retail_marketplaces,Amazon Marketplace.,established,GENERAL_MERCHANDISE_ONLINE_MARKETPLACES,marketplace_general,general_retail_marketplaces,marketplace_general,general_retail_marketplaces,marketplace_amazon,general_retail_marketplaces,T4_dictionary,no,yes,yes,yes,no
1071,v3_volume,plaid,Heron Foods,HERON FOODS CD 9172,24.57,debit,groceries,groceries_household_essentials,Heron Foods food discounter.,established,FOOD_RETAIL_GROCERIES,groceries,groceries_household_essentials,groceries,groceries_household_essentials,groceries,groceries_household_essentials,T4_dictionary,yes,yes,yes,yes,no
1072,v3_volume,plaid,Klarna,Klarna*eBay  ON 26 AUG BCC KLARNA*EBAY,9.33,debit,marketplace_general,general_retail_marketplaces,Override bnpl: Klarna*eBay — label eBay.,yes,LOAN_PAYMENTS_BNPL_AND_EWA,bnpl,credit_loan_repayments,bnpl,credit_loan_repayments,bnpl,credit_loan_repayments,T4_dictionary,no,no,no,no,no
1073,v3_volume,plaid,Lowell Financial,LOWELL PORTFOLIO 1 00047373109904,20,debit,debt_collection,high_cost_distress_credit,Lowell Portfolio.,established,GENERAL_SERVICES_ACCOUNTING_AND_FINANCIAL_SERVICES,financial_services_other,credit_loan_repayments,financial_services_other,credit_loan_repayments,debt_collection,high_cost_distress_credit,T4_dictionary,no,yes,no,yes,no
1074,v3_volume,plaid,Mangopay,Payment from Mangopay S.a. - MGP Vinted,-17,credit,income_other_unspecified,income_other,"Mangopay credit from Vinted is identifiable Vinted marketplace proceeds (sale/refund on Vinted), not a bare intermediary. Adversarial direction fix: Mangopay/Vinted CREDIT cannot be marketplace spend. Seller payout vs buyer refund not unique; income_other_unspecified (v2 Vinted convention).",no,TRANSFER_IN_TRANSFER_IN_FROM_APPS,transfer_p2p,transfers,transfer_p2p,transfers,payment_intermediary,general_retail_marketplaces,T4_dictionary,no,no,no,no,no
1075,v3_volume,plaid,E.ON UK,1542 10OCT25  D   E.ON NEXT         COVENTRY GB,3.6,debit,energy,utilities_household_bills,E.ON Next.,yes,RENT_AND_UTILITIES_GAS_AND_ELECTRICITY,energy,utilities_household_bills,energy,utilities_household_bills,energy,utilities_household_bills,T6_native_fallback,yes,yes,yes,yes,no
1076,v3_volume,plaid,Transport for London,TFL TRAVEL CH,1.75,debit,public_transport_rail_coach,transport_motoring,TfL.,yes,TRAVEL_AND_TRANSPORTATION_PUBLIC_TRANSIT,public_transport_rail_coach,transport_motoring,public_transport_rail_coach,transport_motoring,public_transport_rail_coach,transport_motoring,T4_dictionary,yes,yes,yes,yes,no
1077,v3_volume,plaid,Zippa Loans,ZIPPA LOANS,40.1,debit,payday_loan,high_cost_distress_credit,Override personal_loan_repayment: Zippa Loans (Skyline Direct) is high-cost short-term credit.,yes,LOAN_PAYMENTS_PERSONAL_LOAN_PAYMENT,personal_loan_repayment,credit_loan_repayments,personal_loan_repayment,credit_loan_repayments,personal_loan_repayment,credit_loan_repayments,T4_dictionary,no,no,no,no,no
1078,v3_volume,plaid,Petplan,PET PLAN LTD PREM  568779703 /39421 DDR Pet Plan,14.29,debit,insurance_pet,pets,Override savings_transfer: PET PLAN LTD PREM is Petplan pet-insurance premium.,established,INSURANCE_AND_TAX_INSURANCE,insurance_general,insurance,insurance_general,insurance,insurance_general,insurance,T6_native_fallback,no,no,no,no,no
1079,v3_volume,plaid,Vinted,9506 11JUL25      MGP*VINTED        LONDON GB,22.5,debit,marketplace_general,general_retail_marketplaces,Vinted.,established,GENERAL_MERCHANDISE_ONLINE_MARKETPLACES,marketplace_general,general_retail_marketplaces,marketplace_general,general_retail_marketplaces,marketplace_general,general_retail_marketplaces,T4_dictionary,yes,yes,yes,yes,no
1080,v3_volume,plaid,Google Play,Google Play,1.99,debit,software,digital_subscriptions_services,Google Play.,established,ENTERTAINMENT_MUSIC_VIDEO_GAMES_TV_AND_MOVIES,entertainment_other,entertainment_leisure,entertainment_other,entertainment_leisure,software,digital_subscriptions_services,T4_dictionary,no,yes,no,yes,no
1081,v3_volume,plaid,Bet365,BET365,10,debit,gambling_betting,gambling,Bet365.,established,ENTERTAINMENT_CASINOS_AND_GAMBLING,gambling_unspecified,gambling,gambling_unspecified,gambling,gambling_betting,gambling,T4_dictionary,no,yes,yes,yes,no
1082,v3_volume,plaid,Clearpay,3642 29AUG25      CLEARPAY          CLEARPAY.CO.U GB,9.88,debit,bnpl,credit_loan_repayments,Clearpay instalment.,established,LOAN_PAYMENTS_BNPL_AND_EWA,bnpl,credit_loan_repayments,bnpl,credit_loan_repayments,bnpl,credit_loan_repayments,T4_dictionary,yes,yes,yes,yes,no
1083,v3_volume,plaid,Foodhub Cd,Foodhub CD 2031,15.74,debit,takeaway,eating_drinking_out,"Foodhub is a takeaway aggregator, not a grocer.",no,FOOD_RETAIL_GROCERIES,groceries,groceries_household_essentials,groceries,groceries_household_essentials,groceries,groceries_household_essentials,T6_native_fallback,no,no,no,no,no
1084,v3_volume,plaid,Al Madina Naz,Al Madina Naz Cash And,17.95,debit,groceries,groceries_household_essentials,"Al Madina Naz Cash And — name flags cash-and-carry wholesale. Adversarial: Al Madina Naz is a high-street supermarket/halal grocer, not Booker-style cash-and-carry.",no,FOOD_RETAIL_GROCERIES,groceries,groceries_household_essentials,groceries,groceries_household_essentials,groceries,groceries_household_essentials,T6_native_fallback,yes,yes,yes,yes,no
1085,v3_volume,plaid,Chaotic,CHAOTIC  ON 07 OCT BCC,2.7,debit,prize_competitions,gambling,Chaotic is a prize-draw/competition operator (v2 gold).,established,DINING_DINING,restaurant_cafe,eating_drinking_out,restaurant_cafe,eating_drinking_out,restaurant_cafe,eating_drinking_out,T6_native_fallback,no,no,no,no,no
1086,v3_volume,plaid,Uber,1916 23SEP25      UBER   *TRIP      HELP.UBER.COM GB,17.05,debit,taxi_rideshare,transport_motoring,Uber trip.,yes,TRAVEL_AND_TRANSPORTATION_TAXIS_AND_RIDE_SHARES,taxi_rideshare,transport_motoring,taxi_rideshare,transport_motoring,taxi_rideshare,transport_motoring,T4_dictionary,yes,yes,yes,yes,no
1087,v3_volume,plaid,P Mackie,P MACKIE   31AUG25,1000,debit,transfer_p2p,transfers,Override unclassified: debit to named person P Mackie.,yes,TRANSFER_OUT_OTHER,unclassified_transfer,unclassified,unclassified_transfer,unclassified,transfer_p2p,transfers,T5_R02,no,yes,no,yes,no
1088,v3_volume,plaid,Zilch,ZILCH SUNRISE KEBA,3.12,debit,takeaway,eating_drinking_out,Override bnpl: Zilch Sunrise Keba is Sunrise Kebab takeaway.,yes,LOAN_PAYMENTS_BNPL_AND_EWA,bnpl,credit_loan_repayments,bnpl,credit_loan_repayments,bnpl,credit_loan_repayments,T4_dictionary,no,no,no,no,no
1089,v3_volume,plaid,Klarna,6342 28JUN25      KLARNA*SPIRALUK   LONDON GB,50.49,debit,luggage_travel_goods,travel_holidays,Override bnpl: Klarna*SPIRALUK is Spiral backpacks.,yes,LOAN_PAYMENTS_BNPL_AND_EWA,bnpl,credit_loan_repayments,bnpl,credit_loan_repayments,bnpl,credit_loan_repayments,T4_dictionary,no,no,no,no,no
1090,v3_volume,plaid,Apple,8988 05AUG25  D   APPLE.COM/BILL    08001076285 IE,1.99,debit,software,digital_subscriptions_services,APPLE.COM/BILL.,established,GENERAL_MERCHANDISE_COMPUTERS_AND_ELECTRONICS,computing_devices,general_retail_marketplaces,computing_devices,general_retail_marketplaces,software,digital_subscriptions_services,T4_dictionary,no,yes,no,yes,no
1091,v3_volume,plaid,Novuna Personal Financ,PENDING NOVUNA PERSONAL FINANC,684.32,debit,personal_loan_repayment,credit_loan_repayments,Novuna Personal Finance is explicitly personal-loan repayment (not car finance).,yes,LOAN_PAYMENTS_PERSONAL_LOAN_PAYMENT,personal_loan_repayment,credit_loan_repayments,personal_loan_repayment,credit_loan_repayments,personal_loan_repayment,credit_loan_repayments,T4_dictionary,yes,yes,yes,yes,no
1092,v3_volume,plaid,DDR,PAYPAL PAYMENT  5ZEJ222DTBTWW DDR PayPal,4.7,debit,payment_intermediary,general_retail_marketplaces,PayPal DDR with no underlying merchant.,yes,TRANSFER_OUT_TRANSFER_OUT_FROM_APPS,transfer_p2p,transfers,transfer_p2p,transfers,transfer_p2p,transfers,T6_native_fallback,no,no,no,no,no
1093,v3_volume,plaid,Uber Eats,"UBER * EATS PENDING (VIA APPLE PAY), ON 09-09-2025",9.41,debit,takeaway,eating_drinking_out,Uber Eats.,established,DINING_DINING,restaurant_cafe,eating_drinking_out,restaurant_cafe,eating_drinking_out,takeaway,eating_drinking_out,T4_dictionary,no,yes,yes,yes,no
1094,v3_volume,plaid,Vinted,Vinted CD 4784,1.36,debit,marketplace_general,general_retail_marketplaces,Vinted.,established,GENERAL_MERCHANDISE_ONLINE_MARKETPLACES,marketplace_general,general_retail_marketplaces,marketplace_general,general_retail_marketplaces,marketplace_general,general_retail_marketplaces,T4_dictionary,yes,yes,yes,yes,no
1095,v3_volume,plaid,Google Play,Google *google Play Ap,4.99,debit,software,digital_subscriptions_services,Google Play.,established,ENTERTAINMENT_MUSIC_VIDEO_GAMES_TV_AND_MOVIES,entertainment_other,entertainment_leisure,entertainment_other,entertainment_leisure,software,digital_subscriptions_services,T4_dictionary,no,yes,no,yes,no
1096,v3_volume,plaid,East Riding of Yorkshire Council,EAST RIDING OF YOR ERLC679372190 FIRST DDR PAYMENT DDR,63,debit,council_tax,council_tax_government,East Riding of Yorkshire Council first DDR; council debit.,yes,GOVERNMENTS_AND_NON_PROFIT_GOVERNMENTS_AND_NON_PROFIT,council_tax,council_tax_government,council_tax,council_tax_government,council_tax,council_tax_government,T4_dictionary,yes,yes,yes,yes,no
1097,v3_volume,plaid,Canva,Canva* 04549-58603,13,debit,software,digital_subscriptions_services,Canva subscription.,established,GENERAL_MERCHANDISE_OTHER_GENERAL_MERCHANDISE,retail_other,general_retail_marketplaces,retail_other,general_retail_marketplaces,software,digital_subscriptions_services,T4_dictionary,no,yes,no,yes,no
1098,v3_volume,plaid,Tesco,Tesco from Virtual Card Pot,23.8,debit,groceries,groceries_household_essentials,Tesco (virtual card pot still Tesco groceries).,established,FOOD_RETAIL_GROCERIES,groceries,groceries_household_essentials,groceries,groceries_household_essentials,groceries,groceries_household_essentials,T4_dictionary,yes,yes,yes,yes,no
1099,v3_volume,plaid,M O Hanif,m o hanif                                bill,15,debit,transfer_p2p,transfers,Named person M O Hanif with bill memo; person-to-person bill share not energy supplier.,yes,RENT_AND_UTILITIES_GAS_AND_ELECTRICITY,energy,utilities_household_bills,energy,utilities_household_bills,energy,utilities_household_bills,T6_native_fallback,no,no,no,no,no
1100,v3_volume,plaid,AviaGames,9282 27JUL25      AVIAGAMES         HONG KONG HK,5,debit,gambling_unspecified,gambling,AviaGames Hong Kong runs real-money mobile competitions; gambling not ordinary gaming_mobile.,no,ENTERTAINMENT_CASINOS_AND_GAMBLING,gambling_unspecified,gambling,gambling_unspecified,gambling,gambling_unspecified,gambling,T6_native_fallback,yes,yes,yes,yes,no
1101,v3_volume,plaid,Kwiff,Kwiff  ON 02 SEP BCC,100,debit,gambling_betting,gambling,Kwiff sportsbook.,yes,ENTERTAINMENT_CASINOS_AND_GAMBLING,gambling_unspecified,gambling,gambling_unspecified,gambling,gambling_unspecified,gambling,T6_native_fallback,no,no,yes,yes,no
1102,v3_volume,plaid,By Rotation LTD,BY ROTATION LTD  ON 24 SEP BCC,47.15,debit,clothing_general,clothing_personal_care,By Rotation Ltd is a clothing-rental platform; clothing spend.,yes,GENERAL_MERCHANDISE_APPAREL_AND_ACCESSORIES,clothing_general,clothing_personal_care,clothing_general,clothing_personal_care,clothing_general,clothing_personal_care,T6_native_fallback,yes,yes,yes,yes,no
1103,v3_volume,plaid,Paddy Power,011311261 Paddy Power,-20,credit,gambling_unspecified,gambling,"Override gambling_betting: Paddy Power is a CREDIT (winnings); T1 gambling-credit leaf is gambling_unspecified, never spend.",established,INCOME_SALARY,salary,income_employment,salary,income_employment,gambling_betting,gambling,T4_dictionary,no,no,no,yes,no
1104,v3_volume,plaid,Crocseu,"CROCSEU (VIA APPLE PAY), ON 11-06-2025",63.73,debit,footwear,clothing_personal_care,CROCSEU is Crocs EU footwear.,yes,TRANSFER_OUT_OTHER,unclassified_transfer,unclassified,unclassified_transfer,unclassified,footwear,clothing_personal_care,T4_dictionary,no,yes,no,yes,no
1105,v3_volume,plaid,Klarna,KLARNA FSUK,21,debit,bnpl,credit_loan_repayments,"KLARNA FSUK is Klarna Financial Services UK (FCA entity; Emma lists 'KLARNA FSUK LONDON GBR' as a Klarna descriptor). No underlying shop in the narrative, so bnpl — same as bare Klarna / KLARNA*KLARNA in this file. FSUK-as-Frasers is a different descriptor; the Klarna prefix rules it out.",yes,LOAN_PAYMENTS_BNPL_AND_EWA,bnpl,credit_loan_repayments,bnpl,credit_loan_repayments,bnpl,credit_loan_repayments,T4_dictionary,yes,yes,yes,yes,no
1106,v3_volume,plaid,Nisa,NISA LOCAL  DRIFT STAMFORD,4.89,debit,groceries,groceries_household_essentials,Nisa Local is a symbol-group grocer.,established,FOOD_RETAIL_GROCERIES,groceries,groceries_household_essentials,groceries,groceries_household_essentials,groceries,groceries_household_essentials,T4_dictionary,yes,yes,yes,yes,no
1107,v3_volume,plaid,Hollie Duff,Hollie Duff,8,debit,transfer_p2p,transfers,Debit to named person Hollie Duff.,no,TRANSFER_OUT_OTHER,unclassified_transfer,unclassified,unclassified_transfer,unclassified,transfer_p2p,transfers,T4_dictionary,no,yes,no,yes,no
1108,v3_volume,plaid,Shell,Shell,2.15,debit,fuel,transport_motoring,Shell forecourt.,established,TRAVEL_AND_TRANSPORTATION_OTHER_TRAVEL_AND_TRANSPORTATION,transport_other,transport_motoring,transport_other,transport_motoring,fuel,transport_motoring,T4_dictionary,no,yes,yes,yes,no
1109,v3_volume,plaid,Clearpay,6458 14AUG25      CLEARPAY          MANCHESTER GB,11.18,debit,bnpl,credit_loan_repayments,Clearpay instalment.,established,LOAN_PAYMENTS_BNPL_AND_EWA,bnpl,credit_loan_repayments,bnpl,credit_loan_repayments,bnpl,credit_loan_repayments,T4_dictionary,yes,yes,yes,yes,no
1110,v3_volume,plaid,Betfair,BETFAIR,50,debit,gambling_betting,gambling,Betfair betting exchange.,established,ENTERTAINMENT_CASINOS_AND_GAMBLING,gambling_unspecified,gambling,gambling_unspecified,gambling,gambling_betting,gambling,T4_dictionary,no,yes,yes,yes,no
1111,v3_volume,plaid,Scottish Power,SCOTTISH POWER CD 9924,3,debit,energy,utilities_household_bills,Scottish Power.,established,RENT_AND_UTILITIES_GAS_AND_ELECTRICITY,energy,utilities_household_bills,energy,utilities_household_bills,energy,utilities_household_bills,T4_dictionary,yes,yes,yes,yes,no
1112,v3_volume,plaid,Thames Water,Thames Water,47.49,debit,water,utilities_household_bills,Thames Water.,yes,RENT_AND_UTILITIES_WATER,water,utilities_household_bills,water,utilities_household_bills,water,utilities_household_bills,T4_dictionary,yes,yes,yes,yes,no
1113,v3_volume,plaid,Grabtaxi,Grabtaxi,10.28,debit,taxi_rideshare,transport_motoring,Grabtaxi is Grab ride-hailing.,yes,TRAVEL_AND_TRANSPORTATION_TAXIS_AND_RIDE_SHARES,taxi_rideshare,transport_motoring,taxi_rideshare,transport_motoring,taxi_rideshare,transport_motoring,T4_dictionary,yes,yes,yes,yes,no
1114,v3_volume,plaid,MRQ,MrQ.com,10,debit,gambling_unspecified,gambling,Override gambling_bingo: MrQ.com offers bingo and casino; narrative does not pick a subtype.,established,ENTERTAINMENT_CASINOS_AND_GAMBLING,gambling_unspecified,gambling,gambling_unspecified,gambling,gambling_casino,gambling,T4_dictionary,yes,no,yes,yes,no
1115,v3_volume,plaid,Sky,Zilch Sky Digital Inte,88.58,debit,broadband_tv_phone,utilities_household_bills,"Zilch Sky Digital — label Sky TV/broadband, not BNPL.",yes,LOAN_PAYMENTS_BNPL_AND_EWA,bnpl,credit_loan_repayments,bnpl,credit_loan_repayments,broadband_tv_phone,utilities_household_bills,T4_dictionary,no,yes,no,yes,no
1116,v3_volume,plaid,T Collins,T COLLINS 300000001628062649,12,debit,transfer_p2p,transfers,Override unclassified: debit to named person T Collins.,yes,TRANSFER_OUT_OTHER,unclassified_transfer,unclassified,unclassified_transfer,unclassified,transfer_p2p,transfers,T5_R02,no,yes,no,yes,no
1117,v3_volume,plaid,B&M,Contactless Payment B&M 606 - CROSS.HANDS APPLEPAY 1237,8.97,debit,discount_store,groceries_household_essentials,B&M Cross Hands.,established,GENERAL_MERCHANDISE_DISCOUNT_STORES,discount_store,groceries_household_essentials,discount_store,groceries_household_essentials,discount_store,groceries_household_essentials,T4_dictionary,yes,yes,yes,yes,no
1118,v3_volume,plaid,Jaime Williams,Jaime Williams,62,debit,transfer_p2p,transfers,Override unclassified: debit to named person Jaime Williams.,yes,TRANSFER_OUT_OTHER,unclassified_transfer,unclassified,unclassified_transfer,unclassified,unclassified_transfer,unclassified,T6_native_fallback,no,no,no,no,no
1119,v3_volume,plaid,Clearpay,Clearpay  ON 08 AUG BCC,12.5,debit,bnpl,credit_loan_repayments,Clearpay instalment.,established,LOAN_PAYMENTS_BNPL_AND_EWA,bnpl,credit_loan_repayments,bnpl,credit_loan_repayments,bnpl,credit_loan_repayments,T4_dictionary,yes,yes,yes,yes,no
1120,v3_volume,plaid,Asda,Asda Stores4394,25.67,debit,groceries,groceries_household_essentials,Asda Stores grocery.,yes,FOOD_RETAIL_GROCERIES,groceries,groceries_household_essentials,groceries,groceries_household_essentials,groceries,groceries_household_essentials,T4_dictionary,yes,yes,yes,yes,no
1121,v3_volume,plaid,NCP,WWW.NCP.CO.UK,1.85,debit,car_parking,transport_motoring,NCP parking; native gambling is wrong.,yes,ENTERTAINMENT_CASINOS_AND_GAMBLING,gambling_unspecified,gambling,gambling_unspecified,gambling,car_parking,transport_motoring,T4_dictionary,no,yes,no,yes,no
1122,v3_volume,plaid,Ladislav Horvath,LADISLAV HORVATH  ME FT,100,debit,transfer_p2p,transfers,Override unclassified: debit to named person Ladislav Horvath.,yes,TRANSFER_OUT_OTHER,unclassified_transfer,unclassified,unclassified_transfer,unclassified,unclassified_transfer,unclassified,T6_native_fallback,no,no,no,no,no
1123,v3_volume,plaid,Two Thirds Beer Co,TWO THIRDS BEER COSHEFFIELD,23.8,debit,pub_bar,eating_drinking_out,"Override alcohol_beer_spirits: Two Thirds Beer Co Sheffield is a brewery taproom/bar, not an off-licence.",yes,FOOD_RETAIL_LIQUOR_STORES,alcohol_beer_spirits,groceries_household_essentials,alcohol_beer_spirits,groceries_household_essentials,alcohol_beer_spirits,groceries_household_essentials,T6_native_fallback,no,no,no,no,no
1124,v3_volume,plaid,McDonald's,Mcdonalds,3.89,debit,takeaway,eating_drinking_out,McDonald's.,yes,DINING_DINING,restaurant_cafe,eating_drinking_out,restaurant_cafe,eating_drinking_out,takeaway,eating_drinking_out,T4_dictionary,no,yes,yes,yes,no
1125,v3_volume,plaid,Mortimer S,Mortimer's,1.99,debit,unclassified_other,unclassified,Mortimer's £1.99 groceries native but several UK Mortimer's payees exist; narrative does not uniquely identify a grocer vs other.,no,FOOD_RETAIL_GROCERIES,groceries,groceries_household_essentials,groceries,groceries_household_essentials,groceries,groceries_household_essentials,T6_native_fallback,no,no,no,no,no
1126,v3_volume,plaid,Icelandair,Iceland,32.19,debit,groceries,groceries_household_essentials,"Plaid merchant Icelandair is a name collision; narrative is Iceland supermarket (FOOD_RETAIL_GROCERIES, £32.19).",established,FOOD_RETAIL_GROCERIES,groceries,groceries_household_essentials,groceries,groceries_household_essentials,groceries,groceries_household_essentials,T6_native_fallback,yes,yes,yes,yes,no
1127,v3_volume,plaid,Bazaar Food Hall,Bazaar Food Hall,43.5,debit,groceries_specialist,groceries_household_essentials,Bazaar Food Hall is a specialist/world-food hall.,yes,FOOD_RETAIL_GROCERIES,groceries,groceries_household_essentials,groceries,groceries_household_essentials,groceries,groceries_household_essentials,T6_native_fallback,no,no,yes,yes,no
1128,v3_volume,plaid,Hackney.gov.uk,HACKNEY.GOV.UK,50,debit,government_services,council_tax_government,"Hackney Council website payment; £50 could be parking, permit or other council charge, not uniquely council_tax.",yes,TRAVEL_AND_TRANSPORTATION_LODGING,accommodation,travel_holidays,accommodation,travel_holidays,accommodation,travel_holidays,T6_native_fallback,no,no,no,no,no
1129,v3_volume,plaid,Savannah Hare Fags,Savannah hare                            fags,23,debit,transfer_p2p,transfers,"Narrative 'fags' is UK cigarettes. Adversarial: debit to named person Savannah Hare; ""fags"" is a customer memo, not a tobacconist.",yes,TRANSFER_OUT_OTHER,unclassified_transfer,unclassified,unclassified_transfer,unclassified,unclassified_transfer,unclassified,T6_native_fallback,no,no,no,no,no
1130,v3_volume,plaid,Vitas Vending Machines Lt,VITAS VENDING MACH,0.25,debit,confectionary,groceries_household_essentials,Vending-machine confectionery.,established,FOOD_RETAIL_OTHER,groceries,groceries_household_essentials,groceries,groceries_household_essentials,confectionary,groceries_household_essentials,T4_dictionary,no,yes,yes,yes,yes
1131,v3_volume,plaid,SkyBet,SKY BET  ON 21 JUL BCC,60,debit,gambling_betting,gambling,Sky Bet sportsbook debit.,yes,ENTERTAINMENT_CASINOS_AND_GAMBLING,gambling_unspecified,gambling,gambling_unspecified,gambling,gambling_betting,gambling,T4_dictionary,no,yes,yes,yes,no
1132,v3_volume,plaid,Clearpay,Clearpay,36.25,debit,bnpl,credit_loan_repayments,Clearpay instalment; underlying shop not in narrative.,established,LOAN_PAYMENTS_BNPL_AND_EWA,bnpl,credit_loan_repayments,bnpl,credit_loan_repayments,bnpl,credit_loan_repayments,T4_dictionary,yes,yes,yes,yes,no
1133,v3_volume,plaid,Jigar Prajapati,Jigar Prajapati - SortCodeAccountNumber: 60840766881607,120,debit,transfer_p2p,transfers,Named-person Faster Payment; override unclassified_other.,yes,TRANSFER_OUT_OTHER,unclassified_transfer,unclassified,unclassified_transfer,unclassified,unclassified_transfer,unclassified,T6_native_fallback,no,no,no,no,no
1134,v3_volume,plaid,Premier Alder Stores,Premier Alder Stor  ON 25 JUL CPM PREMIER ALDER STORES,13,debit,groceries,groceries_household_essentials,Premier is a symbol-group grocer (brief: Spar/Nisa/Costcutter/Londis/Premier).,no,TRAVEL_AND_TRANSPORTATION_OTHER_TRAVEL_AND_TRANSPORTATION,transport_other,transport_motoring,transport_other,transport_motoring,transport_other,transport_motoring,T6_native_fallback,no,no,no,no,no
1135,v3_volume,plaid,LC International,LC International L 0800440011      GB  ,10,debit,gambling_betting,gambling,LC International is a sports-betting operator.,yes,ENTERTAINMENT_CASINOS_AND_GAMBLING,gambling_unspecified,gambling,gambling_unspecified,gambling,gambling_betting,gambling,T4_dictionary,no,yes,yes,yes,no
1136,v3_volume,plaid,Dilip Kumar Yadav,DILIP KUMAR YADAV  RENT FT,200,debit,rent,housing,Named payee with explicit RENT memo.,yes,RENT_AND_UTILITIES_RENT,rent,housing,rent,housing,rent,housing,T4_dictionary,yes,yes,yes,yes,no
1137,v3_volume,plaid,Birdwell Convenience Stor,BIRDWELL CONVENIEN,1,debit,convenience_store,groceries_household_essentials,Named convenience store.,yes,GENERAL_MERCHANDISE_CONVENIENCE_STORES,convenience_store,groceries_household_essentials,convenience_store,groceries_household_essentials,convenience_store,groceries_household_essentials,T4_dictionary,yes,yes,yes,yes,no
1138,v3_volume,plaid,Klarna,KLARNA*SHEIN.CO.UK,4.46,debit,clothing_general,clothing_personal_care,Klarna*SHEIN: intermediary with identifiable merchant; Shein is clothing not bnpl.,yes,LOAN_PAYMENTS_BNPL_AND_EWA,bnpl,credit_loan_repayments,bnpl,credit_loan_repayments,bnpl,credit_loan_repayments,T4_dictionary,no,no,no,no,no
1139,v3_volume,plaid,Tesco,LNK TESCO SH DI RD,110,debit,cash_withdrawal,cash,LNK (LINK) ATM at Tesco; native CHECKS_AND_ATM; override established groceries.,established,TRANSFER_OUT_CHECKS_AND_ATM,cash_withdrawal,cash,cash_withdrawal,cash,groceries,groceries_household_essentials,T4_dictionary,yes,no,yes,no,no
1140,v3_volume,plaid,Netflix,4097 05AUG25      NETFLIX.COM       LOS GATOS GB,5.99,debit,streaming,digital_subscriptions_services,Netflix subscription.,established,ENTERTAINMENT_MUSIC_VIDEO_GAMES_TV_AND_MOVIES,entertainment_other,entertainment_leisure,entertainment_other,entertainment_leisure,streaming,digital_subscriptions_services,T4_dictionary,no,yes,no,yes,no
1141,v3_volume,plaid,Capital One,CAPITAL ONE,15,debit,credit_card_repayment,credit_loan_repayments,Capital One card repayment.,yes,LOAN_PAYMENTS_CREDIT_CARD_PAYMENT,credit_card_repayment,credit_loan_repayments,credit_card_repayment,credit_loan_repayments,credit_card_repayment,credit_loan_repayments,T4_dictionary,yes,yes,yes,yes,no
1142,v3_volume,plaid,Bpo Collections Ltfirst,REVERSAL OF 10-10 BPO COLLECTIONS LTFIRST PAYMENT,-6.5,credit,returned_payment,fees_charges,REVERSAL OF BPO Collections first payment; UNP/reversal rule. BPO is a debt collector but the txn is a reversal credit.,no,LOAN_PAYMENTS_CREDIT_CARD_PAYMENT,credit_card_repayment,credit_loan_repayments,credit_card_repayment,credit_loan_repayments,credit_card_repayment,credit_loan_repayments,T6_native_fallback,no,no,no,no,no
1143,v3_volume,plaid,BetVictor,BETVICTOR LIMITED,-20,credit,gambling_unspecified,gambling,"BetVictor credit is betting winnings, not income. T1: bookmaker CREDIT is winnings → gambling_unspecified, not the spend subtype.",established,ENTERTAINMENT_CASINOS_AND_GAMBLING,gambling_unspecified,gambling,gambling_unspecified,gambling,gambling_betting,gambling,T4_dictionary,yes,no,yes,yes,no
1144,v3_volume,plaid,Caddy Comps LTD,CADDY COMPS LTD,7.9,debit,prize_competitions,gambling,Caddy Comps prize-draw platform.,established,GENERAL_MERCHANDISE_APPAREL_AND_ACCESSORIES,clothing_general,clothing_personal_care,clothing_general,clothing_personal_care,clothing_general,clothing_personal_care,T6_native_fallback,no,no,no,no,no
1145,v3_volume,plaid,Klarna,2422 17SEP25  D   KLARNA*BAZAAR     GROUP             LONDON GB,16.66,debit,bnpl,credit_loan_repayments,"Klarna*BAZAAR GROUP London; Bazaar Food Hall vs other Bazaar entities not unique, so do not force a shop leaf.",yes,LOAN_PAYMENTS_BNPL_AND_EWA,bnpl,credit_loan_repayments,bnpl,credit_loan_repayments,bnpl,credit_loan_repayments,T4_dictionary,yes,yes,yes,yes,no
1146,v3_volume,plaid,The Dubliner,The Dubliner,12,debit,pub_bar,eating_drinking_out,The Dubliner pub.,yes,DINING_DINING,restaurant_cafe,eating_drinking_out,restaurant_cafe,eating_drinking_out,pub_bar,eating_drinking_out,T4_dictionary,no,yes,yes,yes,no
1147,v3_volume,plaid,HM Revenue and Customs,HMRC CHILD BENEFIT 08323226,-60.55,credit,benefits_state,income_benefits_state_support,HMRC Child Benefit credit.,yes,INCOME_SALARY,salary,income_employment,salary,income_employment,tax_payment,council_tax_government,T4_dictionary,no,no,no,no,no
1148,v3_volume,plaid,Sompting Convenience Stor,SOMPTING CONVENIEN,25.1,debit,convenience_store,groceries_household_essentials,Named convenience store.,yes,TRAVEL_AND_TRANSPORTATION_OTHER_TRAVEL_AND_TRANSPORTATION,transport_other,transport_motoring,transport_other,transport_motoring,convenience_store,groceries_household_essentials,T4_dictionary,no,yes,no,yes,no
1149,v3_volume,plaid,Just Eat,CARD PAYMENT TO JUST EAT ON 12-06-2025,29.71,debit,takeaway,eating_drinking_out,Just Eat delivery.,yes,DINING_DINING,restaurant_cafe,eating_drinking_out,restaurant_cafe,eating_drinking_out,takeaway,eating_drinking_out,T4_dictionary,no,yes,yes,yes,no
1150,v3_volume,plaid,eBay,eBay,53.65,debit,marketplace_general,general_retail_marketplaces,eBay; not Amazon.,established,GENERAL_MERCHANDISE_ONLINE_MARKETPLACES,marketplace_general,general_retail_marketplaces,marketplace_general,general_retail_marketplaces,marketplace_general,general_retail_marketplaces,T4_dictionary,yes,yes,yes,yes,no
1151,v3_volume,plaid,Vinted,"VINTED (VIA APPLE PAY), ON 05-09-2025",46.6,debit,marketplace_general,general_retail_marketplaces,Vinted; not Amazon.,established,GENERAL_MERCHANDISE_ONLINE_MARKETPLACES,marketplace_general,general_retail_marketplaces,marketplace_general,general_retail_marketplaces,marketplace_general,general_retail_marketplaces,T4_dictionary,yes,yes,yes,yes,no
1152,v3_volume,plaid,William Hill,Visa credit WILLIAMHILL*INTERNET,-50.67,credit,gambling_unspecified,gambling,William Hill credit is betting winnings; native INCOME_SALARY is wrong. T1: William Hill visa credit is winnings → gambling_unspecified.,established,INCOME_SALARY,salary,income_employment,salary,income_employment,gambling_betting,gambling,T4_dictionary,no,no,no,yes,no
1153,v3_volume,plaid,Aldi,ALDI 25 780       PLYMOUTH PL4,26.6,debit,groceries,groceries_household_essentials,Aldi food discounter.,established,FOOD_RETAIL_GROCERIES,groceries,groceries_household_essentials,groceries,groceries_household_essentials,groceries,groceries_household_essentials,T4_dictionary,yes,yes,yes,yes,no
1154,v3_volume,plaid,Audi,Solen Auto Point AUDI KEY,-250,credit,refund_received,income_other,Credit from Solen Auto Point for an Audi key; retailer/garage credit is a refund not spend.,no,TRAVEL_AND_TRANSPORTATION_AUTOMOTIVE,vehicle_maintenance,transport_motoring,vehicle_maintenance,transport_motoring,vehicle_maintenance,transport_motoring,T6_native_fallback,no,no,no,no,no
1155,v3_volume,plaid,Asda,VISA Debit Transaction ASDA LIVING PETERBOROU,7,debit,home_accessories,home_garden,"ASDA LIVING is George clothing/homeware, not a food supermarket; override groceries.",yes,FOOD_RETAIL_GROCERIES,groceries,groceries_household_essentials,groceries,groceries_household_essentials,groceries,groceries_household_essentials,T4_dictionary,no,no,no,no,no
1156,v3_volume,plaid,Klarna,KLARNA FSUK,42.99,debit,bnpl,credit_loan_repayments,"KLARNA FSUK is Klarna Financial Services UK (FCA entity; Emma lists 'KLARNA FSUK LONDON GBR' as a Klarna descriptor). No underlying shop in the narrative, so bnpl — same as bare Klarna / KLARNA*KLARNA in this file. FSUK-as-Frasers is a different descriptor; the Klarna prefix rules it out.",yes,LOAN_PAYMENTS_BNPL_AND_EWA,bnpl,credit_loan_repayments,bnpl,credit_loan_repayments,bnpl,credit_loan_repayments,T4_dictionary,yes,yes,yes,yes,no
1157,v3_volume,plaid,Sony Playstation,PlayStation Networ  ON 25 JUL BCC PLAYSTATION NETWORK,19.99,debit,gaming_console_pc,entertainment_leisure,PlayStation Network.,yes,ENTERTAINMENT_MUSIC_VIDEO_GAMES_TV_AND_MOVIES,entertainment_other,entertainment_leisure,entertainment_other,entertainment_leisure,entertainment_other,entertainment_leisure,T6_native_fallback,no,no,yes,yes,no
1158,v3_volume,plaid,William Hill,William Hill,250,debit,gambling_betting,gambling,William Hill debit.,established,ENTERTAINMENT_CASINOS_AND_GAMBLING,gambling_unspecified,gambling,gambling_unspecified,gambling,gambling_betting,gambling,T4_dictionary,no,yes,yes,yes,no
1159,v3_volume,plaid,tombola,1630 08AUG25  D   TOMBOLA           TOMBOLA UK GI,5,debit,gambling_bingo,gambling,tombola bingo.,established,ENTERTAINMENT_CASINOS_AND_GAMBLING,gambling_unspecified,gambling,gambling_unspecified,gambling,gambling_bingo,gambling,T4_dictionary,no,yes,yes,yes,no
1160,v3_volume,plaid,Morley's,Morley's  ON 25 JUL CPM MORLEY'S,6.79,debit,takeaway,eating_drinking_out,Morley's fried-chicken takeaway.,yes,FOOD_RETAIL_GROCERIES,groceries,groceries_household_essentials,groceries,groceries_household_essentials,groceries,groceries_household_essentials,T6_native_fallback,no,no,no,no,no
1161,v3_volume,plaid,Exchanged To Sol,Exchanged to SOL,1,debit,crypto,savings_investments,Exchanged to SOL reads as a Solana crypto conversion.,no,TRANSFER_OUT_OTHER,unclassified_transfer,unclassified,unclassified_transfer,unclassified,crypto,savings_investments,T5_R04,no,yes,no,yes,no
1162,v3_volume,plaid,Cd Esso Creekmoor,4214 02OCT25 CD   ESSO CREEKMOOR    DORSET GB,50,debit,fuel,transport_motoring,Esso forecourt Creekmoor.,yes,TRAVEL_AND_TRANSPORTATION_OTHER_TRAVEL_AND_TRANSPORTATION,transport_other,transport_motoring,transport_other,transport_motoring,fuel,transport_motoring,T4_dictionary,no,yes,yes,yes,no
1163,v3_volume,plaid,Uber Eats,UBER   *EATS,20.22,debit,takeaway,eating_drinking_out,Uber Eats.,established,DINING_DINING,restaurant_cafe,eating_drinking_out,restaurant_cafe,eating_drinking_out,takeaway,eating_drinking_out,T4_dictionary,no,yes,yes,yes,no
1164,v3_volume,plaid,Uber,Visa purchase UBER *TRIP 7653 2025-06-01,4.98,debit,taxi_rideshare,transport_motoring,Uber trip.,yes,TRAVEL_AND_TRANSPORTATION_TAXIS_AND_RIDE_SHARES,taxi_rideshare,transport_motoring,taxi_rideshare,transport_motoring,taxi_rideshare,transport_motoring,T4_dictionary,yes,yes,yes,yes,no
1165,v3_volume,plaid,Dos Gr,6036 16SEP25 CD   ATLANTICA PRINCESSRODOS GR,125.36,debit,accommodation,travel_holidays,"Atlantica Princess hotel, Rhodes (GR).",yes,TRAVEL_AND_TRANSPORTATION_LODGING,accommodation,travel_holidays,accommodation,travel_holidays,accommodation,travel_holidays,T6_native_fallback,yes,yes,yes,yes,no
1166,v3_volume,plaid,118 118 Money,CARD PAYMENT TO 118 MONEY CREDIT ON 25-07-2025,105.08,debit,payday_loan,high_cost_distress_credit,118 118 Money high-cost credit.,yes,LOAN_PAYMENTS_PERSONAL_LOAN_PAYMENT,personal_loan_repayment,credit_loan_repayments,personal_loan_repayment,credit_loan_repayments,payday_loan,high_cost_distress_credit,T4_dictionary,no,yes,no,yes,no
1167,v3_volume,plaid,CO-OP,CO-OP GROUP 017191,9.41,debit,groceries,groceries_household_essentials,Co-op food store.,established,FOOD_RETAIL_GROCERIES,groceries,groceries_household_essentials,groceries,groceries_household_essentials,groceries,groceries_household_essentials,T4_dictionary,yes,yes,yes,yes,no
1168,v3_volume,plaid,Oghale Olakpe,Payment to OGHALE OLAKPE 042909 13560735,200,debit,transfer_p2p,transfers,Named-person Faster Payment.,no,TRANSFER_OUT_OTHER,unclassified_transfer,unclassified,unclassified_transfer,unclassified,transfer_p2p,transfers,T4_dictionary,no,yes,no,yes,no
1169,v3_volume,plaid,Microsoft Xbox,MICROSOFT*ULTIMATE,14.99,debit,gaming_console_pc,entertainment_leisure,Xbox Game Pass Ultimate.,yes,ENTERTAINMENT_MUSIC_VIDEO_GAMES_TV_AND_MOVIES,entertainment_other,entertainment_leisure,entertainment_other,entertainment_leisure,entertainment_other,entertainment_leisure,T6_native_fallback,no,no,yes,yes,no
1170,v3_volume,plaid,Turnpike Filling Stati,Turnpike Filling Stati,2.34,debit,fuel,transport_motoring,Turnpike filling station; tiny forecourt amount still fuel.,yes,TRAVEL_AND_TRANSPORTATION_OTHER_TRAVEL_AND_TRANSPORTATION,transport_other,transport_motoring,transport_other,transport_motoring,fuel,transport_motoring,T4_dictionary,no,yes,yes,yes,no
1171,v3_volume,plaid,Uber,"Card 53, Uber   *Trip",7.97,debit,taxi_rideshare,transport_motoring,Uber trip.,yes,TRAVEL_AND_TRANSPORTATION_TAXIS_AND_RIDE_SHARES,taxi_rideshare,transport_motoring,taxi_rideshare,transport_motoring,taxi_rideshare,transport_motoring,T4_dictionary,yes,yes,yes,yes,no
1172,v3_volume,plaid,Aldi,ALDI STORES  ON 18 AUG BCC Aldi,187.25,debit,groceries,groceries_household_essentials,Aldi.,established,FOOD_RETAIL_GROCERIES,groceries,groceries_household_essentials,groceries,groceries_household_essentials,groceries,groceries_household_essentials,T4_dictionary,yes,yes,yes,yes,no
1173,v3_volume,plaid,Tamar,Tamar Crownhill,5,debit,pub_bar,eating_drinking_out,"The Tamar, Crownhill Plymouth (Greene King pub); override unclassified.",yes,TRAVEL_AND_TRANSPORTATION_OTHER_TRAVEL_AND_TRANSPORTATION,transport_other,transport_motoring,transport_other,transport_motoring,transport_other,transport_motoring,T6_native_fallback,no,no,no,no,no
1174,v3_volume,plaid,Transport for London,Transport for London,5,debit,public_transport_rail_coach,transport_motoring,TfL travel.,yes,TRAVEL_AND_TRANSPORTATION_PUBLIC_TRANSIT,public_transport_rail_coach,transport_motoring,public_transport_rail_coach,transport_motoring,public_transport_rail_coach,transport_motoring,T4_dictionary,yes,yes,yes,yes,no
1175,v3_volume,plaid,Taxi,Taxi 1079 Estacional,14.85,debit,taxi_rideshare,transport_motoring,Taxi.,yes,TRAVEL_AND_TRANSPORTATION_TAXIS_AND_RIDE_SHARES,taxi_rideshare,transport_motoring,taxi_rideshare,transport_motoring,taxi_rideshare,transport_motoring,T6_native_fallback,yes,yes,yes,yes,no
1176,v3_volume,plaid,Zable,ZABLE CARD        3LTUOXOVA4A3EPWYDUSWP TRUELAYER LIMIFP 04/08/25 40    59195259280706000N,30,debit,credit_card_repayment,credit_loan_repayments,Zable is a UK credit-builder card; TrueLayer pay-in.,no,LOAN_PAYMENTS_CREDIT_CARD_PAYMENT,credit_card_repayment,credit_loan_repayments,credit_card_repayment,credit_loan_repayments,credit_card_repayment,credit_loan_repayments,T6_native_fallback,yes,yes,yes,yes,no
1177,v3_volume,plaid,Google Play,Google Play Apps,9.99,debit,software,digital_subscriptions_services,Google Play app purchase.,established,ENTERTAINMENT_MUSIC_VIDEO_GAMES_TV_AND_MOVIES,entertainment_other,entertainment_leisure,entertainment_other,entertainment_leisure,software,digital_subscriptions_services,T4_dictionary,no,yes,no,yes,no
1178,v3_volume,plaid,Current,208441 00943932  OPTIONAL FT Barclays current account,15,debit,transfer_bank_unspecified,transfers,Transfer labelled Barclays current account without own-account evidence (no 'to myself'/Own Transfers).,yes,TRANSFER_OUT_OTHER,unclassified_transfer,unclassified,unclassified_transfer,unclassified,unclassified_other,unclassified,T4_dictionary,no,no,no,no,no
1179,v3_volume,plaid,Antonie,ANTONIE-ADRIAN TOM  TICKET FT,10,debit,transfer_p2p,transfers,Named person; TICKET memo is still P2P.,yes,TRANSFER_OUT_OTHER,unclassified_transfer,unclassified,unclassified_transfer,unclassified,unclassified_transfer,unclassified,T6_native_fallback,no,no,no,no,no
1180,v3_volume,plaid,Tesco,7886 31AUG25 CD   TESCO STORES 2799 LLANTRISANT GB,41.65,debit,groceries,groceries_household_essentials,Tesco store.,established,FOOD_RETAIL_GROCERIES,groceries,groceries_household_essentials,groceries,groceries_household_essentials,groceries,groceries_household_essentials,T4_dictionary,yes,yes,yes,yes,no
1181,v3_volume,plaid,Budgens,BUDGENS GALLOWGATE  ON 25 AUG CPM BUDGENS GALLOWGATE PHF,1,debit,convenience_store,groceries_household_essentials,Budgens neighbourhood convenience grocer (v2 gold convention).,established,FOOD_RETAIL_GROCERIES,groceries,groceries_household_essentials,groceries,groceries_household_essentials,groceries,groceries_household_essentials,T4_dictionary,no,no,yes,yes,no
1182,v3_volume,plaid,Mandate,"DIRECT DEBIT REVERSAL REF GB26314734-000011, MANDATE NO 0017",-66.95,credit,returned_payment,fees_charges,DIRECT DEBIT REVERSAL.,yes,TRANSFER_IN_OTHER,unclassified_transfer,unclassified,unclassified_transfer,unclassified,unclassified_transfer,unclassified,T6_native_fallback,no,no,no,no,no
1183,v3_volume,plaid,Transport for London,Contactless Payment TFL TRAVEL CH 5976,3.5,debit,public_transport_rail_coach,transport_motoring,TfL contactless.,yes,TRAVEL_AND_TRANSPORTATION_PUBLIC_TRANSIT,public_transport_rail_coach,transport_motoring,public_transport_rail_coach,transport_motoring,public_transport_rail_coach,transport_motoring,T4_dictionary,yes,yes,yes,yes,no
1184,v3_volume,plaid,Stephen Angela,STEPHEN           ANGELA            VIA MOBILE - PYMT FP 23/06/25 10    05114433905332000R,50,debit,transfer_p2p,transfers,Named-person mobile payment.,yes,TRANSFER_OUT_OTHER,unclassified_transfer,unclassified,unclassified_transfer,unclassified,transfer_p2p,transfers,T4_dictionary,no,yes,no,yes,no
1185,v3_volume,plaid,Amazon,PENDING AMZNMKTPLACE,11.99,debit,marketplace_amazon,general_retail_marketplaces,Amazon Marketplace.,established,GENERAL_MERCHANDISE_ONLINE_MARKETPLACES,marketplace_general,general_retail_marketplaces,marketplace_general,general_retail_marketplaces,marketplace_amazon,general_retail_marketplaces,T4_dictionary,no,yes,yes,yes,no
1186,v3_volume,plaid,Outdoor,PYD*go4outdoor.com,16.75,debit,clothing_outdoor,clothing_personal_care,PYD*go4outdoor.com is the go4outdoor.com outdoor-gear site (not GO Outdoors); camping/outdoor kit. Adversarial: go4outdoor.com is mixed outdoor clothing/kit; both models agreed clothing_outdoor. Do not force camping_equipment.,yes,GENERAL_MERCHANDISE_SPORTING_GOODS,sportswear,clothing_personal_care,sportswear,clothing_personal_care,sportswear,clothing_personal_care,T6_native_fallback,no,no,yes,yes,no
1187,v3_volume,plaid,Easy Saver,EASY SAVER,8,debit,savings_transfer,savings_investments,Easy Saver pot.,established,TRANSFER_OUT_SAVINGS,savings_transfer,savings_investments,savings_transfer,savings_investments,savings_transfer,savings_investments,T6_native_fallback,yes,yes,yes,yes,no
1188,v3_volume,plaid,Cd Ridgewood Stores,8213 15JUL25 CD   RIDGEWOOD STORES  LTD               UCKFIELD GB,6.55,debit,convenience_store,groceries_household_essentials,Ridgewood Stores independent convenience.,yes,GENERAL_MERCHANDISE_APPAREL_AND_ACCESSORIES,clothing_general,clothing_personal_care,clothing_general,clothing_personal_care,clothing_general,clothing_personal_care,T6_native_fallback,no,no,no,no,no
1189,v3_volume,plaid,Coastfields Leisure,8481 20AUG25      COASTFIELDS       LEISURE LT        MABLETHORPE GB,6.24,debit,unclassified_card_spend,unclassified,Coastfields Leisure is a Mablethorpe caravan/holiday park; £6.24 is on-park spend at that operator. Adversarial: £6.24 cannot be a holiday booking; unidentified on-park card spend.,no,ENTERTAINMENT_EVENTS_AND_TICKETS,live_music,entertainment_leisure,live_music,entertainment_leisure,live_music,entertainment_leisure,T6_native_fallback,no,no,no,no,no
1190,v3_volume,plaid,Tesco,3295 03AUG25 CD   TESCO STORES 6161 WEST MIDLANDS GB,26.98,debit,groceries,groceries_household_essentials,Tesco store.,established,FOOD_RETAIL_GROCERIES,groceries,groceries_household_essentials,groceries,groceries_household_essentials,groceries,groceries_household_essentials,T4_dictionary,yes,yes,yes,yes,no
1191,v3_volume,plaid,Marriott,MARRIOTT J F/CA LASHES 36135555553955000R,-30,credit,transfer_p2p,transfers,Credit from person MARRIOTT J with memo F/CA LASHES; not a Marriott hotel refund.,established,TRAVEL_AND_TRANSPORTATION_LODGING,accommodation,travel_holidays,accommodation,travel_holidays,accommodation,travel_holidays,T6_native_fallback,no,no,no,no,no
1192,v3_volume,plaid,Savers Health & Beauty,Contactless Payment SAVERS HEALTH & BEAUTY,1.59,debit,health_beauty_general,clothing_personal_care,"Savers is beauty-led, not pharmacy.",established,PERSONAL_CARE_HAIR_AND_BEAUTY,skin_hair_care,clothing_personal_care,skin_hair_care,clothing_personal_care,health_beauty_general,clothing_personal_care,T4_dictionary,no,yes,yes,yes,yes
1193,v3_volume,plaid,Revolut,Asma  Alhamedi - To Asma Ali Mohammed Alhamedi - Sent from Revolut - IBAN: GB57REVO00997015270245,2,debit,transfer_p2p,transfers,Revolut send to named person Asma Alhamedi; not own-account.,no,TRANSFER_OUT_OTHER,unclassified_transfer,unclassified,unclassified_transfer,unclassified,transfer_own_account,transfers,T4_dictionary,no,no,no,yes,no
1194,v3_volume,plaid,Funding Circle,FUNDING CIRCLE    3RJEPFN,184.16,debit,business_loan_repayment,business_self_employment,"Funding Circle is SME lending, not a personal loan.",yes,LOAN_PAYMENTS_PERSONAL_LOAN_PAYMENT,personal_loan_repayment,credit_loan_repayments,personal_loan_repayment,credit_loan_repayments,personal_loan_repayment,credit_loan_repayments,T6_native_fallback,no,no,no,no,no
1195,v3_volume,plaid,Bb-samsung,BB-SAMSUNG,2.89,debit,unclassified_other,unclassified,BB-SAMSUNG cannot be resolved to a product (billing bureau vs device); do not guess.,established,GENERAL_MERCHANDISE_COMPUTERS_AND_ELECTRONICS,computing_devices,general_retail_marketplaces,computing_devices,general_retail_marketplaces,unclassified_other,unclassified,T4_dictionary,no,yes,no,yes,yes
1196,v3_volume,plaid,Transport for London,TFL TRAVEL CH,6.4,debit,public_transport_rail_coach,transport_motoring,TfL.,yes,TRAVEL_AND_TRANSPORTATION_PUBLIC_TRANSIT,public_transport_rail_coach,transport_motoring,public_transport_rail_coach,transport_motoring,public_transport_rail_coach,transport_motoring,T4_dictionary,yes,yes,yes,yes,no
1197,v3_volume,plaid,Monzo,Monzo account - Car expense 1 Amy Roeks - SortCodeAccountNumber: 04000454215445,260,debit,transfer_p2p,transfers,Monzo payment naming Amy Roeks; person named so not own-account.,yes,TRANSFER_OUT_OTHER,unclassified_transfer,unclassified,unclassified_transfer,unclassified,transfer_own_account,transfers,T4_dictionary,no,no,no,yes,no
1198,v3_volume,plaid,Lucifer Nagle,LUCIFER NAGLE 600000001654851641,1200,debit,transfer_p2p,transfers,Named-person debit £1200; no rent memo so not rent.,yes,TRAVEL_AND_TRANSPORTATION_OTHER_TRAVEL_AND_TRANSPORTATION,transport_other,transport_motoring,transport_other,transport_motoring,transport_other,transport_motoring,T6_native_fallback,no,no,no,no,no
1199,v3_volume,plaid,Transport for London,CARD PAYMENT TO TFL TRAVEL CH ON 27-08-2025,1.75,debit,public_transport_rail_coach,transport_motoring,TfL.,yes,TRAVEL_AND_TRANSPORTATION_PUBLIC_TRANSIT,public_transport_rail_coach,transport_motoring,public_transport_rail_coach,transport_motoring,public_transport_rail_coach,transport_motoring,T4_dictionary,yes,yes,yes,yes,no
1200,v3_volume,plaid,Pets At Home,PETS AT HOME LTD,30.53,debit,pet_supplies,pets,Pets at Home.,established,PET_CARE_AND_SUPPLIES_PET_SUPPLIES,pet_supplies,pets,pet_supplies,pets,pet_supplies,pets,T4_dictionary,yes,yes,yes,yes,no
1201,v3_volume,plaid,Katarzyna Sutor Sebs,KATARZYNA SUTOR                          Sebs bills,100,debit,transfer_p2p,transfers,Named person; 'Sebs bills' is a memo.,yes,TRANSFER_OUT_OTHER,unclassified_transfer,unclassified,unclassified_transfer,unclassified,unclassified_transfer,unclassified,T6_native_fallback,no,no,no,no,no
1202,v3_volume,plaid,Zilch,Zilch,3.86,debit,bnpl,credit_loan_repayments,Zilch; underlying shop not shown.,yes,LOAN_PAYMENTS_BNPL_AND_EWA,bnpl,credit_loan_repayments,bnpl,credit_loan_repayments,bnpl,credit_loan_repayments,T4_dictionary,yes,yes,yes,yes,no
1203,v3_volume,plaid,Uber,Ubr* Pending.uber.com,13.65,debit,taxi_rideshare,transport_motoring,Uber pending.,yes,TRAVEL_AND_TRANSPORTATION_TAXIS_AND_RIDE_SHARES,taxi_rideshare,transport_motoring,taxi_rideshare,transport_motoring,taxi_rideshare,transport_motoring,T4_dictionary,yes,yes,yes,yes,no
1204,v3_volume,plaid,E.ON UK,E.ON NEXT,10,debit,energy,utilities_household_bills,E.ON Next.,yes,RENT_AND_UTILITIES_GAS_AND_ELECTRICITY,energy,utilities_household_bills,energy,utilities_household_bills,energy,utilities_household_bills,T6_native_fallback,yes,yes,yes,yes,no
1205,v3_volume,plaid,Greggs,GREGGS PLC  ON 23 OCT CPM Greggs,1.3,debit,restaurant_cafe,eating_drinking_out,Greggs.,established,DINING_DINING,restaurant_cafe,eating_drinking_out,restaurant_cafe,eating_drinking_out,restaurant_cafe,eating_drinking_out,T4_dictionary,yes,yes,yes,yes,no
1206,v3_volume,plaid,Promest,Promest,10.02,debit,unclassified_other,unclassified,Promest Ltd not uniquely identifiable as a medical product despite native MEDICAL.,yes,MEDICAL_OTHER_MEDICAL,health_other,health_medical,health_other,health_medical,health_other,health_medical,T6_native_fallback,no,no,no,no,no
1207,v3_volume,plaid,Halifax Loan,HALIFAX LOAN 100218114515,154.7,debit,personal_loan_repayment,credit_loan_repayments,Halifax Loan.,yes,LOAN_PAYMENTS_PERSONAL_LOAN_PAYMENT,personal_loan_repayment,credit_loan_repayments,personal_loan_repayment,credit_loan_repayments,personal_loan_repayment,credit_loan_repayments,T6_native_fallback,yes,yes,yes,yes,no
1208,v3_volume,plaid,Bolt,Bolt (by Stackblitz),88.77,debit,software,digital_subscriptions_services,"Bolt (by StackBlitz) is an AI coding product, not Bolt taxi; debit cannot be salary_gig.",established,TRAVEL_AND_TRANSPORTATION_TAXIS_AND_RIDE_SHARES,taxi_rideshare,transport_motoring,taxi_rideshare,transport_motoring,taxi_rideshare,transport_motoring,T4_dictionary,no,no,no,no,no
1209,v3_volume,plaid,Mobilerecha,PAYPAL *MOBILERECH,8.67,debit,mobile_phone_contract,utilities_household_bills,PayPal *MOBILERECH is a mobile top-up/recharge.,yes,TRANSFER_OUT_TRANSFER_OUT_FROM_APPS,transfer_p2p,transfers,transfer_p2p,transfers,transfer_p2p,transfers,T6_native_fallback,no,no,no,no,no
1210,v3_volume,plaid,Hastew,8133 19JUN25      PAYPAL *HASTEW6   35314369001 GB,3.89,debit,unclassified_other,unclassified,PayPal *HASTEW6; do not guess shop type from unknown PayPal*NAME.,yes,TRANSFER_OUT_TRANSFER_OUT_FROM_APPS,transfer_p2p,transfers,transfer_p2p,transfers,transfer_p2p,transfers,T6_native_fallback,no,no,no,no,no
1211,v3_volume,plaid,Domestic & General,D&G APPLIANCE CARE,8.4,debit,insurance_general,insurance,Domestic & General appliance-care insurance.,established,INSURANCE_AND_TAX_INSURANCE,insurance_general,insurance,insurance_general,insurance,insurance_general,insurance,T6_native_fallback,yes,yes,yes,yes,no
1212,v3_volume,plaid,Uber Eats,5327 24AUG25  D   UBER   * EATS     PENDING           LONDON GB,25.17,debit,takeaway,eating_drinking_out,Uber Eats.,established,DINING_DINING,restaurant_cafe,eating_drinking_out,restaurant_cafe,eating_drinking_out,takeaway,eating_drinking_out,T4_dictionary,no,yes,yes,yes,no
1213,v3_volume,plaid,Virgin Media,Visa purchase VIRGIN MEDIA PYMTS,50,debit,broadband_tv_phone,utilities_household_bills,Virgin Media.,established,RENT_AND_UTILITIES_INTERNET_AND_CABLE,broadband_tv_phone,utilities_household_bills,broadband_tv_phone,utilities_household_bills,broadband_tv_phone,utilities_household_bills,T4_dictionary,yes,yes,yes,yes,no
1214,v3_volume,plaid,MonopolyGO!,INT'L 0000702213  MONOPOLY CASINO   WWW.MONOPOLYC,10,debit,gambling_casino,gambling,Narrative is MONOPOLY CASINO (not Monopoly GO the mobile game).,yes,ENTERTAINMENT_CASINOS_AND_GAMBLING,gambling_unspecified,gambling,gambling_unspecified,gambling,gambling_casino,gambling,T4_dictionary,no,yes,yes,yes,no
1215,v3_volume,plaid,Rimi Naujoji,Rimi Naujoji,57.01,debit,groceries,groceries_household_essentials,Rimi Naujoji is a Rimi Baltic supermarket (Lithuania).,yes,TRANSFER_OUT_OTHER,unclassified_transfer,unclassified,unclassified_transfer,unclassified,unclassified_transfer,unclassified,T6_native_fallback,no,no,no,no,no
1216,v3_volume,plaid,Churchills,Churchills Fish N Chip,18.29,debit,takeaway,eating_drinking_out,Churchills fish and chips.,yes,DINING_DINING,restaurant_cafe,eating_drinking_out,restaurant_cafe,eating_drinking_out,restaurant_cafe,eating_drinking_out,T6_native_fallback,no,no,yes,yes,no
1217,v3_volume,plaid,SkyBet,Visa purchase SKY BET 4782,10,debit,gambling_betting,gambling,Sky Bet.,yes,ENTERTAINMENT_CASINOS_AND_GAMBLING,gambling_unspecified,gambling,gambling_unspecified,gambling,gambling_betting,gambling,T4_dictionary,no,yes,yes,yes,no
1218,v3_volume,plaid,Uber Eats,UBER   * EATS PEND,24.8,debit,takeaway,eating_drinking_out,Uber Eats.,established,DINING_DINING,restaurant_cafe,eating_drinking_out,restaurant_cafe,eating_drinking_out,takeaway,eating_drinking_out,T4_dictionary,no,yes,yes,yes,no
1219,v3_volume,plaid,Summer Lane Service Stati,SUMMER LANE SERVIC,50,debit,fuel,transport_motoring,Summer Lane service station / filling station.,no,GENERAL_SERVICES_OTHER_SERVICES,business_services,business_self_employment,business_services,business_self_employment,business_services,business_self_employment,T6_native_fallback,no,no,no,no,no
1220,v3_volume,plaid,Mr R Mckay Revolt,MR R MCKAY (REVOLT,10,debit,transfer_p2p,transfers,Mr R McKay via Revolut; named person.,no,DINING_DINING,restaurant_cafe,eating_drinking_out,restaurant_cafe,eating_drinking_out,transfer_p2p,transfers,T5_R01,no,yes,no,yes,no
1221,v3_volume,plaid,Dixy Chicken,Dixy Chicken Tottenha Dixy Chicken Tottenham,4,debit,takeaway,eating_drinking_out,Dixy Chicken.,yes,DINING_DINING,restaurant_cafe,eating_drinking_out,restaurant_cafe,eating_drinking_out,takeaway,eating_drinking_out,T4_dictionary,no,yes,yes,yes,no
1222,v3_volume,plaid,CO-OP,CO-OP GROUP FOOD  UXBRIDGE,23.9,debit,groceries,groceries_household_essentials,Co-op food.,established,FOOD_RETAIL_GROCERIES,groceries,groceries_household_essentials,groceries,groceries_household_essentials,groceries,groceries_household_essentials,T4_dictionary,yes,yes,yes,yes,no
1223,v3_volume,plaid,My Starling,MY STARLING 100000001592143472,10.69,debit,transfer_own_account,transfers,MY STARLING is an own Starling account/pot.,yes,TRANSFER_OUT_OTHER,unclassified_transfer,unclassified,unclassified_transfer,unclassified,transfer_own_account,transfers,T4_dictionary,no,yes,no,yes,no
1224,v3_volume,plaid,Ivy Casino,IVY CASINO,10,debit,gambling_casino,gambling,Ivy Casino.,yes,ENTERTAINMENT_CASINOS_AND_GAMBLING,gambling_unspecified,gambling,gambling_unspecified,gambling,gambling_casino,gambling,T4_dictionary,no,yes,yes,yes,no
1225,v3_volume,plaid,Capital One,Account - PBB00016353862 Capital One - SortCodeAccountNumber: 40025081077082,50,debit,credit_card_repayment,credit_loan_repayments,Capital One.,yes,LOAN_PAYMENTS_CREDIT_CARD_PAYMENT,credit_card_repayment,credit_loan_repayments,credit_card_repayment,credit_loan_repayments,credit_card_repayment,credit_loan_repayments,T4_dictionary,yes,yes,yes,yes,no
1226,v3_volume,plaid,Klarna,Klarna,36.66,debit,bnpl,credit_loan_repayments,Klarna; shop not shown.,yes,LOAN_PAYMENTS_BNPL_AND_EWA,bnpl,credit_loan_repayments,bnpl,credit_loan_repayments,bnpl,credit_loan_repayments,T4_dictionary,yes,yes,yes,yes,no
1227,v3_volume,plaid,TSGN,TSGN SN SHOREHAM-B  ON 31 AUG CLP TSGN SN SHOREHAM-BY-SE,2.35,debit,public_transport_rail_coach,transport_motoring,TSGN SN Shoreham-by-Sea is Govia Thameslink/Southern rail.,no,TRAVEL_AND_TRANSPORTATION_OTHER_TRAVEL_AND_TRANSPORTATION,transport_other,transport_motoring,transport_other,transport_motoring,transport_other,transport_motoring,T6_native_fallback,no,no,yes,yes,no
1228,v3_volume,plaid,Premier Vet,PREMIER VET ALLIAN,21.5,debit,veterinary,pets,Premier Vet Alliance administers vet health plans (explicitly not insurance); v2 gold veterinary.,yes,PET_CARE_AND_SUPPLIES_VETERINARY_SERVICES,veterinary,pets,veterinary,pets,veterinary,pets,T4_dictionary,yes,yes,yes,yes,no
1229,v3_volume,plaid,Capital One,CAPITAL ONE XXXXXXXXXXXX0071,453.09,debit,credit_card_repayment,credit_loan_repayments,Capital One.,yes,LOAN_PAYMENTS_CREDIT_CARD_PAYMENT,credit_card_repayment,credit_loan_repayments,credit_card_repayment,credit_loan_repayments,credit_card_repayment,credit_loan_repayments,T4_dictionary,yes,yes,yes,yes,no
1230,v3_volume,plaid,Elvis Stoica,Elvis Stoica - To Elvis S - IBAN: GB09REVO00997031070372,10,debit,transfer_p2p,transfers,Named person via Revolut.,yes,TRANSFER_OUT_OTHER,unclassified_transfer,unclassified,unclassified_transfer,unclassified,unclassified_transfer,unclassified,T6_native_fallback,no,no,no,no,no
1231,v3_volume,plaid,Cd Harbour,1348 09AUG25 CD   HARBOUR ARMS      MARGATE GB,17.8,debit,pub_bar,eating_drinking_out,"Harbour Arms, Margate.",yes,DINING_DINING,restaurant_cafe,eating_drinking_out,restaurant_cafe,eating_drinking_out,restaurant_cafe,eating_drinking_out,T6_native_fallback,no,no,yes,yes,no
1232,v3_volume,plaid,Covent Garden,Sq *covent Garden,3.5,debit,unclassified_card_spend,unclassified,"Square *Covent Garden; many possible payees, narrative does not disambiguate.",no,GENERAL_MERCHANDISE_OTHER_GENERAL_MERCHANDISE,retail_other,general_retail_marketplaces,retail_other,general_retail_marketplaces,retail_other,general_retail_marketplaces,T6_native_fallback,no,no,no,no,no
1233,v3_volume,plaid,Zilch,Zilch Selecta U.K. Lim,2.7,debit,confectionary,groceries_household_essentials,"Zilch with Selecta UK; Selecta is vending, so label the shop not bnpl.",no,LOAN_PAYMENTS_BNPL_AND_EWA,bnpl,credit_loan_repayments,bnpl,credit_loan_repayments,bnpl,credit_loan_repayments,T4_dictionary,no,no,no,no,no
1234,v3_volume,plaid,Apple,APPLE.COM/BILL,0.99,debit,software,digital_subscriptions_services,Apple.com/bill App Store.,established,GENERAL_MERCHANDISE_COMPUTERS_AND_ELECTRONICS,computing_devices,general_retail_marketplaces,computing_devices,general_retail_marketplaces,software,digital_subscriptions_services,T4_dictionary,no,yes,no,yes,no
1235,v3_volume,plaid,Tesco,TESCO STORES 3113,12.07,debit,groceries,groceries_household_essentials,Tesco store.,established,FOOD_RETAIL_GROCERIES,groceries,groceries_household_essentials,groceries,groceries_household_essentials,groceries,groceries_household_essentials,T4_dictionary,yes,yes,yes,yes,no
1236,v3_volume,plaid,Apple,APPLE.COM/BILL IRELAND ON 28 AUG CPM,3.49,debit,software,digital_subscriptions_services,Apple App Store.,established,GENERAL_MERCHANDISE_COMPUTERS_AND_ELECTRONICS,computing_devices,general_retail_marketplaces,computing_devices,general_retail_marketplaces,software,digital_subscriptions_services,T4_dictionary,no,yes,no,yes,no
1237,v3_volume,plaid,Kurdistan Tand,Kurdistan Tand,2.2,debit,takeaway,eating_drinking_out,Kurdistan Tandoori Naan is a takeaway/sandwich shop.,no,TRANSFER_OUT_OTHER,unclassified_transfer,unclassified,unclassified_transfer,unclassified,unclassified_transfer,unclassified,T6_native_fallback,no,no,no,no,no
1238,v3_volume,plaid,Bolt,Bolt,7.2,debit,taxi_rideshare,transport_motoring,Bolt debit £7.20 is a taxi ride; established salary_gig is the Esso/salary-style trap (direction + product).,established,TRAVEL_AND_TRANSPORTATION_TAXIS_AND_RIDE_SHARES,taxi_rideshare,transport_motoring,taxi_rideshare,transport_motoring,taxi_rideshare,transport_motoring,T4_dictionary,yes,yes,yes,yes,no
1239,v3_volume,plaid,Zilch,Zilch Instalment,48,debit,bnpl,credit_loan_repayments,Zilch instalment; shop not shown.,yes,LOAN_PAYMENTS_BNPL_AND_EWA,bnpl,credit_loan_repayments,bnpl,credit_loan_repayments,bnpl,credit_loan_repayments,T4_dictionary,yes,yes,yes,yes,no
1240,v3_volume,plaid,Temu,3551 31JUL25      TEMU.COM          LONDON GB,7.43,debit,marketplace_general,general_retail_marketplaces,Temu marketplace; not Amazon.,yes,GENERAL_MERCHANDISE_APPAREL_AND_ACCESSORIES,clothing_general,clothing_personal_care,clothing_general,clothing_personal_care,clothing_general,clothing_personal_care,T6_native_fallback,no,no,no,no,no
1241,v3_volume,plaid,Al-fatah,Al-Fatah,1.23,debit,groceries_specialist,groceries_household_essentials,Al-Fatah world-food grocer.,yes,TRANSFER_OUT_OTHER,unclassified_transfer,unclassified,unclassified_transfer,unclassified,unclassified_transfer,unclassified,T6_native_fallback,no,no,no,no,no
1242,v3_volume,plaid,TV LICENSING,TV LICENCE MBP,14.95,debit,tv_licence,utilities_household_bills,TV Licensing.,established,ENTERTAINMENT_OTHER_ENTERTAINMENT,entertainment_other,entertainment_leisure,entertainment_other,entertainment_leisure,tv_licence,utilities_household_bills,T4_dictionary,no,yes,no,yes,no
1243,v3_volume,plaid,First West Yorkshire,FIRST WEST YORKSHI,6,debit,public_transport_rail_coach,transport_motoring,First West Yorkshire buses.,yes,ENTERTAINMENT_MUSIC_VIDEO_GAMES_TV_AND_MOVIES,entertainment_other,entertainment_leisure,entertainment_other,entertainment_leisure,entertainment_other,entertainment_leisure,T6_native_fallback,no,no,no,no,no
1244,v3_volume,plaid,Church,CARD PAYMENT TO CHURCH HOUSE ON 29-08-2025,17.25,debit,unclassified_other,unclassified,CHURCH HOUSE collides (many pubs named Church House vs church donation); native DONATIONS is not enough to pick one.,yes,GOVERNMENTS_AND_NON_PROFIT_DONATIONS,charitable_donation,charitable_political_giving,charitable_donation,charitable_political_giving,charitable_donation,charitable_political_giving,T6_native_fallback,no,no,no,no,no
1245,v3_volume,plaid,One Stop,ONE STOP 2573,8.99,debit,convenience_store,groceries_household_essentials,One Stop.,established,GENERAL_MERCHANDISE_CONVENIENCE_STORES,convenience_store,groceries_household_essentials,convenience_store,groceries_household_essentials,groceries,groceries_household_essentials,T4_dictionary,yes,no,yes,yes,no
1246,v3_volume,plaid,Bet365,BET365,150,debit,gambling_betting,gambling,Bet365.,established,ENTERTAINMENT_CASINOS_AND_GAMBLING,gambling_unspecified,gambling,gambling_unspecified,gambling,gambling_betting,gambling,T4_dictionary,no,yes,yes,yes,no
1247,v3_volume,plaid,Urquhart O,To A/C 00158140   URQUHART O        Via Mobile Xfer,2.2,debit,transfer_p2p,transfers,Named person URQUHART O.,yes,TRANSFER_OUT_OTHER,unclassified_transfer,unclassified,unclassified_transfer,unclassified,unclassified_transfer,unclassified,T6_native_fallback,no,no,no,no,no
1248,v3_volume,plaid,Mob Miss Caitlan Bywat,"MOB, Miss Caitlan Bywat",60,debit,transfer_p2p,transfers,Miss Caitlan Bywat mobile payment.,yes,GENERAL_MERCHANDISE_APPAREL_AND_ACCESSORIES,clothing_general,clothing_personal_care,clothing_general,clothing_personal_care,clothing_general,clothing_personal_care,T6_native_fallback,no,no,no,no,no
1249,v3_volume,plaid,Zilch,Zilch Instalment,7.7,debit,bnpl,credit_loan_repayments,Zilch instalment.,yes,LOAN_PAYMENTS_BNPL_AND_EWA,bnpl,credit_loan_repayments,bnpl,credit_loan_repayments,bnpl,credit_loan_repayments,T4_dictionary,yes,yes,yes,yes,no
1250,v3_volume,plaid,The Ranya Cafe Sandwich,Contactless Payment The Ranya Cafe Sandwich APPLEPAY 6071,6,debit,restaurant_cafe,eating_drinking_out,Ranya Cafe sandwich shop.,yes,DINING_DINING,restaurant_cafe,eating_drinking_out,restaurant_cafe,eating_drinking_out,restaurant_cafe,eating_drinking_out,T6_native_fallback,yes,yes,yes,yes,no
1251,v3_volume,plaid,Boylesports,"BOYLESPORTS (VIA GOOGLE PAY), ON 31-08-2025",10,debit,gambling_betting,gambling,Boylesports.,yes,ENTERTAINMENT_CASINOS_AND_GAMBLING,gambling_unspecified,gambling,gambling_unspecified,gambling,gambling_betting,gambling,T4_dictionary,no,yes,yes,yes,no
1252,v3_volume,plaid,Nuffield Health,NUFFIELD HEALTH,45,debit,gym_fitness,health_medical,Nuffield Health gyms; £45 typical membership.,established,MEDICAL_OTHER_MEDICAL,health_other,health_medical,health_other,health_medical,health_other,health_medical,T6_native_fallback,no,no,yes,yes,no
1253,v3_volume,plaid,Apple,APPLE.COM/BILL,0.99,debit,software,digital_subscriptions_services,Apple App Store.,established,GENERAL_MERCHANDISE_COMPUTERS_AND_ELECTRONICS,computing_devices,general_retail_marketplaces,computing_devices,general_retail_marketplaces,software,digital_subscriptions_services,T4_dictionary,no,yes,no,yes,no
1254,v3_volume,plaid,Quidmarket,Quidmarket QuidMarket,30.46,debit,payday_loan,high_cost_distress_credit,QuidMarket short-term lender.,yes,LOAN_PAYMENTS_PERSONAL_LOAN_PAYMENT,personal_loan_repayment,credit_loan_repayments,personal_loan_repayment,credit_loan_repayments,payday_loan,high_cost_distress_credit,T5_R18,no,yes,no,yes,no
1255,v3_volume,plaid,gohenry,Gohenry Topup,407.5,debit,prepaid_card,transfers,goHenry kids prepaid top-up.,established,TRANSFER_OUT_OTHER,unclassified_transfer,unclassified,unclassified_transfer,unclassified,prepaid_card,transfers,T4_dictionary,no,yes,no,yes,no
1256,v3_volume,plaid,Charlotte Spencer Lou,CHARLOTTE SPENCER LOU               VIA MOBILE - PYMT FP 24/07/25 10    39160713141316000N,10,debit,transfer_p2p,transfers,Named person Charlotte Spencer.,yes,TRANSFER_OUT_OTHER,unclassified_transfer,unclassified,unclassified_transfer,unclassified,unclassified_transfer,unclassified,T6_native_fallback,no,no,no,no,no
1257,v3_volume,plaid,CO-OP,CO-OP GROUP 190322  ON 26 JUN CLP The Co-Operative,2.29,debit,groceries,groceries_household_essentials,Co-op.,established,FOOD_RETAIL_GROCERIES,groceries,groceries_household_essentials,groceries,groceries_household_essentials,groceries,groceries_household_essentials,T4_dictionary,yes,yes,yes,yes,no
1258,v3_volume,plaid,Laura Whitaker,"MOB, Mrs Laura Whitaker",1000,debit,transfer_p2p,transfers,Mrs Laura Whitaker.,yes,TRANSFER_OUT_OTHER,unclassified_transfer,unclassified,unclassified_transfer,unclassified,transfer_p2p,transfers,T4_dictionary,no,yes,no,yes,no
1259,v3_volume,plaid,Tiktok Shop,TikTok Shop,39.12,debit,marketplace_general,general_retail_marketplaces,TikTok Shop; not Amazon.,yes,GENERAL_MERCHANDISE_ONLINE_MARKETPLACES,marketplace_general,general_retail_marketplaces,marketplace_general,general_retail_marketplaces,marketplace_general,general_retail_marketplaces,T6_native_fallback,yes,yes,yes,yes,no
1260,v3_volume,plaid,Apple,APPLE.COM/BILL IRELAND ON 03 JUL CPM,11,debit,software,digital_subscriptions_services,Apple App Store.,established,GENERAL_MERCHANDISE_COMPUTERS_AND_ELECTRONICS,computing_devices,general_retail_marketplaces,computing_devices,general_retail_marketplaces,software,digital_subscriptions_services,T4_dictionary,no,yes,no,yes,no
1261,v3_volume,plaid,Molly Stone,Payment to MOLLY STONE 402812 81593242,12,debit,transfer_p2p,transfers,Named-person Faster Payment to Molly Stone.,no,TRANSFER_OUT_OTHER,unclassified_transfer,unclassified,unclassified_transfer,unclassified,unclassified_transfer,unclassified,T6_native_fallback,no,no,no,no,no
1262,v3_volume,plaid,First Central Serv,FIRSTCENTRALSERV 30523508-01011010I,87.69,debit,insurance_motor,insurance,1st Central is a motor-insurance brand.,yes,LOAN_PAYMENTS_PERSONAL_LOAN_PAYMENT,personal_loan_repayment,credit_loan_repayments,personal_loan_repayment,credit_loan_repayments,personal_loan_repayment,credit_loan_repayments,T6_native_fallback,no,no,no,no,no
1263,v3_volume,plaid,Everyman Plymouth,Everyman Plymouth,14.65,debit,cinema,entertainment_leisure,Everyman Plymouth.,yes,TRANSFER_OUT_OTHER,unclassified_transfer,unclassified,unclassified_transfer,unclassified,unclassified_transfer,unclassified,T6_native_fallback,no,no,no,no,no
1264,v3_volume,plaid,Cd Company Shop,2416 08AUG25 CD   COMPANY SHOP LTD  RENFREW GB,29.7,debit,groceries,groceries_household_essentials,"Company Shop Renfrew is a surplus supermarket (food discounter-like), not a corner shop.",no,GENERAL_MERCHANDISE_OTHER_GENERAL_MERCHANDISE,retail_other,general_retail_marketplaces,retail_other,general_retail_marketplaces,retail_other,general_retail_marketplaces,T6_native_fallback,no,no,no,no,no
1265,v3_volume,plaid,Betfair,BETFAIR  ON 15 OCT CPM Betfair,5,debit,gambling_betting,gambling,Betfair.,established,ENTERTAINMENT_CASINOS_AND_GAMBLING,gambling_unspecified,gambling,gambling_unspecified,gambling,gambling_betting,gambling,T4_dictionary,no,yes,yes,yes,no
1266,v3_volume,plaid,Zilch,ZILCH INSTALMENT,22.52,debit,bnpl,credit_loan_repayments,Zilch instalment.,yes,LOAN_PAYMENTS_BNPL_AND_EWA,bnpl,credit_loan_repayments,bnpl,credit_loan_repayments,bnpl,credit_loan_repayments,T4_dictionary,yes,yes,yes,yes,no
1267,v3_volume,plaid,Muhtasim Ahmed Money,MUHTASIM AHMED    MONEY             VIA MOBILE - PYMT FP 19/07/25 10    41205410287676000N,50,debit,transfer_p2p,transfers,Named person Muhtasim Ahmed.,yes,TRANSFER_OUT_OTHER,unclassified_transfer,unclassified,unclassified_transfer,unclassified,transfer_p2p,transfers,T4_dictionary,no,yes,no,yes,no
1268,v3_volume,plaid,Nisa,PENDING NISA,12.49,debit,groceries,groceries_household_essentials,Nisa symbol-group grocer.,established,FOOD_RETAIL_GROCERIES,groceries,groceries_household_essentials,groceries,groceries_household_essentials,groceries,groceries_household_essentials,T4_dictionary,yes,yes,yes,yes,no
1269,v3_volume,plaid,Bet365,Bet365,10,debit,gambling_betting,gambling,Bet365.,established,ENTERTAINMENT_CASINOS_AND_GAMBLING,gambling_unspecified,gambling,gambling_unspecified,gambling,gambling_betting,gambling,T4_dictionary,no,yes,yes,yes,no
1270,v3_volume,plaid,One Stop,ONE STOP 1511 CD 1175,9.73,debit,convenience_store,groceries_household_essentials,One Stop.,established,GENERAL_MERCHANDISE_CONVENIENCE_STORES,convenience_store,groceries_household_essentials,convenience_store,groceries_household_essentials,groceries,groceries_household_essentials,T4_dictionary,yes,no,yes,yes,no
1271,v3_volume,plaid,Apple,Apple,0.29,debit,software,digital_subscriptions_services,Apple micro-purchase.,established,GENERAL_MERCHANDISE_OTHER_GENERAL_MERCHANDISE,retail_other,general_retail_marketplaces,retail_other,general_retail_marketplaces,software,digital_subscriptions_services,T4_dictionary,no,yes,no,yes,no
1272,v3_volume,plaid,Ladbrokes,Ladbrokes,5,debit,gambling_betting,gambling,Ladbrokes.,established,ENTERTAINMENT_CASINOS_AND_GAMBLING,gambling_unspecified,gambling,gambling_unspecified,gambling,gambling_betting,gambling,T4_dictionary,no,yes,yes,yes,no
1273,v3_volume,plaid,Awp P&c S.a.,Visa purchase AWP P&C S.A. - UK BRAN,10.5,debit,insurance_travel,insurance,AWP P&C S.A. UK Branch is Allianz Partners; typical travel-insurance underwriter charge.,no,ENTERTAINMENT_MUSIC_VIDEO_GAMES_TV_AND_MOVIES,entertainment_other,entertainment_leisure,entertainment_other,entertainment_leisure,entertainment_other,entertainment_leisure,T6_native_fallback,no,no,no,no,no
1274,v3_volume,plaid,Revolut,Revolut account - Bus Rosemary Harvey - SortCodeAccountNumber: 23012017342875,2,debit,transfer_p2p,transfers,Revolut payment naming Rosemary Harvey; person named so not own-account.,yes,TRANSFER_OUT_TRANSFER_OUT_FROM_APPS,transfer_p2p,transfers,transfer_p2p,transfers,transfer_own_account,transfers,T4_dictionary,yes,no,yes,yes,no
1275,v3_volume,plaid,McDonald's,McDonalds 8260752,50.55,debit,takeaway,eating_drinking_out,McDonald's.,yes,DINING_DINING,restaurant_cafe,eating_drinking_out,restaurant_cafe,eating_drinking_out,takeaway,eating_drinking_out,T4_dictionary,no,yes,yes,yes,no
1276,v3_volume,plaid,Icelandair,"ICELAND (VIA APPLE PAY), ON 23-08-2025",3.25,debit,groceries,groceries_household_essentials,"ICELAND via Apple Pay is the supermarket, not Icelandair.",established,FOOD_RETAIL_GROCERIES,groceries,groceries_household_essentials,groceries,groceries_household_essentials,groceries,groceries_household_essentials,T6_native_fallback,yes,yes,yes,yes,no
1277,v3_volume,plaid,Parichstudio,Etsy.com*ParichStu,37.65,debit,marketplace_general,general_retail_marketplaces,Etsy.com* seller; all non-Amazon marketplaces are marketplace_general.,no,GENERAL_MERCHANDISE_APPAREL_AND_ACCESSORIES,clothing_general,clothing_personal_care,clothing_general,clothing_personal_care,clothing_general,clothing_personal_care,T6_native_fallback,no,no,no,no,no
1278,v3_volume,plaid,Whatnot,WHATNOT IRELAND ON 06 OCT CPM,5.7,debit,marketplace_general,general_retail_marketplaces,Whatnot livestream marketplace.,established,GENERAL_MERCHANDISE_ONLINE_MARKETPLACES,marketplace_general,general_retail_marketplaces,marketplace_general,general_retail_marketplaces,marketplace_general,general_retail_marketplaces,T6_native_fallback,yes,yes,yes,yes,no
1279,v3_volume,plaid,Just Eat,Just Eat,24.18,debit,takeaway,eating_drinking_out,Just Eat.,yes,DINING_DINING,restaurant_cafe,eating_drinking_out,restaurant_cafe,eating_drinking_out,takeaway,eating_drinking_out,T4_dictionary,no,yes,yes,yes,no
1280,v3_volume,plaid,Crieff Highland Gathering,Crieff Highland Ga,5,debit,days_out,entertainment_leisure,Crieff Highland Gathering event.,yes,TRANSFER_OUT_OTHER,unclassified_transfer,unclassified,unclassified_transfer,unclassified,unclassified_transfer,unclassified,T6_native_fallback,no,no,no,no,no
1281,v3_volume,plaid,Christopher Clayton Leisure,Christopher Clayton Leisure,15,debit,unclassified_other,unclassified,Christopher Clayton Leisure not uniquely a gym vs person vs leisure business.,no,ENTERTAINMENT_EVENTS_AND_TICKETS,live_music,entertainment_leisure,live_music,entertainment_leisure,live_music,entertainment_leisure,T6_native_fallback,no,no,no,no,no
1282,v3_volume,plaid,Barcl 24 Studio,BARCL-24STUDIO,71.45,debit,unclassified_other,unclassified,BARCL-24STUDIO truncated; dining native but payee not uniquely identified.,no,DINING_DINING,restaurant_cafe,eating_drinking_out,restaurant_cafe,eating_drinking_out,restaurant_cafe,eating_drinking_out,T6_native_fallback,no,no,no,no,no
1283,v3_volume,plaid,Clearpay,0959 14SEP25      CLEARPAY          CLEARPAY.CO.U GB,22.5,debit,bnpl,credit_loan_repayments,Clearpay.,established,LOAN_PAYMENTS_BNPL_AND_EWA,bnpl,credit_loan_repayments,bnpl,credit_loan_repayments,bnpl,credit_loan_repayments,T4_dictionary,yes,yes,yes,yes,no
1284,v3_volume,plaid,Apple,APPLE.COM/BILL Apple App Store,4.99,debit,software,digital_subscriptions_services,Apple App Store.,established,GENERAL_MERCHANDISE_COMPUTERS_AND_ELECTRONICS,computing_devices,general_retail_marketplaces,computing_devices,general_retail_marketplaces,software,digital_subscriptions_services,T4_dictionary,no,yes,no,yes,no
1285,v3_volume,plaid,Safestore Chingford,SAFESTORE CHINGFOR  ON 27 AUG CLP SAFESTORE CHINGFORD,14.97,debit,storage,housing,Safestore self-storage.,yes,GENERAL_MERCHANDISE_CONVENIENCE_STORES,convenience_store,groceries_household_essentials,convenience_store,groceries_household_essentials,convenience_store,groceries_household_essentials,T6_native_fallback,no,no,no,no,no
1286,v3_volume,plaid,Apple,apple.com/bill,1.99,debit,software,digital_subscriptions_services,Apple App Store.,established,GENERAL_MERCHANDISE_COMPUTERS_AND_ELECTRONICS,computing_devices,general_retail_marketplaces,computing_devices,general_retail_marketplaces,software,digital_subscriptions_services,T4_dictionary,no,yes,no,yes,no
1287,v3_volume,plaid,Ana Magro Ana,ANA MAGRO  ANA STERLING FT,257,debit,transfer_p2p,transfers,Named person ANA MAGRO sterling Faster Payment.,no,FOOD_RETAIL_GROCERIES,groceries,groceries_household_essentials,groceries,groceries_household_essentials,groceries,groceries_household_essentials,T6_native_fallback,no,no,no,no,no
1288,v3_volume,plaid,Asda,Asda,-1.47,credit,refund_received,income_other,Asda credit is a retailer refund; never groceries on credit.,yes,FOOD_RETAIL_GROCERIES,groceries,groceries_household_essentials,groceries,groceries_household_essentials,groceries,groceries_household_essentials,T4_dictionary,no,no,no,no,no
1289,v3_volume,plaid,Revolut,Revolut**1536*  ON 08 JUL BCC REVOLUT**1536*,10,debit,transfer_bank_unspecified,transfers,REVOLUT**1536* top-up/card to Revolut without own-account evidence.,yes,TRANSFER_OUT_TRANSFER_OUT_FROM_APPS,transfer_p2p,transfers,transfer_p2p,transfers,transfer_own_account,transfers,T4_dictionary,no,no,yes,yes,no
1290,v3_volume,plaid,Asda,ASDA MOBILE 059555535273928344,20.52,debit,mobile_phone_contract,utilities_household_bills,"ASDA MOBILE is the MVNO, not Asda groceries.",no,FOOD_RETAIL_GROCERIES,groceries,groceries_household_essentials,groceries,groceries_household_essentials,groceries,groceries_household_essentials,T4_dictionary,no,no,no,no,no
1291,v3_volume,plaid,Cd Roj Supermarket,0480 06SEP25 CD   ROJ SUPERMARKET   LONDON GB,4.8,debit,groceries,groceries_household_essentials,Roj Supermarket is a supermarket (food shop).,no,FOOD_RETAIL_GROCERIES,groceries,groceries_household_essentials,groceries,groceries_household_essentials,groceries,groceries_household_essentials,T6_native_fallback,yes,yes,yes,yes,no
1292,v3_volume,plaid,Uber Eats,"UBER * EATS PENDING (VIA APPLE PAY), ON 29-09-2025",6.97,debit,takeaway,eating_drinking_out,Uber Eats.,established,DINING_DINING,restaurant_cafe,eating_drinking_out,restaurant_cafe,eating_drinking_out,takeaway,eating_drinking_out,T4_dictionary,no,yes,yes,yes,no
1293,v3_volume,plaid,Action Centres,Action Centres,12,debit,days_out,entertainment_leisure,Action Centres UK outdoor activity/residential centres; £12 on-site/booking.,yes,TRANSFER_OUT_OTHER,unclassified_transfer,unclassified,unclassified_transfer,unclassified,unclassified_transfer,unclassified,T6_native_fallback,no,no,no,no,no
1294,v3_volume,plaid,C Open All,9644 07AUG25 C    OPEN ALL HOURS    MUSSELBURGH GB,1.65,debit,convenience_store,groceries_household_essentials,Open All Hours convenience.,yes,FOOD_RETAIL_OTHER,groceries,groceries_household_essentials,groceries,groceries_household_essentials,convenience_store,groceries_household_essentials,T4_dictionary,no,yes,yes,yes,no
1295,v3_volume,plaid,Resul Convenience Store,Resul Convenience,5.59,debit,convenience_store,groceries_household_essentials,Named convenience store.,yes,GENERAL_MERCHANDISE_CONVENIENCE_STORES,convenience_store,groceries_household_essentials,convenience_store,groceries_household_essentials,convenience_store,groceries_household_essentials,T4_dictionary,yes,yes,yes,yes,no
1296,v3_volume,plaid,Lukes Cafe,Lukes Cafe,9,debit,restaurant_cafe,eating_drinking_out,Luke's Cafe.,yes,DINING_COFFEE,restaurant_cafe,eating_drinking_out,restaurant_cafe,eating_drinking_out,restaurant_cafe,eating_drinking_out,T4_dictionary,yes,yes,yes,yes,no
1297,v3_volume,plaid,Bodybuilding Warehouse,Bodybuilding Warehouse,29.4,debit,supplements,health_medical,Bodybuilding Warehouse is a sports-nutrition/supplements retailer.,no,GENERAL_MERCHANDISE_DISCOUNT_STORES,discount_store,groceries_household_essentials,discount_store,groceries_household_essentials,discount_store,groceries_household_essentials,T6_native_fallback,no,no,no,no,no
1298,v3_volume,plaid,CO-OP,CO OP GROUP FOOD  ON 29 AUG CPM The Co-Operative,20.9,debit,groceries,groceries_household_essentials,Co-op food.,established,FOOD_RETAIL_GROCERIES,groceries,groceries_household_essentials,groceries,groceries_household_essentials,groceries,groceries_household_essentials,T4_dictionary,yes,yes,yes,yes,no
1299,v3_volume,plaid,S K Foods,S K foods,9.75,debit,groceries,groceries_household_essentials,"S K Foods with groceries native; independent food shop, not uniquely specialist.",no,FOOD_RETAIL_GROCERIES,groceries,groceries_household_essentials,groceries,groceries_household_essentials,groceries,groceries_household_essentials,T6_native_fallback,yes,yes,yes,yes,no
1300,v3_volume,plaid,U.S. Post Office,ATM Withdrawal POST OFFICE LTD,35,debit,cash_withdrawal,cash,ATM withdrawal at Post Office Ltd (Plaid maps as U.S. Post Office).,yes,TRANSFER_OUT_CHECKS_AND_ATM,cash_withdrawal,cash,cash_withdrawal,cash,delivery_courier,general_retail_marketplaces,T4_dictionary,yes,no,yes,no,no
1301,v3_volume,plaid,LC International,LC INTERNATIONAL L,10,debit,gambling_betting,gambling,LC International betting.,yes,ENTERTAINMENT_CASINOS_AND_GAMBLING,gambling_unspecified,gambling,gambling_unspecified,gambling,gambling_betting,gambling,T4_dictionary,no,yes,yes,yes,no
1302,v3_volume,plaid,Clearpay,Clearpay,9.82,debit,bnpl,credit_loan_repayments,Clearpay.,established,LOAN_PAYMENTS_BNPL_AND_EWA,bnpl,credit_loan_repayments,bnpl,credit_loan_repayments,bnpl,credit_loan_repayments,T4_dictionary,yes,yes,yes,yes,no
1303,v3_volume,plaid,Fdn Coffee Whitwo,"SQ *FDN COFFEE, WHITWO CD 1432",13.2,debit,restaurant_cafe,eating_drinking_out,FDN Coffee via Square.,yes,DINING_COFFEE,restaurant_cafe,eating_drinking_out,restaurant_cafe,eating_drinking_out,restaurant_cafe,eating_drinking_out,T4_dictionary,yes,yes,yes,yes,no
1304,v3_volume,plaid,Yokuu,SP YOKUU,24.9,debit,retail_other,general_retail_marketplaces,Yokuu sells probiotic household cleaners (not a cleaning service).,yes,GENERAL_MERCHANDISE_OTHER_GENERAL_MERCHANDISE,retail_other,general_retail_marketplaces,retail_other,general_retail_marketplaces,retail_other,general_retail_marketplaces,T6_native_fallback,yes,yes,yes,yes,no
1305,v3_volume,plaid,McDonald's,MCDONALDS 1376  ON 04 SEP BCC,4.99,debit,takeaway,eating_drinking_out,McDonald's.,yes,DINING_DINING,restaurant_cafe,eating_drinking_out,restaurant_cafe,eating_drinking_out,takeaway,eating_drinking_out,T4_dictionary,no,yes,yes,yes,no
1306,v3_volume,plaid,McDonald's,McDonald’s,6.27,debit,takeaway,eating_drinking_out,McDonald's.,yes,DINING_DINING,restaurant_cafe,eating_drinking_out,restaurant_cafe,eating_drinking_out,takeaway,eating_drinking_out,T4_dictionary,no,yes,yes,yes,no
1307,v3_volume,plaid,O2,MY O2 BILL PAYMENT,68.39,debit,mobile_phone_contract,utilities_household_bills,O2 bill.,yes,RENT_AND_UTILITIES_TELECOMMUNICATIONS,mobile_phone_contract,utilities_household_bills,mobile_phone_contract,utilities_household_bills,mobile_phone_contract,utilities_household_bills,T4_dictionary,yes,yes,yes,yes,no
1308,v3_volume,plaid,Clearpay,Clearpay,36.99,debit,bnpl,credit_loan_repayments,Clearpay.,established,LOAN_PAYMENTS_BNPL_AND_EWA,bnpl,credit_loan_repayments,bnpl,credit_loan_repayments,bnpl,credit_loan_repayments,T4_dictionary,yes,yes,yes,yes,no
1309,v3_volume,plaid,Electraworks LTD,ELECTRAWORKS LTD,5,debit,gambling_casino,gambling,ElectraWorks Ltd is Kindred Group (Unibet/32Red) gambling operator.,yes,ENTERTAINMENT_CASINOS_AND_GAMBLING,gambling_unspecified,gambling,gambling_unspecified,gambling,gambling_casino,gambling,T4_dictionary,no,yes,yes,yes,no
1310,v3_volume,plaid,Jason Philo Xxx,JASON PHILO       XXX               VIA MOBILE - PYMT FP 20/06/25 10    30083910317035000N,200,debit,transfer_p2p,transfers,Named person Jason Philo.,established,ENTERTAINMENT_MUSIC_VIDEO_GAMES_TV_AND_MOVIES,entertainment_other,entertainment_leisure,entertainment_other,entertainment_leisure,entertainment_other,entertainment_leisure,T6_native_fallback,no,no,no,no,no
1311,v3_volume,plaid,Tesco,3020 15JUN25 CD   TESCO STORES 6227 HOCKLEY GB,13.63,debit,groceries,groceries_household_essentials,Tesco store.,established,FOOD_RETAIL_GROCERIES,groceries,groceries_household_essentials,groceries,groceries_household_essentials,groceries,groceries_household_essentials,T4_dictionary,yes,yes,yes,yes,no
1312,v3_volume,plaid,M Chumber,M CHUMBER 778520 56093360,162,debit,transfer_p2p,transfers,Named-person debit M CHUMBER.,yes,TRANSFER_OUT_OTHER,unclassified_transfer,unclassified,unclassified_transfer,unclassified,transfer_p2p,transfers,T5_R02,no,yes,no,yes,no
1313,v3_volume,plaid,Netflix,Netflix,12.99,debit,streaming,digital_subscriptions_services,Netflix.,established,ENTERTAINMENT_MUSIC_VIDEO_GAMES_TV_AND_MOVIES,entertainment_other,entertainment_leisure,entertainment_other,entertainment_leisure,streaming,digital_subscriptions_services,T4_dictionary,no,yes,no,yes,no
1314,v3_volume,plaid,Clearpay,CLEARPAY  ON 26 JUL BCC Clearpay,6.85,debit,bnpl,credit_loan_repayments,Clearpay.,established,LOAN_PAYMENTS_BNPL_AND_EWA,bnpl,credit_loan_repayments,bnpl,credit_loan_repayments,bnpl,credit_loan_repayments,T4_dictionary,yes,yes,yes,yes,no
1315,v3_volume,plaid,Amazon,Amazon,54.86,debit,marketplace_amazon,general_retail_marketplaces,Amazon.,established,GENERAL_MERCHANDISE_ONLINE_MARKETPLACES,marketplace_general,general_retail_marketplaces,marketplace_general,general_retail_marketplaces,marketplace_amazon,general_retail_marketplaces,T4_dictionary,no,yes,yes,yes,no
1316,v3_volume,plaid,A R Dagnall,A R DAGNALL 300000001636047122,24,debit,transfer_p2p,transfers,Named person A R DAGNALL.,yes,TRANSFER_OUT_OTHER,unclassified_transfer,unclassified,unclassified_transfer,unclassified,unclassified_transfer,unclassified,T6_native_fallback,no,no,no,no,no
1317,v3_volume,plaid,LC International,INT'L 0074590053  LC INTERNATIONAL LWWW.SPORTS.CO,10,debit,gambling_betting,gambling,LC International www.sports.co betting site.,yes,ENTERTAINMENT_CASINOS_AND_GAMBLING,gambling_unspecified,gambling,gambling_unspecified,gambling,gambling_betting,gambling,T4_dictionary,no,yes,yes,yes,no
1318,v3_volume,plaid,Creditspring,Creditspring - SortCodeAccountNumber: 16222410135836,10,debit,personal_loan_repayment,credit_loan_repayments,Creditspring credit-builder/loan membership; v2 gold personal_loan_repayment.,established,LOAN_PAYMENTS_PERSONAL_LOAN_PAYMENT,personal_loan_repayment,credit_loan_repayments,personal_loan_repayment,credit_loan_repayments,payday_loan,high_cost_distress_credit,T4_dictionary,yes,no,yes,no,no
1319,v3_volume,plaid,Marks & Spencer,MARKS&SPENCER PLC Marks & Spencer,-68,credit,refund_received,income_other,M&S credit is a retailer refund; override department_store.,established,GENERAL_MERCHANDISE_DEPARTMENT_STORES,department_store,general_retail_marketplaces,department_store,general_retail_marketplaces,department_store,general_retail_marketplaces,T4_dictionary,no,no,no,no,no
1320,v3_volume,plaid,Emily Matkin,EMILY MATKIN 500000001636090386,4,debit,transfer_p2p,transfers,Named person Emily Matkin.,yes,TRANSFER_OUT_OTHER,unclassified_transfer,unclassified,unclassified_transfer,unclassified,unclassified_transfer,unclassified,T6_native_fallback,no,no,no,no,no
1321,v3_volume,plaid,Raylo,Direct debit RAYLO 162224 10135836,18.97,debit,retail_finance_repayment,credit_loan_repayments,Raylo device finance.,yes,GENERAL_MERCHANDISE_ONLINE_MARKETPLACES,marketplace_general,general_retail_marketplaces,marketplace_general,general_retail_marketplaces,retail_finance_repayment,credit_loan_repayments,T4_dictionary,no,yes,no,yes,no
1322,v3_volume,plaid,Uber Eats,Visa purchase UBER * EATS PENDING APPLEPAY 5361,38.99,debit,takeaway,eating_drinking_out,Uber Eats.,established,DINING_DINING,restaurant_cafe,eating_drinking_out,restaurant_cafe,eating_drinking_out,takeaway,eating_drinking_out,T4_dictionary,no,yes,yes,yes,no
1323,v3_volume,plaid,Clearpay,Clearpay,11.68,debit,bnpl,credit_loan_repayments,Clearpay.,established,LOAN_PAYMENTS_BNPL_AND_EWA,bnpl,credit_loan_repayments,bnpl,credit_loan_repayments,bnpl,credit_loan_repayments,T4_dictionary,yes,yes,yes,yes,no
1324,v3_volume,plaid,Crane And Dragon,CRANE AND DRAGON,7.44,debit,pub_bar,eating_drinking_out,"Crane and Dragon is The Crane Hungry Horse pub, Sheldon.",no,DINING_DINING,restaurant_cafe,eating_drinking_out,restaurant_cafe,eating_drinking_out,restaurant_cafe,eating_drinking_out,T6_native_fallback,no,no,yes,yes,no
1325,v3_volume,plaid,V12 Retail Finance,V12 RETAIL FINANCE,35.78,debit,retail_finance_repayment,credit_loan_repayments,V12 Retail Finance.,established,GENERAL_SERVICES_ACCOUNTING_AND_FINANCIAL_SERVICES,financial_services_other,credit_loan_repayments,financial_services_other,credit_loan_repayments,retail_finance_repayment,credit_loan_repayments,T4_dictionary,no,yes,yes,yes,no
1326,v3_volume,plaid,Uk Limited,888*uk Limited,10,debit,gambling_casino,gambling,888*UK Limited is 888 casino/betting.,no,GENERAL_SERVICES_OTHER_SERVICES,business_services,business_self_employment,business_services,business_self_employment,gambling_unspecified,gambling,T4_dictionary,no,no,no,yes,no
1327,v3_volume,plaid,Bisl Ta Lloyds,BISL TA LLOYDS 130411442398327601,21.62,debit,insurance_motor,insurance,BISL Limited trading as Lloyds Bank motor insurance administrator.,no,INSURANCE_AND_TAX_INSURANCE,insurance_general,insurance,insurance_general,insurance,insurance_general,insurance,T4_dictionary,no,no,yes,yes,no
1328,v3_volume,plaid,Tates Bar Northenden,Tates Bar Northend  ON 09 SEP CLP TATES BAR NORTHENDEN L,6,debit,pub_bar,eating_drinking_out,Tates Bar Northenden.,yes,DINING_DINING,restaurant_cafe,eating_drinking_out,restaurant_cafe,eating_drinking_out,pub_bar,eating_drinking_out,T4_dictionary,no,yes,yes,yes,no
1329,v3_volume,plaid,One Stop,"CASH WITHDRAWAL AT TESCO PERSONAL FINANCE ATM ONE STOP S ELMS, SOUTH ELMSALL,30.00 GBP , ON 09-08-2025",30,debit,cash_withdrawal,cash,Narrative is CASH WITHDRAWAL at Tesco Personal Finance ATM at One Stop; override convenience_store.,established,TRANSFER_OUT_CHECKS_AND_ATM,cash_withdrawal,cash,cash_withdrawal,cash,groceries,groceries_household_essentials,T4_dictionary,yes,no,yes,no,no
1330,v3_volume,plaid,Klarna,7474 11JUL25      KLARNA*TEMU.COM   LONDON GB,22.63,debit,marketplace_general,general_retail_marketplaces,Klarna*TEMU.COM; Temu is identifiable so marketplace not bnpl.,yes,LOAN_PAYMENTS_BNPL_AND_EWA,bnpl,credit_loan_repayments,bnpl,credit_loan_repayments,bnpl,credit_loan_repayments,T4_dictionary,no,no,no,no,no
1331,v3_volume,plaid,Home Retail Group,4109 01SEP25      HOME RETAIL GROUP LONDON GB,75,debit,catalogue_retail,general_retail_marketplaces,Home Retail Group is Argos (catalogue/online); better than generic retail_other.,established,GENERAL_MERCHANDISE_OTHER_GENERAL_MERCHANDISE,retail_other,general_retail_marketplaces,retail_other,general_retail_marketplaces,retail_other,general_retail_marketplaces,T6_native_fallback,no,no,yes,yes,no
1332,v3_volume,plaid,Temu,2611 13AUG25      TEMU.COM          LONDON GB,0.86,debit,marketplace_general,general_retail_marketplaces,Temu.,yes,GENERAL_MERCHANDISE_APPAREL_AND_ACCESSORIES,clothing_general,clothing_personal_care,clothing_general,clothing_personal_care,clothing_general,clothing_personal_care,T6_native_fallback,no,no,no,no,no
1333,v3_volume,plaid,Luxury Leisure, Luxury Leisure,20,debit,gambling_casino,gambling,Luxury Leisure trades as Admiral adult gaming centres/slots.,no,ENTERTAINMENT_EVENTS_AND_TICKETS,live_music,entertainment_leisure,live_music,entertainment_leisure,live_music,entertainment_leisure,T6_native_fallback,no,no,no,no,no
1334,v3_volume,plaid,Zopa,"SULTAN N ZOPA       19JUL25 RP4679965687125600 ZOPA       19JUL25,RP4679965687125600",-20,credit,returned_payment,fees_charges,"Zopa credit £20 with loan native; too small for disbursement, treat as returned/reversed loan payment not a repayment debit.",yes,LOAN_PAYMENTS_PERSONAL_LOAN_PAYMENT,personal_loan_repayment,credit_loan_repayments,personal_loan_repayment,credit_loan_repayments,personal_loan_repayment,credit_loan_repayments,T4_dictionary,no,no,no,no,no
1335,v3_volume,plaid,One Stop,One Stop,17.05,debit,convenience_store,groceries_household_essentials,One Stop.,established,GENERAL_MERCHANDISE_CONVENIENCE_STORES,convenience_store,groceries_household_essentials,convenience_store,groceries_household_essentials,groceries,groceries_household_essentials,T4_dictionary,yes,no,yes,yes,no
1336,v3_volume,plaid,Morrisons,WM MORRISONS STORESKIPTON,13.89,debit,groceries,groceries_household_essentials,Morrisons supermarket.,yes,FOOD_RETAIL_GROCERIES,groceries,groceries_household_essentials,groceries,groceries_household_essentials,groceries,groceries_household_essentials,T4_dictionary,yes,yes,yes,yes,no
1337,v3_volume,plaid,HM Revenue and Customs,HMRC CHILD BENEFIT,-43.3,credit,benefits_state,income_benefits_state_support,HMRC Child Benefit.,yes,INCOME_SALARY,salary,income_employment,salary,income_employment,tax_payment,council_tax_government,T4_dictionary,no,no,no,no,no
1338,v3_volume,plaid,Christopher Robi,Payment to CHRISTOPHER ROBI 090129 79110491,5,debit,transfer_p2p,transfers,Named-person Faster Payment Christopher Robi.,no,TRANSFER_OUT_OTHER,unclassified_transfer,unclassified,unclassified_transfer,unclassified,unclassified_transfer,unclassified,T6_native_fallback,no,no,no,no,no
1339,v3_volume,plaid,Tropical Heat,Tropical Heat,8.16,debit,restaurant_cafe,eating_drinking_out,Tropical Heat dine-in/takeaway name; models agreed restaurant_cafe.,yes,DINING_DINING,restaurant_cafe,eating_drinking_out,restaurant_cafe,eating_drinking_out,restaurant_cafe,eating_drinking_out,T6_native_fallback,yes,yes,yes,yes,no
1340,v3_volume,plaid,Tesco,Tesco,3.85,debit,groceries,groceries_household_essentials,Tesco.,established,FOOD_RETAIL_GROCERIES,groceries,groceries_household_essentials,groceries,groceries_household_essentials,groceries,groceries_household_essentials,T4_dictionary,yes,yes,yes,yes,no
1341,v3_volume,plaid,Betfair,BETFAIR  ON 15 OCT CPM Betfair,5,debit,gambling_betting,gambling,Betfair.,established,ENTERTAINMENT_CASINOS_AND_GAMBLING,gambling_unspecified,gambling,gambling_unspecified,gambling,gambling_betting,gambling,T4_dictionary,no,yes,yes,yes,no
1342,v3_volume,plaid,Aviva,AVIVA RCPTS ACCOUN  MMV12874974611E005 DDR Aviva,68.55,debit,insurance_general,insurance,Aviva multi-line insurer.,established,INSURANCE_AND_TAX_INSURANCE,insurance_general,insurance,insurance_general,insurance,insurance_general,insurance,T4_dictionary,yes,yes,yes,yes,no
1343,v3_volume,plaid,Hope Garage,"CLS 67, Hope Garage",20,debit,fuel,transport_motoring,Hope Garage is a petrol filling station (Hope Valley).,no,TRAVEL_AND_TRANSPORTATION_OTHER_TRAVEL_AND_TRANSPORTATION,transport_other,transport_motoring,transport_other,transport_motoring,transport_other,transport_motoring,T6_native_fallback,no,no,yes,yes,no
1344,v3_volume,plaid,Holly Miller,Holly Miller,11,debit,transfer_p2p,transfers,Named person Holly Miller; automotive native is noise.,yes,TRAVEL_AND_TRANSPORTATION_AUTOMOTIVE,vehicle_maintenance,transport_motoring,vehicle_maintenance,transport_motoring,vehicle_maintenance,transport_motoring,T6_native_fallback,no,no,no,no,no
1345,v3_volume,plaid,Premier Forres,PREMIER FORRES STORE CD 4563,8.2,debit,groceries,groceries_household_essentials,Premier Forres is a Premier symbol-group grocer.,yes,GENERAL_MERCHANDISE_FURNITURE_AND_HARDWARE,home_accessories,home_garden,home_accessories,home_garden,home_accessories,home_garden,T6_native_fallback,no,no,no,no,no
1346,v3_volume,plaid,Andrea Tombolini,ANDREA TOMBOLINI 600000001636319353,70,debit,transfer_p2p,transfers,Named person Andrea Tombolini.,no,TRANSFER_OUT_OTHER,unclassified_transfer,unclassified,unclassified_transfer,unclassified,transfer_p2p,transfers,T4_dictionary,no,yes,no,yes,no
1347,v3_volume,plaid,Apple,3123 02JUL25  D   APPLE.COM/BILL    08001076285 IE,2.99,debit,software,digital_subscriptions_services,Apple App Store.,established,GENERAL_MERCHANDISE_COMPUTERS_AND_ELECTRONICS,computing_devices,general_retail_marketplaces,computing_devices,general_retail_marketplaces,software,digital_subscriptions_services,T4_dictionary,no,yes,no,yes,no
1348,v3_volume,plaid,Dispute,DI-3880349 DISPUTE REFUND,-14.99,credit,refund_received,income_other,Dispute refund credit.,yes,TRANSFER_IN_OTHER,unclassified_transfer,unclassified,unclassified_transfer,unclassified,refund_received,income_other,T4_dictionary,no,yes,no,yes,no
1349,v3_volume,plaid,Aldi,Aldi,3.96,debit,groceries,groceries_household_essentials,Aldi.,established,FOOD_RETAIL_GROCERIES,groceries,groceries_household_essentials,groceries,groceries_household_essentials,groceries,groceries_household_essentials,T4_dictionary,yes,yes,yes,yes,no
1350,v3_volume,plaid,Revolut,Visa purchase Revolut**5579* APPLEPAY 6071,27,debit,transfer_bank_unspecified,transfers,Visa/Apple Pay to Revolut**5579* without own-account evidence.,yes,TRANSFER_OUT_TRANSFER_OUT_FROM_APPS,transfer_p2p,transfers,transfer_p2p,transfers,transfer_own_account,transfers,T4_dictionary,no,no,yes,yes,no
1351,v3_volume,plaid,Klarna,KLARNA*EBAY  ON 15 JUL BCC,28.32,debit,marketplace_general,general_retail_marketplaces,Klarna*EBAY; eBay identifiable.,yes,LOAN_PAYMENTS_BNPL_AND_EWA,bnpl,credit_loan_repayments,bnpl,credit_loan_repayments,bnpl,credit_loan_repayments,T4_dictionary,no,no,no,no,no
1352,v3_volume,plaid,tombola,Tombola,6.76,debit,gambling_bingo,gambling,tombola.,established,ENTERTAINMENT_CASINOS_AND_GAMBLING,gambling_unspecified,gambling,gambling_unspecified,gambling,gambling_bingo,gambling,T4_dictionary,no,yes,yes,yes,no
1353,v3_volume,plaid,Tesco Petrol,6255 12AUG25      TESCO PAYAT PUMP  5425              KIRKBY IN ASH GB,10,debit,fuel,transport_motoring,Tesco Pay at Pump.,established,TRAVEL_AND_TRANSPORTATION_OTHER_TRAVEL_AND_TRANSPORTATION,transport_other,transport_motoring,transport_other,transport_motoring,fuel,transport_motoring,T5_R05,no,yes,yes,yes,no
1354,v3_volume,plaid,Loan,Loan,25,debit,unclassified_other,unclassified,Merchant is only 'Loan'; cannot uniquely identify a regulated product vs informal lending.,no,LOAN_PAYMENTS_PERSONAL_LOAN_PAYMENT,personal_loan_repayment,credit_loan_repayments,personal_loan_repayment,credit_loan_repayments,personal_loan_repayment,credit_loan_repayments,T6_native_fallback,no,no,no,no,no
1355,v3_volume,plaid,Jackpotjoy,JACKPOTJOY GIBRALTAR ON 31 AUG BCC,10,debit,gambling_bingo,gambling,Jackpotjoy is a Gamesys bingo brand.,yes,ENTERTAINMENT_CASINOS_AND_GAMBLING,gambling_unspecified,gambling,gambling_unspecified,gambling,gambling_unspecified,gambling,T6_native_fallback,no,no,yes,yes,no
1356,v3_volume,plaid,Current,202524 10589306  MOBILE-CHANNEL FT Barclays current account,10,debit,transfer_bank_unspecified,transfers,Barclays current-account transfer without own-account evidence.,yes,TRANSFER_OUT_OTHER,unclassified_transfer,unclassified,unclassified_transfer,unclassified,unclassified_other,unclassified,T4_dictionary,no,no,no,no,no
1357,v3_volume,plaid,T Hedger,T HEDGER 116434 11560360,40,debit,transfer_p2p,transfers,Named person T HEDGER.,no,TRANSFER_OUT_OTHER,unclassified_transfer,unclassified,unclassified_transfer,unclassified,transfer_p2p,transfers,T5_R02,no,yes,no,yes,no
1358,v3_volume,plaid,Squires Garden Cen,SQUIRES GARDEN CENFARNHAM,15.78,debit,garden,home_garden,Squires Garden Centre.,yes,FOOD_RETAIL_GROCERIES,groceries,groceries_household_essentials,groceries,groceries_household_essentials,groceries,groceries_household_essentials,T6_native_fallback,no,no,no,no,no
1359,v3_volume,plaid,Amazon Prime,4254 23JUN25      AMAZON            PRIME*TP5TP1CZ5   AMZN.CO.UK/PM GB,8.99,debit,streaming,digital_subscriptions_services,Amazon Prime.,established,ENTERTAINMENT_MUSIC_VIDEO_GAMES_TV_AND_MOVIES,entertainment_other,entertainment_leisure,entertainment_other,entertainment_leisure,entertainment_other,entertainment_leisure,T6_native_fallback,no,no,no,no,no
1360,v3_volume,plaid,Zilch,Visa purchase ZILCH INSTALMENT,6.96,debit,bnpl,credit_loan_repayments,Zilch instalment.,yes,LOAN_PAYMENTS_BNPL_AND_EWA,bnpl,credit_loan_repayments,bnpl,credit_loan_repayments,bnpl,credit_loan_repayments,T4_dictionary,yes,yes,yes,yes,no
1361,v3_volume,plaid,ParentPay,"DIRECT DEBIT PAYMENT TO PARENTPAY REF PARENTPAYABAAWDUJH, MANDATE NO 0033",100,debit,school_fees,childcare_education,ParentPay school meals/trips/fees collection; closest honest leaf is school_fees.,established,CHILDCARE_AND_EDUCATION_CHILDCARE_AND_EDUCATION,childcare,childcare_education,childcare,childcare_education,childcare,childcare_education,T6_native_fallback,no,no,yes,yes,no
1362,v3_volume,plaid,T J Morris LTD,T J MORRIS LTD,7.58,debit,discount_store,groceries_household_essentials,T J Morris is Home Bargains.,established,GENERAL_MERCHANDISE_DEPARTMENT_STORES,department_store,general_retail_marketplaces,department_store,general_retail_marketplaces,department_store,general_retail_marketplaces,T6_native_fallback,no,no,no,no,no
1363,v3_volume,plaid,P. Louise Cosmet,Sp P. Louise Cosmet,30,debit,health_beauty_general,clothing_personal_care,P. Louise cosmetics.,yes,PERSONAL_CARE_HAIR_AND_BEAUTY,skin_hair_care,clothing_personal_care,skin_hair_care,clothing_personal_care,skin_hair_care,clothing_personal_care,T6_native_fallback,no,no,yes,yes,no
1364,v3_volume,plaid,Hastings Insurance,HASTINGS INSURANCE                    REFERENCE: BC21993386,127.47,debit,insurance_general,insurance,Hastings Insurance; brand now sells motor and home so multi-line general (v2 gold insurance_general).,established,INSURANCE_AND_TAX_INSURANCE,insurance_general,insurance,insurance_general,insurance,insurance_general,insurance,T6_native_fallback,yes,yes,yes,yes,no
1365,v3_volume,plaid,Tiktok Shop,TIKTOK SHOP  ON 09 JUL BCC,1.79,debit,marketplace_general,general_retail_marketplaces,TikTok Shop.,yes,GENERAL_MERCHANDISE_ONLINE_MARKETPLACES,marketplace_general,general_retail_marketplaces,marketplace_general,general_retail_marketplaces,marketplace_general,general_retail_marketplaces,T6_native_fallback,yes,yes,yes,yes,no
1366,v3_volume,plaid,SkyBet,VISA DIRECT PAYMENT Sky Bet ON 26 JUL CRE,-145,credit,gambling_unspecified,gambling,Sky Bet credit is winnings; native INCOME_SALARY wrong. T1: Sky Bet credit is winnings → gambling_unspecified.,yes,INCOME_SALARY,salary,income_employment,salary,income_employment,gambling_betting,gambling,T4_dictionary,no,no,no,yes,no
1367,v3_volume,plaid,Yeading Lane,YEADING LANE PHARM  ON 23 JUL CPM,19.8,debit,pharmacy,health_medical,Yeading Lane Pharmacy.,yes,MEDICAL_PHARMACIES_AND_SUPPLEMENTS,pharmacy,health_medical,pharmacy,health_medical,pharmacy,health_medical,T4_dictionary,yes,yes,yes,yes,no
1368,v3_volume,plaid,Regal Gaming Technologies,Regal Gaming Technologies,1.5,debit,gambling_unspecified,gambling,Regal Gaming Technologies supplies pub/AGC fruit machines (NYX-style); do not pick a gambling subtype.,no,ENTERTAINMENT_MUSIC_VIDEO_GAMES_TV_AND_MOVIES,entertainment_other,entertainment_leisure,entertainment_other,entertainment_leisure,entertainment_other,entertainment_leisure,T6_native_fallback,no,no,no,no,no
1369,v3_volume,plaid,Tesco,8877 13SEP25 CD   TESCO STORES 2850 LONGTON GB,16.74,debit,groceries,groceries_household_essentials,Tesco store.,established,FOOD_RETAIL_GROCERIES,groceries,groceries_household_essentials,groceries,groceries_household_essentials,groceries,groceries_household_essentials,T4_dictionary,yes,yes,yes,yes,no
1370,v3_volume,plaid,Molly Jouxson Daughter,MOLLY JOUXSON     DAUGHTER          VIA MOBILE - PYMT FP 30/06/25 10    47232054748293000N,50,debit,transfer_p2p,transfers,Named person Molly Jouxson (daughter memo).,yes,TRANSFER_OUT_OTHER,unclassified_transfer,unclassified,unclassified_transfer,unclassified,transfer_p2p,transfers,T5_R03,no,yes,no,yes,no
1371,v3_volume,plaid,Farmfoods,FARMFOODS 386,125.3,debit,groceries,groceries_household_essentials,Farmfoods food discounter.,yes,FOOD_RETAIL_GROCERIES,groceries,groceries_household_essentials,groceries,groceries_household_essentials,groceries,groceries_household_essentials,T4_dictionary,yes,yes,yes,yes,no
1372,v3_volume,plaid,Sainsbury's,SAINSBURYS S/MKTS,8.85,debit,groceries,groceries_household_essentials,Sainsbury's supermarket.,established,FOOD_RETAIL_GROCERIES,groceries,groceries_household_essentials,groceries,groceries_household_essentials,groceries,groceries_household_essentials,T4_dictionary,yes,yes,yes,yes,no
1373,v3_volume,plaid,Buckley Expres,Buckley Expres - Ppoint_,9.5,debit,convenience_store,groceries_household_essentials,Buckley Express convenience store (PayPoint).,no,TRANSFER_OUT_OTHER,unclassified_transfer,unclassified,unclassified_transfer,unclassified,unclassified_transfer,unclassified,T6_native_fallback,no,no,no,no,no
1374,v3_volume,plaid,Too Good To Go,Too Good To Go,2.99,debit,takeaway,eating_drinking_out,Too Good To Go surplus meals.,yes,DINING_OTHER_DINING,restaurant_cafe,eating_drinking_out,restaurant_cafe,eating_drinking_out,restaurant_cafe,eating_drinking_out,T6_native_fallback,no,no,yes,yes,no
1375,v3_volume,plaid,Cd T.e,4795 19JUL25 CD   T.E BETHEL        LEEDS GB,31,debit,unclassified_card_spend,unclassified,T.E Bethel Leeds card spend; payee not uniquely identified.,yes,FOOD_RETAIL_GROCERIES,groceries,groceries_household_essentials,groceries,groceries_household_essentials,groceries,groceries_household_essentials,T6_native_fallback,no,no,no,no,no
1376,v3_volume,plaid,Bet365,PENDING BET365,10,debit,gambling_betting,gambling,Bet365.,established,ENTERTAINMENT_CASINOS_AND_GAMBLING,gambling_unspecified,gambling,gambling_unspecified,gambling,gambling_betting,gambling,T4_dictionary,no,yes,yes,yes,no
1377,v3_volume,plaid,Canva,Canva* 04571-8022018,10.99,debit,software,digital_subscriptions_services,Canva subscription.,established,GENERAL_MERCHANDISE_OTHER_GENERAL_MERCHANDISE,retail_other,general_retail_marketplaces,retail_other,general_retail_marketplaces,software,digital_subscriptions_services,T4_dictionary,no,yes,no,yes,no
1378,v3_volume,plaid,D Picture House Uckfield,8213 13SEP25  D   PICTURE HOUSE     UCKFIELD          EASTBOURNE GB,42,debit,cinema,entertainment_leisure,Picture House Uckfield.,yes,ENTERTAINMENT_MUSIC_VIDEO_GAMES_TV_AND_MOVIES,entertainment_other,entertainment_leisure,entertainment_other,entertainment_leisure,cinema,entertainment_leisure,T4_dictionary,no,yes,yes,yes,no
1379,v3_volume,plaid,Asda,Asda Superstore,29.47,debit,groceries,groceries_household_essentials,Asda Superstore.,yes,FOOD_RETAIL_GROCERIES,groceries,groceries_household_essentials,groceries,groceries_household_essentials,groceries,groceries_household_essentials,T4_dictionary,yes,yes,yes,yes,no
1380,v3_volume,plaid,Puregym Limited,PureGym Limited,32.99,debit,gym_fitness,health_medical,PureGym.,yes,TRANSFER_OUT_OTHER,unclassified_transfer,unclassified,unclassified_transfer,unclassified,gym_fitness,health_medical,T4_dictionary,no,yes,no,yes,no
1381,v3_volume,plaid,Scottish Power,SCOTTISH POWER,17,debit,energy,utilities_household_bills,Scottish Power.,established,RENT_AND_UTILITIES_GAS_AND_ELECTRICITY,energy,utilities_household_bills,energy,utilities_household_bills,energy,utilities_household_bills,T4_dictionary,yes,yes,yes,yes,no
1382,v3_volume,plaid,118 118 Money,118 MONEY CREDIT  ON 12 AUG BCC,5,debit,payday_loan,high_cost_distress_credit,118 118 Money.,yes,LOAN_PAYMENTS_PERSONAL_LOAN_PAYMENT,personal_loan_repayment,credit_loan_repayments,personal_loan_repayment,credit_loan_repayments,payday_loan,high_cost_distress_credit,T4_dictionary,no,yes,no,yes,no
1383,v3_volume,plaid,Mrs S Hafiz,MRS S HAFIZ       MRS S HAFIZ       VIA MOBILE - PYMT FP 22/09/25 10    55061457598397000N,250,debit,transfer_p2p,transfers,Mrs S Hafiz mobile payment.,yes,TRANSFER_OUT_OTHER,unclassified_transfer,unclassified,unclassified_transfer,unclassified,transfer_p2p,transfers,T4_dictionary,no,yes,no,yes,no
1384,v3_volume,plaid,KFC,KFC Anne Thomas,-10,credit,refund_received,income_other,KFC credit (Anne Thomas memo); retailer credit is a refund not takeaway spend.,no,DINING_DINING,restaurant_cafe,eating_drinking_out,restaurant_cafe,eating_drinking_out,takeaway,eating_drinking_out,T4_dictionary,no,no,no,no,no
1385,v3_volume,plaid,McDonald's,Visa purchase McDonalds 8260391 APPLEPAY 2818 2025-07-20,11.77,debit,takeaway,eating_drinking_out,McDonald's.,yes,DINING_DINING,restaurant_cafe,eating_drinking_out,restaurant_cafe,eating_drinking_out,takeaway,eating_drinking_out,T4_dictionary,no,yes,yes,yes,no
1386,v3_volume,plaid,SkyBet,Sky Bet,40,debit,gambling_betting,gambling,Sky Bet.,yes,ENTERTAINMENT_CASINOS_AND_GAMBLING,gambling_unspecified,gambling,gambling_unspecified,gambling,gambling_betting,gambling,T4_dictionary,no,yes,yes,yes,no
1387,v3_volume,plaid,Suzanne Draper Loan,Suzanne Draper    loan,50,debit,transfer_p2p,transfers,Named person Suzanne Draper with loan memo; informal P2P not a regulated personal loan.,no,LOAN_PAYMENTS_PERSONAL_LOAN_PAYMENT,personal_loan_repayment,credit_loan_repayments,personal_loan_repayment,credit_loan_repayments,loan_repayment_manual,credit_loan_repayments,T4_dictionary,no,no,no,no,no
1388,v3_volume,plaid,Jack Nye Barcodes,Jack Nye          Barcodes,99.99,debit,transfer_p2p,transfers,Jack Nye with Barcodes memo; named person debit.,yes,DINING_DINING,restaurant_cafe,eating_drinking_out,restaurant_cafe,eating_drinking_out,restaurant_cafe,eating_drinking_out,T6_native_fallback,no,no,no,no,no
1389,v3_volume,plaid,Voxi,WWW.VOXI.CO.UK CD 1624,15,debit,mobile_phone_contract,utilities_household_bills,VOXI.,established,RENT_AND_UTILITIES_TELECOMMUNICATIONS,mobile_phone_contract,utilities_household_bills,mobile_phone_contract,utilities_household_bills,mobile_phone_contract,utilities_household_bills,T4_dictionary,yes,yes,yes,yes,no
1390,v3_volume,plaid,SkyBet,SKY BET CD 4563,5,debit,gambling_betting,gambling,Sky Bet.,yes,ENTERTAINMENT_CASINOS_AND_GAMBLING,gambling_unspecified,gambling,gambling_unspecified,gambling,gambling_betting,gambling,T4_dictionary,no,yes,yes,yes,no
1391,v3_volume,plaid,boohoo,BooHoo,49.89,debit,clothing_general,clothing_personal_care,boohoo.,established,GENERAL_MERCHANDISE_APPAREL_AND_ACCESSORIES,clothing_general,clothing_personal_care,clothing_general,clothing_personal_care,clothing_general,clothing_personal_care,T4_dictionary,yes,yes,yes,yes,no
1392,v3_volume,plaid,Postcode Lottery,POSTCODE LOTTERY 05MATZ9KBB11UA005,12.25,debit,gambling_lottery,gambling,People's Postcode Lottery.,yes,ENTERTAINMENT_CASINOS_AND_GAMBLING,gambling_unspecified,gambling,gambling_unspecified,gambling,gambling_lottery,gambling,T4_dictionary,no,yes,yes,yes,no
1393,v3_volume,plaid,Mrs L Joseph,Mrs L Joseph      Payment,40,debit,transfer_p2p,transfers,Mrs L Joseph named-person payment.,yes,LOAN_PAYMENTS_CREDIT_CARD_PAYMENT,credit_card_repayment,credit_loan_repayments,credit_card_repayment,credit_loan_repayments,transfer_p2p,transfers,T5_R01,no,yes,no,yes,no
1394,v3_volume,plaid,German Doner Keba,VER*GERMAN DONER K,11.37,debit,takeaway,eating_drinking_out,German Doner Kebab fast-food chain.,yes,DINING_DINING,restaurant_cafe,eating_drinking_out,restaurant_cafe,eating_drinking_out,restaurant_cafe,eating_drinking_out,T6_native_fallback,no,no,yes,yes,no
1395,v3_volume,plaid,Shayan Food And Wine,SHAYAN FOOD AND WI,17.77,debit,convenience_store,groceries_household_essentials,"Shayan Food and Wine is an off-licence/convenience grocer, not a cafe.",no,FOOD_RETAIL_GROCERIES,groceries,groceries_household_essentials,groceries,groceries_household_essentials,groceries,groceries_household_essentials,T6_native_fallback,no,no,yes,yes,no
1396,v3_volume,plaid,Ladbrokes,Ladbrokes,13,debit,gambling_betting,gambling,Ladbrokes.,established,ENTERTAINMENT_CASINOS_AND_GAMBLING,gambling_unspecified,gambling,gambling_unspecified,gambling,gambling_betting,gambling,T4_dictionary,no,yes,yes,yes,no
1397,v3_volume,plaid,Amazon,AMAZON* RS4R60ID4 Amazon,64.26,debit,marketplace_amazon,general_retail_marketplaces,Amazon.,established,GENERAL_MERCHANDISE_ONLINE_MARKETPLACES,marketplace_general,general_retail_marketplaces,marketplace_general,general_retail_marketplaces,marketplace_amazon,general_retail_marketplaces,T4_dictionary,no,yes,yes,yes,no
1398,v3_volume,plaid,Dawn Danskin,DAWN DANSKIN,9,debit,transfer_p2p,transfers,Named person Dawn Danskin.,yes,TRANSFER_OUT_OTHER,unclassified_transfer,unclassified,unclassified_transfer,unclassified,transfer_p2p,transfers,T4_dictionary,no,yes,no,yes,no
1399,v3_volume,plaid,Lovisa,Contactless Payment Lovisa APPLEPAY 0752 2025-09-28,32,debit,jewellery,clothing_personal_care,Lovisa jewellery.,yes,GENERAL_MERCHANDISE_APPAREL_AND_ACCESSORIES,clothing_general,clothing_personal_care,clothing_general,clothing_personal_care,jewellery,clothing_personal_care,T4_dictionary,no,yes,yes,yes,no
1400,v3_volume,plaid,Pizza Space Limite,7907 09SEP25 CD   SQ *PIZZA SPACE   LIMITE            WEMBLEY GB,6.5,debit,takeaway,eating_drinking_out,Pizza Space.,yes,DINING_DINING,restaurant_cafe,eating_drinking_out,restaurant_cafe,eating_drinking_out,restaurant_cafe,eating_drinking_out,T6_native_fallback,no,no,yes,yes,no
1401,v3_volume,plaid,Very,VERY  ON 08 AUG BCC Very,47.71,debit,catalogue_retail,general_retail_marketplaces,Very.co.uk card purchase (BCC); catalogue retail not a finance DD.,established,TRANSFER_OUT_OTHER,unclassified_transfer,unclassified,unclassified_transfer,unclassified,catalogue_retail,general_retail_marketplaces,T4_dictionary,no,yes,no,yes,no
1402,v3_volume,plaid,Riot,Riot*,10.25,debit,gaming_online,entertainment_leisure,"Riot* is Riot Games (League of Legends) PC/online, not mobile.",no,ENTERTAINMENT_MUSIC_VIDEO_GAMES_TV_AND_MOVIES,entertainment_other,entertainment_leisure,entertainment_other,entertainment_leisure,entertainment_other,entertainment_leisure,T6_native_fallback,no,no,yes,yes,no
1403,v3_volume,plaid,Revolut,To Charles Suter - Sent from Revolut - SortCodeAccountNumber: 82197600396571,20,debit,transfer_p2p,transfers,Revolut send to Charles Suter; named person.,no,TRANSFER_OUT_OTHER,unclassified_transfer,unclassified,unclassified_transfer,unclassified,transfer_own_account,transfers,T4_dictionary,no,no,no,yes,no
1404,v3_volume,plaid,Sainsburys S Mkts,Sainsburys- Bolton,10.62,debit,groceries,groceries_household_essentials,Sainsbury's Bolton.,yes,FOOD_RETAIL_GROCERIES,groceries,groceries_household_essentials,groceries,groceries_household_essentials,groceries,groceries_household_essentials,T4_dictionary,yes,yes,yes,yes,no
1405,v3_volume,plaid,Cd Vg Store,9966 11SEP25 CD   VG STORE          PORT GLASGOW GB,4.5,debit,convenience_store,groceries_household_essentials,VG Store Port Glasgow convenience.,yes,GENERAL_MERCHANDISE_CONVENIENCE_STORES,convenience_store,groceries_household_essentials,convenience_store,groceries_household_essentials,convenience_store,groceries_household_essentials,T6_native_fallback,yes,yes,yes,yes,no
1406,v3_volume,plaid,Jhon,JHON CULLEN 500000001611936504,0.51,debit,transfer_p2p,transfers,Jhon Cullen named person.,established,TRANSFER_OUT_OTHER,unclassified_transfer,unclassified,unclassified_transfer,unclassified,unclassified_transfer,unclassified,T6_native_fallback,no,no,no,no,no
1407,v3_volume,plaid,Paddy Power,Paddy Power,20,debit,gambling_betting,gambling,Paddy Power.,established,ENTERTAINMENT_CASINOS_AND_GAMBLING,gambling_unspecified,gambling,gambling_unspecified,gambling,gambling_betting,gambling,T4_dictionary,no,yes,yes,yes,no
1408,v3_volume,plaid,Chika Celestine,CHIKA CELESTINE   C                 VIA MOBILE - PYMT FP 29/08/25 10    29064340350322000N,4,debit,transfer_p2p,transfers,Named person Chika Celestine.,no,TRANSFER_OUT_OTHER,unclassified_transfer,unclassified,unclassified_transfer,unclassified,transfer_p2p,transfers,T4_dictionary,no,yes,no,yes,no
1409,v3_volume,plaid,Welcome Break,Contactless Payment WELCOME BREAK SOUTH MI APPLEPAY 9369,12.99,debit,convenience_store,groceries_household_essentials,Welcome Break South Mimms motorway services.,yes,TRAVEL_AND_TRANSPORTATION_OTHER_TRAVEL_AND_TRANSPORTATION,transport_other,transport_motoring,transport_other,transport_motoring,convenience_store,groceries_household_essentials,T4_dictionary,no,yes,no,yes,no
1410,v3_volume,plaid,Shell,SHELL A19,3.75,debit,fuel,transport_motoring,Shell A19 forecourt; tiny amount still fuel.,established,TRAVEL_AND_TRANSPORTATION_OTHER_TRAVEL_AND_TRANSPORTATION,transport_other,transport_motoring,transport_other,transport_motoring,fuel,transport_motoring,T4_dictionary,no,yes,yes,yes,no
1411,v3_volume,plaid,Morrisons,"WM MORRISONS STORE (VIA APPLE PAY), ON 12-07-2025",8.1,debit,groceries,groceries_household_essentials,Morrisons.,yes,FOOD_RETAIL_GROCERIES,groceries,groceries_household_essentials,groceries,groceries_household_essentials,groceries,groceries_household_essentials,T4_dictionary,yes,yes,yes,yes,no
1412,v3_volume,plaid,Vanquis Bank,Vanquis Bank Ltd 050012124527251003,389.71,debit,credit_card_repayment,credit_loan_repayments,Vanquis is a credit-card issuer.,established,LOAN_PAYMENTS_PERSONAL_LOAN_PAYMENT,personal_loan_repayment,credit_loan_repayments,personal_loan_repayment,credit_loan_repayments,credit_card_repayment,credit_loan_repayments,T4_dictionary,no,yes,yes,yes,no
1413,v3_volume,plaid,Save The Pennies,SAVE THE PENNIES 771202-53542168,0.52,debit,savings_transfer,savings_investments,Save the Pennies round-up savings.,established,TRANSFER_OUT_SAVINGS,savings_transfer,savings_investments,savings_transfer,savings_investments,savings_transfer,savings_investments,T4_dictionary,yes,yes,yes,yes,no
1414,v3_volume,plaid,Raylo,RAYLO,16.76,debit,retail_finance_repayment,credit_loan_repayments,Raylo.,yes,GENERAL_MERCHANDISE_ONLINE_MARKETPLACES,marketplace_general,general_retail_marketplaces,marketplace_general,general_retail_marketplaces,retail_finance_repayment,credit_loan_repayments,T4_dictionary,no,yes,no,yes,no
1415,v3_volume,plaid,Amazon,AMZNMktplace*RF807,19.99,debit,marketplace_amazon,general_retail_marketplaces,Amazon Marketplace.,established,GENERAL_MERCHANDISE_ONLINE_MARKETPLACES,marketplace_general,general_retail_marketplaces,marketplace_general,general_retail_marketplaces,marketplace_amazon,general_retail_marketplaces,T4_dictionary,no,yes,yes,yes,no
1416,v3_volume,plaid,Christmas Bakery Limited,Contactless Payment CHRISTMAS BAKERY LIMITED,11.15,debit,restaurant_cafe,eating_drinking_out,Christmas Bakery cafe/bakery.,yes,GENERAL_MERCHANDISE_OTHER_GENERAL_MERCHANDISE,retail_other,general_retail_marketplaces,retail_other,general_retail_marketplaces,retail_other,general_retail_marketplaces,T6_native_fallback,no,no,no,no,no
1417,v3_volume,plaid,Sky Mobile,REVERSAL OF 17-09 SKY MOBILE        FIRST PAYMENT,-78,credit,returned_payment,fees_charges,"REVERSAL OF Sky Mobile first payment; UNP/reversal rule, not a mobile bill.",established,LOAN_PAYMENTS_CREDIT_CARD_PAYMENT,credit_card_repayment,credit_loan_repayments,credit_card_repayment,credit_loan_repayments,mobile_phone_contract,utilities_household_bills,T4_dictionary,no,no,no,no,no
1418,v3_volume,plaid,Icelandair,6363 18JUL25      ICELAND           ROCHDALE GB,73.51,debit,groceries,groceries_household_essentials,Iceland Rochdale supermarket (Plaid Icelandair collision).,established,FOOD_RETAIL_GROCERIES,groceries,groceries_household_essentials,groceries,groceries_household_essentials,groceries,groceries_household_essentials,T6_native_fallback,yes,yes,yes,yes,no
1419,v3_volume,plaid,M Palmer,M PALMER   17AUG25 110030 11007967,28,debit,transfer_p2p,transfers,Named person M PALMER.,yes,TRANSFER_OUT_INVESTMENT_AND_RETIREMENT_FUNDS,investment_general,savings_investments,investment_general,savings_investments,transfer_p2p,transfers,T5_R02,no,yes,no,yes,no
1420,v3_volume,plaid,Chaotic,Chaotic,3.96,debit,prize_competitions,gambling,"Chaotic (Chaoss Entertainment, Redhill) prize-draw comps.",established,DINING_DINING,restaurant_cafe,eating_drinking_out,restaurant_cafe,eating_drinking_out,restaurant_cafe,eating_drinking_out,T6_native_fallback,no,no,no,no,no
1421,v3_volume,plaid,Smarty Co Uk,SMARTY CO UK,7,debit,mobile_phone_contract,utilities_household_bills,SMARTY MVNO.,established,GENERAL_SERVICES_OTHER_SERVICES,business_services,business_self_employment,business_services,business_self_employment,business_services,business_self_employment,T6_native_fallback,no,no,no,no,no
1422,v3_volume,plaid,Donate.jw,DONATE.JW.ORG-IBSA Donate.Jw,5,debit,charitable_donation,charitable_political_giving,donate.jw.org Jehovah's Witnesses.,yes,TRANSFER_OUT_OTHER,unclassified_transfer,unclassified,unclassified_transfer,unclassified,charitable_donation,charitable_political_giving,T4_dictionary,no,yes,no,yes,no
1423,v3_volume,plaid,Grand Hotel Gosforth Park,GRAND HOTEL GOSFOR  ON 04 OCT CLP GRAND HOTEL GOSFORTH P,83.1,debit,accommodation,travel_holidays,Grand Hotel Gosforth Park.,yes,TRAVEL_AND_TRANSPORTATION_LODGING,accommodation,travel_holidays,accommodation,travel_holidays,accommodation,travel_holidays,T4_dictionary,yes,yes,yes,yes,no
1424,v3_volume,plaid,Lime Shop,Lime Shop,1.09,debit,transport_other,transport_motoring,Lime Shop £1.09 with travel native is a Lime e-scooter/bike ride; not uniquely bicycle vs scooter so transport_other.,no,TRAVEL_AND_TRANSPORTATION_OTHER_TRAVEL_AND_TRANSPORTATION,transport_other,transport_motoring,transport_other,transport_motoring,transport_other,transport_motoring,T6_native_fallback,yes,yes,yes,yes,no
1425,v3_volume,plaid,Sainsbury's,SAINSBURYS S/MKTS SYDENHAM 693,9.4,debit,groceries,groceries_household_essentials,Sainsbury's Sydenham.,established,FOOD_RETAIL_GROCERIES,groceries,groceries_household_essentials,groceries,groceries_household_essentials,groceries,groceries_household_essentials,T4_dictionary,yes,yes,yes,yes,no
1426,v3_volume,plaid,Lidl,LIDL GB  LUTON,20.21,debit,groceries,groceries_household_essentials,Lidl.,established,FOOD_RETAIL_GROCERIES,groceries,groceries_household_essentials,groceries,groceries_household_essentials,groceries,groceries_household_essentials,T4_dictionary,yes,yes,yes,yes,no
1427,v3_volume,plaid,McDonald's,CARD PAYMENT TO MCDONALDS ON 07-08-2025,3.19,debit,takeaway,eating_drinking_out,McDonald's.,yes,DINING_DINING,restaurant_cafe,eating_drinking_out,restaurant_cafe,eating_drinking_out,takeaway,eating_drinking_out,T4_dictionary,no,yes,yes,yes,no
1428,v3_volume,plaid,The National Lottery,NATIONAL LOTTERY,12,debit,gambling_lottery,gambling,National Lottery.,established,ENTERTAINMENT_CASINOS_AND_GAMBLING,gambling_unspecified,gambling,gambling_unspecified,gambling,gambling_lottery,gambling,T4_dictionary,no,yes,yes,yes,no
1429,v3_volume,plaid,Tesco,Tesco,1.62,debit,groceries,groceries_household_essentials,Tesco.,established,FOOD_RETAIL_GROCERIES,groceries,groceries_household_essentials,groceries,groceries_household_essentials,groceries,groceries_household_essentials,T4_dictionary,yes,yes,yes,yes,no
1430,v3_volume,plaid,Ovo Energy,OVO ENERGY  YKRVHFG DDR OVO Energy,119,debit,energy,utilities_household_bills,OVO Energy.,established,RENT_AND_UTILITIES_OTHER_UTILITIES,utility_other,utilities_household_bills,utility_other,utilities_household_bills,energy,utilities_household_bills,T4_dictionary,no,yes,yes,yes,no
1431,v3_volume,plaid,Google Play,Visa purchase Google Play Apps,1.49,debit,software,digital_subscriptions_services,Google Play.,established,ENTERTAINMENT_MUSIC_VIDEO_GAMES_TV_AND_MOVIES,entertainment_other,entertainment_leisure,entertainment_other,entertainment_leisure,software,digital_subscriptions_services,T4_dictionary,no,yes,no,yes,no
1432,v3_volume,plaid,Jade Wilson Jade,JADE WILSON       JADE              VIA MOBILE - PYMT FP 28/07/25 10    55023219268289000J,20,debit,transfer_p2p,transfers,Named person Jade Wilson.,no,TRANSFER_OUT_OTHER,unclassified_transfer,unclassified,unclassified_transfer,unclassified,unclassified_transfer,unclassified,T6_native_fallback,no,no,no,no,no
1433,v3_volume,plaid,Mole Valley,Mole Valley D.c. - Mole Valley D.C. - SortCodeAccountNumber: 60070222011110,123,debit,council_tax,council_tax_government,Mole Valley District Council £123 is a typical council-tax debit.,no,TRANSFER_OUT_OTHER,unclassified_transfer,unclassified,unclassified_transfer,unclassified,unclassified_transfer,unclassified,T6_native_fallback,no,no,no,no,no
1434,v3_volume,plaid,Shahs Walthamstow Order,SHAHS WALTHAMSTOW,27.96,debit,takeaway,eating_drinking_out,Shah's Halal Food Walthamstow is a takeaway/sandwich shop.,no,DINING_DINING,restaurant_cafe,eating_drinking_out,restaurant_cafe,eating_drinking_out,takeaway,eating_drinking_out,T4_dictionary,no,yes,yes,yes,no
1435,v3_volume,plaid,N K Convenience Store,G K CONVENIENCE ST  ON 22 JUN CLP G K CONVENIENCE STORE,7.25,debit,convenience_store,groceries_household_essentials,G K Convenience Store.,yes,GENERAL_MERCHANDISE_CONVENIENCE_STORES,convenience_store,groceries_household_essentials,convenience_store,groceries_household_essentials,convenience_store,groceries_household_essentials,T4_dictionary,yes,yes,yes,yes,no
1436,v3_volume,plaid,Uber,Uber,20.8,debit,taxi_rideshare,transport_motoring,Uber.,yes,TRAVEL_AND_TRANSPORTATION_TAXIS_AND_RIDE_SHARES,taxi_rideshare,transport_motoring,taxi_rideshare,transport_motoring,taxi_rideshare,transport_motoring,T4_dictionary,yes,yes,yes,yes,no
1437,v3_volume,plaid,CO-OP,CO-OP GROUP FOOD  ON 21 JUL CPM The Co-Operative,7.05,debit,groceries,groceries_household_essentials,Co-op food.,established,FOOD_RETAIL_GROCERIES,groceries,groceries_household_essentials,groceries,groceries_household_essentials,groceries,groceries_household_essentials,T4_dictionary,yes,yes,yes,yes,no
1438,v3_volume,plaid,Roxyballroom,WWW.ROXYBALLROOM.CLEEDS,33.5,debit,pub_bar,eating_drinking_out,Roxy Ball Room Leeds is a games bar (ping pong/pool + drinks).,no,DINING_DINING,restaurant_cafe,eating_drinking_out,restaurant_cafe,eating_drinking_out,restaurant_cafe,eating_drinking_out,T6_native_fallback,no,no,yes,yes,no
1439,v3_volume,plaid,Fashionworld,WWW.FASHIONWORLD.C,20,debit,clothing_womens,clothing_personal_care,Fashion World women's clothing.,established,GENERAL_MERCHANDISE_APPAREL_AND_ACCESSORIES,clothing_general,clothing_personal_care,clothing_general,clothing_personal_care,clothing_general,clothing_personal_care,T6_native_fallback,no,no,yes,yes,no
1440,v3_volume,plaid,Current,202062 73711951  OK FT Barclays current account,10,debit,transfer_bank_unspecified,transfers,Barclays current-account transfer without own-account evidence.,yes,TRANSFER_OUT_OTHER,unclassified_transfer,unclassified,unclassified_transfer,unclassified,unclassified_other,unclassified,T4_dictionary,no,no,no,no,no
1441,v3_volume,plaid,Trainline,Visa purchase TRAINLINE APPLEPAY 1283,12.05,debit,public_transport_rail_coach,transport_motoring,Trainline.,yes,TRAVEL_AND_TRANSPORTATION_PUBLIC_TRANSIT,public_transport_rail_coach,transport_motoring,public_transport_rail_coach,transport_motoring,public_transport_rail_coach,transport_motoring,T6_native_fallback,yes,yes,yes,yes,no
1442,v3_volume,plaid,U.S. Post Office,Post Office,-10,credit,unclassified_other,unclassified,Post Office £10 credit; native INCOME_SALARY but amount too small for salary and not clearly cash_deposit/refund.,no,INCOME_SALARY,salary,income_employment,salary,income_employment,delivery_courier,general_retail_marketplaces,T4_dictionary,no,no,no,no,no
1443,v3_volume,plaid,Just Eat,"JUST EAT (VIA APPLE PAY), ON 24-08-2025",29.2,debit,takeaway,eating_drinking_out,Just Eat.,yes,DINING_DINING,restaurant_cafe,eating_drinking_out,restaurant_cafe,eating_drinking_out,takeaway,eating_drinking_out,T4_dictionary,no,yes,yes,yes,no
1444,v3_volume,plaid,Biola Olatunji,BIOLA OLATUNJI 400000001605180181,4,debit,transfer_p2p,transfers,Named person Biola Olatunji.,no,TRANSFER_OUT_OTHER,unclassified_transfer,unclassified,unclassified_transfer,unclassified,transfer_p2p,transfers,T4_dictionary,no,yes,no,yes,no
1445,v3_volume,plaid,Google Joyplay,Visa purchase PAYPAL *GOOGLE JOYPLAY 4497,1.79,debit,gaming_mobile,entertainment_leisure,Google Joyplay mobile games.,yes,ENTERTAINMENT_MUSIC_VIDEO_GAMES_TV_AND_MOVIES,entertainment_other,entertainment_leisure,entertainment_other,entertainment_leisure,gaming_mobile,entertainment_leisure,T4_dictionary,no,yes,yes,yes,no
1446,v3_volume,plaid,Netflix,NETFLIX.COM,12.99,debit,streaming,digital_subscriptions_services,Netflix.,established,ENTERTAINMENT_MUSIC_VIDEO_GAMES_TV_AND_MOVIES,entertainment_other,entertainment_leisure,entertainment_other,entertainment_leisure,streaming,digital_subscriptions_services,T4_dictionary,no,yes,no,yes,no
1447,v3_volume,plaid,Bet365,Bet365,-40,credit,gambling_unspecified,gambling,Bet365 credit is winnings. T1: Bet365 credit is winnings → gambling_unspecified.,established,ENTERTAINMENT_CASINOS_AND_GAMBLING,gambling_unspecified,gambling,gambling_unspecified,gambling,gambling_betting,gambling,T4_dictionary,yes,no,yes,yes,no
1448,v3_volume,plaid,Schools Photography,SCHOOLS PHOTOGRAPH,21.99,debit,photography_services,business_self_employment,Schools photography.,yes,PERSONAL_CARE_OTHER_PERSONAL_CARE,health_beauty_general,clothing_personal_care,health_beauty_general,clothing_personal_care,health_beauty_general,clothing_personal_care,T6_native_fallback,no,no,no,no,no
1449,v3_volume,plaid,Sainsbury's,SAINSBURYS S/MKTS  ON 11 SEP CPM Sainsbury's,1.4,debit,groceries,groceries_household_essentials,Sainsbury's.,established,FOOD_RETAIL_GROCERIES,groceries,groceries_household_essentials,groceries,groceries_household_essentials,groceries,groceries_household_essentials,T4_dictionary,yes,yes,yes,yes,no
1450,v3_volume,plaid,Cineworld,CINEWORLD WOO CP  ON 29 JUN CPM Cineworld,10.49,debit,cinema,entertainment_leisure,Cineworld.,established,ENTERTAINMENT_MUSIC_VIDEO_GAMES_TV_AND_MOVIES,entertainment_other,entertainment_leisure,entertainment_other,entertainment_leisure,cinema,entertainment_leisure,T4_dictionary,no,yes,yes,yes,no
1451,v3_volume,plaid,Sella Supermarket,Contactless Payment SELLA SUPERMARKET 01 APPLEPAY 6094,2.99,debit,groceries,groceries_household_essentials,Sella Supermarket.,yes,FOOD_RETAIL_GROCERIES,groceries,groceries_household_essentials,groceries,groceries_household_essentials,groceries,groceries_household_essentials,T4_dictionary,yes,yes,yes,yes,no
1452,v3_volume,plaid,Three UK,H3G  113228928500100003 DDR Three,7,debit,mobile_phone_contract,utilities_household_bills,Three (H3G) DD.,yes,RENT_AND_UTILITIES_TELECOMMUNICATIONS,mobile_phone_contract,utilities_household_bills,mobile_phone_contract,utilities_household_bills,mobile_phone_contract,utilities_household_bills,T6_native_fallback,yes,yes,yes,yes,no
1453,v3_volume,plaid,K Mitchell,K MITCHELL 14SEP25,5,debit,transfer_p2p,transfers,Named person K MITCHELL.,yes,TRANSFER_OUT_OTHER,unclassified_transfer,unclassified,unclassified_transfer,unclassified,transfer_p2p,transfers,T5_R02,no,yes,no,yes,no
1454,v3_volume,plaid,HM Revenue and Customs,Bank credit HMRC CHILD BENEFIT 202648 13031802,-104.2,credit,benefits_state,income_benefits_state_support,HMRC Child Benefit.,yes,TAX_REFUND_TAX_REFUND,tax_refund,income_other,tax_refund,income_other,tax_payment,council_tax_government,T4_dictionary,no,no,no,no,no
1455,v3_volume,plaid,Cd Vivoxtra,1451 19JUL25 CD   VIVOXTRA NEWRY    ROAD              NEWTOWNABBEY GB,7.65,debit,fuel,transport_motoring,VivoXtra Newry Road is a Maxol/Vivo Extra forecourt; tiny shop amount can still be fuel.,no,TRAVEL_AND_TRANSPORTATION_OTHER_TRAVEL_AND_TRANSPORTATION,transport_other,transport_motoring,transport_other,transport_motoring,transport_other,transport_motoring,T6_native_fallback,no,no,yes,yes,no
1456,v3_volume,plaid,Agnieszka K Wlodar,AGNIESZKA K WLODAR 400000001646175363,5,debit,transfer_p2p,transfers,Named person Agnieszka K Wlodar.,yes,FOOD_RETAIL_GROCERIES,groceries,groceries_household_essentials,groceries,groceries_household_essentials,groceries,groceries_household_essentials,T6_native_fallback,no,no,no,no,no
1457,v3_volume,plaid,Densign,DENSIGN MD TRADING 400000001600217559 BDP CWALSH 605006     10 16JUL25 13:10,2657.88,debit,business_services,business_self_employment,Densign MD Trading is Densign dental laboratory (B2B dental manufacturing) £2658 BACS.,yes,TRANSFER_OUT_INVESTMENT_AND_RETIREMENT_FUNDS,investment_general,savings_investments,investment_general,savings_investments,investment_general,savings_investments,T6_native_fallback,no,no,no,no,no
1458,v3_volume,plaid,BP,CARD PAYMENT TO BP SPAR TOR GRANGE ON 08-07-2025,10,debit,fuel,transport_motoring,BP Spar Tor Grange; BP + round £10 treated as forecourt fuel per brief.,established,TRAVEL_AND_TRANSPORTATION_OTHER_TRAVEL_AND_TRANSPORTATION,transport_other,transport_motoring,transport_other,transport_motoring,fuel,transport_motoring,T4_dictionary,no,yes,yes,yes,no
1459,v3_volume,plaid,M Raheem,M RAHEEM 110544 12589764,1170,debit,transfer_p2p,transfers,Named person M RAHEEM £1170; no rent memo.,yes,TRANSFER_OUT_OTHER,unclassified_transfer,unclassified,unclassified_transfer,unclassified,transfer_p2p,transfers,T5_R02,no,yes,no,yes,no
1460,v3_volume,plaid,Www.amazon.uk.co,WWW.AMAZON.* RF994  ON 07 AUG BCC WWW.AMAZON.UK.CO,8.89,debit,marketplace_amazon,general_retail_marketplaces,Amazon.co.uk.,established,GENERAL_SERVICES_OTHER_SERVICES,business_services,business_self_employment,business_services,business_self_employment,business_services,business_self_employment,T6_native_fallback,no,no,no,no,no
1461,v3_volume,plaid,Tesco,CARD PAYMENT TO TESCO STORES 6632 ON 12-07-2025,10.85,debit,groceries,groceries_household_essentials,Tesco store.,established,FOOD_RETAIL_GROCERIES,groceries,groceries_household_essentials,groceries,groceries_household_essentials,groceries,groceries_household_essentials,T4_dictionary,yes,yes,yes,yes,no
1462,v3_volume,plaid,Asda,Zilch Asda Gravesend,8.75,debit,groceries,groceries_household_essentials,Zilch Asda Gravesend; Asda identifiable so groceries not bnpl (brief).,no,LOAN_PAYMENTS_BNPL_AND_EWA,bnpl,credit_loan_repayments,bnpl,credit_loan_repayments,groceries,groceries_household_essentials,T4_dictionary,no,yes,no,yes,no
1463,v3_volume,plaid,Keiths Supermarket 1-3 Wi,Contactless Payment KEITHS SUPERMARKET 1-3 WI APPLEPAY 1911 2025-08-31,11.2,debit,groceries,groceries_household_essentials,Keiths Supermarket.,yes,FOOD_RETAIL_GROCERIES,groceries,groceries_household_essentials,groceries,groceries_household_essentials,groceries,groceries_household_essentials,T4_dictionary,yes,yes,yes,yes,no
1464,v3_volume,plaid,Plough,Ploughlincoln,10.1,debit,pub_bar,eating_drinking_out,"The Plough, Lincoln.",yes,DINING_DINING,restaurant_cafe,eating_drinking_out,restaurant_cafe,eating_drinking_out,pub_bar,eating_drinking_out,T4_dictionary,no,yes,yes,yes,no
1465,v3_volume,plaid,Whiston Hospital,Contactless Payment WHISTON HOSPITAL APPLEPAY 2673,1.54,debit,restaurant_cafe,eating_drinking_out,"£1.54 contactless at Whiston Hospital with DINING native is cafe/shop spend, not hospital treatment.",yes,DINING_DINING,restaurant_cafe,eating_drinking_out,restaurant_cafe,eating_drinking_out,restaurant_cafe,eating_drinking_out,T6_native_fallback,yes,yes,yes,yes,no
1466,v3_volume,plaid,O2,O2 - SortCodeAccountNumber: 40025081265075,105.96,debit,mobile_phone_contract,utilities_household_bills,O2.,yes,RENT_AND_UTILITIES_TELECOMMUNICATIONS,mobile_phone_contract,utilities_household_bills,mobile_phone_contract,utilities_household_bills,mobile_phone_contract,utilities_household_bills,T4_dictionary,yes,yes,yes,yes,no
1467,v3_volume,plaid,Just Eat,"Card 48, Just Eat",73.72,debit,takeaway,eating_drinking_out,Just Eat.,yes,DINING_DINING,restaurant_cafe,eating_drinking_out,restaurant_cafe,eating_drinking_out,takeaway,eating_drinking_out,T4_dictionary,no,yes,yes,yes,no
1468,v3_volume,plaid,Uber,UBR* PENDING.UBER.LONDON,32.25,debit,taxi_rideshare,transport_motoring,Uber.,yes,TRAVEL_AND_TRANSPORTATION_TAXIS_AND_RIDE_SHARES,taxi_rideshare,transport_motoring,taxi_rideshare,transport_motoring,taxi_rideshare,transport_motoring,T4_dictionary,yes,yes,yes,yes,no
1469,v3_volume,plaid,Sophie Sophie Via,SOPHIE            SOPHIE            VIA MOBILE - PYMT,25,debit,transfer_p2p,transfers,Sophie named-person mobile payment.,no,TRANSFER_OUT_OTHER,unclassified_transfer,unclassified,unclassified_transfer,unclassified,transfer_p2p,transfers,T4_dictionary,no,yes,no,yes,no
1470,v3_volume,plaid,Apple,APPLE.COM/BILL,0.59,debit,software,digital_subscriptions_services,Apple App Store.,established,GENERAL_MERCHANDISE_COMPUTERS_AND_ELECTRONICS,computing_devices,general_retail_marketplaces,computing_devices,general_retail_marketplaces,software,digital_subscriptions_services,T4_dictionary,no,yes,no,yes,no
1471,v3_volume,plaid,Klarna,KLARNA*MONTIREX CD 2843,53.25,debit,sportswear,clothing_personal_care,Klarna*MONTIREX; Montirex is a sportswear brand.,yes,LOAN_PAYMENTS_BNPL_AND_EWA,bnpl,credit_loan_repayments,bnpl,credit_loan_repayments,bnpl,credit_loan_repayments,T4_dictionary,no,no,no,no,no
1472,v3_volume,plaid,Darlington Mowden Park,Darlington Mowden  ON 30 AUG CPM DARLINGTON MOWDEN PARK,6.84,debit,sports_participation,entertainment_leisure,Darlington Mowden Park rugby club; £6.84 on-site club spend.,no,TRAVEL_AND_TRANSPORTATION_OTHER_TRAVEL_AND_TRANSPORTATION,transport_other,transport_motoring,transport_other,transport_motoring,transport_other,transport_motoring,T6_native_fallback,no,no,no,no,no
1473,v3_volume,plaid,T Allen,T ALLEN 777118 36648660,5,debit,transfer_p2p,transfers,Named person T ALLEN.,yes,TRANSFER_OUT_OTHER,unclassified_transfer,unclassified,unclassified_transfer,unclassified,transfer_p2p,transfers,T5_R02,no,yes,no,yes,no
1474,v3_volume,plaid,Darren Khosrowpour,Darren Khosrowpour,6.35,debit,transfer_p2p,transfers,Named person Darren Khosrowpour.,no,TRANSFER_OUT_OTHER,unclassified_transfer,unclassified,unclassified_transfer,unclassified,unclassified_transfer,unclassified,T6_native_fallback,no,no,no,no,no
1475,v3_volume,plaid,Mangrola,2104 01AUG25 C    PPOINT_*MANGROLA  STORE             GLOUCESTER GB,4.26,debit,convenience_store,groceries_household_essentials,PayPoint at Mangrola Store Gloucester; food-predominant convenience store.,no,FOOD_RETAIL_GROCERIES,groceries,groceries_household_essentials,groceries,groceries_household_essentials,groceries,groceries_household_essentials,T6_native_fallback,no,no,yes,yes,no
1476,v3_volume,plaid,Cd Elite,0273 25JUL25 CD   ELITE GARAGES     MORRISON          SHAFTESBURY GB,6.8,debit,groceries,groceries_household_essentials,"Elite Garages Morrison Shaftesbury is the Morrisons Daily shop (non-fuel convenience supermarket), £6.80 shop amount not MOT.",yes,TRAVEL_AND_TRANSPORTATION_OTHER_TRAVEL_AND_TRANSPORTATION,transport_other,transport_motoring,transport_other,transport_motoring,transport_other,transport_motoring,T6_native_fallback,no,no,no,no,no
1477,v3_volume,plaid,PureGym,Returned direct debit PURE GYM LTD 070246 08045944,-32.99,credit,returned_payment,fees_charges,"Returned direct debit Pure Gym; UNP/reversal rule, not gym spend.",established,PERSONAL_CARE_GYMS_AND_FITNESS_CENTERS,gym_fitness,health_medical,gym_fitness,health_medical,gym_fitness,health_medical,T6_native_fallback,no,no,no,no,no
1478,v3_volume,plaid,Amazon,AMAZON UK* KL2O79T,18.94,debit,marketplace_amazon,general_retail_marketplaces,Amazon UK.,established,GENERAL_MERCHANDISE_ONLINE_MARKETPLACES,marketplace_general,general_retail_marketplaces,marketplace_general,general_retail_marketplaces,marketplace_amazon,general_retail_marketplaces,T4_dictionary,no,yes,yes,yes,no
1479,v3_volume,plaid,Luke Hurdman,United Kingdom Account - OBAP7VOG309PXGM5Z Luke Hurdman - SortCodeAccountNumber: 04007502311038,529,debit,transfer_p2p,transfers,Named person Luke Hurdman.,yes,TRANSFER_OUT_OTHER,unclassified_transfer,unclassified,unclassified_transfer,unclassified,transfer_p2p,transfers,T4_dictionary,no,yes,no,yes,no
1480,v3_volume,plaid,Mbna Loans,Direct debit MBNA LOANS 777790 90000468,99.96,debit,personal_loan_repayment,credit_loan_repayments,MBNA LOANS debit is a loan repayment; established returned_payment is wrong (this is not a credit).,established,LOAN_PAYMENTS_PERSONAL_LOAN_PAYMENT,personal_loan_repayment,credit_loan_repayments,personal_loan_repayment,credit_loan_repayments,personal_loan_repayment,credit_loan_repayments,T6_native_fallback,yes,yes,yes,yes,no
1481,v3_volume,plaid,Oc Finsbury Park,2600 03AUG25 CD   SQ *OC FINSBURY   PARK              LONDON GB,6.6,debit,restaurant_cafe,eating_drinking_out,Square *OC Finsbury Park cafe/dining.,yes,DINING_DINING,restaurant_cafe,eating_drinking_out,restaurant_cafe,eating_drinking_out,restaurant_cafe,eating_drinking_out,T6_native_fallback,yes,yes,yes,yes,no
1482,v3_volume,plaid,Apple,Visa purchase APPLE.COM/BILL,0.99,debit,software,digital_subscriptions_services,Apple App Store.,established,GENERAL_MERCHANDISE_COMPUTERS_AND_ELECTRONICS,computing_devices,general_retail_marketplaces,computing_devices,general_retail_marketplaces,software,digital_subscriptions_services,T4_dictionary,no,yes,no,yes,no
1483,v3_volume,plaid,Capital One,CAPITAL ONE,748.3,debit,credit_card_repayment,credit_loan_repayments,Capital One.,yes,LOAN_PAYMENTS_CREDIT_CARD_PAYMENT,credit_card_repayment,credit_loan_repayments,credit_card_repayment,credit_loan_repayments,credit_card_repayment,credit_loan_repayments,T4_dictionary,yes,yes,yes,yes,no
1484,v3_volume,plaid,BP,BP,7.14,debit,fuel,transport_motoring,BP forecourt.,established,TRAVEL_AND_TRANSPORTATION_OTHER_TRAVEL_AND_TRANSPORTATION,transport_other,transport_motoring,transport_other,transport_motoring,fuel,transport_motoring,T4_dictionary,no,yes,yes,yes,no
1485,v3_volume,plaid,Cherry Diva,4552 24SEP25      CHERRY DIVA       LONDON GB,9.99,debit,jewellery,clothing_personal_care,"Cherry Diva is body-piercing jewellery, not clothing.",no,GENERAL_MERCHANDISE_APPAREL_AND_ACCESSORIES,clothing_general,clothing_personal_care,clothing_general,clothing_personal_care,clothing_general,clothing_personal_care,T6_native_fallback,no,no,yes,yes,no
1486,v3_volume,plaid,Clearpay,Visa purchase CLEARPAY 4641,7.75,debit,bnpl,credit_loan_repayments,Clearpay.,established,LOAN_PAYMENTS_BNPL_AND_EWA,bnpl,credit_loan_repayments,bnpl,credit_loan_repayments,bnpl,credit_loan_repayments,T4_dictionary,yes,yes,yes,yes,no
1487,v3_volume,plaid,City Counc,NORWICH CITY COUNC  ON 05 SEP BCC,97,debit,council_tax,council_tax_government,Norwich City Council debit.,yes,GOVERNMENTS_AND_NON_PROFIT_GOVERNMENTS_AND_NON_PROFIT,council_tax,council_tax_government,council_tax,council_tax_government,council_tax,council_tax_government,T4_dictionary,yes,yes,yes,yes,no
1488,v3_volume,plaid,Premier Convenience Store,Premier Convenience Store,1.98,debit,groceries,groceries_household_essentials,Premier symbol-group grocer even when the fascia says Convenience Store.,no,GENERAL_MERCHANDISE_CONVENIENCE_STORES,convenience_store,groceries_household_essentials,convenience_store,groceries_household_essentials,convenience_store,groceries_household_essentials,T4_dictionary,no,no,yes,yes,no
1489,v3_volume,plaid,HM Revenue and Customs,HMRC CHILD BENEFIT,-43.3,credit,benefits_state,income_benefits_state_support,HMRC Child Benefit.,yes,INCOME_SALARY,salary,income_employment,salary,income_employment,tax_payment,council_tax_government,T4_dictionary,no,no,no,no,no
1490,v3_volume,plaid,Vodafone,Vodafone Ltd Vodafone,32,debit,mobile_phone_contract,utilities_household_bills,Vodafone Ltd is a mobile bill; established savings_transfer is a catastrophic name-collision fill.,established,RENT_AND_UTILITIES_TELECOMMUNICATIONS,mobile_phone_contract,utilities_household_bills,mobile_phone_contract,utilities_household_bills,mobile_phone_contract,utilities_household_bills,T4_dictionary,yes,yes,yes,yes,no
1491,v3_volume,plaid,Aladdins Ilford,ALADDINS          ILFORD,30.5,debit,restaurant_cafe,eating_drinking_out,"Aladdins Ilford is a Lebanese restaurant/shisha lounge (eat-in), not a kebab takeaway.",no,DINING_DINING,restaurant_cafe,eating_drinking_out,restaurant_cafe,eating_drinking_out,restaurant_cafe,eating_drinking_out,T6_native_fallback,yes,yes,yes,yes,no
1492,v3_volume,plaid,Burger King,Contactless Payment BURGER KING APPLEPAY 5854,11.98,debit,takeaway,eating_drinking_out,Burger King debit is fast-food spend; established refund_received contradicts direction.,established,DINING_DINING,restaurant_cafe,eating_drinking_out,restaurant_cafe,eating_drinking_out,takeaway,eating_drinking_out,T4_dictionary,no,yes,yes,yes,no
1493,v3_volume,plaid,Barricane Beach Kiosk,Contactless Payment SQ *BARRICANE BEACH KIOSK,17,debit,restaurant_cafe,eating_drinking_out,Barricane Beach Kiosk cafe.,yes,DINING_DINING,restaurant_cafe,eating_drinking_out,restaurant_cafe,eating_drinking_out,restaurant_cafe,eating_drinking_out,T6_native_fallback,yes,yes,yes,yes,no
1494,v3_volume,plaid,Lisa Roberts,LISA ROBERTS      X                 VIA MOBILE - PYMT,20,debit,transfer_p2p,transfers,Lisa Roberts named person.,yes,TRANSFER_OUT_OTHER,unclassified_transfer,unclassified,unclassified_transfer,unclassified,transfer_p2p,transfers,T4_dictionary,no,yes,no,yes,no
1495,v3_volume,plaid,Vinted,Vinted  ON 01 AUG CPM VINTED,0.98,debit,marketplace_general,general_retail_marketplaces,Vinted.,established,GENERAL_MERCHANDISE_ONLINE_MARKETPLACES,marketplace_general,general_retail_marketplaces,marketplace_general,general_retail_marketplaces,marketplace_general,general_retail_marketplaces,T4_dictionary,yes,yes,yes,yes,no
1496,v3_volume,plaid,Apple,APPLE.COM/BILL,2.99,debit,software,digital_subscriptions_services,Apple App Store.,established,GENERAL_MERCHANDISE_COMPUTERS_AND_ELECTRONICS,computing_devices,general_retail_marketplaces,computing_devices,general_retail_marketplaces,software,digital_subscriptions_services,T4_dictionary,no,yes,no,yes,no
1497,v3_volume,plaid,Jacqueline Starlin,JACQUELINE STARLIN 600000001595444903,10,debit,transfer_p2p,transfers,Jacqueline Starlin named person.,yes,TRANSFER_OUT_OTHER,unclassified_transfer,unclassified,unclassified_transfer,unclassified,unclassified_transfer,unclassified,T6_native_fallback,no,no,no,no,no
1498,v3_volume,plaid,Monzo,Glynn Simpson - Sent from Monzo - SortCodeAccountNumber: 04000329707132,20,debit,transfer_p2p,transfers,Monzo send to Glynn Simpson; named person not own-account.,no,TRANSFER_OUT_OTHER,unclassified_transfer,unclassified,unclassified_transfer,unclassified,transfer_own_account,transfers,T4_dictionary,no,no,no,yes,no
1499,v3_volume,plaid,Jodie Hunt Grandma Via,JODIE HUNT        GRANDMA           VIA MOBILE - LVP  FP 09/09/25 10    52101039134236000R,6,debit,transfer_p2p,transfers,Jodie Hunt grandma memo; named person.,yes,TRANSFER_OUT_OTHER,unclassified_transfer,unclassified,unclassified_transfer,unclassified,transfer_p2p,transfers,T4_dictionary,no,yes,no,yes,no
1500,v3_volume,plaid,Tesco,Tesco,2.38,debit,groceries,groceries_household_essentials,Tesco supermarket.,established,FOOD_RETAIL_GROCERIES,groceries,groceries_household_essentials,groceries,groceries_household_essentials,groceries,groceries_household_essentials,T4_dictionary,yes,yes,yes,yes,no
