source,role,merchant_raw,description_raw,amount,direction,provider,native_category,gold_leaf,notes
v2,iter_eval,247 Money,247 MONEY GROUP LI 221317,504.78,debit,plaid,LOAN_PAYMENTS_MORTGAGE_AND_AUTO,car_finance_repayment,
v2,iter_eval,Kia Lunt Faye,KIA LUNT FAYE WINT 100000001600281281,200,debit,plaid,TRAVEL_AND_TRANSPORTATION_AUTOMOTIVE,car_finance_repayment,
v2,train,Per Week Car,PAY PER WEEK CARPEROTHERHAM,12,debit,plaid,TRANSFER_OUT_OTHER,car_finance_repayment,
v2,train,2awrs Mandate No,"DIRECT DEBIT REVERSAL REF PARENTPAYABAA2AWRS, MANDATE NO 0018",-20,credit,plaid,TRANSFER_IN_OTHER,returned_payment,
v2,train,Agbx,"DIRECT DEBIT REVERSAL REF 1AGBX27496, MANDATE NO 0008",-95.98,credit,plaid,TRANSFER_IN_OTHER,returned_payment,
v2,train,Faster,RETURN FASTER PAYMENT CREDIT FROM PIGGY BANK,-1,credit,plaid,LOAN_PAYMENTS_CREDIT_CARD_PAYMENT,returned_payment,
v2,train,Fewp,"DIRECT DEBIT REVERSAL REF WY12FEWP-BRSK LTD, MANDATE NO 0075",-25,credit,plaid,INCOME_SALARY,returned_payment,
v2,train,Pastdue,REVERSAL OF 12-08 PASTDUE CREDIT SOL,-45.93,credit,plaid,LOAN_PAYMENTS_CREDIT_CARD_PAYMENT,returned_payment,
v2,iter_eval,Spring,Returned direct debit CREDITSPRING 070806 13191414,-8.51,credit,plaid,TRANSFER_IN_OTHER,returned_payment,
v2,train,Unpaid Loan,UNPAID LOAN,7,debit,plaid,LOAN_PAYMENTS_PERSONAL_LOAN_PAYMENT,returned_payment,
v2,iter_eval,3s Retail LTD,3S RETAIL LTD,1.99,debit,plaid,LOAN_PAYMENTS_PERSONAL_LOAN_PAYMENT,convenience_store,3S Retail Ltd is a convenience food shop.
v2,iter_eval,Accessories Palace,ACCESSORIES PALACE QATAR AMOUNT IN QAR 25.00 ON 04 AUG VISA 4.782241 FINAL GBP AMOUNT INCLUDES NON-STERLING TRANS FEE £0.16 ,5.39,debit,plaid,TRAVEL_AND_TRANSPORTATION_FLIGHTS,retail_other,
v2,train,Berwick,Berwick - Retail,1.65,debit,plaid,ENTERTAINMENT_CASINOS_AND_GAMBLING,retail_other,
v2,train,Capital Carp,Capital Carp,12.16,debit,plaid,LOAN_PAYMENTS_PERSONAL_LOAN_PAYMENT,retail_other,
v2,train,Collectables,COLLECTABLES      CASTLEFORD,19.49,debit,plaid,TRAVEL_AND_TRANSPORTATION_AUTOMOTIVE,retail_other,
v2,iter_eval,Ego.co.uk,Ego.co.uk,13.99,debit,plaid,LOAN_PAYMENTS_PERSONAL_LOAN_PAYMENT,clothing_womens,
v2,train,Hilltopvendingsoluti,Nyx*hilltopvendingsoluti,1,debit,plaid,FOOD_RETAIL_OTHER,confectionary,
v2,train,Jagproducts,www.jagproducts.co.uk,224.91,debit,plaid,LOAN_PAYMENTS_PERSONAL_LOAN_PAYMENT,retail_other,
v2,train,7 Days Performance,7DAYS PERFORMANCE,10.19,debit,plaid,TRAVEL_AND_TRANSPORTATION_AUTOMOTIVE,prize_competitions,
v2,train,Bauerukcomp,Bauerukcomp,10,debit,plaid,GENERAL_MERCHANDISE_APPAREL_AND_ACCESSORIES,prize_competitions,
v2,train,Bauerukcomp Cd,PAYPAL *BAUERUKCOMP CD 7706,5,debit,plaid,TRANSFER_OUT_TRANSFER_OUT_FROM_APPS,prize_competitions,
v2,iter_eval,Best Of The Best Cd,BEST OF THE BEST CD 4411,1.2,debit,plaid,DINING_DINING,prize_competitions,
v2,iter_eval,Borders Competitioeye,4513 11JUL25  D   BORDERS COMPETITIOEYEMOUTH GB,9,debit,plaid,MEDICAL_DENTAL_AND_VISION,prize_competitions,
v2,train,Botb,BOTB,14.44,debit,plaid,TRANSFER_OUT_OTHER,prize_competitions,
v2,train,Caddy Comps LTD,CADDY COMPS LTD,59,debit,plaid,GENERAL_MERCHANDISE_APPAREL_AND_ACCESSORIES,prize_competitions,
v2,train,Chaotic,1433 08AUG25  D   CHAOTIC           REDHILL GB,4.74,debit,plaid,TRANSFER_OUT_OTHER,prize_competitions,
v2,iter_eval,A & S Outdoor LTD,A & S OUTDOOR LTD,14.99,debit,plaid,GENERAL_MERCHANDISE_SPORTING_GOODS,clothing_outdoor,
v2,iter_eval,Berghaus,Berghaus,68,debit,plaid,DINING_DINING,clothing_outdoor,
v2,train,Ellis Brigham,Ellis Brigham ,40,debit,plaid,TRANSFER_OUT_OTHER,clothing_outdoor,
v2,train,Go Outdoors,GO OUTDOORS       SALTNEY,35.2,debit,plaid,GENERAL_MERCHANDISE_SPORTING_GOODS,clothing_outdoor,
v2,train,Mountain Warehouse,Mountain Warehouse Ltd,26.99,debit,plaid,GENERAL_MERCHANDISE_APPAREL_AND_ACCESSORIES,clothing_outdoor,
v2,train,Saltrock Surfwear,Saltrock Teignmouth,63,debit,plaid,GENERAL_MERCHANDISE_APPAREL_AND_ACCESSORIES,clothing_outdoor,
v2,train,The North Face,The North Face,49,debit,plaid,GENERAL_MERCHANDISE_APPAREL_AND_ACCESSORIES,clothing_outdoor,
v2,train,A A Via,A                 A                 VIA MOBILE - PYMT FP 12/08/25 10    62182839229863000N,4,debit,plaid,TRANSFER_OUT_OTHER,transfer_p2p,
v2,train,A Phillips,A PHILLIPS,25,debit,plaid,TRANSFER_OUT_OTHER,transfer_p2p,
v2,train,Abbi,Payment to ABBI STAFFORD 516123 72615958,300,debit,plaid,LOAN_PAYMENTS_PERSONAL_LOAN_PAYMENT,transfer_p2p,
v2,train,Agapitou Vasileios,Agapitou Vasileios,9.09,debit,plaid,DINING_DINING,transfer_p2p,
v2,train,Ahmed Money,"MOB, Nj Ahmed, money",1580,debit,plaid,TRANSFER_OUT_OTHER,transfer_p2p,
v2,iter_eval,Alex.,ALEX. M. ADAMSON                      REFERENCE: T00021417394,300,debit,plaid,TRANSFER_OUT_OTHER,transfer_p2p,
v2,train,Alexandru Mihai So,ALEXANDRU MIHAI SO 400000001614915464,20,debit,plaid,TRANSFER_OUT_OTHER,transfer_p2p,
v2,train,Alfie Minta,Alfie Minta Hagues Morzine,7,debit,plaid,TRANSFER_OUT_OTHER,transfer_p2p,
v2,iter_eval,A C,To A/C 85228966   PENNINGTON P      Via Mobile Xfer,764,debit,plaid,TRANSFER_OUT_OTHER,transfer_bank_unspecified,
v2,train,Hungarians Worldwi,HUNGARIANS WORLDWI 500000001619634748,150,debit,plaid,FOOD_RETAIL_GROCERIES,transfer_bank_unspecified,
v2,train,Tele,"TeleService 3610173062
31EC-52618519996
3783651
REF: 31EC-52618519996
06000101
QUILTER CHEVIOT CLIENT ACCOUNT
Amount ordered: GBP 1,850,000.00
BANK OF SCOTLAND PLC
3783651
Fee: GBP 20.00
Receivers charge: 0.00",1850020,debit,plaid,TRANSFER_OUT_OTHER,investment_general,
v2,train,A Kayum Advance,A KAYUM           Advance,110,debit,plaid,LOAN_PAYMENTS_PERSONAL_LOAN_PAYMENT,loan_repayment_manual,
v2,iter_eval,A Reeson Loan,A REESON  LOAN FT,50,debit,plaid,LOAN_PAYMENTS_PERSONAL_LOAN_PAYMENT,loan_repayment_manual,
v2,train,Aimeeleigh Wallace Lend,aimeeleigh wallace                       lend,15,debit,plaid,LOAN_PAYMENTS_PERSONAL_LOAN_PAYMENT,loan_repayment_manual,
v2,train,Amy Loan Ft,AMY  LOAN FT,65,debit,plaid,LOAN_PAYMENTS_PERSONAL_LOAN_PAYMENT,loan_repayment_manual,
v2,train,Bradley Draycott Loan,BRADLEY DRAYCOTT  LOAN              VIA MOBILE - PYMT FP 25/06/25 10    39150628181472000N,20,debit,plaid,LOAN_PAYMENTS_PERSONAL_LOAN_PAYMENT,loan_repayment_manual,
v2,train,David Ferebee Reddit,David Ferebee     Reddit Loan final,150,debit,plaid,LOAN_PAYMENTS_PERSONAL_LOAN_PAYMENT,loan_repayment_manual,
v2,train,Dulgher,Pavel Dulgher     Loans,520,debit,plaid,LOAN_PAYMENTS_PERSONAL_LOAN_PAYMENT,loan_repayment_manual,
v2,train,Eugene Ampofo Gyek Loan,EUGENE AMPOFO GYEK  LOAN FT,30,debit,plaid,LOAN_PAYMENTS_PERSONAL_LOAN_PAYMENT,loan_repayment_manual,
v2,train,A M Humphreys Mags,A M HUMPHREYS     MAGS              VIA MOBILE - PYMT FP 24/06/25 10    01075307133227000R,50,debit,plaid,LOAN_PAYMENTS_CREDIT_CARD_PAYMENT,magazines,
v2,train,Conde Nast Pubs,"DIRECT DEBIT PAYMENT TO CONDE NAST PUBS REF 300000164547, MANDATE NO 0297",1,debit,plaid,DINING_DINING,magazines,
v2,train,Hachette Partworks,HACHETTE PARTWORKS,3.99,debit,plaid,GENERAL_MERCHANDISE_OTHER_GENERAL_MERCHANDISE,magazines,
v2,iter_eval,The Economist,The Economist,23.9,debit,plaid,GENERAL_MERCHANDISE_OTHER_GENERAL_MERCHANDISE,magazines,
v2,iter_eval,Thomson Initial,DC THOMSON        INITIAL PAYMENT,11,debit,plaid,LOAN_PAYMENTS_CREDIT_CARD_PAYMENT,magazines,
v2,train,A&f Bargains LTD,A&F BARGAINS LTD,2,debit,plaid,GENERAL_MERCHANDISE_DISCOUNT_STORES,discount_store,
v2,train,B&M,B&M 868 WATERSIDE,10.82,debit,plaid,GENERAL_MERCHANDISE_DISCOUNT_STORES,discount_store,
v2,train,Bm Retail LTD,BM RETAIL LTD,4.69,debit,plaid,ENTERTAINMENT_CASINOS_AND_GAMBLING,discount_store,
v2,train,Home B,WYTHENSHAWE HOME B,26.17,debit,plaid,TRANSFER_OUT_OTHER,discount_store,
v2,train,Home Bargains,Home Bargains,9.97,debit,plaid,GENERAL_MERCHANDISE_OTHER_GENERAL_MERCHANDISE,discount_store,
v2,iter_eval,Last Chance Store,PPOINT_*LAST CHANC,1,debit,plaid,ENTERTAINMENT_CASINOS_AND_GAMBLING,discount_store,
v2,train,Onebeyond Retail Bar,ONEBEYOND RETAIL  BARNSLEY,6.49,debit,plaid,DINING_DINING,discount_store,
v2,train,Super Pound Saver,Super Pound Saver,1.5,debit,plaid,GENERAL_MERCHANDISE_DISCOUNT_STORES,discount_store,
v2,train,Abbey Local,ABBEY LOCAL,2.15,debit,plaid,DINING_DINING,convenience_store,
v2,train,Akenside Traders,AKENSIDE TRADERS,5.95,debit,plaid,GENERAL_MERCHANDISE_CONVENIENCE_STORES,convenience_store,
v2,iter_eval,Ancoats General Store,Ancoats General Store,2,debit,plaid,GENERAL_MERCHANDISE_CONVENIENCE_STORES,convenience_store,
v2,train,Ayr Local,Ayr Local,12,debit,plaid,DINING_DINING,convenience_store,
v2,train,Barrys Premier,BARRYS PREMIER - H,14.29,debit,plaid,ENTERTAINMENT_CASINOS_AND_GAMBLING,convenience_store,
v2,train,Bestone,Bestone,13.99,debit,plaid,LOAN_PAYMENTS_PERSONAL_LOAN_PAYMENT,convenience_store,
v2,train,Bhavin Express,Bhavin Express,9,debit,plaid,TRAVEL_AND_TRANSPORTATION_OTHER_TRAVEL_AND_TRANSPORTATION,convenience_store,
v2,train,Billys Licecned Gr,Billys licecned GrPaisley,1.55,debit,plaid,DINING_DINING,convenience_store,
v2,iter_eval,Abercrombie & Fitch,Abercrombie & Fitch,35,debit,plaid,GENERAL_MERCHANDISE_APPAREL_AND_ACCESSORIES,clothing_general,
v2,train,boohoo,Boohoo.com UK Ltd CD 2031,41.99,debit,plaid,GENERAL_MERCHANDISE_APPAREL_AND_ACCESSORIES,clothing_general,
v2,train,Damaged Society,Contactless Payment DAMAGED SOCIETY APPLEPAY 9309 2025-09-14,13,debit,plaid,DINING_DINING,clothing_general,
v2,train,Flannels,5831 16SEP25  D   FLANNELS.COM      SHIREBROOK GB,39.99,debit,plaid,GENERAL_MERCHANDISE_APPAREL_AND_ACCESSORIES,clothing_general,
v2,iter_eval,Lacoste,LACOSTE,103.64,debit,plaid,TRANSFER_OUT_OTHER,clothing_general,
v2,iter_eval,M And M,M and M Direct Ltd,60.96,debit,plaid,GENERAL_SERVICES_OTHER_SERVICES,clothing_general,
v2,iter_eval,Matalan,Visa purchase Klarna*Matalan 8998,2.25,debit,plaid,GENERAL_MERCHANDISE_ONLINE_MARKETPLACES,clothing_general,
v2,train,New Look,New Look,16.48,debit,plaid,GENERAL_MERCHANDISE_APPAREL_AND_ACCESSORIES,clothing_general,
v2,train,Absolute Music,ABSOLUTE MUSIC  ON 17 AUG CPM,10,debit,plaid,ENTERTAINMENT_MUSIC_VIDEO_GAMES_TV_AND_MOVIES,musical_instruments,
v2,train,Gear4music,Gear4music,79,debit,plaid,GENERAL_MERCHANDISE_OTHER_GENERAL_MERCHANDISE,musical_instruments,
v2,train,Abvintn,1522 22JUL25      WWW.ABVINTN       ERS.CO.UK         01892725194 GB,642.9,debit,plaid,GENERAL_MERCHANDISE_APPAREL_AND_ACCESSORIES,alcohol_wine,
v2,train,C Mon Etiquette,C Mon Etiquette FRANCE ON 19 SEP CPM C MON ETIQUETTE,28.06,debit,plaid,DINING_DINING,retail_other,
v2,iter_eval,Justerini Brookscave,JUSTERINI   BROOKSCAVE BRISTOL      VIA MOBILE - PYMT FP 31/07/25 10    56105610883768000N,121.54,debit,plaid,TRANSFER_OUT_OTHER,alcohol_wine,
v2,iter_eval,Ls Lea,"LS LEA & SANDEMAN (VIA APPLE PAY), ON 17-08-2025",16.95,debit,plaid,DINING_DINING,alcohol_wine,
v2,train,Vine Trail Cave,VINE TRAIL        CAVE BRISTOL      VIA MOBILE - PYMT FP 11/06/25 10    13064613767659000N,1310.64,debit,plaid,TRAVEL_AND_TRANSPORTATION_OTHER_TRAVEL_AND_TRANSPORTATION,alcohol_wine,
v2,iter_eval,Acc-nwestmstgl,ACC-NWESTMSTGL    543699******8897  VIA MOBILE - PYMT FP 16/10/25 10    32074346309180000N,300,debit,plaid,TRANSFER_OUT_OTHER,credit_card_repayment,
v2,train,BIP,Bip,42.42,debit,plaid,LOAN_PAYMENTS_PERSONAL_LOAN_PAYMENT,credit_card_repayment,
v2,iter_eval,Byron,Byron Hara Credit Card,130,debit,plaid,LOAN_PAYMENTS_CREDIT_CARD_PAYMENT,transfer_p2p,
v2,train,Cr LTD Prescot Rd Ts3,CR LTD PRESCOT RD,200,debit,plaid,LOAN_PAYMENTS_CREDIT_CARD_PAYMENT,credit_card_repayment,
v2,train,Drctr,Payment to DRCTR 309950 54679462,25,debit,plaid,LOAN_PAYMENTS_CREDIT_CARD_PAYMENT,credit_card_repayment,
v2,train,Dundee Cc T,DUNDEE CC T/T Dundee Cc T/t,90,debit,plaid,LOAN_PAYMENTS_CREDIT_CARD_PAYMENT,council_tax,
v2,train,Epsod Limited,EPSOD Limited                            009 A SMITH,13.67,debit,plaid,TRANSFER_OUT_OTHER,credit_card_repayment,
v2,iter_eval,Lloyds Tsb Create,LLOYDS TSB CREATE  XXXXXXXXXXXX6224 BBP,50,debit,plaid,TRANSFER_OUT_OTHER,credit_card_repayment,
v2,iter_eval,Accessorize,CARD PAYMENT TO ACCESSORIZE ON 30-08-2025,37,debit,plaid,GENERAL_MERCHANDISE_APPAREL_AND_ACCESSORIES,jewellery,
v2,iter_eval,Hiscox The Jewelle,HISCOX THE JEWELLEBURTON-ON-TRE,40,debit,plaid,INSURANCE_AND_TAX_INSURANCE,jewellery,
v2,iter_eval,Aci-uk,ACI-2628166-1 Aci-Uk,14.75,debit,plaid,LOAN_PAYMENTS_OTHER,debt_collection,
v2,iter_eval,Andrew Whittaker Recovery,ANDREW WHITTAKER  RECOVERY FT,20,debit,plaid,TRANSFER_OUT_OTHER,debt_collection,
v2,train,Asset Link Capital R,ASSET LINK CAPITAL,246.48,debit,plaid,TRANSFER_OUT_INVESTMENT_AND_RETIREMENT_FUNDS,debt_collection,
v2,train,Cabot Financial,CABOT FINANCIAL E CCMDD02966306/2,166.67,debit,plaid,LOAN_PAYMENTS_OTHER,debt_collection,
v2,train,Credit Resource So,CREDIT RESOURCE SO,1,debit,plaid,TRANSFER_OUT_OTHER,debt_collection,
v2,train,Drydens,DRYDENS FAIRFAX,1,debit,plaid,PERSONAL_CARE_HAIR_AND_BEAUTY,debt_collection,
v2,iter_eval,Dwp-crg,Dwp-crg DWP Central Recovery,10,debit,plaid,GOVERNMENTS_AND_NON_PROFIT_GOVERNMENTS_AND_NON_PROFIT,debt_collection,
v2,train,Mortimer Clarke Solicitors,GB Account - 36736314 Mortimer Clarke Solicitors - SortCodeAccountNumber: 16142411322059,10,debit,plaid,TRANSFER_OUT_OTHER,debt_collection,
v2,iter_eval,Aclax LTD,Barclays account - deposit Aclax ltd - SortCodeAccountNumber: 20134523641341,4100,debit,plaid,TRANSFER_OUT_OTHER,unclassified_transfer,
v2,train,Adam Eve,ADAM EVE  ON 11 JUL CLP ADAM   EVE,2.5,debit,plaid,GENERAL_MERCHANDISE_OTHER_GENERAL_MERCHANDISE,adult_products,
v2,iter_eval,Ann Summers,Ann Summers,27.18,debit,plaid,GENERAL_MERCHANDISE_APPAREL_AND_ACCESSORIES,adult_products,
v2,train,Admiral,ADMIRAL CASINO  2KR9L5CMRH18HDJWTC FT,23,debit,plaid,ENTERTAINMENT_CASINOS_AND_GAMBLING,gambling_casino,
v2,train,Citymain Admin Re,"DIRECT DEBIT PAYMENT TO CITYMAIN ADMIN RE REF MUINS.244531490, MANDATE NO 0067",9.99,debit,plaid,RENT_AND_UTILITIES_WATER,insurance_general,
v2,iter_eval,Citymainadminre,CITYMAINADMINRE A1INS.245049295,12.99,debit,plaid,TRANSFER_OUT_OTHER,insurance_general,
v2,iter_eval,Domestic & General,"DIRECT DEBIT PAYMENT TO D&G APPLIANCE CARE REF DBJR0006668, MANDATE NO 0056",7.83,debit,plaid,INSURANCE_AND_TAX_INSURANCE,insurance_general,
v2,train,Hastings Insurance,"Card 37, Hastings Insurance",55.48,debit,plaid,INSURANCE_AND_TAX_INSURANCE,insurance_general,
v2,train,Onecall,ONECALL*9853154-25DONCASTER,129.21,debit,plaid,GENERAL_SERVICES_OTHER_SERVICES,insurance_general,
v2,train,Pmgi LTD,PMGI LTD,54.89,debit,plaid,TRANSFER_OUT_OTHER,insurance_general,
v2,iter_eval,Swiftcover,SWIFTCOVER,57.76,debit,plaid,INSURANCE_AND_TAX_INSURANCE,insurance_general,
v2,iter_eval,ADT,ADT - OIN ACCOUNT,33.47,debit,plaid,GENERAL_SERVICES_OTHER_SERVICES,utility_other,
v2,train,Gas And Water Pipeline,Gas And Water Pipeline,277.56,debit,plaid,TRAVEL_AND_TRANSPORTATION_OTHER_TRAVEL_AND_TRANSPORTATION,utility_other,
v2,train,Glide Student & Reside,GLIDE STUDENT & RE  ON 12 AUG BCC GLIDE STUDENT & RESIDE,25,debit,plaid,RENT_AND_UTILITIES_RENT,utility_other,
v2,train,Homebox,HOMEBOX  1795190448 DDR,25,debit,plaid,GENERAL_SERVICES_OTHER_SERVICES,utility_other,
v2,train,Leep Networks,"DIRECT DEBIT PAYMENT TO LEEP NETWORKS REF A-C301AB24-001, MANDATE NO 0034",36.38,debit,plaid,LOAN_PAYMENTS_PERSONAL_LOAN_PAYMENT,utility_other,
v2,train,Virgin Pure Ourtaap,Virgin Pure Ourtaap,19.95,debit,plaid,RENT_AND_UTILITIES_GAS_AND_ELECTRICITY,utility_other,
v2,train,Afro Shop Emma Limited,AFRO SHOP EMMA LIM,3.48,debit,plaid,GENERAL_MERCHANDISE_OTHER_GENERAL_MERCHANDISE,groceries,
v2,train,Asda Stores LTD,CRV*ASDA STORES LT,4.53,debit,plaid,FOOD_RETAIL_GROCERIES,groceries,
v2,iter_eval,Baba Jaga,Baba Jaga  ON 16 JUL CLP BABA JAGA,1.1,debit,plaid,DINING_DINING,groceries,
v2,iter_eval,Big Ben Fore Street,BIG BEN Fore Stree  ON 26 SEP CLP BIG BEN FORE STREET,7.36,debit,plaid,GENERAL_MERCHANDISE_FURNITURE_AND_HARDWARE,groceries,
v2,iter_eval,Bodega Ibiza,Bodega Ibiza,52.31,debit,plaid,GENERAL_MERCHANDISE_APPAREL_AND_ACCESSORIES,groceries,
v2,iter_eval,C Ringland Premier,1940 28JUL25 C    RINGLAND PREMIER  CYMBRAN GB,1.25,debit,plaid,LOAN_PAYMENTS_PERSONAL_LOAN_PAYMENT,groceries,
v2,iter_eval,Carrefour,Carrefour,32.82,debit,plaid,FOOD_RETAIL_GROCERIES,groceries,
v2,iter_eval,COOP,CENTRAL ENG COOP,12.28,debit,plaid,FOOD_RETAIL_GROCERIES,groceries,
v2,iter_eval,Afsl,AFSL,423.84,debit,plaid,TRANSFER_OUT_OTHER,personal_loan_repayment,AFSL is Admiral Financial Services Ltd / Admiral Money unsecured personal loans. £423.84 is a typical monthly instalment.
v2,train,Aprova Carros Apoi,Pg *aprova Carros Apoi,26.39,debit,plaid,TRAVEL_AND_TRANSPORTATION_AUTOMOTIVE,unclassified_other,
v2,train,ETB,"ETB WORCESTER HYLTON R - UNIT 1 AND 2, WORCESTER",146.88,debit,plaid,RENT_AND_UTILITIES_RENT,vehicle_maintenance,
v2,iter_eval,Expo,Expo International Sup,1.39,debit,plaid,GENERAL_MERCHANDISE_OTHER_GENERAL_MERCHANDISE,groceries_specialist,
v2,train,Flex,Flex,50,debit,plaid,GENERAL_SERVICES_ACCOUNTING_AND_FINANCIAL_SERVICES,unclassified_other,
v2,iter_eval,Hedon,HEDON,5.68,debit,plaid,TRANSFER_OUT_OTHER,unclassified_other,
v2,iter_eval,Magic Lantern,MAGIC LANTERN,7.2,debit,plaid,LOAN_PAYMENTS_OTHER,cinema,The Magic Lantern Limited (SIC 59140) is the Tywyn cinema. £7.20 matches a ticket.
v2,train,New Mastercard,NEW MASTERCARD 300000001586035992,10,debit,plaid,TRANSFER_OUT_OTHER,unclassified_other,
v2,iter_eval,After Dark,After Dark  ON 02 AUG CLP AFTER DARK,4.7,debit,plaid,DINING_OTHER_DINING,night_club,
v2,train,Circuit Southampton,Contactless Payment CIRCUIT SOUTHAMPTON APPLEPAY 9309,10,debit,plaid,TRAVEL_AND_TRANSPORTATION_OTHER_TRAVEL_AND_TRANSPORTATION,laundry,
v2,iter_eval,Club Chemistry,CLUB CHEMISTRY,2.3,debit,plaid,ENTERTAINMENT_EVENTS_AND_TICKETS,night_club,
v2,train,Club Salvation,Club Salvation,11,debit,plaid,GENERAL_MERCHANDISE_DISCOUNT_STORES,night_club,
v2,train,Club X,Club X,6,debit,plaid,ENTERTAINMENT_EVENTS_AND_TICKETS,night_club,
v2,iter_eval,Dalston Superstor,Zettle_*dalston Supers,20.4,debit,plaid,LOAN_PAYMENTS_PERSONAL_LOAN_PAYMENT,night_club,
v2,train,Dalston Superstore,Dalston Superstore,12,debit,plaid,GENERAL_MERCHANDISE_CONVENIENCE_STORES,night_club,
v2,iter_eval,Drumsheds,Drumsheds,6.9,debit,plaid,TRANSFER_OUT_OTHER,night_club,
v2,iter_eval,Ai-acc.co.uk,AI-ACC.CO.UK CD 0541,17.29,debit,plaid,LOAN_PAYMENTS_PERSONAL_LOAN_PAYMENT,online_services,
v2,iter_eval,Dama Live,PM *Dama Live HONG KONG ON 04 OCT CPM PM *DAMA LIVE,3.79,debit,plaid,ENTERTAINMENT_MUSIC_VIDEO_GAMES_TV_AND_MOVIES,online_services,
v2,iter_eval,Facebook,Facebk *y9236y4gj2,17.13,debit,plaid,TRANSFER_OUT_OTHER,online_services,
v2,train,Hint.app,3763 07JUL25  D   HINT.APP/UK       LONDON GB,14.99,debit,plaid,TRANSFER_OUT_OTHER,online_services,
v2,train,LinkedIn,LinkedIn P784441494,125.99,debit,plaid,GENERAL_SERVICES_OTHER_SERVICES,online_services,
v2,iter_eval,Location-tool,LOCATION-TOOL.COM* 24H Location-Tool,0.47,debit,plaid,LOAN_PAYMENTS_CREDIT_CARD_PAYMENT,online_services,
v2,train,Minnect,www.minnect.com,3.67,debit,plaid,LOAN_PAYMENTS_PERSONAL_LOAN_PAYMENT,online_services,
v2,train,Nest London,2650 01SEP25      GOOGLE NEST       LONDON GB,8,debit,plaid,TRANSFER_OUT_INVESTMENT_AND_RETIREMENT_FUNDS,online_services,
v2,iter_eval,Alardistributionlt,NYX*AlarDistributi  ON 29 AUG CPM NYX*ALARDISTRIBUTIONLT,1.9,debit,plaid,FOOD_RETAIL_OTHER,confectionary,
v2,train,Candy Clouds,Candy Clouds,8,debit,plaid,GENERAL_MERCHANDISE_OTHER_GENERAL_MERCHANDISE,confectionary,
v2,iter_eval,Energy Vending,Energy Vending,2.2,debit,plaid,FOOD_RETAIL_OTHER,confectionary,
v2,iter_eval,Hotel Chocolat,Hotel Chocolat,14.2,debit,plaid,DINING_DINING,confectionary,
v2,train,Liquidline Retail,Liquidline Retail,0.9,debit,plaid,FOOD_RETAIL_LIQUOR_STORES,confectionary,
v2,train,Lola's Cupcakes,Lola's Cupcakes,3.95,debit,plaid,DINING_DINING,confectionary,
v2,train,Millsons Vending,Millsons Vending,1.7,debit,plaid,FOOD_RETAIL_OTHER,confectionary,
v2,iter_eval,Servicevendnw,NYX*ServicevendNW,1.6,debit,plaid,FOOD_RETAIL_OTHER,confectionary,
v2,iter_eval,Alberts Schloss,Alberts Schloss,2.5,debit,plaid,GENERAL_SERVICES_OTHER_SERVICES,pub_bar,
v2,train,Alberts Shed Southwat,Alberts Shed Southwate,5,debit,plaid,ENTERTAINMENT_EVENTS_AND_TICKETS,pub_bar,
v2,iter_eval,Alberts Shed Southwate,Alberts Shed Southwate,9.9,debit,plaid,ENTERTAINMENT_EVENTS_AND_TICKETS,pub_bar,
v2,iter_eval,Anchor Rowhedge,Anchor Rowhedge,7.8,debit,plaid,TRANSFER_OUT_OTHER,pub_bar,
v2,train,Angel Vaults Evesham,ANGEL VAULTS      EVESHAM,4.9,debit,plaid,GENERAL_MERCHANDISE_APPAREL_AND_ACCESSORIES,pub_bar,
v2,train,Aptos. Los Alisios Bar,APTOS. LOS ALISIOS,10.94,debit,plaid,DINING_DINING,pub_bar,
v2,iter_eval,Bears Paw Frodsh,6895 BEARS PAW (FR  ON 08 AUG CLP 6895 BEARS PAW (FRODSH,10.2,debit,plaid,PET_CARE_AND_SUPPLIES_PET_SUPPLIES,pub_bar,
v2,train,Beckett S Bank,BECKETTS BANK,13.25,debit,plaid,TRANSFER_OUT_OTHER,pub_bar,
v2,iter_eval,All That Falafel,ALL THAT FALAFEL  ON 28 JUL CPM,6.95,debit,plaid,DINING_DINING,takeaway,
v2,iter_eval,Chilos,WWW.CHILOS.CO.UK CD 6328,11.48,debit,plaid,LOAN_PAYMENTS_PERSONAL_LOAN_PAYMENT,takeaway,
v2,train,Chip Shed Bourton Limited,CHIP SHED BOURTON,0.8,debit,plaid,TRANSFER_OUT_OTHER,takeaway,
v2,train,Cracker Jack Gold,Contactless Payment CRACKER JACK GOLD APPLEPAY 7898,22.37,debit,plaid,DINING_DINING,takeaway,
v2,train,Domino's,Domino s Pizza Domino's Pizza,33.57,debit,plaid,DINING_DINING,takeaway,
v2,train,Falafel Stop,Falafel stop Limited Falafel Stop,6.5,debit,plaid,DINING_DINING,takeaway,
v2,train,Frankley N E Bk,FRANKLEY N/E BK,14.65,debit,plaid,TRANSFER_OUT_OTHER,takeaway,
v2,train,Freddys Chicken N Pizz Cd,Freddys chicken n pizz CD 5694,26.2,debit,plaid,DINING_DINING,takeaway,
v2,iter_eval,Allpay LTD,ALLPAY LTD,1116,debit,plaid,LOAN_PAYMENTS_PERSONAL_LOAN_PAYMENT,payment_intermediary,
v2,train,Ashbourne Manageme,ASHBOURNE MANAGEME,55,debit,plaid,TRANSFER_OUT_OTHER,gym_fitness,"Ashbourne Membership Management collects gym/health-club direct debits only. Unlike Allpay, the underlying product is known."
v2,train,Bills-website.co.uk,"BILLS-WEBSITE.CO.UK (VIA APPLE PAY), ON 03-08-2025",21.46,debit,plaid,LOAN_PAYMENTS_CREDIT_CARD_PAYMENT,payment_intermediary,
v2,iter_eval,C Kashing,9270 01SEP25 C    KASHING*AMU       SEMENT/GAME       LEICESTER GB,2.99,debit,plaid,ENTERTAINMENT_EVENTS_AND_TICKETS,entertainment_other,
v2,train,Easypay,EASYPAY,4,debit,plaid,LOAN_PAYMENTS_PERSONAL_LOAN_PAYMENT,payment_intermediary,
v2,train,FEW,Visa purchase PAYPAL *FEW2780 CART 7053,1.5,debit,plaid,TRANSFER_OUT_TRANSFER_OUT_FROM_APPS,payment_intermediary,
v2,train,Finance Coll,DEBIT FINANCE COLL,10,debit,plaid,LOAN_PAYMENTS_PERSONAL_LOAN_PAYMENT,payment_intermediary,
v2,train,Gocardless,GOCARDLESS  HINDLEYJFC-JAPBR5Z DDR GoCardless,25,debit,plaid,TRANSFER_OUT_OTHER,sports_participation,GoCardless is the rail; the mandate names Hindley JFC (junior football club). Club subs are sports_participation.
v2,train,Alncom,Alncom,66,debit,plaid,LOAN_PAYMENTS_PERSONAL_LOAN_PAYMENT,broadband_tv_phone,
v2,iter_eval,Bip Pi,BIP PI3832943880748982,32.32,debit,plaid,LOAN_PAYMENTS_PERSONAL_LOAN_PAYMENT,credit_card_repayment,
v2,train,Blackwood,BLACKWOOD,60,debit,plaid,LOAN_PAYMENTS_PERSONAL_LOAN_PAYMENT,personal_loan_repayment,
v2,train,Creditspring,CREDITSPRING,28,debit,plaid,LOAN_PAYMENTS_PERSONAL_LOAN_PAYMENT,personal_loan_repayment,
v2,train,Depa Payment To Depasify, Depa Payment to Depasify,105.22,debit,plaid,LOAN_PAYMENTS_PERSONAL_LOAN_PAYMENT,crypto,"Depasify is a Bank of Spain-registered VASP (crypto on-ramp), not a consumer lender. "
v2,train,Depasify, Depasify,45.99,debit,plaid,LOAN_PAYMENTS_PERSONAL_LOAN_PAYMENT,crypto,
v2,train,Dfc Nelson,DFC NELSON,3.5,debit,plaid,LOAN_PAYMENTS_PERSONAL_LOAN_PAYMENT,gym_fitness,
v2,iter_eval,Fgfs,Fgfs,18.32,debit,plaid,TRANSFER_OUT_OTHER,personal_loan_repayment,
v2,train,Alvis Sports And Social,Alvis Sports and S,2.5,debit,plaid,GENERAL_MERCHANDISE_SPORTING_GOODS,private_members_club,
v2,train,Arkwright Miners Welfare,ARKWRIGHT MINERS W,2,debit,plaid,TRANSFER_OUT_OTHER,private_members_club,
v2,train,Barrow On Soar Conserv,BARROW ON SOAR CON,7.75,debit,plaid,DINING_DINING,private_members_club,
v2,train,Broadstone Royal British,BROADSTONE ROYAL B,3.8,debit,plaid,TRAVEL_AND_TRANSPORTATION_OTHER_TRAVEL_AND_TRANSPORTATION,private_members_club,
v2,iter_eval,C Heald Green Socialclu,5788 26JUL25 C    HEALD GREEN SOCIALCLU               CHEADLE GB,50,debit,plaid,TRANSFER_OUT_OTHER,private_members_club,
v2,train,Cd Barnard Castle,9293 13JUL25 CD   BARNARD CASTLE CC TRAD              BARNARD CASTL GB,4.9,debit,plaid,LOAN_PAYMENTS_CREDIT_CARD_PAYMENT,private_members_club,
v2,iter_eval,Cd Milford Club,6845 19SEP25 CD   MILFORD CLUB      GODALMING GB,13.2,debit,plaid,DINING_DINING,private_members_club,
v2,train,Cd Parkstone Club,4823 25JUL25 CD   PARKSTONE CLUB    POOLE GB,4.5,debit,plaid,ENTERTAINMENT_EVENTS_AND_TICKETS,private_members_club,
v2,train,Amazon,AMAZON* BM1S29GA5 CD 5287,14.98,debit,plaid,GENERAL_MERCHANDISE_ONLINE_MARKETPLACES,marketplace_amazon,
v2,train,Www.amazon.,Visa purchase WWW.AMAZON.* RJ3LZ3YN4 6059,12.86,debit,plaid,GENERAL_SERVICES_OTHER_SERVICES,marketplace_amazon,
v2,iter_eval,Amazon Prime,Amazon Prime*EV2PL,8.99,debit,plaid,GENERAL_SERVICES_OTHER_SERVICES,streaming,
v2,train,Amazon Prime Video,7718 17SEP25      PRIME             VIDEO*RH24L96K5   AMZN.UK/BILL GB,4.99,debit,plaid,ENTERTAINMENT_MUSIC_VIDEO_GAMES_TV_AND_MOVIES,streaming,
v2,train,Cda Pl,CDA PL POLAND AMOUNT IN PLN 19.90 ON 10 JUL VISA 4.909879 FINAL GBP AMOUNT INCLUDES NON-STERLING TRANS FEE £0.12 ,4.17,debit,plaid,TRANSFER_OUT_OTHER,streaming,
v2,iter_eval,Crunchyroll,PAYPAL *CRUNCHYROL,5.99,debit,plaid,ENTERTAINMENT_MUSIC_VIDEO_GAMES_TV_AND_MOVIES,streaming,
v2,train,Deezer,PAYPAL *DEEZER FRANCE ON 13 JUN BCC,11.99,debit,plaid,ENTERTAINMENT_MUSIC_VIDEO_GAMES_TV_AND_MOVIES,streaming,
v2,train,Disney+,Paypal *disneyplus,4.99,debit,plaid,ENTERTAINMENT_MUSIC_VIDEO_GAMES_TV_AND_MOVIES,streaming,
v2,iter_eval,Emigrantas Tv,HCM*EMIGRANTAS TV,6.73,debit,plaid,ENTERTAINMENT_MUSIC_VIDEO_GAMES_TV_AND_MOVIES,streaming,
v2,iter_eval,Hayu,Visa purchase Hayu 7322,4.99,debit,plaid,TRANSFER_OUT_OTHER,streaming,
v2,iter_eval,Amorino,Amorino,7.3,debit,plaid,DINING_OTHER_DINING,restaurant_cafe,
v2,train,Arnold Machin,Arnold Machin,5.68,debit,plaid,DINING_DINING,pub_bar,
v2,train,Barge East,Barge East,16,debit,plaid,DINING_DINING,restaurant_cafe,
v2,train,Beano In The Park,Contactless Payment Zettle_*Beano in the Park APPLEPAY 3193,3,debit,plaid,DINING_DINING,restaurant_cafe,
v2,train,Betwn,8024 10AUG25 CD   DINES* BETWN D    BRIDGES           LONDON GB,10,debit,plaid,TRANSFER_OUT_OTHER,restaurant_cafe,
v2,iter_eval,Cd Casa,9665 30AUG25 CD   CASA 03 LIMITED   LONDON GB,11.15,debit,plaid,DINING_DINING,restaurant_cafe,
v2,train,Cd Make Mine,4601 20AUG25 CD   MAKE MINE         LONDON GB,8.95,debit,plaid,TRANSFER_OUT_OTHER,restaurant_cafe,
v2,train,Colombia Coffe,Colombia Coffe,10.5,debit,plaid,DINING_DINING,restaurant_cafe,
v2,iter_eval,Angel Advance,Angel Advance 68093,310,debit,plaid,TRANSFER_OUT_OTHER,debt_management_plan,
v2,train,Angel Advance Limited,Angel Advance Lim Angel Advance Limited,91.66,debit,plaid,LOAN_PAYMENTS_PERSONAL_LOAN_PAYMENT,debt_management_plan,
v2,train,Gregory,GREGORY PENNINGTON,90,debit,plaid,GENERAL_SERVICES_OTHER_SERVICES,debt_management_plan,
v2,train,Monecope,Direct debit MONEYCOPE 070436 31960796,5.99,debit,plaid,ENTERTAINMENT_OTHER_ENTERTAINMENT,debt_management_plan,
v2,iter_eval,Animed,1496 26AUG25      ANIMED DIRECT LTD 01379644288 GB,42.89,debit,plaid,ENTERTAINMENT_MUSIC_VIDEO_GAMES_TV_AND_MOVIES,pet_supplies,
v2,train,C Raw,3348 30JUL25 C    RAW DOG CO        BURY GB,23.74,debit,plaid,DINING_DINING,pet_supplies,
v2,train,Katkin Club,KATKIN CLUB,44.05,debit,plaid,ENTERTAINMENT_CASINOS_AND_GAMBLING,pet_supplies,
v2,iter_eval,Lily's Kitchen,Emery             Lily's Kitchen    VIA MOBILE - PYMT FP 02/08/25 10    36151923546018000N,34,debit,plaid,PET_CARE_AND_SUPPLIES_PET_SUPPLIES,pet_supplies,
v2,train,Pack Luna,ITCH* PACK LUNA,15.9,debit,plaid,GENERAL_SERVICES_OTHER_SERVICES,pet_supplies,
v2,train,Tails.com,Tails.com,9,debit,plaid,PET_CARE_AND_SUPPLIES_PET_SUPPLIES,pet_supplies,
v2,iter_eval,Wundapets,SP WUNDAPETS  ON 14 SEP BCC,20.98,debit,plaid,PET_CARE_AND_SUPPLIES_PET_SUPPLIES,pet_supplies,
v2,iter_eval,Annexiojers,PAYPAL *ANNEXIOJER,20,debit,plaid,TRANSFER_OUT_TRANSFER_OUT_FROM_APPS,gambling_lottery,
v2,iter_eval,Lottoland,LOTTOLAND,20,debit,plaid,ENTERTAINMENT_CASINOS_AND_GAMBLING,gambling_lottery,
v2,train,Whitehawk Avenue Post,WHITEHAWK AVENUE P  ON 05 OCT CPM WHITEHAWK AVENUE POST,4.65,debit,plaid,ENTERTAINMENT_CASINOS_AND_GAMBLING,retail_other,
v2,iter_eval,Anyvan,WWW.ANYVAN.COM,107,debit,plaid,TRANSFER_OUT_INVESTMENT_AND_RETIREMENT_FUNDS,delivery_courier,
v2,train,Apollonia Logistica,SQ *APOLLONIA LOGI,150,debit,plaid,GENERAL_MERCHANDISE_APPAREL_AND_ACCESSORIES,delivery_courier,
v2,train,World Options,WORLD OPTIONS World Options,37.5,debit,plaid,LOAN_PAYMENTS_PERSONAL_LOAN_PAYMENT,delivery_courier,
v2,iter_eval,World Options Weedingtech,World Options     weedingtech,669.27,debit,plaid,LOAN_PAYMENTS_PERSONAL_LOAN_PAYMENT,delivery_courier,
v2,iter_eval,Apex Temple Court Ecom,APEX TEMPLE COURT,258.66,debit,plaid,RENT_AND_UTILITIES_RENT,accommodation,
v2,train,B Furniss,B FURNISS 116433 15230060,1,debit,plaid,RENT_AND_UTILITIES_RENT,rent,
v2,train,Bolton At Home Lt,Visa purchase ALLPAY *BOLTON AT HOME LT,81,debit,plaid,GENERAL_MERCHANDISE_FURNITURE_AND_HARDWARE,rent,
v2,iter_eval,C Kirtley,C KIRTLEY  BILL FT,130,debit,plaid,RENT_AND_UTILITIES_GAS_AND_ELECTRICITY,rent,
v2,train,Cheffins,CHEFFINS          FP 01/07/25 30    35023828362717000N,1300,debit,plaid,DINING_DINING,rent,
v2,iter_eval,Cosy Homes,COSY HOMES,20,debit,plaid,RENT_AND_UTILITIES_RENT,rent,
v2,train,Countrywide Reside,Natwest account - LUTS204327 COUNTRYWIDE RESIDE - SortCodeAccountNumber: 56004613234676,910,debit,plaid,RENT_AND_UTILITIES_RENT,rent,
v2,train,Countrywide Residential,Countrywide Residential Letting Ltd PN 9488,787.5,debit,plaid,RENT_AND_UTILITIES_RENT,rent,
v2,iter_eval,Appcreatives.co.uk LTD,APPCREATIVES.CO.UK,8.99,debit,plaid,LOAN_PAYMENTS_PERSONAL_LOAN_PAYMENT,software,
v2,train,Apple,APPLE.COM/BILL,8.99,debit,plaid,GENERAL_MERCHANDISE_COMPUTERS_AND_ELECTRONICS,software,
v2,iter_eval,Atlassian,Atlassian,78.93,debit,plaid,GENERAL_SERVICES_OTHER_SERVICES,software,
v2,iter_eval,AVG,AVG*AGAP1641395088 Avg *agp294263210,38.99,debit,plaid,GENERAL_MERCHANDISE_APPAREL_AND_ACCESSORIES,software,
v2,iter_eval,Canva,CARD PAYMENT TO CANVA* 04548-37370800 ON 27-06-2025,13,debit,plaid,GENERAL_MERCHANDISE_OTHER_GENERAL_MERCHANDISE,software,
v2,train,Capdesk,CAPDESK,175.01,debit,plaid,LOAN_PAYMENTS_PERSONAL_LOAN_PAYMENT,software,
v2,train,Dropbox,Dropbox*SJNR14V25D IRELAND ON 05 SEP BDC,9.99,debit,plaid,GENERAL_SERVICES_OTHER_SERVICES,software,
v2,train,Google One,Visa purchase GOOGLE *Google One,1.59,debit,plaid,GENERAL_SERVICES_OTHER_SERVICES,web_services,"Google One is cloud storage / web_services, not App Store software."
v2,iter_eval,Aquaedge Classic Machi,Aquaedge Classic Machi,50.04,debit,plaid,RENT_AND_UTILITIES_WATER,household_appliances,
v2,train,Arcade Club Bu,Zettle_*ARCADE CLUB BU Arcade Club Bu,2.4,debit,plaid,ENTERTAINMENT_CASINOS_AND_GAMBLING,entertainment_other,
v2,train,Bam Karaoke Box,Bam Karaoke Box,15.19,debit,plaid,TRANSFER_OUT_OTHER,entertainment_other,
v2,train,Bounce Old Street,Bounce Old Street,27,debit,plaid,TRANSFER_OUT_OTHER,entertainment_other,
v2,train,Brewery Arts,Contactless Payment BREWERY ARTS,5.6,debit,plaid,FOOD_RETAIL_LIQUOR_STORES,entertainment_other,
v2,train,Carousel,0825 25AUG25 CD   SUMUP  *CAROUSEL  AMUSE             HAMBROOK GB,9,debit,plaid,ENTERTAINMENT_EVENTS_AND_TICKETS,entertainment_other,
v2,train,Castle Leisure LTD,CASTLE LEISURE LTD  ON 17 AUG CLP,42,debit,plaid,ENTERTAINMENT_EVENTS_AND_TICKETS,gambling_bingo,Castle Leisure Ltd operates Castle Bingo (SIC 92000).
v2,iter_eval,Flight Club,Flight Club - Darts Ch,23.74,debit,plaid,TRANSFER_OUT_OTHER,entertainment_other,
v2,iter_eval,Flight Club Bloomsbury,FLIGHT CLUB BLOOMS,51.32,debit,plaid,GENERAL_MERCHANDISE_OTHER_GENERAL_MERCHANDISE,entertainment_other,
v2,iter_eval,Arcade Tottenha,Arcade Tottenha,43.09,debit,plaid,ENTERTAINMENT_CASINOS_AND_GAMBLING,eating_out_other,
v2,train,Barmston Beach Cd,BARMSTON BEACH CD 1818,11.55,debit,plaid,DINING_DINING,eating_out_other,
v2,train,Boxhall City,BOXHALL CITY Boxhall City,6.6,debit,plaid,ENTERTAINMENT_EVENTS_AND_TICKETS,eating_out_other,
v2,train,Cd Brew,3193 05JUL25 CD   BREW 74           GLASGOW GB,9.1,debit,plaid,FOOD_RETAIL_LIQUOR_STORES,eating_out_other,
v2,iter_eval,Cooper's,Cooper's,9.5,debit,plaid,DINING_DINING,eating_out_other,
v2,train,Hackney Bridge,Hackney Bridge - SumUp,21.5,debit,plaid,TRANSFER_OUT_OTHER,eating_out_other,
v2,iter_eval,Morr Derby,MORR DERBY,8.99,debit,plaid,ENTERTAINMENT_EVENTS_AND_TICKETS,groceries,Plaid Morr + town is Morrisons groceries.
v2,iter_eval,Nao Pool Club,NAO POOL CLUB SPAIN AMOUNT IN EUR 50.00 ON 06 AUG VISA 1.14713 FINAL GBP AMOUNT INCLUDES NON-STERLING TRANS FEE £1.30 ,44.89,debit,plaid,DINING_DINING,eating_out_other,
v2,train,Arees Barber Shop,AREES BARBER SHOP  ON 28 AUG CPM,14,debit,plaid,PERSONAL_CARE_HAIR_AND_BEAUTY,beauty_treatment,
v2,iter_eval,Bar Salon,BAR SALON,3.28,debit,plaid,PERSONAL_CARE_HAIR_AND_BEAUTY,beauty_treatment,
v2,train,Beauty By Ellie Mpl,Beauty by Ellie mpLashes,62.5,debit,plaid,PERSONAL_CARE_HAIR_AND_BEAUTY,beauty_treatment,
v2,train,Beckham Salon,Beckham Salon,35,debit,plaid,PERSONAL_CARE_HAIR_AND_BEAUTY,beauty_treatment,
v2,iter_eval,Glam Rituals,GLAM RITUALS 400000001643332597,210,debit,plaid,PERSONAL_CARE_HAIR_AND_BEAUTY,beauty_treatment,
v2,train,Lash,Lash Caviar,41.5,debit,plaid,DINING_DINING,beauty_treatment,
v2,train,Nail Bar,Nail bar,45,debit,plaid,PERSONAL_CARE_HAIR_AND_BEAUTY,beauty_treatment,
v2,train,Platinum Lengths,Visa purchase SP PLATINUM LENGTHS,380.99,debit,plaid,LOAN_PAYMENTS_PERSONAL_LOAN_PAYMENT,beauty_treatment,
v2,iter_eval,Argyll And Bute,Argyll And Bute Co-Ips,0.8,debit,plaid,TRAVEL_AND_TRANSPORTATION_PUBLIC_TRANSIT,car_parking,
v2,train,Basingstoke And Deane,Basingstoke and De,1,debit,plaid,TRANSFER_OUT_OTHER,car_parking,
v2,train,Blackburn With Darwen Borough,BLACKBURN WITH DARWEN Blackburn with Darwen Borough,1.9,debit,plaid,TRAVEL_AND_TRANSPORTATION_OTHER_TRAVEL_AND_TRANSPORTATION,car_parking,
v2,iter_eval,Boston Borough Cou-ips,BOSTON BOROUGH COU,1.6,debit,plaid,GOVERNMENTS_AND_NON_PROFIT_GOVERNMENTS_AND_NON_PROFIT,car_parking,
v2,train,Canterbury City Cocanterbury,CANTERBURY CITY COCANTERBURY,5.4,debit,plaid,TRAVEL_AND_TRANSPORTATION_OTHER_TRAVEL_AND_TRANSPORTATION,car_parking,
v2,train,Cd East Lindsey Dist Ips Louth,2487 05AUG25 CD   EAST LINDSEY DIST -IPS              LOUTH GB,8,debit,plaid,TRANSFER_OUT_OTHER,car_parking,
v2,train,Central Bedfordshire Coun,CENTRAL BEDFORDSHI,1.2,debit,plaid,TRAVEL_AND_TRANSPORTATION_OTHER_TRAVEL_AND_TRANSPORTATION,car_parking,
v2,iter_eval,Charnwood,CHARNWOOD BOROUGH LEICESTERSHIR   GB  ,2,debit,plaid,TRAVEL_AND_TRANSPORTATION_OTHER_TRAVEL_AND_TRANSPORTATION,car_parking,
v2,train,Artopoiimata Kai, Artopoiimata Kai A,6.59,debit,plaid,TRANSFER_OUT_OTHER,restaurant_cafe,
v2,train,BMG,Bmg,180,debit,plaid,LOAN_PAYMENTS_PERSONAL_LOAN_PAYMENT,unclassified_card_spend,
v2,train,Cj Cutty,CJ CUTTY,12,debit,plaid,TRANSFER_OUT_OTHER,skin_hair_care,
v2,train,Dragonfly On,"DRAGONFLY (VIA APPLE PAY), ON 20-08-2025",11.9,debit,plaid,DINING_DINING,unclassified_card_spend,
v2,train,Elizabethsands Be,SP ELIZABETHSANDS  ON 01 SEP BCC SP ELIZABETHSANDS BE,159,debit,plaid,TRANSFER_OUT_OTHER,unclassified_card_spend,
v2,train,FCB,Fcb Brighton Kiosk,8.65,debit,plaid,TRANSFER_OUT_OTHER,restaurant_cafe,
v2,iter_eval,Genistar Limited,9393 29AUG25      GENISTAR LIMITED  CATERHAM GB,49,debit,plaid,FOOD_RETAIL_OTHER,unclassified_card_spend,
v2,train,Jameson Graham,Contactless Payment SQ *JAMESON GRAHAM,4,debit,plaid,DINING_DINING,unclassified_card_spend,
v2,train,Asda Petrol,0498 16JUL25 CD   ASDA PETROL       DERBY GB,60.27,debit,plaid,TRAVEL_AND_TRANSPORTATION_OTHER_TRAVEL_AND_TRANSPORTATION,fuel,
v2,iter_eval,Char.gy,CHAR.GY,25,debit,plaid,TRANSFER_OUT_OTHER,fuel,
v2,train,Esso M Ackworth,Contactless Payment ESSO MACKWORTH APPLEPAY 8021,10.01,debit,plaid,TRAVEL_AND_TRANSPORTATION_OTHER_TRAVEL_AND_TRANSPORTATION,fuel,
v2,iter_eval,Highlandfuelsltd,NYX*HighlandFuelsLtd CD 2188,1,debit,plaid,TRAVEL_AND_TRANSPORTATION_OTHER_TRAVEL_AND_TRANSPORTATION,fuel,
v2,train,Monta App,Visa purchase MONTA APP APPLEPAY 2502,4.9,debit,plaid,ENTERTAINMENT_CASINOS_AND_GAMBLING,fuel,
v2,iter_eval,Sainsbury's Petrol Station,1285 31JUL25 CD   SAINSBURYS PETROL WALSALL GB,20.01,debit,plaid,TRAVEL_AND_TRANSPORTATION_OTHER_TRAVEL_AND_TRANSPORTATION,fuel,
v2,iter_eval,Stratford Sst,STRATFORD SST,15,debit,plaid,LOAN_PAYMENTS_PERSONAL_LOAN_PAYMENT,fuel,
v2,train,Tesco Petrol,TESCO PFS 3851,3.15,debit,plaid,TRAVEL_AND_TRANSPORTATION_OTHER_TRAVEL_AND_TRANSPORTATION,fuel,
v2,train,Asg Magic Red,5288 20JUN25      ASG MAGIC RED     356-2248-4974 GI,60,debit,plaid,TRAVEL_AND_TRANSPORTATION_OTHER_TRAVEL_AND_TRANSPORTATION,gambling_casino,
v2,train,Aystar Vip,AYSTAR VIP Aystar Vip,19.99,debit,plaid,ENTERTAINMENT_CASINOS_AND_GAMBLING,gambling_casino,
v2,iter_eval,Deposit With Spinland,Deposit with Dream Veg Deposit With Spinland,20,debit,plaid,TRANSFER_OUT_SAVINGS,gambling_casino,
v2,train,Giant Wins,GIANT WINS,10,debit,plaid,FOOD_RETAIL_GROCERIES,gambling_casino,
v2,train,Grace Media,VEGASWINS Grace Media,200,debit,plaid,ENTERTAINMENT_OTHER_ENTERTAINMENT,gambling_casino,
v2,train,Ogl-community,OGL-COMMUNITY GIBRALTAR ON 14 SEP BCC,8.08,debit,plaid,LOAN_PAYMENTS_CREDIT_CARD_PAYMENT,gambling_casino,
v2,train,Suprplay,PAYPAL *SUPRPLAY S,20,debit,plaid,ENTERTAINMENT_CASINOS_AND_GAMBLING,gambling_casino,
v2,train,Ashbourne Membership Management,Ashbourne Membership Management,28.99,debit,plaid,GENERAL_SERVICES_OTHER_SERVICES,gym_fitness,
v2,train,Dfc Re Ka Leisure,DFC RE KA LEISURE                     REFERENCE: A/PORT120604,22.89,debit,plaid,LOAN_PAYMENTS_PERSONAL_LOAN_PAYMENT,gym_fitness,
v2,iter_eval,Leisure Services Bbc,LEISURE SERVICES BBC3069090 FIRST DDR PAYMENT DDR,15,debit,plaid,ENTERTAINMENT_EVENTS_AND_TICKETS,gym_fitness,
v2,iter_eval,Team Rh,TEAM RH,7.99,debit,plaid,TRANSFER_OUT_OTHER,gym_fitness,
v2,iter_eval,Team Rh Trhs,TEAM RH TRHS0000341308 FIRST DDR PAYMENT DDR,7.99,debit,plaid,LOAN_PAYMENTS_PERSONAL_LOAN_PAYMENT,gym_fitness,
v2,iter_eval,Ashfield D.c.,ASHFIELD D.C.,411.96,debit,plaid,TRANSFER_OUT_OTHER,council_tax,
v2,iter_eval,Broadland,BROADLAND DC      INITIAL PAYMENT,153.05,debit,plaid,LOAN_PAYMENTS_CREDIT_CARD_PAYMENT,council_tax,
v2,train,Gosport Bc,GOSPORT BC 561296537,149,debit,plaid,GENERAL_MERCHANDISE_SPORTING_GOODS,council_tax,
v2,iter_eval,Halifax District,HALIFAX DISTRICT PHALIFAX,2.08,debit,plaid,GOVERNMENTS_AND_NON_PROFIT_GOVERNMENTS_AND_NON_PROFIT,council_tax,
v2,iter_eval,Hinckley & Boswor,HINCKLEY  & BOSWOR 802475706,202,debit,plaid,DINING_DINING,council_tax,
v2,iter_eval,Kings Lynn & W Nfl,KINGS LYNN & W NFL  01 33873743 DDR,127,debit,plaid,ENTERTAINMENT_EVENTS_AND_TICKETS,council_tax,
v2,iter_eval,Mddc,MDDC DIRECT DEBITS  7872219 DDR,148,debit,plaid,TRANSFER_OUT_OTHER,council_tax,
v2,train,North West Leicest,REVERSAL OF 14-10 NORTH WEST LEICEST,-16,credit,plaid,TRAVEL_AND_TRANSPORTATION_OTHER_TRAVEL_AND_TRANSPORTATION,returned_payment,Credit narrative is REVERSAL OF. council_tax is debit-only; a reversed DD is returned_payment.
v2,train,Ashford B,ASHFORD B C,291,debit,plaid,TRANSFER_OUT_OTHER,government_services,
v2,iter_eval,Basingstoke & Deane Bo,BASINGSTOKE & DEAN  ON 18 JUL CLP BASINGSTOKE & DEANE BO,11.9,debit,plaid,TRAVEL_AND_TRANSPORTATION_OTHER_TRAVEL_AND_TRANSPORTATION,government_services,
v2,train,Basingstoke And De,BASINGSTOKE AND DE 600000001591801562,30,debit,plaid,TRANSFER_OUT_OTHER,government_services,
v2,train,Bmbc Ecomm,BMBC ECOMM        BARNSLEY,12,debit,plaid,DINING_DINING,government_services,
v2,train,Broxtoweboroughcounc,NYX*BroxtoweBoroug,1,debit,plaid,PERSONAL_CARE_HAIR_AND_BEAUTY,government_services,
v2,iter_eval,Bus Lane Enforcement,BUS LANE ENFORCEME,35,debit,plaid,TRAVEL_AND_TRANSPORTATION_PUBLIC_TRANSIT,government_services,
v2,iter_eval,Cd Car,4615 05AUG25 CD   CARMARTHENSHIRE C C                 CARMARTHEN GB,2.2,debit,plaid,DINING_DINING,government_services,
v2,iter_eval,Chesterfield Bc,CHESTERFIELD BC,32,debit,plaid,TRANSFER_OUT_OTHER,government_services,
v2,iter_eval,Autotrader,AUTO TRADER  ON 30 AUG CPM Autotrader,4.95,debit,plaid,FOOD_RETAIL_GROCERIES,advertising_services,
v2,iter_eval,Awin,AWIN74522AWIN LTD,90,debit,plaid,ENTERTAINMENT_CASINOS_AND_GAMBLING,advertising_services,
v2,train,Vivastreet,VIVASTREET,14.99,debit,plaid,DINING_DINING,advertising_services,
v2,train,Avery.co.uk,avery.co.uk,52.87,debit,plaid,LOAN_PAYMENTS_PERSONAL_LOAN_PAYMENT,stationery,
v2,iter_eval,Paperchase,The Paperchase,2.26,debit,plaid,GENERAL_MERCHANDISE_OTHER_GENERAL_MERCHANDISE,stationery,
v2,iter_eval,Ryman,RYMAN Ryman Stationery,5.99,debit,plaid,ENTERTAINMENT_MUSIC_VIDEO_GAMES_TV_AND_MOVIES,stationery,
v2,iter_eval,Avolta Alc Net The Sho,Avolta ALC Net The SPAIN ON 14 SEP CLP AVOLTA ALC NET THE SHO,14.6,debit,plaid,GENERAL_MERCHANDISE_OTHER_GENERAL_MERCHANDISE,airport_spend,
v2,train,Brs Wdf Main,Contactless Payment BRS WDF MAIN APPLEPAY 3425,17.55,debit,plaid,DINING_DINING,airport_spend,
v2,train,C Lba Cabin Bar,8190 07JUL25 C    LBA CABIN BAR -   181021            YEADON GB,23.04,debit,plaid,FOOD_RETAIL_LIQUOR_STORES,airport_spend,
v2,train,Glasgow Airport,GLASGOW AIRPORT,34.95,debit,plaid,TRAVEL_AND_TRANSPORTATION_OTHER_TRAVEL_AND_TRANSPORTATION,airport_spend,
v2,train,No1 Lounges,Zettle_*No1 Lounges  L No1 Lounges L,45,debit,plaid,DINING_DINING,airport_spend,
v2,iter_eval,B & Q,B&Q,14,debit,plaid,GENERAL_MERCHANDISE_FURNITURE_AND_HARDWARE,home_improvement,
v2,train,Decorating Warehouse,Decorating Warehouse,8.98,debit,plaid,GENERAL_MERCHANDISE_FURNITURE_AND_HARDWARE,home_improvement,
v2,iter_eval,Dedeman,DEDEMAN,18.82,debit,plaid,LOAN_PAYMENTS_PERSONAL_LOAN_PAYMENT,home_improvement,
v2,train,Glow Green,GLOW GREEN,9.99,debit,plaid,TRAVEL_AND_TRANSPORTATION_AUTOMOTIVE,home_improvement,
v2,train,The Fascia Place,THE FASCIA PLACE CD 0468,251.57,debit,plaid,DINING_DINING,home_improvement,
v2,train,B G Murphy,B G MURPHY  REFUND X FT,50,debit,plaid,TRAVEL_AND_TRANSPORTATION_OTHER_TRAVEL_AND_TRANSPORTATION,transfer_p2p,Debit (money out) to a named person. refund_received is an income leaf and cannot apply to a debit.
v2,train,L Rogers,L ROGERS          ANAL BEADS REFUND FP 05/08/25 1913  400000001612027498,-20,credit,plaid,TRANSFER_IN_OTHER,refund_received,
v2,iter_eval,N Bashiru,"N BASHIRU REFUND 200000001596757565 REFUND,200000001596757565",-15.5,credit,plaid,TRANSFER_IN_OTHER,refund_received,
v2,train,N Watkins,N WATKINS         REFUND            FP 05/08/25 1618  300000001610525159,-160,credit,plaid,INCOME_SALARY,refund_received,
v2,train,Reward,REWARD FEE REFUND,-3,credit,plaid,BANK_FEES_OTHER_BANK_FEES,refund_received,
v2,train,Snappy Shopper Uk,8302 17JUL25  D   SNAPPY SHOPPER    UK GB             REFUND,-2.08,credit,plaid,GENERAL_MERCHANDISE_CONVENIENCE_STORES,refund_received,
v2,train,Trainerfp,KARL ORWIN        REFUND FOR TRAINERFP 16/07/25 1027  PQL00XOHJGQF9IKSFI,-3,credit,plaid,TRANSFER_IN_OTHER,refund_received,
v2,train,Back Market Uk LTD,Back Market UK Ltd  ON 18 AUG BCC BACK MARKET UK LTD,1.69,debit,plaid,FOOD_RETAIL_GROCERIES,marketplace_refurbished,
v2,iter_eval,Bains Off Lice,PPOINT_*BAINS OFF  ON 25 AUG CLP PPOINT_*BAINS OFF LICE,0.49,debit,plaid,TRAVEL_AND_TRANSPORTATION_OTHER_TRAVEL_AND_TRANSPORTATION,alcohol_beer_spirits,
v2,iter_eval,Best Wood Off,7834 18JUL25 C    BEST WOOD OFF     LICENCE           NOTTINGHAM GB,4.74,debit,plaid,GENERAL_MERCHANDISE_SPORTING_GOODS,alcohol_beer_spirits,
v2,train,Bp Drinks,Contactless Payment b+p drinks APPLEPAY 8311,6.65,debit,plaid,FOOD_RETAIL_LIQUOR_STORES,alcohol_beer_spirits,
v2,train,C In Spirit,4041 28JUL25 C    IN SPIRIT         TAMWORTH GB,5.15,debit,plaid,TRANSFER_OUT_OTHER,alcohol_beer_spirits,
v2,iter_eval,Cd In Spirit,1433 02SEP25 CD   IN SPIRIT         TAMWORTH GB,13.4,debit,plaid,TRAVEL_AND_TRANSPORTATION_OTHER_TRAVEL_AND_TRANSPORTATION,alcohol_beer_spirits,
v2,train,Cd Pothiya,0425 02AUG25 CD   POTHIYA OFFLICENCELEICESTER GB,9.88,debit,plaid,DINING_DINING,alcohol_beer_spirits,
v2,train,Craft Gin Club,CARD PAYMENT TO CRAFT GIN CLUB ON 23-08-2025,47,debit,plaid,FOOD_RETAIL_LIQUOR_STORES,alcohol_beer_spirits,
v2,train,Drink-trip,SP DRINK-TRIP.COM CD 1760,25.6,debit,plaid,FOOD_RETAIL_OTHER,alcohol_beer_spirits,
v2,iter_eval,Bandcamp,BANDCAMPHORNSEYHARDCO Bandcamp,32.6,debit,plaid,ENTERTAINMENT_MUSIC_VIDEO_GAMES_TV_AND_MOVIES,music_other,
v2,iter_eval,Banquet Records,BANQUET RECORDS  ON 07 AUG BCC,28,debit,plaid,DINING_DINING,physical_media,
v2,train,Hmv,HMV,81.98,debit,plaid,GENERAL_MERCHANDISE_OTHER_GENERAL_MERCHANDISE,physical_media,
v2,iter_eval,Base London,SP BASE LONDON,38.99,debit,plaid,GENERAL_MERCHANDISE_APPAREL_AND_ACCESSORIES,footwear,
v2,iter_eval,Clarks,4211 26AUG25      CLARKS            STREET GB         REFUND,-11.6,credit,plaid,GENERAL_MERCHANDISE_APPAREL_AND_ACCESSORIES,refund_received,"Credit from Clarks with REFUND in the narrative. Retailer credits are refund_received, not spend."
v2,train,Crocs,Crocs East MidlandAlfreton,3.99,debit,plaid,GENERAL_MERCHANDISE_APPAREL_AND_ACCESSORIES,footwear,
v2,train,Daniel Footwear,3985 24JUL25  D   DANIEL FOOTWEAR   LEEDS GB,120.79,debit,plaid,GENERAL_MERCHANDISE_APPAREL_AND_ACCESSORIES,footwear,
v2,iter_eval,Deichmann,Deichmann,36.48,debit,plaid,TRANSFER_OUT_OTHER,footwear,
v2,train,Dr Martens,Dr Martens,72,debit,plaid,GENERAL_MERCHANDISE_APPAREL_AND_ACCESSORIES,footwear,
v2,iter_eval,Dune,DUNE              STRATFORD,69,debit,plaid,LOAN_PAYMENTS_PERSONAL_LOAN_PAYMENT,footwear,
v2,train,Kurt Geiger,2600 14AUG25 CD   KURT GEIGER       BICESTER GB,0.3,debit,plaid,GENERAL_MERCHANDISE_APPAREL_AND_ACCESSORIES,footwear,
v2,train,Beauty Outlet,Beauty Outlet,28.13,debit,plaid,PERSONAL_CARE_HAIR_AND_BEAUTY,health_beauty_general,
v2,train,Cosmetix Limited,Contactless Payment COSMETIX LIMITED APPLEPAY 4054 2025-09-14,5.97,debit,plaid,PERSONAL_CARE_HAIR_AND_BEAUTY,health_beauty_general,
v2,iter_eval,Gillette Stadium,WWW.GILLETTE.COM,25.87,debit,plaid,ENTERTAINMENT_EVENTS_AND_TICKETS,health_beauty_general,
v2,iter_eval,Glossybox,GLOSSYBOX Glossybox,12.5,debit,plaid,PERSONAL_CARE_HAIR_AND_BEAUTY,health_beauty_general,
v2,train,Lookfantastic,LOOKFANTASTIC,45.39,debit,plaid,PERSONAL_CARE_HAIR_AND_BEAUTY,health_beauty_general,
v2,train,Beauty Works,Visa purchase Beauty Works APPLEPAY 3823,11.96,debit,plaid,PERSONAL_CARE_HAIR_AND_BEAUTY,skin_hair_care,
v2,train,Charlotte Tilbury,CHARLOTTE TILBURY  ON 04 AUG BCC Charlotte Tilbury,17.85,debit,plaid,LOAN_PAYMENTS_CREDIT_CARD_PAYMENT,skin_hair_care,
v2,iter_eval,Elemis,BT *ELEMIS        BRISTOL,57.95,debit,plaid,LOAN_PAYMENTS_PERSONAL_LOAN_PAYMENT,skin_hair_care,
v2,train,Flair Afro Cosmetics,FLAIR AFRO COSMETI  ON 11 JUN CLP Flair Afro Cosmetics,6.95,debit,plaid,PERSONAL_CARE_HAIR_AND_BEAUTY,skin_hair_care,
v2,iter_eval,Berwick Lc,BERWICK LC,2,debit,plaid,ENTERTAINMENT_CASINOS_AND_GAMBLING,gym_fitness,LC stands for Leisure Centre here
v2,iter_eval,Bookplanet,www.bookplanet247.,9.95,debit,plaid,ENTERTAINMENT_CASINOS_AND_GAMBLING,books,
v2,train,Cd Hi5 Retail,9889 19JUL25 CD   HI5 RETAIL        WIRRAL GB,9.04,debit,plaid,ENTERTAINMENT_CASINOS_AND_GAMBLING,convenience_store,"Hi5 Retail Ltd (SIC 47110) is a Wirral food/tobacco shop, not general merchandise retail_other."
v2,train,Cd Megapos,1180 09AUG25 CD   MEGAPOS LTD       BLACKBURN GB,1,debit,plaid,ENTERTAINMENT_CASINOS_AND_GAMBLING,payment_intermediary,"Mega POS Ltd is an Electronic Point of Sale (EPOS) software and hardware provider based in Blackburn, UK (Company #13784099)."
v2,train,Cream Carousel,Cream Carousel,7.6,debit,plaid,ENTERTAINMENT_CASINOS_AND_GAMBLING,restaurant_cafe,
v2,train,Dionne Boughen Nat Bonus Ball Via,DIONNE BOUGHEN    NAT BONUS BALL    VIA MOBILE - PYMT,200,debit,plaid,TRANSFER_OUT_OTHER,gambling_unspecified,
v2,iter_eval,Gamesys,Gamesys Operation Limited                NV2YXROBGB3928756,10,debit,plaid,TRANSFER_OUT_OTHER,gambling_unspecified,
v2,iter_eval,Lbs Play Service,LBS PLAY SERVICE  PSJOSEPH,128,debit,plaid,TRANSFER_OUT_INVESTMENT_AND_RETIREMENT_FUNDS,gambling_unspecified,
v2,iter_eval,Beryl,Beryl,1,debit,plaid,TRANSFER_OUT_OTHER,bicycle,
v2,iter_eval,Sigma Sports,Sigma Sports - Hampton,11.97,debit,plaid,ENTERTAINMENT_EVENTS_AND_TICKETS,bicycle,
v2,train,The Bike Club,THE BIKE CLUB LTD NXSH7ED,13.99,debit,plaid,TRAVEL_AND_TRANSPORTATION_PUBLIC_TRANSIT,bicycle,
v2,train,Best Meat,CARD PAYMENT TO BEST MEAT UK ON 04-08-2025,50.99,debit,plaid,FOOD_RETAIL_GROCERIES,groceries_specialist,
v2,iter_eval,Delikatesy Smaczek,DELIKATESY SMACZEK,14.11,debit,plaid,DINING_OTHER_DINING,groceries_specialist,
v2,train,Europa Delikatesy,EUROPA DELIKATESY,2.25,debit,plaid,DINING_OTHER_DINING,groceries_specialist,
v2,iter_eval,Huel,WWW.HUEL.COM,36.49,debit,plaid,FOOD_RETAIL_GROCERIES,groceries_specialist,
v2,iter_eval,Infinity Foods, Infinity Foods,11.8,debit,plaid,FOOD_RETAIL_GROCERIES,groceries_specialist,
v2,train,Allpay,A03895420 Allpay,40.0,debit,equifax,,rent,"Allpay payment; recurring reference matches housing-payment pattern, although payee is not shown."
v2,iter_eval,Amazon Services,Amazon Uk Services AMAZON UK SERVICES,794.55,credit,equifax,Identified Salary | Amazon,salary,Credit is identified as salary and Amazon is a plausible employer.
v2,train,Audible,Zilch * Audible Uk Zilch *      Audible Uk,7.99,debit,equifax,"Books, Newspapers and Magazines | General Books",books,£7.99 Audible charge is consistent with an audiobook subscription.
v2,iter_eval,Loveholidays.com,Loveholidays      London,260.95,debit,equifax,Flights and Holidays | Hotels and Accommodation,holiday_package,
v2,train,DVSA,DVSA  ON 09 SEP BCC,75.0,debit,equifax,Education and Learning | Driving Tuition,driving_tuition,
v2,train,Post Office,Cash Deposit at 26 The Broadway Woodford Green IG8 0HQ GB Post Office Banking Services,150.0,credit,equifax,Cash Deposit | Delivery,cash_deposit,
v2,train,MetLife,METLIFE EUROPE,27.0,debit,equifax,,insurance_life,MetLife is primarily a life and protection insurer.
v2,iter_eval,Universal Credit,204M46U31 DWP UC,214.36,credit,equifax,,benefits_state,
v2,iter_eval,Aldi,8469 05APR25 C    ALDI 119 775      ANDOVER GB,13.96,debit,equifax,Shopping (Household Essentials) | General Groceries,groceries,
v2,train,AA,AA MEMBERSHIP,2.0,debit,equifax,Automotive | Breakdown Cover,breakdown_cover,
v2,train,HMRC,HMRC SA  2377880224K00002 BGC,116.38,credit,equifax,,tax_refund,
v2,train,Sky,Sky Store,3.49,debit,equifax,"Utilities | Internet, TV and Phone",streaming,
v2,train,Carers Allowance,Bank credit JH568960A DWP CA 607080 10025723,76.75,credit,equifax,,benefits_state,
v2,train,HMRC,"STANDING ORDER VIA FASTER PAYMENT TO HMRC CUMBERNAULD REFERENCE 1532779870 , MANDATE NO 0131",100.0,debit,equifax,,tax_payment,
v2,iter_eval,Roblox,ROBLOX PAYPAL *ROBLOXCORPO    8888582569    USA,19.99,debit,equifax,Misc Card Spend | Foreign,gaming_online,
v2,train,Post Office,Cash Deposit at C O Rame Cross Post Off Penryn TR10 9EB GB Post Office Banking Services,320.0,credit,equifax,Cash Deposit | Delivery,cash_deposit,
v2,train,Lowell Financial,LOWELL PORTFOLIO 1,1.0,debit,equifax,Financial Services | Debt Collection,debt_collection,
v2,train,Complete Savings,9674 29SEP23      COMPLETESAVE.CO.UK08003896960 CH,15.0,debit,equifax,,memberships,Complete Savings is a paid cashback-membership service.
v2,train,Lloyds,CLUB LLOYDS MONTHL,200.0,debit,equifax,Rent and Mortgage | Mortgages,savings_transfer,"£200 Club Lloyds Monthly entry is consistent with the monthly saver, not a mortgage."
v2,train,Revolut,SHAUNNAH GIBBS SENT FROM REVOLUT REV************4729,15.0,credit,equifax,Own Transfers | Bank Transfer,transfer_p2p,
v2,train,ASDA,Visa credit ASDA GROCERIES ONLINE,6.5,credit,equifax,Refund | General Groceries,refund_received,Credit explicitly described as an ASDA refund.
v2,train,Save The Change,SAVETHECHANGE-4361,1.66,debit,equifax,,savings_transfer,
v2,iter_eval,Vue Cinemas,Vue Cinemas,23.18,debit,equifax,Entertainment | Cinema,cinema,
v2,train,Allpay,ALLPAY *NORTH STAR ALLPAY *NORTH STAR HOUSIN,110.0,debit,equifax,,rent,
v2,train,Optimum Nutrition,Optimum Nutrition,11.23,debit,equifax,Personal Healthcare | Supplements,supplements,
v2,train,Post Office,Cash Deposit at 45 Robert Street Pontypridd CF37 3DY GB Post Office Banking Services,20.0,credit,equifax,Cash Deposit | Delivery,cash_deposit,
v2,train,Hilton,HAMPTON BY HILTON,158.0,debit,equifax,Flights and Holidays | Hotels and Accommodation,accommodation,
v2,iter_eval,sQuid,squidcard*sQuidcar  ON 31 OCT BCC,3.0,debit,equifax,Education and Learning | School Fees,prepaid_card,
v2,train,tiktok,TIKTOK SHOP SELLER  ON 28 MAR CPM,25.11,debit,equifax,Services | Web Services,marketplace_general,Narrative explicitly identifies a TikTok Shop seller transaction.
v2,train,Havens,4965 16AUG23 C    HAVENS HOSPICES   WESTCLIFF-ON- GB,2.0,debit,equifax,Shopping (Home) | Kitchens and Kitchen Accessories,charitable_donation,
v2,train,Post Office,Cash Deposit at Newburn Road Newcastle Upon NE15 9AB GB Post Office Banking Services,300.0,credit,equifax,Cash Deposit | Delivery,cash_deposit,
v2,train,HMRC,HMRC SA,2010.24,credit,equifax,,tax_refund,
v2,train,DVSA,DVSA  ON 12 SEP BCC,62.0,debit,equifax,Education and Learning | Driving Tuition,driving_tuition,
v2,train,DVLA,DVLA-LJ09JWP,17.5,debit,equifax,Automotive | Road Tax,road_tax,
v2,train,Birmingham Midshires Mortgages,BHAM MIDSHIRES,344.69,debit,equifax,Rent and Mortgage | Mortgages,mortgage,
v2,train,888 Games,UK regulated Lim CD 6001,20.0,debit,equifax,Gambling and Betting | Poker and Casino Games,gambling_casino,
v2,iter_eval,Pets at Home,Pets at Home PETS AT HOME LTD       BEDFORD       GBR,15.88,debit,equifax,Pets | Pet Accessories,pet_supplies,
v2,iter_eval,sQuid,Visa purchase squidcard*sQuidcard,5.0,debit,equifax,Education and Learning | School Fees,prepaid_card,
v2,train,M&Co,zilch m.uergo.co.uk ZILCH m.uergo.co.uk    GB            GBR,9.99,debit,equifax,Shopping (Fashion) | General Fashion,clothing_general,Underlying M&Co retail purchase is clear despite the Zilch descriptor.
v2,train,Exeter City Council,ZETTLE_*EXETER CIT ZETTLE_*EXETER CITY AF,6.5,debit,equifax,Utilities | Council,unclassified_card_spend,£6.50 Zettle card-reader tap. Council tax is not collected this way; function cannot be identified so unclassified_card_spend is honest.
v2,train,Toby Carvery,Crv*toby Carvery Knowl Crv*toby Carvery - Kno,33.88,debit,equifax,"Restaurants and takeaway | Restaurants, Cafes and Bistros",restaurant_cafe,
v2,train,Specsavers,SPECSAVERS,39.0,debit,equifax,Personal Healthcare | Glasses and Contact Lenses,optician,
v2,train,LOYALTY REWARD,MYREWARDS,5.0,credit,equifax,,cashback,
v2,train,Revolut,Revolut Revolut**3865*         London        GBR,15.77,debit,equifax,Transfers / Other | Bank Transfer,transfer_own_account,
v2,train,Pure Gym,Direct debit PURE GYM LTD ************1412,33.5,debit,equifax,Personal Healthcare | Gyms And Health Clubs,gym_fitness,
v2,train,Marketplace,CARD PAYMENT TO AMZNMKTPLACE ON 23-07-2023,79.65,debit,equifax,Amazon All | Amazon,marketplace_amazon,
v2,train,Post Office,Post Office POST OFFICE COUNTER    DENNY         GBR,8.65,debit,equifax,Services | Delivery,delivery_courier,Post Office counter purchase is most consistent with postal/delivery services.
v2,iter_eval,Halifax,HALIFAX,429.44,debit,equifax,Rent and Mortgage | Mortgages,mortgage,
v2,train,takeaway.je,WWW.TAKEAWAY.JE  ON 03 OCT BCC,13.35,debit,equifax,Restaurants and takeaway | Take Away,takeaway,
v2,train,DVSA,DVSA  ON 27 APR BCC,75.0,debit,equifax,Education and Learning | Driving Tuition,driving_tuition,
v2,train,Hilton,DoubleTree by Hilton DOUBLETREE BY HILTON O ORLANDO       USA,13.01,debit,equifax,Misc Card Spend | Foreign,accommodation,
v2,train,HMRC,HMRC SA,5657.47,credit,equifax,,tax_refund,
v2,train,Lidl,LIDL GB  ROYTON,43.99,debit,equifax,Shopping (Household Essentials) | General Groceries,groceries,
v2,train,HMRC,HMRC SA,3023.2,credit,equifax,,tax_refund,
v2,iter_eval,TFL,TFL TRAVEL CH,4.2,debit,equifax,Commuting and travel | Trains and Coaches,public_transport_rail_coach,
v2,train,Sky Bet,2103 07OCT24      SKY BET           3300244777 GB,10.0,debit,equifax,Gambling and Betting | Betting,gambling_betting,
v2,iter_eval,Admiral Insurance,ADMIRAL INSURANCE,513.07,debit,equifax,Insurance | Motor Insurance,insurance_general,Native category and merchant support motor insurance.Admiral is multi-line. Taxonomy reserves insurance_motor for motor-only brands (e.g. Swiftcover). Gold merchant set already has admiral → insurance_general.
v2,train,Sky,"DIRECT DEBIT PAYMENT TO SKY TV REF ************4307, MANDATE NO 0012",17.0,debit,equifax,"Utilities | Internet, TV and Phone",broadband_tv_phone,
v2,iter_eval,LayBuy,CARD PAYMENT TO LAYBUY* AMAZON ON 05-09-2023,7.33,debit,equifax,Financial Services | BNPL,marketplace_amazon,"Descriptor is LAYBUY* AMAZON. Same file labels Klarna/Zilch + identifiable merchant as the underlying shop, not bnpl."
v2,train,Revolut,Sent from Revolut Zohaib Khan,10.37,credit,equifax,Own Transfers | Bank Transfer,transfer_p2p,
v2,iter_eval,TV Licensing ,TV LICENCE QBP1,41.0,debit,equifax,Utilities | TV Licences,tv_licence,
v2,train,Allpay,ALLPAY *GRAMPIAN HOUSI CD 9989,597.85,debit,equifax,,rent,
v2,train,State Pension,YB974432B DWP  SP,235.25,credit,equifax,,pension_received,
v2,train,Cancer Research UK,Cancer Research UK CANCER RESEARCH UK     BIRMINGHAM    GBR,3.5,debit,equifax,,charitable_donation,
v2,train,McDonalds,D MCDONALD 22OCT23,10.0,credit,equifax,,transfer_p2p,"Credit appears to be from an individual named D McDonald, not a restaurant purchase."
v2,train,Clearpay,2349 11JUN25      CLEARPAY          CLEARPAY.CO.U GB,3.72,debit,equifax,Financial Services | BNPL,bnpl,
v2,train,Marketplace,AMZNMktplace      amazon.co.uk,92.27,debit,equifax,Amazon All | Amazon,marketplace_amazon,
v2,train,Overpayments,CENT REC GROUP DD,20.0,debit,equifax,,debt_collection,Central Recovery Group direct debit is a recovery payment rather than income.
v2,iter_eval,Wayfair,Klarna*Wayfair UK,55.19,debit,equifax,Shopping (Home) | Home Accessories,home_accessories,Wayfair is the clear underlying homewares merchant despite Klarna routing.
v2,train,HMRC,120PP01372751 United Kingdom Account HMRC Cumberland,3937.05,debit,equifax,,tax_payment,
v2,train,Barnardos,BARNARDO'S 55734,3.0,debit,equifax,,charitable_donation,
v2,train,HMRC,HMRC SA  1068789713K00002 BGC,55.7,credit,equifax,,tax_refund,
v2,iter_eval,W.H.Smith,HESTON S/W WH SMITHS WH Smith,5.99,debit,equifax,"Books, Newspapers and Magazines | General Books",books,
v2,train,HMRC,HMRC SA,4083.76,credit,equifax,,tax_refund,
v2,train,Prime,Amazon Prime*BS7NN  ON 04 JAN BDC,8.99,debit,equifax,Amazon All | Amazon,streaming,
v2,iter_eval,OVO Energy,Visa purchase OVO ENERGY,20.0,debit,equifax,Utilities | Energy Providers,energy,
v2,iter_eval,sQuid,squidcard*sQuidcar  ON 02 JUN BCC,35.0,debit,equifax,Education and Learning | School Fees,prepaid_card,
v2,train,Tesco Bank,001219253107/58594 Tesco Bank,337.18,debit,equifax,Rent and Mortgage | Mortgages,financial_institution_unspecified,Payment is to Tesco Bank but the product is not identifiable from the narrative.
v2,iter_eval,Mango,MRS J CORDUKES  MANGO BALLS OFF FT,40.0,debit,equifax,Shopping (Fashion) | Womens Fashion,transfer_p2p,Narrative names an individual and a free-text reference; it is not a Mango retailer descriptor.
v2,train,Moneybox,MONEYBOX  PQYSSKB DDR Moneybox,5.0,debit,equifax,,savings_transfer,
v2,train,LOYALTY REWARD,MYREWARDS,10.0,credit,equifax,,cashback,
v2,train,Sainsbury's Petrol,SAINSBURYS PETROL  ON 30 APR CLP,40.46,debit,equifax,Commuting and travel | Fuel,fuel,
v2,iter_eval,Bet365,BET365,200.0,credit,equifax,Identified Salary | Betting,gambling_betting,
v2,train,Save The Change,SAVE THE CHANGE,1.28,debit,equifax,,savings_transfer,
v2,train,HMRC,HMRC SA  2360395400K00004 BGC,666.43,credit,equifax,,tax_refund,
v2,train,Paypal,Domestika Inc PAYPAL *DOMESTIKA INC  4029357733    USA,1.02,debit,equifax,Misc Card Spend | Foreign,education_general,Domestika is the identifiable underlying online-course provider; PayPal is only the intermediary.
v2,iter_eval,Pets at Home,PETS AT HOME LTD  ON 26 OCT CLP Pets at Home,4.19,debit,equifax,Pets | Pet Accessories,pet_supplies,
v2,iter_eval,Park Holidays UK,Park Holidays - He  ON 28 MAY CLP PARK HOLIDAYS - HEDLEY,14.0,debit,equifax,Flights and Holidays | Holidays UK,holiday_uk,
v2,train,Monzo,Sent from Monzo Sarah Bradley,6.0,debit,equifax,Transfers / Other | Bank Transfer,transfer_p2p,Named-person Monzo transfer; no evidence it is the customer's own account.
v2,train,Marketplace,AMZNMktplace  ON 19 DEC BCC,24.99,debit,equifax,Amazon All | Amazon,marketplace_amazon,
v2,iter_eval,East Yorkshire MOT,EAST YORKSHIRE MOT EAST YORKSHIRE MOTOR SERV,2.0,debit,equifax,Automotive | M.O.T.,public_transport_rail_coach,East Yorkshire Motor Services is a bus operator; MOT was inferred from the name fragment.
v2,train,Apple App Store,INT'L 0022353266  APPLE.COM/BILL    APPLE.COM/BIL,3.99,debit,equifax,Shopping (Discretionary) | Music and Downloads,software,
v2,train,TheTrainLine,Refund from Trainline,1.45,credit,equifax,Refund | Trains and Coaches,refund_received,Credit explicitly states a Trainline refund.
v2,train,Overpayments,CENT REC GROUP DD,163.78,debit,equifax,,debt_collection,"Central Recovery Group direct debit is a recovery payment, not income."
v2,train,Pure Gym,PureGym PureGym Limited        Leeds         GBR,49.86,debit,equifax,Personal Healthcare | Gyms And Health Clubs,gym_fitness,
v2,train,DVSA,DVSA,23.0,debit,equifax,Education and Learning | Driving Tuition,driving_tuition,
v2,train,State Pension,YE797432A DWP  SP,1016.72,credit,equifax,,pension_received,
v2,iter_eval,Child Benefits,HMRC CHILD BENEFIT,93.4,credit,equifax,,benefits_state,
v2,iter_eval,Haven Holidays,SUMUP *RICHARD HAV  ON 28 JAN CLP SUMUP  *RICHARD HAVEN,13.0,debit,equifax,Flights and Holidays | Holidays UK,beauty_treatment,"SUMUP *RICHARD HAVEN is Richard Haven barber, not Haven Holidays."
v2,train,Clearpay,Clearpay,23.16,debit,equifax,Financial Services | BNPL,bnpl,
v2,train,State Pension,Bank credit YM101624A DWP SP 607080 10025707,897.48,credit,equifax,,pension_received,
v2,train,Marketplace,AMZNMktplace*RN2JJ AMZNMktplace*RN2JJ29O4,5.99,debit,equifax,Amazon All | Amazon,marketplace_amazon,
v2,iter_eval,Bitcoin,Exchanged to BTC,0.35,debit,equifax,Investments and Trading | Cryptocurrency,crypto,
v2,train,Myprotein,Myprotein MYPROTEIN              ALTRINCHAM    GBR,21.81,debit,equifax,Personal Healthcare | Supplements,supplements,
v2,iter_eval,ASOS,ASOS Klarna*asos            London        GBR,39.43,debit,equifax,Shopping (Fashion) | General Fashion,clothing_general,
v2,train,Primark,PRIMARK NORWICH 54NORWICH,14.0,debit,equifax,Shopping (Fashion) | General Fashion,clothing_general,
v2,train,The Perfume Shop,The Perfume Shop Klarna*the perfume s   London        GBR,59.58,debit,equifax,Personal Healthcare | Fragrances,fragrances,
v2,train,DVLA,DVLA-W29COW,34.56,debit,equifax,Automotive | Road Tax,road_tax,
v2,train,HMRC,HMRC CUMBERNAULD  120PJ02114571     VIA MOBILE - PYMT FP 30/01/************0410000N,500.0,debit,equifax,,tax_payment,
v2,train,William Hill,PAYPAL *WILLIAMHIL PAYPAL *WILLIAMHILL,20.0,debit,equifax,Gambling and Betting | Betting,gambling_betting,
v2,train,Primark,PRIMARK,42.5,debit,equifax,Shopping (Fashion) | General Fashion,clothing_general,
v2,train,Child Support Agency,K WHITBY  CSA FT,30.0,debit,equifax,,family_services,CSA payment is child maintenance/family support; income category contradicts debit direction.
v2,train,West End Theatre Breaks,PLATINUM WEST END,52.77,debit,equifax,Entertainment | Theatre Tickets,theatre,
v2,iter_eval,Deliveroo,CARD PAYMENT TO DELIVEROO ON 09-01-2025,22.92,debit,equifax,Restaurants and takeaway | Take Away,takeaway,
v2,train,McDonalds,McDonalds 8262183  ON 03 MAR BCC,10.46,debit,equifax,Restaurants and takeaway | Take Away,takeaway,
v2,iter_eval,Royal London Pensions,ROYAL LONDON,9.0,debit,equifax,,pension_contribution,
v2,iter_eval,Home Retail,CARD PAYMENT TO HOME RETAIL GROUP ON 20-12-2024,20.16,debit,equifax,Shopping (Home) | Home Accessories,home_accessories,
v2,train,Post Office,LATCHINGDON POST O LATCHINGDON POST OFF 01,4.24,debit,equifax,Services | Delivery,delivery_courier,Post Office purchase is most consistent with postal/delivery services.
v2,train,Halfords,HALFORDS 0407  ON 26 NOV CPM Halfords,21.49,debit,equifax,Automotive | Garages and Parts,vehicle_maintenance,
v2,train,McDonalds,MCDONALDS RESTAURA,347.99,credit,equifax,Identified Salary | Take Away,salary,Large credit is identified as salary from McDonald's.
v2,train,DVSA,6368 08JAN25      DVSA              SWANSEA GB,62.0,debit,equifax,Education and Learning | Driving Tuition,driving_tuition,
v2,iter_eval,HSBC,Payment to HSBC,250.0,debit,equifax,Rent and Mortgage | Mortgages,financial_institution_unspecified,
v2,train,Swinton Insurance,SWINTON MONTHLY,11.18,debit,equifax,Insurance | General Insurance,insurance_general,
v2,iter_eval,The National Lottery,NATIONAL LOTTERY  ON 11 JAN BCC,5.0,debit,equifax,Gambling and Betting | Lottery,gambling_lottery,
v2,iter_eval,Child Benefits,HMRC CHILD BENEFIT,60.55,credit,equifax,,benefits_state,
v2,iter_eval,Oxfam Shop,OXFAM F3113,4.98,debit,equifax,,charity_shop,
v2,train,Chaturbate,Crypto.com mmbill.com             LAKE FOREST   USA,8.54,debit,equifax,Misc Card Spend | Foreign,adult_entertainment,
v2,train,Chaturbate,Crypto.com mmbill.com             LAKE FOREST   USA,8.67,debit,equifax,Misc Card Spend | Foreign,adult_entertainment,
v2,train,Paypal,PayPal PAYPAL*MATIA ANDREW    Luxembourg    LUX,60.0,credit,equifax,Own Transfers | E-Commerce Payment System,transfer_p2p,PayPal credit identifies an individual counterparty.
v2,iter_eval,W.H.Smith,WH Smith Southend WH Smith Southend Airport,1.5,debit,equifax,"Books, Newspapers and Magazines | General Books",books,
v2,train,State Pension,YB772191A DWP  SP,231.59,credit,equifax,,pension_received,
v2,train,Save The Change,SAVETHECHANGE-8560,2.03,debit,equifax,,savings_transfer,
v2,train,Overpayments,HMRC NDDS,25.0,debit,equifax,,tax_payment,HMRC NDDS is a tax direct-debit payment.
v2,train,Marketplace,Visa purchase AMZNMktplace*JX7WE5VU5 5116,23.11,debit,equifax,Amazon All | Amazon,marketplace_amazon,
v2,train,Tenpin,TENPIN LTD - 191 Tenpin,13.1,debit,equifax,Entertainment | Days Out,days_out,
v2,train,Allpay,Allpay *GREAT PLACES H Allpay *great Places H,155.0,debit,equifax,,rent,Narrative names Great Places Housing via Allpay.
v2,train,Surrey Vending Ltd,Surrey Vending NYA*Surrey Vending     Aberystwyth   GBR,1.6,debit,equifax,Shopping (Discretionary) | Confectionary,confectionary,
v2,train,Cancer Research UK,CANCER RESEARCH U,10.0,debit,equifax,,charitable_donation,
v2,iter_eval,Scottish Widows,SCOTTISH WIDOWS,88.52,debit,equifax,Insurance | Life Insurance,insurance_life,
v2,train,Post Office,Cash Deposit at West View Cramlington NE23 7AB GB Post Office Banking Services,260.0,credit,equifax,Cash Deposit | Delivery,cash_deposit,
v2,train,HMRC,HMRC SA,681.49,credit,equifax,,tax_refund,
v2,train,tiktok,TIKTOK SHOP SELLER  ON 11 JAN CRM,6.42,credit,equifax,Transfers / Other | Web Services,income_other_unspecified,Credit appears to be TikTok Shop seller proceeds rather than a purchase.
v2,iter_eval,Tesco,TESCO STORES 3396 Tesco,31.67,debit,equifax,Shopping (Household Essentials) | General Groceries,groceries,
v2,train,Monzo,CHIPOCHASHE AFEKI SENT FROM MONZO P8MG1MMMP2D72YRZZ9,15.0,credit,equifax,Own Transfers | Bank Transfer,transfer_p2p,Incoming Monzo transfer from a named person.
v2,iter_eval,Butlins,BUTLINS,22.6,debit,equifax,Flights and Holidays | Holidays UK,holiday_uk,
v2,train,Motor Fuel Group,Mfg Brandhall,10.0,debit,equifax,Commuting and travel | Fuel,fuel,
v2,train,Uber,Ubr* Pending.uber.com,5.92,debit,equifax,Commuting and travel | Taxis,taxi_rideshare,
v2,iter_eval,Universal Credit,202059E85 DWP UC  000000001642926988 BGC,847.52,credit,equifax,,benefits_state,
v2,train,Personal Independence Payment ,Bank credit JX587095D DWP PIP ************5898,549.0,credit,equifax,,benefits_state,
v2,iter_eval,Admiral Insurance,ADMIRAL INSURANCE,13.3,debit,equifax,Insurance | Motor Insurance,insurance_general,Merchant and native category support motor insurance.
v2,train,Post Office,POST OFFICE  18MAR,24.0,debit,equifax,Services | Delivery,delivery_courier,Post Office purchase is most consistent with postal/delivery services.
v2,train,McDonalds,MARGARET MCDONALD MARGARET MCDONALD PEF5TB5YJ64KCYOIJN,50.0,credit,equifax,Own Transfers | Take Away,transfer_p2p,Incoming transfer from an individual named Margaret McDonald.
v2,iter_eval,sQuid,Squidcard squidcard*sQuidcard    Surrey        GBR,10.0,debit,equifax,Education and Learning | School Fees,prepaid_card,"sQuid is a cashless school-payment card top-up, not a school fee itself."
v2,train,BISL,BISL RAC INSURANCE  136246197370722876 DDR,23.01,debit,equifax,Insurance | Motor Insurance,insurance_motor,
v2,train,Shopify Captial,SHOPIFY CAPITAL UK SYLPXWEPPEMFJUSXPS,93.11,debit,equifax,Investments and Trading | Investments,business_loan_repayment,
v2,train,TheTrainLine,Visa purchase TRAINLINE APPLEPAY 6751,36.79,debit,equifax,Commuting and travel | Trains and Coaches,public_transport_rail_coach,
v2,iter_eval,Plus500,0129 22MAY25      PLUS500           LONDON          GBCREDIT,75.0,credit,equifax,Investments and Trading | Trading,investment_trading,
v2,train,State Pension,YB613670D DWP  SP,207.63,credit,equifax,,pension_received,
v2,train,Post Office,Cash Deposit at 55 Wellington Street Manchester M18 8TX GB Post Office Banking Services,50.0,credit,equifax,Cash Deposit | Delivery,cash_deposit,
v2,train,Trading 212,4DqeGrE9oA9 Trading Twoonetwo,70.0,debit,equifax,Investments and Trading | Trading,investment_trading,
v2,iter_eval,Age UK,AGE UK ROYTON,5.99,debit,equifax,,charity_shop,Small Age UK point-of-sale purchase is most consistent with a charity shop.
v2,train,Paypal,PayPal Paypal*PORTER JACK     Leicester     GBR,14.5,credit,equifax,Own Transfers | E-Commerce Payment System,transfer_p2p,PayPal credit identifies an individual counterparty.
v2,train,Royal Mail,Royal Mail ROYAL MAIL GROUP LTD   CHESTERFIELD  GBR,3.29,debit,equifax,Services | Delivery,delivery_courier,
v2,train,LOYALTY REWARD,MYREWARDS,5.13,credit,equifax,,cashback,
v2,train,Paypal,PAYPAL     21OCT23 PPWDL4DZJ222427TQ6 PPWD100000000K184I,82.0,credit,equifax,Transfers / Other | E-Commerce Payment System,transfer_own_account,PPWDL reference identifies a withdrawal from PayPal into the bank account.
v2,iter_eval,E.On,E.ON NEXT,58.0,debit,equifax,Utilities | Energy Providers,energy,
v2,train,Overpayments,HMRC NDDS,100.0,debit,equifax,,tax_payment,HMRC NDDS is a tax direct-debit payment.
v2,train,Sky,Sky SKY DIGITAL Sky Digital,89.0,debit,equifax,"Utilities | Internet, TV and Phone",broadband_tv_phone,
v2,train,Trip.com,UBER *TRIP  ON 09 NOV BCC UBR* PENDING.UBER.COM,11.51,debit,equifax,Flights and Holidays | Holidays,taxi_rideshare,
v2,train,Plum,Plum PLUM,2.0,debit,equifax,,savings_transfer,
v2,train,Co-op,2152 29APR25 CD   CO-OP GROUP 070296ECCLESALL ROA GB,8.45,debit,equifax,Shopping (Household Essentials) | General Groceries,groceries,
v2,iter_eval,Royal London Pensions,ROYAL LONDON,10.91,debit,equifax,,pension_contribution,
v2,train,Tesco Bank,TESCO BANK,304.39,debit,equifax,Rent and Mortgage | Mortgages,financial_institution_unspecified,Payment is to Tesco Bank but no mortgage or other product is identified.
v2,iter_eval,Child Benefits,HMRC CHILD BENEFIT  STARKOWKAMIL870629 BGC,43.3,credit,equifax,,benefits_state,
v2,train,Tesco Bank,TESCO BANK,296.09,debit,equifax,Rent and Mortgage | Mortgages,financial_institution_unspecified,Payment is to Tesco Bank but no mortgage or other product is identified.
v2,train,RSPCA,RSPCA SHEFFIELD BRSHEFFIELD,26.25,debit,equifax,,charitable_donation,
v2,iter_eval,W.H.Smith,WH Smith Northwick  ON 21 MAR CPM WH SMITH NORTHWICK P,2.89,debit,equifax,"Books, Newspapers and Magazines | General Books",books,
v2,train,DVLA,DVLA-SB57GUC 000000000061269121 FIRST DDR PAYMENT DDR,42.0,debit,equifax,Automotive | Road Tax,road_tax,
v2,train,Nike,"WLT 27, Nikepos_Uk",4.95,debit,equifax,Shopping (Fashion) | Sportswear,sportswear,
v2,train,Primark,Contactless Payment PRIMARK STORES LTD,14.5,debit,equifax,Shopping (Fashion) | General Fashion,clothing_general,
v2,train,Just Eat,2065 15JAN23      JUST EAT          LONDON GB,27.6,debit,equifax,Restaurants and takeaway | Take Away,takeaway,
v2,iter_eval,Save the Pennies,SAVE THE PENNIES ************2572,1.13,credit,equifax,,savings_transfer,
v2,train,Overpayments,CENT REC GROUP DD  ST409642C DDR DWP Debt Management,10.0,debit,equifax,,debt_collection,DWP Debt Management is collecting a benefit overpayment; it is not a consumer DMP provider.
v2,train,Trip.com,8841 19JUN25      UBER   *TRIP      HELP.UBER.COM GB,6.97,debit,equifax,Flights and Holidays | Holidays,taxi_rideshare,Narrative is an Uber trip; Trip.com merchant label is misleading.
v2,train,HMRC,3960217461A00105A Account HMRC Shipley,5149.44,debit,equifax,,tax_payment,
v2,train,Booker,SATHASIVAM N                             BOOKER,60.0,credit,equifax,Transfers / Other | Cash & Carry,transfer_p2p,"""Sathasivam N"" is an individual's personal name (Tamil first/last name). This is a personal peer-to-peer transfer from an individual with the payment reference ""BOOKER"". Commercial refunds from Booker Wholesale/Cash & Carry arrive via BACS under their official corporate entity name, not from an individual's personal bank account."
v2,train,Post Office,Cash Deposit at 45 Robert Street Pontypridd CF37 3DY GB Post Office Banking Services,150.0,credit,equifax,Cash Deposit | Delivery,cash_deposit,
v2,train,Coinbase,Coinbase COINBASE               London        GBR,20.0,debit,equifax,Investments and Trading | Cryptocurrency,crypto,
v2,train,The Range,THE RANGE CD 7731,14.78,debit,equifax,Shopping (Home) | Home Accessories,home_accessories,
v2,iter_eval,Aldi,ALDI STORES LTD,5.37,debit,equifax,Shopping (Household Essentials) | General Groceries,groceries,
v2,train,Monzo,Sent from Monzo Craig Greatrex,5.0,debit,equifax,Own Transfers | Bank Transfer,transfer_p2p,Named-person Monzo transfer.
v2,train,MetLife,METLIFE EUROPE,11.0,debit,equifax,,insurance_life,MetLife is primarily a life and protection insurer.
v2,iter_eval,Screwfix,4953 16SEP23 C    SCREWFIX DIR LTD  NORWICH B1680 GB,7.99,debit,equifax,Shopping (Home) | Tools,tools,
v2,train,Plum,To Plum,3.5,debit,equifax,,savings_transfer,
v2,train,Overpayments,Direct debit HMRC NDDS ************1697,328.16,debit,equifax,,tax_payment,
v2,train,AA,THE AA (BAXTERSTOR THE AA (BAXTERSTOREY),2.0,debit,equifax,Automotive | Breakdown Cover,restaurant_cafe,"BaxterStorey is a workplace caterer and the £2 charge is food spend, not AA breakdown cover."
v2,train,Lidl,Contactless Payment LIDL GB LONDON APPLEPAY 3240,1.38,debit,equifax,Shopping (Household Essentials) | General Groceries,groceries,
v2,train,MetLife,METLIFE EUROPE,20.0,debit,equifax,,insurance_life,
v2,train,DVLA,DVLA-LX06YLM,13.12,debit,equifax,Automotive | Road Tax,road_tax,
v2,train,Post Office,Cash Deposit at 1a Drakes Cross Parade Birmingham B47 5HD GB Post Office Banking Services,1000.0,credit,equifax,Cash Deposit | Delivery,cash_deposit,
v2,train,JD Sports,4608 21DEC23      JD SPORTS FASHION PLC               BURY GB,135.99,debit,equifax,Shopping (Fashion) | Sportswear,sportswear,
v2,train,Tenpin,TENPIN LTD - 160 CD 2832,18.0,debit,equifax,Entertainment | Days Out,days_out,
v2,train,Save The Change,SAVETHECHANGE-4464,1.98,debit,equifax,,savings_transfer,
v2,train,Trip.com,UBER *TRIP  ON 21 MAY BCC UBR* PENDING.UBER.COM,3.92,debit,equifax,Flights and Holidays | Holidays,taxi_rideshare,Narrative explicitly identifies an Uber trip.
v2,iter_eval,Google,Google GOOGLE *Google Storage 650-253-0000  USA,1.59,debit,equifax,Misc Card Spend | Foreign,web_services,
v2,iter_eval,Deliveroo,8206 15FEB24  D   DELIVEROO         LONDON GB,21.21,debit,equifax,Restaurants and takeaway | Take Away,takeaway,
v2,train,Cash App,Cash App Cash App               London        GBR,40.0,credit,equifax,Cash Deposit | Money Transfers,transfer_mobile_app,Cash App credit is a mobile-app transfer with no named counterparty.
v2,train,HMRC,Hmrc,2000.0,debit,equifax,,tax_payment,
v2,iter_eval,Animal Friends Insurance,Direct Debit - First Payment ANIMAL FRIENDS INS 070976 05342230,30.17,debit,equifax,Insurance | Pet Insurance,insurance_pet,
v2,iter_eval,Bet365,BET365,20.0,debit,equifax,Gambling and Betting | Betting,gambling_betting,
v2,iter_eval,Pets at Home,PETS AT HOME LIMIT PETS AT HOME LIMITED REC,17.0,debit,equifax,Pets | Pet Accessories,pet_supplies,
v2,train,Holiday Extras,8117 03OCT24      WWW.HOLIDAY       EXTRAS.COM-       HYTHE GB,91.27,debit,equifax,Flights and Holidays | Airport Parking,airport_parking,
v2,iter_eval,Bet365,Bet365 BET365                 GIBRALTAR     GBR,10.0,debit,equifax,Gambling and Betting | Betting,gambling_betting,
v2,train,Wilko.com,WILKO RETAIL LIMIT WILKO RETAIL LIMITED,12.33,debit,equifax,Shopping (Home) | Home Accessories,home_accessories,
v2,train,Paddy Power,PADDY POWER,20.0,debit,equifax,Gambling and Betting | Betting,gambling_betting,
v2,train,HMRC,HMRC SA,1082.49,credit,equifax,,tax_refund,
v2,iter_eval,Royal London Pensions,ROYAL LONDON,59.33,debit,equifax,,pension_contribution,
v2,train,ASDA,Visa credit ASDA GROCERIES ONLINE,0.2,credit,equifax,Refund | General Groceries,refund_received,Visa credit is explicitly an ASDA refund.
v2,train,Tenpin,TENPIN LTD - 210 Tenpin,5.6,debit,equifax,Entertainment | Days Out,days_out,
v2,train,Paypal,Discord PAYPAL *DISCORD        4029357733    USA,14.03,debit,equifax,Misc Card Spend | Foreign,online_services,
v2,train,Revolut,Revolut**3376*,15.0,debit,equifax,Transfers / Other | Bank Transfer,transfer_own_account,
v2,train,Capify,CV5FA3X Capify,407.08,debit,equifax,Financial Services | Business Loans,business_loan_repayment,
v2,train,Utilita,UTILITA ENERGY LIM  ON 01 AUG BCC,20.0,debit,equifax,Utilities | Energy Providers,energy,
v2,train,Prime,Amazon Prime*HJ3EV Amazon Prime*HJ3EV4KO4,8.99,debit,equifax,Amazon All | Amazon,streaming,
v2,train,State Pension,"BANK GIRO CREDIT REF PW420726C DWP SP, 000000002307543477",199.15,credit,equifax,,pension_received,
v2,train,MoonPay,Moonpay MoonPay 4354           Dublin        GBR,50.0,debit,equifax,Investments and Trading | Cryptocurrency,crypto,
v2,iter_eval,Royal London Pensions,ROYAL LONDON,22.0,debit,equifax,,pension_contribution,
v2,train,Iceland,ICELAND FOODS,93.86,debit,equifax,Shopping (Household Essentials) | General Groceries,groceries,
v2,train,Apple App Store,"APPLE.COM/BILL (VIA APPLE PAY), ON 27-02-2025",5.99,debit,equifax,Shopping (Discretionary) | Music and Downloads,software,
v2,train,LOYALTY REWARD,MYREWARDS,6.0,credit,equifax,,cashback,
v2,train,Vets Gen,PREMIER VET ALLIAN,17.75,debit,equifax,Pets | Pet Care,veterinary,
v2,train,Nest Pensions,"DIRECT DEBIT PAYMENT TO NEST CLIENT ACCOUN REF NEST00519623, MANDATE NO 0077",46.0,debit,equifax,,pension_contribution,
v2,train,Uber,Uber UBR* PENDING.UBER.COM  London        GBR,10.51,credit,equifax,Identified Salary | Taxis,refund_received,Credit on an Uber card descriptor is most consistent with a ride reversal/refund.
v2,iter_eval,W.H.Smith,WHSmith WH Smith Birmingham    Birmingham    GBR,13.64,debit,equifax,"Books, Newspapers and Magazines | General Books",books,
v2,train,HMRC,"STANDING ORDER VIA FASTER PAYMENT TO HMRC CUMBERNAULD REFERENCE 3323077877K , MANDATE NO 0102",25.0,debit,equifax,,tax_payment,
v2,iter_eval,W.H.Smith,WHSmith from Savings Pot WH Smith Chiswi        W4 5YA  LO    GBR,1.99,debit,equifax,"Books, Newspapers and Magazines | General Books",books,
v2,train,Co-op,7883 07NOV24 CD   QMC COOP          1159701384 GB,3.4,debit,equifax,Shopping (Household Essentials) | General Groceries,groceries,
v2,train,Save The Change,SAVETHECHANGE-8665,0.35,debit,equifax,,savings_transfer,
v2,train,Next,NEXT RETAIL LTD Next,25.0,debit,equifax,Shopping (Fashion) | General Fashion,clothing_general,"NEXT RETAIL LTD and fashion native category indicate clothing, not catalogue repayment."
v2,train,HMRC,HMRC SA  7198036318K00001 BGC,839.46,credit,equifax,,tax_refund,
v2,train,Paypal,PAYPAL            PPWDL5FZJ22232DGQ4FP 25/12/23 2124  PPWD100000000A3M8X,5.0,credit,equifax,Transfers / Other | E-Commerce Payment System,transfer_own_account,
v2,iter_eval,Packlink,PACKLINK,2.97,debit,equifax,Services | Delivery,delivery_courier,
v2,train,Apple App Store,Apple APPLE.COM/BILL         APPLE.COM/BIL IRL,0.99,debit,equifax,Shopping (Discretionary) | Music and Downloads,software,
v2,train,HMRC,To HMRC Cumbernauld,20000.0,debit,equifax,,tax_payment,
v2,train,DVLA,DVLA-CA68NAE,16.62,debit,equifax,Automotive | Road Tax,road_tax,
v2,iter_eval,PRA Group,PRA Group PRA GROUP              LONDON        GBR,132.0,debit,equifax,Financial Services | Debt Collection,debt_collection,
v2,train,Zopa,ZOPA BANK LIMITED,1250.0,credit,equifax,Identified Salary | Personal Loans,loan_disbursement,Large credit from Zopa is a loan payout.
v2,train,Just Eat,4817 03MAY25  D   JUST EAT          LONDON GB         REFUND,8.57,credit,equifax,Refund | Take Away,refund_received,Narrative explicitly states REFUND.
v2,train,Apple App Store,APPLE.COM/BILL IRELAND ON 11 NOV BCC Apple,10.99,debit,equifax,Shopping (Discretionary) | Music and Downloads,software,
v2,train,Marketplace,AMZNMktplace      amazon.co.uk,4.99,debit,equifax,Amazon All | Amazon,marketplace_amazon,
v2,iter_eval,Air Ambulance,CARD PAYMENT TO WALES AIR AMBULANCE ON 26-02-2025,1.0,debit,equifax,,charitable_donation,
v2,train,Apple App Store,Visa credit APPLE.COM/BILL,0.99,credit,equifax,Refund | Music and Downloads,refund_received,Visa credit has a refund native category.
v2,train,Allpay,6143 10JAN25      ALLPAY            *LINCOLNSHIRE H   BOSTON GB,35.0,debit,equifax,,rent,Narrative identifies Lincolnshire Housing via Allpay.
v2,train,State Pension,YP568632B DWP SP  ************5126 BGC,443.92,credit,equifax,,pension_received,
v2,train,Vets Gen,"Premier Vet Allian, MED00144016CHARL",18.5,debit,equifax,Pets | Pet Care,veterinary,
v2,train,Solana,Exchanged to SOL,10.0,debit,equifax,Investments and Trading | Cryptocurrency,crypto,
v2,train,Burton,ONLINE FOOD ORDER BURTON UPON T,13.34,debit,equifax,Shopping (Fashion) | Mens Fashion,takeaway,
v2,train,Tesco Fuel,Tesco Petrol TESCO PFS 3766         ST AUSTELL    GBR,75.48,debit,equifax,Commuting and travel | Fuel,fuel,
v2,train,Citylink,STGCOACH/CTYLINK  ON 28 JUL CLP,2.0,debit,equifax,Commuting and travel | Trains and Coaches,public_transport_rail_coach,
v2,train,Just Eat,JUST EAT.CO.UK LIM                    REFERENCE: ************2024,242.68,credit,equifax,Identified Salary | Take Away,salary_gig,Large credit from Just Eat with identified-salary native category is consistent with courier earnings.
v2,train,Hastings Direct,BC18019953 Hastings Insurance Services,166.04,debit,equifax,Insurance | Motor Insurance,insurance_motor,
v2,iter_eval,Roadchef,VMS ROADCHEF WHSMISTAFFORD,27.08,debit,equifax,"Restaurants and takeaway | Restaurants, Cafes and Bistros",convenience_store,
v2,train,Aviva,263672/14/002 Aviva,20.0,debit,equifax,Insurance | General Insurance,insurance_general,
v2,train,Overpayments,CENT REC GROUP DD INITIAL PAYMENT,19.75,debit,equifax,,debt_collection,Central Recovery Group initial payment is a debt-recovery payment.
v2,train,Trip.com,UBER *TRIP  ON 28 FEB BCC UBR* PENDING.UBER.COM,5.92,debit,equifax,Flights and Holidays | Holidays,taxi_rideshare,Narrative explicitly identifies an Uber trip.
v2,train,Zilch,ZILCH * CD 2800,17.49,debit,equifax,Financial Services | BNPL,bnpl,
v2,iter_eval,The Healthy Pet Club,HEALTHY PET CLUB  463/B0005267806 DDR Healthy Pet Club,18.99,debit,equifax,Pets | Pet Care,veterinary,"Healthy Pet Club is a preventative veterinary-care plan, not pet insurance."
v2,train,Apple App Store,CARD PAYMENT TO APPLE.COM/BILL ON 01-12-2022,4.49,debit,equifax,Shopping (Discretionary) | Music and Downloads,software,
v2,train,Selfridges,8015 03FEB25      ZILCH SELFRIDGES  MANCH             GB GB             REFUND,60.5,credit,equifax,Refund | Department Stores,refund_received,Narrative explicitly states REFUND.
v2,train,State Pension,YT140346D DWP  SP,469.52,credit,equifax,,pension_received,
v2,train,HMRC,HMRC GOV.UK SA    GLASGOW,1936.2,debit,equifax,,tax_payment,
v2,train,Uber,Uber * Pending Uber   *trip,4.98,debit,equifax,Commuting and travel | Taxis,taxi_rideshare,
v2,train,Resolvecall,RESOLVECALL LIMITE,6.0,debit,equifax,Financial Services | Debt Collection,debt_collection,
v2,iter_eval,Screwfix,SCREWFIX DIR LTD,16.99,debit,equifax,Shopping (Home) | Tools,tools,
v2,iter_eval,Universal Credit,"BANK GIRO CREDIT REF 200M40N34 DWP UC, ************2591",788.61,credit,equifax,,benefits_state,
v2,train,Nuffield Health,NUFFIELD HEALTH,61.0,debit,equifax,Personal Healthcare | Gyms And Health Clubs,gym_fitness,
v2,iter_eval,Pets at Home,Pets at Home PETS AT HOME LTD       CHESTERFIELD  GBR,7.0,debit,equifax,Pets | Pet Accessories,pet_supplies,
v2,iter_eval,Tesco,TESCO STORES 2358,32.5,debit,equifax,Shopping (Household Essentials) | General Groceries,groceries,
v2,train,Vets Gen,CX001840874 Animal Healthcare,15.0,debit,equifax,Pets | Pet Care,veterinary,
v2,iter_eval,W.H.Smith,"READING S/W WH SMITHS (VIA APPLE PAY), ON 01-12-2023",5.65,debit,equifax,"Books, Newspapers and Magazines | General Books",books,
v2,iter_eval,Halifax,HALIFAX,826.99,debit,equifax,Rent and Mortgage | Mortgages,mortgage,
v2,train,Monzo,R MARSHALL SENT FROM MONZO PZ719C61U4DDC4EUF3,250.0,credit,equifax,,transfer_p2p,Incoming Monzo transfer from a named person.
v2,iter_eval,Oxfam Shop,OXFAM GB,46.92,debit,equifax,,charity_shop,
v2,train,Starling Bank,Paid with Starling,40.0,credit,equifax,Financial Services | Banks And Building Societies,transfer_own_account,
v2,iter_eval,Amazon Services,AMAZON UK SERVICES  2617 00165995 BGC,400.18,credit,equifax,Identified Salary | Amazon,salary,
v2,iter_eval,Child Benefits,"BANK GIRO CREDIT REF HMRC CHILD BENEFIT, THWAITEGINA0991610",42.55,credit,equifax,,benefits_state,
v2,train,ASDA,ASDA STORES LIMITEASDA STORES PLC   FP 20/03/25 1900  MODULO00P210UU725E,500.28,credit,equifax,Identified Salary | General Groceries,salary,
v2,iter_eval,Pets at Home,Pets at Home PETS AT HOME LTD       BOLTON        GBR,9.49,debit,equifax,Pets | Pet Accessories,pet_supplies,
v2,train,Overpayments,DWP DEBT MANAGEMEN DWP DEBT MANAGEMENT,10.0,debit,equifax,,debt_collection,DWP Debt Management is collecting a benefit overpayment.
v2,iter_eval,Sunlife,SUNLIFE,10.0,debit,equifax,Insurance | Life Insurance,insurance_life,
v2,train,Monzo,Monzo-TDCYZ,42.45,credit,equifax,Transfers / Other | Bank Transfer,transfer_mobile_app,Incoming Monzo transfer with no named counterparty or proof of own-account ownership.
v2,iter_eval,Fidelity,FASTER PAYMENTS RECEIPT REF.WAGES FROM FIDELITY HEALTHCAR,287.0,credit,equifax,Identified Salary | Investments,salary,
v2,train,Greggs,Contactless Payment GREGGS APPLEPAY 0731,6.3,debit,equifax,"Restaurants and takeaway | Restaurants, Cafes and Bistros",restaurant_cafe,
v2,train,Royal Mail,ROYAL MAIL GROUP L,6484.88,debit,equifax,Services | Delivery,delivery_courier,
v2,train,Nest Pensions,Direct debit NEST CLIENT ACCOUN ************3157,47.0,debit,equifax,,pension_contribution,
v2,train,McDonalds,MCDONALDS 1646,3.19,debit,equifax,Restaurants and takeaway | Take Away,takeaway,
v2,iter_eval,W.H.Smith,WHSmith WELCOME BREAK WHS      SOUTH MIMMS   GBR,7.0,debit,equifax,"Books, Newspapers and Magazines | General Books",books,
v2,train,DVLA,"DIRECT DEBIT PAYMENT TO DVLA-OE57GNJ REF ************1406, MANDATE NO 0016",33.68,debit,equifax,Automotive | Road Tax,road_tax,
v2,train,Iceland,0653 08AUG24 CD   ICELAND           GILLINGHAM 2 GB,41.5,debit,equifax,Shopping (Household Essentials) | General Groceries,groceries,
v2,train,Sky,************0884 Sky Subscription,49.5,debit,equifax,"Utilities | Internet, TV and Phone",broadband_tv_phone,
v2,train,Trip.com,"UBER   *TRIP - Aldgate Tower First Floor, HELP.UBER.COM",17.92,debit,equifax,Flights and Holidays | Holidays,taxi_rideshare,Narrative explicitly identifies an Uber trip.
v2,train,LOYALTY REWARD,MYREWARDS,20.0,credit,equifax,,cashback,
v2,train,Parent Pay,PARENTPAY E-COM R,70.0,debit,equifax,Services | Childcare,school_fees,
v2,train,HMRC,To HMRC Cumbernauld,18590.86,debit,equifax,,tax_payment,
v2,iter_eval,Royal London Pensions,99292004 Royal London Mutual Ins Soc,44.69,debit,equifax,,pension_contribution,
v2,train,State Pension,"BANK GIRO CREDIT REF YW434241B DWP SP, 000000001886384808",414.94,credit,equifax,,pension_received,
v2,train,B & M,7695 24JAN25 C    B&M RETAIL LTD    DUNDEE GB         REFUND,20.97,credit,equifax,Refund | Home Accessories,refund_received,
v2,train,Revolut,LACEEYA CLAYTON   SENT FROM REVOLUT FP 05/06/24 1918  REV176114908271156,31.0,credit,equifax,Own Transfers | Bank Transfer,transfer_p2p,Incoming Revolut transfer from a named person.
v2,train,Post Office,Cash Deposit at 2 4 Gatton Road London SW17 0SQ GB Post Office Banking Services,100.0,credit,equifax,Cash Deposit | Delivery,cash_deposit,
v2,iter_eval,Squarespace,Squarespace 120204813 SQUARESPACE 120204813  +16465803456  USA,42.05,debit,equifax,Misc Card Spend | Foreign,web_services,
v2,train,Thorpe Park,ZILCH *      Thorp ZILCH *      Thorpe Park,11.72,debit,equifax,Entertainment | Days Out,days_out,
v2,iter_eval,Asda (Petrol),5101 11SEP23 C    ASDA STORES       /PETROL/          PUDSEY GB,9.69,debit,equifax,Commuting and travel | Fuel,fuel,
v2,iter_eval,Ring.com,RING MONTHLY PLAN  ON 22 FEB BCC,3.49,debit,equifax,Shopping (Home) | Home Accessories,home_accessories,
v2,train,HMRC,To HMRC Shipley,1071.6,debit,equifax,,tax_payment,
v2,train,ASDA,ASDA STORES Asda,6.2,debit,equifax,Shopping (Household Essentials) | General Groceries,groceries,
v2,train,Paypal,Visa credit PAYPAL*JAFFAR NAAFIAH 2024-08-16,29.0,credit,equifax,Transfers / Other | E-Commerce Payment System,transfer_p2p,PayPal credit identifies an individual counterparty.
v2,train,Crypto.com,"CRO (VIA APPLE PAY), ON 29-12-2024",31.93,debit,equifax,Investments and Trading | Cryptocurrency,crypto,
v2,train,The Gym Website,THE GYM LTD,20.99,debit,equifax,Personal Healthcare | Gyms And Health Clubs,gym_fitness,
v2,train,Disability Living Allowance,HN894798C DWP DLA,559.0,credit,equifax,,benefits_state,
v2,train,Byron Hamburgers,TRISTAR FOODS LIMI BYRON HAMBURGERS MODULO00P210J63XTA,21.91,credit,equifax,"Transfers / Other | Restaurants, Cafes and Bistros",refund_received,Credit from the Byron restaurant operator is most consistent with a refund.
v2,train,LOYALTY REWARD,MYREWARDS,16.19,credit,equifax,,cashback,
v2,train,Octopus Energy,Visa purchase OCTOPUS ENERGY LTD APPLEPAY 6751,10.0,debit,equifax,Utilities | Energy Providers,energy,
v2,train,True Potential,TRUE POTENTIAL INV  394209 DDR,25.0,debit,equifax,Investments and Trading | Investments,investment_general,
v2,iter_eval,Pastdue Credit Solutions,PASTDUE CREDIT SOL                    REFERENCE: 29722564ID3973,268.33,debit,equifax,Financial Services | Debt Collection,debt_collection,
v2,iter_eval,Big Yellow Self Storage,BIG YELLOW SELF STORAGE COMPANY A LIMITE Big Yellow Self Storage Company A Limite,2299.96,debit,equifax,Services | Storage,storage,
v2,train,Post Office,Cash Deposit at The Precinct Warwick CV34 5SR GB Post Office Banking Services,1000.0,credit,equifax,Cash Deposit | Delivery,cash_deposit,
v2,train,HMRC,"RIB, Hmrc Cumbernauld, 8393427493A00110A",2262.67,debit,equifax,,tax_payment,
v2,iter_eval,Plus500,7456 03MAR25  D   PLUS500           LONDON GB,244.0,debit,equifax,Investments and Trading | Trading,investment_trading,
v2,train,HMRC,HMRC SELF ASSESSME,5.2,debit,equifax,,tax_payment,
v2,iter_eval,Pets at Home,PETS AT HOME      DERBY,44.2,debit,equifax,Pets | Pet Accessories,pet_supplies,
v2,iter_eval,Santander Mortgages,Direct debit SANTANDER MORTGAGE ************7437,2279.51,debit,equifax,Rent and Mortgage | Mortgages,mortgage,
v2,train,The Works,THE WORKS,35.0,debit,equifax,"Books, Newspapers and Magazines | General Books",books,
v2,iter_eval,FoodHub,FoodHub,16.24,debit,equifax,Restaurants and takeaway | Take Away,takeaway,
v2,train,Co-op,CO OP GROUP FOOD Co-op Food,2.0,debit,equifax,Shopping (Household Essentials) | General Groceries,groceries,
v2,iter_eval,Emirates,Crv*emiratescom Dubai Crv*emirates.com Dubai,115.39,debit,equifax,Flights and Holidays | Flights,flights,
v2,train,Cash App,Cash App w5ht5stm Bethan,20.0,credit,equifax,Cash Deposit | Money Transfers,transfer_p2p,
v2,train,Revolut,Sent from Revolut,100.0,credit,equifax,Transfers / Other | Bank Transfer,transfer_own_account,
v2,train,Grosvenor Casinos,GROSVENOR,30.0,debit,equifax,Gambling and Betting | Poker and Casino Games,gambling_casino,
v2,train,Dunelm,Dunelm,33.95,debit,equifax,Shopping (Home) | Home Accessories,home_accessories,
v2,train,Footasylum,0639 28SEP24      KLARNA*FOOTASYLUM LI                LONDON GB,44.79,debit,equifax,Shopping (Fashion) | Footwear,footwear,Footasylum is the clear underlying footwear merchant despite Klarna routing.
v2,train,Marketplace,Amazon AMZNMktplace           amazon.co.uk  GBR,8.99,debit,equifax,Amazon All | Amazon,marketplace_amazon,
v2,train,Papa Johns,PAPA JOHNS CATFORD  ON 09 SEP CLP,9.8,debit,equifax,Restaurants and takeaway | Take Away,takeaway,
v2,train,Play.com,GOOGLE Google Play GOOGLE Google Play Apps,0.89,debit,equifax,Shopping (Discretionary) | TV and Online Shopping,software,
v2,train,Hilton,DoubleTree by Hilton DOUBLETREE BY HILTON O ORLANDO       USA,17.05,debit,equifax,Misc Card Spend | Foreign,accommodation,
v2,train,ASDA,ASDA GROCERIES ONL  ON 25 AUG BCC,10.56,credit,equifax,Transfers / Other | General Groceries,refund_received,Credit from ASDA Groceries is most consistent with a refund.
v2,iter_eval,Santander Mortgages,SANTANDER MORTGAGE,600.12,debit,equifax,Rent and Mortgage | Mortgages,mortgage,
v2,train,GiffGaff.com,giffgaff,10.0,debit,equifax,Utilities | Mobile Phone Contracts,mobile_phone_contract,
v2,iter_eval,Domestic and General,D&G APPLIANCE CARE,14.75,debit,equifax,Insurance | General Insurance,insurance_general,
v2,train,DVSA,DVSA CD 5715,62.0,debit,equifax,Education and Learning | Driving Tuition,driving_tuition,£62 DVSA charge matches a driving-test payment; driving_tuition is the closest valid leaf.
v2,train,The Gym Website,The Gym Group NYX*TheGymGroup        Damhead       GBR,1.9,debit,equifax,Personal Healthcare | Gyms And Health Clubs,gym_fitness,
v2,train,B&Q (diy.com),B AND Q  ON 29 JUN CPM B&Q,79.0,debit,equifax,Shopping (Home) | Home Improvements,home_improvement,
v2,train,B & M,Contactless Payment B&M RETAIL APPLEPAY 3884,14.66,debit,equifax,Shopping (Home) | Home Accessories,discount_store,
v2,train,Octopus Energy,Visa credit OCTOPUS ENERGY LTD 6751,5.0,credit,equifax,Refund | Energy Providers,refund_received,Visa credit from Octopus Energy has a refund native category.
v2,train,Pure Gym,PURE GYM LTD  ************0023 DDR Pure Gym,20.99,debit,equifax,Personal Healthcare | Gyms And Health Clubs,gym_fitness,
v2,iter_eval,Jet2Holidays,4786 27JUN23      J2HOL WEB LLOYDS  JET2HOLIDAYS GB,389.0,debit,equifax,Flights and Holidays | Holidays,holiday_package,
v2,train,Co-op,CO OP WELCOME BEMB  ON 31 JAN CLP CO OP WELCOME BEMBRIDG,6.38,debit,equifax,Shopping (Household Essentials) | General Groceries,groceries,
v2,train,Primark,Visa purchase PRIMARK STORES LTD,174.5,debit,equifax,Shopping (Fashion) | General Fashion,clothing_general,
v2,train,Allpay,3440 20OCT23      ALLPAY *LONDON ANDQUA               SIDCUP GB,1024.23,debit,equifax,,rent,Allpay housing-payment pattern; recipient name is truncated.
v2,train,ASDA,Visa credit ASDA GROCERIES ONLINE,7.5,credit,equifax,Refund | General Groceries,refund_received,Visa credit is explicitly an ASDA refund.
v2,iter_eval,Medivet,CARD PAYMENT TO MEDIVET-SYSTON ON 21-09-2023,220.52,debit,equifax,Pets | Pet Care,veterinary,
v2,train,Help to Buy,"DIRECT DEBIT PAYMENT TO HELP TO BUY REF 780866, MANDATE NO 0112",150.29,debit,equifax,Rent and Mortgage | Mortgages,mortgage,
v2,train,Scotrail,ScotRail SCOTRAIL               LONDON        GBR,8.4,debit,equifax,Commuting and travel | Trains and Coaches,public_transport_rail_coach,
v2,iter_eval,Royal London Pensions,ROYAL LONDON,19.98,debit,equifax,,pension_contribution,
v2,train,Blakely Clothing,Blakely Clothing Blakely Clothing Co Li Melton Consta GBR,136.1,debit,equifax,Shopping (Fashion) | General Fashion,clothing_general,
v2,train,William Hill,WILLIAMHILL*INTERN WILLIAMHILL*INTERNET,10.0,debit,equifax,Gambling and Betting | Betting,gambling_betting,
v2,train,B & M,B&M B&M RETAIL LTD         CORBY         GBR,18.49,debit,equifax,Shopping (Home) | Home Accessories,discount_store,
v2,train,First Response Finance,FIRST RESPONSE FIN,66.64,debit,equifax,Financial Services | Car Finance,car_finance_repayment,
v2,iter_eval,Universal Credit,20063730E DWP UC,1076.18,credit,equifax,,benefits_state,
v2,train,Uber,Uber UBR* PENDING.UBER.COM  London        GBR,1.92,credit,equifax,Identified Salary | Taxis,refund_received,Small credit on an Uber card descriptor is most consistent with a ride reversal/refund.
v2,train,Clearpay,1020 16FEB24      CLEARPAY          MANCHESTER GB,0.62,debit,equifax,Financial Services | BNPL,bnpl,
v2,train,Apple App Store,APPLE.COM/BILL,2.99,debit,equifax,Shopping (Discretionary) | Music and Downloads,software,
v2,train,Revolut,RODRIGO MESQUITA  SENT FROM REVOLUT FP 02/09/24 1636  REV************6299,10.0,credit,equifax,Own Transfers | Bank Transfer,transfer_p2p,Incoming Revolut transfer from a named person.
v2,train,Namesco,NAMESCO,16.79,debit,equifax,Services | Web Services,web_services,
v2,train,Vets Gen,Visa purchase INGLIS VETS HOSPITAL,154.62,debit,equifax,Pets | Pet Care,veterinary,
v2,train,Uber,Uber UBER   * PENDING       London        GBR,5.91,credit,equifax,Identified Salary | Taxis,refund_received,Small credit on an Uber card descriptor is most consistent with a ride reversal/refund.
v2,train,Social Security Scotland,Bank credit PH057978C SSS SCP 607080 10030379,100.0,credit,equifax,,benefits_state,
v2,train,JD Sports,1620 07APR25  D   JD SPORTS FASHION PLC               BURY GB           REFUND,22.5,credit,equifax,Refund | Sportswear,refund_received,Narrative explicitly states REFUND.
v2,train,Pure Gym,PureGym NYX*PureGym            Leeds         GBR,1.9,debit,equifax,Personal Healthcare | Gyms And Health Clubs,gym_fitness,
v2,iter_eval,Cheltenham & Gloucester,"Saba Uk-c&g, Watford, hert, 20028.26 null UNITED KINGDOM Saba UK-C&G",2.0,debit,equifax,Rent and Mortgage | Mortgages,car_parking,Saba UK is a parking operator; mortgage classification came from a misleading merchant label.
v2,iter_eval,Universal Credit,203566565 DWP UC  000000001947269312 BGC,1964.26,credit,equifax,,benefits_state,
v2,train,State Pension,YW575662B DWP  SP,834.24,credit,equifax,,pension_received,
v2,train,David Lloyd Leisure,David Lloyd Leisur  ON 13 NOV BCC David Lloyd Leisure,6.5,debit,equifax,Personal Healthcare | Gyms And Health Clubs,gym_fitness,
v2,train,State Pension,ZW943346C DWP  SP,295.75,credit,equifax,,pension_received,
v2,train,Apple App Store,APPLE.COM/BILL,5.99,debit,equifax,Shopping (Discretionary) | Music and Downloads,software,
v2,train,Uber,Ubr* Pending.uber.com Uber   *trip,0.56,debit,equifax,Commuting and travel | Taxis,taxi_rideshare,
v2,train,Sainsbury's,SAINSBURYS S/MKTS  ON 10 OCT CLP Sainsbury's,2.9,debit,equifax,Shopping (Household Essentials) | General Groceries,groceries,
v2,iter_eval,Royal Voluntary Service,RVS Hosp Shop Cafe Royal Voluntary Servic,7.19,debit,equifax,,restaurant_cafe,Narrative identifies a hospital shop café operated by Royal Voluntary Service.
v2,train,Revolut,Revolut**5774*    London,100.0,debit,equifax,Transfers / Other | Bank Transfer,transfer_own_account,
v2,train,State Pension,ZY926808B DWP  SP,227.73,credit,equifax,,pension_received,
v2,train,HMRC,HMRC SA,3235.52,credit,equifax,,tax_refund,
v2,train,Double Bubble Bingo,DOUBLEBUBBLEBINGO  ON 30 NOV CPM,10.0,debit,equifax,Gambling and Betting | Bingo,gambling_bingo,
v2,train,Dunelm,Dunelm Soft Furnishin,12.0,debit,equifax,Shopping (Home) | Home Accessories,home_accessories,
v2,train,Zilch,CARD PAYMENT TO ZILCH. ON 26-12-2022,6.4,debit,equifax,Financial Services | BNPL,bnpl,
v2,train,HMRC,HMRC SELF ASSESSME PI************48546688K 083210     10 26JUL24 13:43,2119.25,debit,equifax,,tax_payment,
v2,train,HMRC,HMRC SA,2989.6,credit,equifax,,tax_refund,
v2,iter_eval,Castle Vending,9730 28APR24 C    CASTLE VENDING    ARMAGH GB,1.0,debit,equifax,Shopping (Discretionary) | Confectionary,confectionary,
v2,train,Plum,Plum Fintech      PZnQdhf8STCWMpDwea,28.0,debit,equifax,,savings_transfer,
v2,train,Sky Bet,CARD PAYMENT TO SKY BET ON 31-08-2023,10.0,debit,equifax,Gambling and Betting | Betting,gambling_betting,
v2,train,Allpay,Visa purchase ALLPAY *PLUS DANE - CDS H,540.02,debit,equifax,,rent,Allpay narrative names Plus Dane Housing.
v2,train,Overpayments,DWP Central Recovery CENT REC GROUP DD Cent Rec Group Dd,16.94,debit,equifax,,debt_collection,DWP Central Recovery is collecting a benefit overpayment.
v2,train,Marketplace,Amazon AMZNMktplace           amazon.co.uk  GBR,23.88,debit,equifax,Amazon All | Amazon,marketplace_amazon,
v2,train,1st Central,1st Central Insurance 1STCENTRALINSURANC     HAYWARDS HEAT GBR,21.0,debit,equifax,Insurance | Motor Insurance,insurance_motor,
v2,iter_eval,Scottish Prison Service,153250 11/07/1996 Scottish Prison Service,20.0,debit,equifax,Services | Government Services,government_services,
v2,train,TFL Congestion Charge,TFL CONGESTN CHRGE,90.0,debit,equifax,Automotive | Tolls and Crossings,tolls,
v2,train,Post Office,Cash Deposit at Well End Wisbech PE14 0HG GB Post Office Banking Services,120.0,credit,equifax,Cash Deposit | Delivery,cash_deposit,
v2,train,Paypal,Apexhosting PAYPAL *APEXHOSTING    4029357733    USA,13.27,debit,equifax,Misc Card Spend | Foreign,web_services,Apex Hosting is the identifiable underlying web-hosting provider; PayPal is only the intermediary.
v2,train,Parent Pay,PARENTPAY E-COM R  ON 10 JUN BCC,8.57,debit,equifax,Services | Childcare,school_fees,
v2,iter_eval,Santeda International Limited,SANTEDA INTL.,30.0,debit,equifax,Gambling and Betting | Poker and Casino Games,gambling_casino,
v2,train,Cd Modvet,9184 30AUG25 CD   MODVET LIMITED    FLEET GB,10,debit,plaid,PET_CARE_AND_SUPPLIES_VETERINARY_SERVICES,veterinary,
v2,train,Jysk Limited,Jysk Limited,18.49,debit,plaid,GENERAL_MERCHANDISE_APPAREL_AND_ACCESSORIES,home_accessories,
v2,train,Zen Internet Limit,ZEN INTERNET LIMIT 600000001603273083,50,debit,plaid,BANK_FEES_OTHER_BANK_FEES,broadband_tv_phone,
v2,train,Revolut,CHLOE GRAY        SENT FROM REVOLUT FP 11/10/25 1409  REV601881894795798,-20,credit,plaid,TRANSFER_IN_OTHER,transfer_p2p,
v2,train,Hpi Instant Ink Uk,HPI INSTANT INK UK,4.49,debit,plaid,GOVERNMENTS_AND_NON_PROFIT_OTHER_GOVERNMENTS_AND_NON_PROFIT,printing_supplies,
v2,train,Spotify,2318 01JUN25      SPOTIFY           LONDON GB,19.99,debit,plaid,ENTERTAINMENT_MUSIC_VIDEO_GAMES_TV_AND_MOVIES,streaming,
v2,train,Uber,CREDIT FROM UBER *EATS ON 21-08-2025,-8.65,credit,plaid,TRANSFER_IN_CHECKS_AND_ATM,refund_received,Credit from Uber Eats is most consistent with a refund.
v2,train,C Pak Cosmetic Centr,9162 03JUL25 C    PAK COSMETIC CENTRLONDON GB,8.99,debit,plaid,PERSONAL_CARE_HAIR_AND_BEAUTY,health_beauty_general,
v2,iter_eval,Tesco,TESCO DALKEITH           DALKEITH     GB2025-09-28,100,debit,plaid,TRANSFER_OUT_CHECKS_AND_ATM,groceries,
v2,train,Medicare Pharmacy,MEDICARE PHARMACY 23 )))),2.09,debit,plaid,MEDICAL_PHARMACIES_AND_SUPPLEMENTS,pharmacy,
v2,train,Revolut,Sent from Revolut ishaq mohammed,-10,credit,plaid,TRANSFER_IN_TRANSFER_IN_FROM_APPS,transfer_p2p,
v2,iter_eval,Runners for Public Lands,Runners,9.69,debit,plaid,GOVERNMENTS_AND_NON_PROFIT_OTHER_GOVERNMENTS_AND_NON_PROFIT,charitable_donation,
v2,train,Enthuse,4254 05SEP25      ENTHUSE - DONATIONLONDON GB,10,debit,plaid,GOVERNMENTS_AND_NON_PROFIT_DONATIONS,charitable_donation,
v2,train,Lowtownstore Limited,LOWTOWNSTORE LIMIT,5.77,debit,plaid,INTEREST_PAYMENTS_INTEREST_CHARGED,convenience_store,Lowtownstore is a retail merchant; native interest category is spurious.
v2,iter_eval,Cd Wh Smith Black Pool Vic,1318 10OCT25 CD   WH SMITH BLACKPOOLVIC               BLACKPOOL GB,2.78,debit,plaid,GENERAL_SERVICES_HOME_IMPROVEMENT_SERVICES,books,
v2,iter_eval,Companion Care Vets,4084 20AUG25 C    COMPANION CARE VETSUR               HUDDERSFIELD GB,10.23,debit,plaid,PET_CARE_AND_SUPPLIES_PET_SUPPLIES,veterinary,
v2,iter_eval,BoilerJuice,BoilerJuice,-121.9,credit,plaid,RENT_AND_UTILITIES_OTHER_UTILITIES,refund_received,Credit from BoilerJuice is most consistent with a heating-oil order refund.
v2,iter_eval,Ecuadorian Crafts,Ecuadorian Crafts,18,debit,plaid,GENERAL_MERCHANDISE_OTHER_GENERAL_MERCHANDISE,arts_crafts,
v2,iter_eval,Barclaycard,MISS MAXINE CASSID  XXXXXXXXXXXX8001 BBP Barclaycard,9,debit,plaid,LOAN_PAYMENTS_CREDIT_CARD_PAYMENT,credit_card_repayment,
v2,train,Vodafone,Vodafone pot transfer,-30,credit,plaid,TRANSFER_IN_SAVINGS,savings_transfer,Narrative explicitly says pot transfer.
v2,train,D Coles,D COLES 309997 47694360,40,debit,plaid,GENERAL_MERCHANDISE_SUPERSTORES,transfer_p2p,Narrative contains sort code/account number and an individual name.
v2,train,Farmer Autocare Musselbu,FARMER AUTOCARE MU,191.95,debit,plaid,TRAVEL_AND_TRANSPORTATION_AUTOMOTIVE,vehicle_maintenance,Garage payment lacks enough detail to distinguish servicing from other maintenance.
v2,train,Frontrow Entertainment Nicosia,FRONTROW ENTERTAINMENT Frontrow Entertainment Nicosia,11.1,debit,plaid,ENTERTAINMENT_EVENTS_AND_TICKETS,pub_bar,Frontrow Entertainment operates a Nicosia bar/restaurant business; gambling evidence is absent.
v2,iter_eval,Nest Client,Returned direct debit NEST CLIENT ACCOUN 070806 30658407,-74,credit,plaid,GENERAL_SERVICES_RELIGIOUS_SERVICES,returned_payment,Narrative explicitly says Returned direct debit.
v2,train,YouLend,To Youlend - 6SMED87,18.51,debit,plaid,LOAN_PAYMENTS_CASH_ADVANCES,business_loan_repayment,YouLend provides merchant/business finance.
v2,iter_eval,Madison F Kenndy Loan,MADISON F KENNDY  LOAN FT,0.05,debit,plaid,LOAN_PAYMENTS_PERSONAL_LOAN_PAYMENT,loan_repayment_manual,
v2,train,Tina Clark,Payment to TINA CLARK 040003 50901980,24,debit,plaid,DINING_WINE_BARS_AND_PUBS,transfer_p2p,Bank payment to a named individual.
v2,iter_eval,Nintendo,Nintendo,3.49,debit,plaid,ENTERTAINMENT_MUSIC_VIDEO_GAMES_TV_AND_MOVIES,gaming_console_pc,
v2,iter_eval,J&f Consulting LTD,United Kingdom Account - Tn - Frank T J&F Consulting Ltd - SortCodeAccountNumber: 60837141492497,3562.5,debit,plaid,GENERAL_SERVICES_CONSULTING_AND_LEGAL_SERVICES,business_services,J&F Consulting is identifiable as consultancy; no evidence indicates legal work.
v2,train,Tickets.gwr,tickets.gwr.com,12,debit,plaid,ENTERTAINMENT_EVENTS_AND_TICKETS,public_transport_rail_coach,tickets.gwr is a Great Western Railway ticket purchase.
v2,train,Council Tax,REVERSAL OF 28-07 COUNCIL TAX,-15,credit,plaid,TAX_REFUND_TAX_REFUND,returned_payment,Narrative explicitly says REVERSAL of council-tax payment.
v2,iter_eval,Pretty Little Thing,Pretty Little Thing,17.5,debit,plaid,GENERAL_MERCHANDISE_APPAREL_AND_ACCESSORIES,clothing_womens,PrettyLittleThing is a women's fashion retailer.
v2,iter_eval,British Heart Founlondon,BRITISH HEART FOUNLONDON,5.5,debit,plaid,GENERAL_MERCHANDISE_APPAREL_AND_ACCESSORIES,charity_shop,
v2,train,Five Bites,Five bites,11.99,debit,plaid,FOOD_RETAIL_OTHER,takeaway,Five Bites appears to be a food takeaway; the narrative does not indicate table service.
v2,iter_eval,Mnv Trade LTD,Mnv Trade LTD,20,debit,plaid,TRANSFER_OUT_INVESTMENT_AND_RETIREMENT_FUNDS,unclassified_other,Merchant could not be resolved confidently; investment native category is insufficient to distinguish the transaction.
v2,train,Durham County Council,01      330548961X Durham County Council,227,debit,plaid,GOVERNMENTS_AND_NON_PROFIT_GOVERNMENTS_AND_NON_PROFIT,council_tax,
v2,train,United Kingdom,United Kingdom Account - Kerry Higson Kelly Heath - SortCodeAccountNumber: 60021380944213,8,debit,plaid,GENERAL_SERVICES_RELIGIOUS_SERVICES,transfer_p2p,Narrative contains named individuals and bank details.
v2,iter_eval,Audleys Wood,Audleys Wood Hotel ,5.5,debit,plaid,TRAVEL_AND_TRANSPORTATION_LODGING,accommodation,
v2,iter_eval,D R Mills Car Insurance,D R MILLS         CAR INSURANCE,53,debit,plaid,INSURANCE_AND_TAX_INSURANCE,insurance_motor,
v2,train,Bermuda Club,Bermuda Club,6,debit,plaid,TRAVEL_AND_TRANSPORTATION_LODGING,private_members_club,The Bermuda Club is a social/leisure club; the small payment is club spend rather than lodging.
v2,train,U.S. Post Office,POST OFFICE 105 HIGH STREET 10SEP 08.16 ATM,-10,credit,plaid,TRANSFER_IN_CHECKS_AND_ATM,cash_deposit,
v2,train,Revolut,BENJAMIN JENKS    SENT FROM REVOLUT FP 28/06/25 1740  REV511288021827622,-132,credit,plaid,TRANSFER_IN_OTHER,transfer_p2p,Credit at a Post Office ATM. cash_withdrawal is money out; this is cash_deposit.
v2,iter_eval,Screwfix,SCREWFIX DIR LTD,7.39,debit,plaid,GENERAL_MERCHANDISE_FURNITURE_AND_HARDWARE,tools,
v2,iter_eval,Uber Eats,UBER * EATS PENDIN  ON 05 SEP CPM UBER   * EATS PENDING,25.65,debit,plaid,DINING_DINING,takeaway,
v2,train,Monzo,MONZO             Overdraft,190.46,debit,plaid,BANK_PENALTIES_CASH_ADVANCE_AND_OVERDRAFT_FEES,overdraft_arranged,
v2,iter_eval,James Paget Hospital,JAMES PAGET HOSPIT  ON 08 AUG CPM JAMES PAGET HOSPITAL,3,debit,plaid,MEDICAL_PRIMARY_CARE,hospital,
v2,train,Hmrc,HMRC TAX CREDIT RE  3741232887K STO,77,debit,plaid,INSURANCE_AND_TAX_TAX_PAYMENT,tax_payment,
v2,train,The Oaks Hotel,The Oaks Hotel,5.7,debit,plaid,TRAVEL_AND_TRANSPORTATION_LODGING,accommodation,
v2,iter_eval,Animal Health Care,ANIMAL HEALTH CARE,18.99,debit,plaid,PET_CARE_AND_SUPPLIES_VETERINARY_SERVICES,veterinary,
v2,iter_eval,Patricia Robinson,United Kingdom Account - Rent Patricia Robinson - SortCodeAccountNumber: 77010427581568,50,debit,plaid,RENT_AND_UTILITIES_RENT,rent,
v2,train,Milan Kroscen,Payment to MILAN KROSCEN 040003 71151836,0.45,debit,plaid,LOAN_PAYMENTS_PERSONAL_LOAN_PAYMENT,transfer_p2p,Payment to a named individual.
v2,train,British Gas,BRITISH GAS,10,debit,plaid,RENT_AND_UTILITIES_GAS_AND_ELECTRICITY,energy,
v2,iter_eval,Bet365,BET365  ON 12 AUG BCC bet365,7,debit,plaid,ENTERTAINMENT_CASINOS_AND_GAMBLING,gambling_betting,
v2,train,YouLend,YOULEND  PWBX2RV DDR,12,debit,plaid,LOAN_PAYMENTS_CASH_ADVANCES,business_loan_repayment,YouLend provides merchant/business finance.
v2,train,Prime Video Rent Buy,Prime Video Rent /,3.49,debit,plaid,RENT_AND_UTILITIES_RENT,streaming,
v2,train,Savers Health & Be,SAVERS HEALTH & BE  ON 17 JUL CPM,15.04,debit,plaid,MEDICAL_PHARMACIES_AND_SUPPLEMENTS,health_beauty_general,"Savers is AS Watson discount health-and-beauty, not a pharmacy-led chemist. pharmacy is Boots/Superdrug."
v2,iter_eval,Matthew Gay,MATTHEW GAY 300000001615235413,1800,debit,plaid,DINING_WINE_BARS_AND_PUBS,transfer_p2p,Payment to a named individual; native pub category is unsupported.
v2,train,U.S. Post Office,LNK POST OFFICE,20,debit,plaid,TRANSFER_OUT_CHECKS_AND_ATM,cash_withdrawal,
v2,train,Revolut,Revolut**9566*  ON 16 AUG BCC REVOLUT**9566*,50,debit,plaid,TRANSFER_OUT_TRANSFER_OUT_FROM_APPS,transfer_own_account,
v2,train,Monzo,Monzo Plus cashback,-0.37,credit,plaid,LOAN_DISBURSEMENTS_CASH_ADVANCES,cashback,
v2,iter_eval,TV LICENSING,TV LICENCE MBP 2769698723,15,debit,plaid,ENTERTAINMENT_OTHER_ENTERTAINMENT,tv_licence,
v2,train,Zilch,Zilch,-2.15,credit,plaid,LOAN_DISBURSEMENTS_OTHER,bnpl,
v2,train,Sports Direct,Sports Direct,78,debit,plaid,GENERAL_MERCHANDISE_SPORTING_GOODS,sportswear,
v2,iter_eval,Bizlend LTD,BIZLEND LTD GBP AC BIZLEND3421,214.92,debit,plaid,LOAN_PAYMENTS_CASH_ADVANCES,business_loan_repayment,Bizlend is a business lender.
v2,iter_eval,Lavazza,CARD PAYMENT TO LAVAZZA PROFESSIONAL U ON 15-08-2025,1.4,debit,plaid,DINING_COFFEE,restaurant_cafe,
v2,train,Rcn,RCN  0000238960-0040725 DDR,16.4,debit,plaid,RENT_AND_UTILITIES_INTERNET_AND_CABLE,trade_union,RCN is the Royal College of Nursing professional body and trade union.
v2,train,Coinbase,"COINBASE   03AUG25 RTL-P2QLCXML 6a5f877d6e664bc2a8 RTL-P2QLCXML,6a5f877d6e664bc2a8",-135.88,credit,plaid,TRANSFER_IN_INVESTMENT_AND_RETIREMENT_FUNDS,crypto,
v2,iter_eval,Ck Sempol Padel,CK SEMPOL PADEL INDONESIA AMOUNT IN IDR 21500.00 ON 11 AUG VISA 21870.830873 FINAL GBP AMOUNT INCLUDES NON-STERLING TRANS FEE £0.03 ,1.01,debit,plaid,TRANSFER_OUT_CHECKING,sports_participation,
v2,train,Finmo Tax,Finmo Tax,20,debit,plaid,INSURANCE_AND_TAX_TAX_PAYMENT,accountancy,
v2,train,Zilch,ZILCH * MORECO  ON 30 JUL BCC ZILCH *      MORECO,-23.34,credit,plaid,LOAN_DISBURSEMENTS_STUDENT,refund_received,Credit from Zilch naming an underlying merchant is most consistent with a BNPL purchase refund.
v2,train,Zilch,202923 33570819  ZILCH MAMA PAYMENT FT,-342.12,credit,plaid,INCOME_GOVERNMENT_INCOME,refund_received,Large Zilch credit is most consistent with returned purchase funds; exact underlying item is unclear.
v2,train,Revolut,LAURENTA DUMITRU  SENT FROM REVOLUT FP 05/09/25 1811  REV570922845871298,-5,credit,plaid,TRANSFER_IN_OTHER,transfer_p2p,Incoming Revolut transfer from a named person.
v2,train,Ideal Flooring,IDEAL FLOORING 600000001614644226,70,debit,plaid,GENERAL_SERVICES_HOME_IMPROVEMENT_SERVICES,home_improvement,
v2,train,Decorum Vending,DECORUM VENDING PAYTER Decorum Vending Payter,1.5,debit,plaid,FOOD_RETAIL_OTHER,confectionary,Small vending-machine purchase; no evidence the item was specifically confectionery.
v2,train,Spotify,Spotify pot transfer,-11.99,credit,plaid,TRANSFER_IN_SAVINGS,savings_transfer,Narrative explicitly says Spotify pot transfer; merchant label is misleading.
v2,iter_eval,J Nainu,J NAINU 100000001632000301,35,debit,plaid,TRANSFER_OUT_INVESTMENT_AND_RETIREMENT_FUNDS,transfer_p2p,Payment to a named individual.
v2,train,Taxirahman,Contactless Payment RAHMAN TRA* TAXIRAHMAN,8.6,debit,plaid,INSURANCE_AND_TAX_TAX_PAYMENT,taxi_rideshare,
v2,train,Asda,8254 09JUL25 CD   ASDA SUPERSTORE   HARTLEPOOL GB,6.75,debit,plaid,FOOD_RETAIL_GROCERIES,groceries,
v2,iter_eval,Nintendo,Nintendo CA1444091,3.99,debit,plaid,ENTERTAINMENT_MUSIC_VIDEO_GAMES_TV_AND_MOVIES,gaming_console_pc,
v2,train,CeX,CEX CeX,82,debit,plaid,GENERAL_MERCHANDISE_COMPUTERS_AND_ELECTRONICS,computing_devices,
v2,iter_eval,AAA Membership,Direct debit AA MEMBERSHIP 200526 33924904,29.97,debit,plaid,TRAVEL_AND_TRANSPORTATION_AUTOMOTIVE,breakdown_cover,
v2,iter_eval,Espress Organi,Zettle_*ESPRESS ORGANI Espress Organi,2.5,debit,plaid,DINING_COFFEE,restaurant_cafe,
v2,train,Uber,"UBER BV    22JUN25 XP2471077642899223 XP2471077642899223,",-187.34,credit,plaid,INCOME_OTHER,salary_gig,Large Uber credit with income native category is consistent with driver earnings.
v2,train,Revolut,To Kieran Mcgriele - Sent from Revolut - SortCodeAccountNumber: 82197750565900,1677.98,debit,plaid,TRANSFER_OUT_TRANSFER_OUT_FROM_APPS,transfer_p2p,Revolut transfer to a named person.
v2,iter_eval,Save The Pennies,SAVE THE PENNIES 778566-00867071,0.6,debit,plaid,TRANSFER_OUT_SAVINGS,savings_transfer,
v2,train,Coalway Convenience Store,COALWAY CONVENIENC,6.73,debit,plaid,GENERAL_MERCHANDISE_CONVENIENCE_STORES,convenience_store,
v2,iter_eval,Dott,Dott,2.61,debit,plaid,TRAVEL_AND_TRANSPORTATION_OTHER_TRAVEL_AND_TRANSPORTATION,bicycle,
v2,iter_eval,Edf Uk Card Payments,EDF UK CARD PAYMEN,30,debit,plaid,RENT_AND_UTILITIES_GAS_AND_ELECTRICITY,energy,
v2,iter_eval,Aldi,Aldi 24 778,5.48,debit,plaid,FOOD_RETAIL_GROCERIES,groceries,
v2,train,Ls Staycity Aparthotel,Ls Staycity Aparthotel,8.5,debit,plaid,RENT_AND_UTILITIES_RENT,accommodation,
v2,train,Hospice In The Weald,Hospice In The Weald -,2,debit,plaid,MEDICAL_OTHER_MEDICAL,charitable_donation,
v2,iter_eval,Microsoft,3115 29AUG25      MICROSOFT*M       ARKETPLACE        MSBILL.INFO GB,3.29,debit,plaid,GENERAL_MERCHANDISE_COMPUTERS_AND_ELECTRONICS,software,
v2,train,Cs Choicesavings,CS CHOICESAVINGS,4.85,debit,plaid,TRANSFER_OUT_SAVINGS,savings_transfer,
v2,train,Jd Sports,JD Sports,25.4,debit,plaid,GENERAL_MERCHANDISE_SPORTING_GOODS,sportswear,
v2,train,Argos,Argos,40.84,debit,plaid,GENERAL_MERCHANDISE_DEPARTMENT_STORES,catalogue_retail,
v2,train,Central Bedfordshire Council,CENTRAL BEDS CNCL 01      85965712,204,debit,plaid,GOVERNMENTS_AND_NON_PROFIT_GOVERNMENTS_AND_NON_PROFIT,council_tax,
v2,iter_eval,Surevend,SUREVEND  ON 14 AUG CPM,1,debit,plaid,FOOD_RETAIL_OTHER,confectionary,Small vending-machine purchase; product is not specified.
v2,train,Uber,UBER CD 5238,5.77,debit,plaid,TRAVEL_AND_TRANSPORTATION_TAXIS_AND_RIDE_SHARES,taxi_rideshare,
v2,train,Monzo,Monzo Plus cashback,-1.65,credit,plaid,LOAN_DISBURSEMENTS_CASH_ADVANCES,cashback,
v2,iter_eval,Screwfix,Screwfix Charlie Monti,37,debit,plaid,GENERAL_MERCHANDISE_FURNITURE_AND_HARDWARE,tools,
v2,train,White Horse Inn,White Horse Inn,7.9,debit,plaid,TRAVEL_AND_TRANSPORTATION_LODGING,pub_bar,
v2,train,Tiktok,TIKTOK IRELAND ON 09 JUL BCC,1.9,debit,plaid,ENTERTAINMENT_OTHER_ENTERTAINMENT,online_services,
v2,train,Uber,"UBER BV    27JUL25 XP4772099477767551 XP4772099477767551,",-212.26,credit,plaid,INCOME_OTHER,salary_gig,Large Uber credit with income native category is consistent with driver earnings.
v2,train,Apple Store,Apple Store,59.95,debit,plaid,GENERAL_MERCHANDISE_COMPUTERS_AND_ELECTRONICS,computing_devices,Apple Store and electronics native category indicate a hardware purchase.
v2,train,Wowcher,1260 25JUL25  D   WOWCHER           LONDON GB,9.99,debit,plaid,GENERAL_MERCHANDISE_ONLINE_MARKETPLACES,marketplace_general,Wowcher is a deals marketplace; no evidence of a prize competition.
v2,iter_eval,Cd Bubble Bar,9571 16AUG25 CD   BUBBLE BAR        MABLETHORPE GB,1.4,debit,plaid,DINING_WINE_BARS_AND_PUBS,pub_bar,
v2,iter_eval,Greene King,Greene King Brewing And Retailing L Greene King B&RNo2,-28.95,credit,plaid,INCOME_SALARY,salary,Credit is identified as salary and Greene King is a plausible employer.
v2,train,HMRC,"DIRECT DEBIT PAYMENT TO HMRC NDDS REF 108395002736587942, MANDATE NO 0095",2000,debit,plaid,INSURANCE_AND_TAX_TAX_PAYMENT,tax_payment,
v2,train,Crypto.com,Visa purchase CRYPTO.COM APPLEPAY 2812,25.76,debit,plaid,TRANSFER_OUT_INVESTMENT_AND_RETIREMENT_FUNDS,crypto,
v2,train,Paddy Power,PADDY POWER  ON 03 JUL BCC Paddy Power,9.92,debit,plaid,ENTERTAINMENT_CASINOS_AND_GAMBLING,gambling_betting,
v2,iter_eval,Poundbakery,Poundbakery - Rhyl,3,debit,plaid,DINING_OTHER_DINING,takeaway,Poundbakery is primarily counter-service bakery food.
v2,train,Queens,CARD PAYMENT TO QUEENS PHARMACY ON 30-07-2025,1.99,debit,plaid,MEDICAL_PHARMACIES_AND_SUPPLEMENTS,pharmacy,
v2,train,Fanatics-intl,FANATICS-INTL,10.2,debit,plaid,GENERAL_MERCHANDISE_SPORTING_GOODS,sportswear,Fanatics mainly sells sports apparel and fan clothing rather than participation equipment.
v2,train,Uber,PENDING UBR* PENDING.UBER.COM,8.91,debit,plaid,TRAVEL_AND_TRANSPORTATION_TAXIS_AND_RIDE_SHARES,taxi_rideshare,
v2,iter_eval,Save The Pennies,SAVE THE PENNIES 877034-85519260,1.3,debit,plaid,TRANSFER_OUT_SAVINGS,savings_transfer,
v2,train,Klarna,KLARNA  6FW9XZ7-SIMBASLEEP UNP,-64.59,credit,plaid,LOAN_DISBURSEMENTS_BNPL_AND_EWA,returned_payment,UNP marker on a Klarna credit indicates an unpresented/returned payment.
v2,train,Bp Branchton Convenience,BP BRANCHTON CONVE,34.66,debit,plaid,TRAVEL_AND_TRANSPORTATION_OTHER_TRAVEL_AND_TRANSPORTATION,fuel,
v2,train,Revolut,Katrina Keylock  Sent from Revolut BGC,-10,credit,plaid,TRANSFER_IN_TRANSFER_IN_FROM_APPS,transfer_p2p,Incoming Revolut transfer from a named person.
v2,iter_eval,Deli Carlo,Deli carlo,6.9,debit,plaid,DINING_OTHER_DINING,restaurant_cafe,
v2,train,Monterey Peninsula Business Services,000IZU001 Peninsula Business Services ,273.88,debit,plaid,LOAN_PAYMENTS_MORTGAGE_AND_AUTO,business_services,
v2,iter_eval,St George's School Sho,"ST GEORGE'S SCHOOL SHO (VIA APPLE PAY), ON 03-10-2025",1,debit,plaid,CHILDCARE_AND_EDUCATION_CHILDCARE_AND_EDUCATION,school_fees,"Payment is to a school shop; the exact item is not shown, so school_fees is the closest education leaf."
v2,iter_eval,National Health Service,NHSBSA PPC 2 DD14695314,11.45,debit,plaid,MEDICAL_OTHER_MEDICAL,pharmacy,NHSBSA PPC is a prescription prepayment certificate.
v2,iter_eval,Terry Monthly,"MOB, Stephen Terry, Monthly Board",387.26,debit,plaid,LOAN_PAYMENTS_PERSONAL_LOAN_PAYMENT,rent,"Narrative says monthly board, indicating housing/board rather than a loan."
v2,train,Argos,WWW.ARGOS.CO.UK  ON 04 SEP BCC,25.5,debit,plaid,GENERAL_MERCHANDISE_DEPARTMENT_STORES,catalogue_retail,
v2,train,Issmedicleanltd,NYX*ISSMedicleanLt,1.3,debit,plaid,PERSONAL_CARE_OTHER_PERSONAL_CARE,restaurant_cafe,
v2,train,One Stop,ONE STOP STORES,24.55,debit,plaid,GENERAL_MERCHANDISE_CONVENIENCE_STORES,convenience_store,
v2,train,The Mortgage Lende,Returned direct debit THE MORTGAGE LENDE 070246 46502771,-676.02,credit,plaid,LOAN_DISBURSEMENTS_MORTGAGE_AND_AUTO,returned_payment,Narrative explicitly says Returned direct debit.
v2,iter_eval,DHA,DHA MAIN SAVING  DH DIVIDENDS STO,5000,debit,plaid,INTEREST_PAYMENTS_INTEREST_CHARGED,savings_transfer,Narrative identifies a main savings transfer; debit direction rules out dividend income.
v2,train,Just For Pets,Contactless Payment JUST FOR PETS APPLEPAY 6404,40.73,debit,plaid,PET_CARE_AND_SUPPLIES_PET_SUPPLIES,pet_supplies,
v2,train,Clearpay,Clearpay,24.3,debit,plaid,LOAN_PAYMENTS_BNPL_AND_EWA,bnpl,
v2,train,Zopa,Zopa C34939505,40,debit,plaid,LOAN_PAYMENTS_PERSONAL_LOAN_PAYMENT,personal_loan_repayment,
v2,train,Revolut,To Emma Louise Barraclough - Sent from Revolut - SortCodeAccountNumber: 11116610927565,50,debit,plaid,TRANSFER_OUT_TRANSFER_OUT_FROM_APPS,transfer_p2p,Revolut transfer to a named person.
v2,train,Specsavers,SPECSAVERS,75,debit,plaid,MEDICAL_DENTAL_AND_VISION,optician,
v2,train,TK Maxx,TK MAXX TK Maxx,9.98,debit,plaid,GENERAL_MERCHANDISE_APPAREL_AND_ACCESSORIES,department_store,TK Maxx is an off-price department store.
v2,train,Corn Street Dental,CORN STREET DENTAL,49,debit,plaid,MEDICAL_DENTAL_AND_VISION,dentist,
v2,iter_eval,Save The Pennies,SAVE THE PENNIES 779111-00114207,2.84,debit,plaid,TRANSFER_OUT_SAVINGS,savings_transfer,
v2,train,Bavaria Motors,Bavaria motors LtdMA15 YYZ,694.76,debit,plaid,TRAVEL_AND_TRANSPORTATION_AUTOMOTIVE,vehicle_maintenance,Motor-business payment lacks enough detail to distinguish servicing from other maintenance.
v2,iter_eval,Nga T Nguyen Nails,NGA T NGUYEN  NAILS FT,30,debit,plaid,PERSONAL_CARE_HAIR_AND_BEAUTY,beauty_treatment,
v2,train,Zilch,Visa credit ZILCH asos.com,-9.03,credit,plaid,LOAN_DISBURSEMENTS_CASH_ADVANCES,refund_received,Visa credit from Zilch identifies an ASOS purchase refund.
v2,train,Kaiser Investm,PPOINT_*KAISER INVESTM CD 1808,28.99,debit,plaid,TRANSFER_OUT_INVESTMENT_AND_RETIREMENT_FUNDS,investment_general,"Merchant and native category indicate investment, but not specifically trading."
v2,train,Target Stores,PPOINT_*TARGET STO,9.98,debit,plaid,GENERAL_MERCHANDISE_SUPERSTORES,department_store,Target is a broad big-box/department-store retailer.
v2,iter_eval,Cd Abbey Mini Market,5507 13JUL25 CD   ABBEY MINI MARKET BARKING GB,2.05,debit,plaid,GENERAL_MERCHANDISE_CONVENIENCE_STORES,convenience_store,
v2,train,Cash Machine,ROYAL BK OF SCOTLAND Cash Machine,170,debit,plaid,TRANSFER_OUT_CHECKS_AND_ATM,cash_withdrawal,
v2,train,Pound Saver,Pound Saver,1.69,debit,plaid,GENERAL_MERCHANDISE_DISCOUNT_STORES,discount_store,
v2,iter_eval,Catering And Beverage Supplies,Catering And Beverage Supplies / ref: Inv 27834,198,debit,plaid,DINING_OTHER_DINING,catering,
v2,train,Zilch,Refund from Zilch Carryduff Auto Part,-67.11,credit,plaid,LOAN_DISBURSEMENTS_MORTGAGE_AND_AUTO,refund_received,Narrative explicitly says Refund from Zilch.
v2,iter_eval,Salvation Army Trading,The Salvation Army 977 Salvation Army Trading,31.5,debit,plaid,GENERAL_MERCHANDISE_DISCOUNT_STORES,charity_shop,
v2,iter_eval,Times Newspapers LTD,Times Newspapers Ltd,3.99,debit,plaid,GENERAL_MERCHANDISE_OTHER_GENERAL_MERCHANDISE,newspapers,
v2,train,Monzo,Monzo Plus cashback,-3,credit,plaid,LOAN_DISBURSEMENTS_CASH_ADVANCES,cashback,
v2,train,Brivio, Brivio,94.01,debit,plaid,GENERAL_SERVICES_ACCOUNTING_AND_FINANCIAL_SERVICES,unclassified_other,Brivio name maps to several unrelated businesses; no exact merchant match was reliable.
v2,train,Degrees Coffeesh,2455 28SEP25 C    200 DEGREES COFFEESH                ALFRETON GB,4,debit,plaid,DINING_COFFEE,restaurant_cafe,
v2,iter_eval,My Sticravenme,1042 25JUN25      ETSY.COM*MY       STICRAVENME       LONDON GB,1.99,debit,plaid,GENERAL_MERCHANDISE_APPAREL_AND_ACCESSORIES,marketplace_general,
v2,train,U.S. Post Office,POST OFFICE COUNTEWILLENHALL,6.3,debit,plaid,GENERAL_SERVICES_OTHER_SERVICES,delivery_courier,Post Office counter purchase is most consistent with postal/delivery services.
v2,train,Octopus Energy,OCTOPUS ENERGY SER  OES OHME PAY 1908 BGC,-37.2,credit,plaid,RENT_AND_UTILITIES_OTHER_UTILITIES,refund_received,Credit from Octopus Energy is most consistent with a refund or account credit.
v2,train,Open All Hours Cd,OPEN ALL HOURS CD 7396,11.48,debit,plaid,GENERAL_SERVICES_OTHER_SERVICES,convenience_store,Open All Hours is a convenience-store merchant.
v2,train,Klarna,Klarna*18KLARNA4  ON 18 AUG BCC KLARNA*18KLARNA4,-28.16,credit,plaid,LOAN_DISBURSEMENTS_BNPL_AND_EWA,refund_received,Klarna credit is most consistent with a BNPL purchase refund.
v2,iter_eval,Cofee Marrakech,COFEE MARRAKECH  ON 20 AUG CPM,10,debit,plaid,BANK_FEES_ATM,restaurant_cafe,
v2,train,Origin Communicati,ORIGIN COMMUNICATI OCLTDOR-4257,8.84,debit,plaid,RENT_AND_UTILITIES_INTERNET_AND_CABLE,broadband_tv_phone,
v2,iter_eval,Lvl-london Vet Special, Lvl-London Vet Special,500,debit,plaid,PET_CARE_AND_SUPPLIES_VETERINARY_SERVICES,veterinary,
v2,iter_eval,Animal Health Care Cj,ANIMAL HEALTH CARE  CJ001503389 DDR,15.99,debit,plaid,PET_CARE_AND_SUPPLIES_VETERINARY_SERVICES,veterinary,
v2,train,Cheque Via Bmb Rem,TAX REFUND  CHEQUE VIA BMB REM,-32.48,credit,plaid,TAX_REFUND_TAX_REFUND,tax_refund,
v2,iter_eval,Mr Kian Morgan,MR KIAN MORGAN 100000001615647739,25,debit,plaid,MEDICAL_PHARMACIES_AND_SUPPLEMENTS,transfer_p2p,Payment to a named individual.
v2,train,Bjs Of Ringwood,Bjs Of Ringwood,7.7,debit,plaid,GENERAL_MERCHANDISE_SUPERSTORES,unclassified_other,BJS of Ringwood could not be resolved confidently from the descriptor.
v2,train,Vapehouseuk,8037 25SEP25      PIX*VAPEHOUSEUK   LONDON GB,12.44,debit,plaid,GENERAL_MERCHANDISE_OTHER_GENERAL_MERCHANDISE,vaping,
v2,train,Zilch,ZILCH JD Sports Fa,-25,credit,plaid,LOAN_DISBURSEMENTS_OTHER,refund_received,Zilch credit naming JD Sports is most consistent with a purchase refund.
v2,iter_eval,Tv Licensing Spp,TV LICENSING SPP  ON 05 SEP BCC,6.98,debit,plaid,ENTERTAINMENT_OTHER_ENTERTAINMENT,tv_licence,
v2,train,Jaffa,Zettle_*JAFFA CORNLondon,15.15,debit,plaid,DINING_OTHER_DINING,restaurant_cafe,
v2,iter_eval,Hybridworld LTD,HYBRIDWORLD LTD  I10 AIRBAG FT,425,debit,plaid,TRAVEL_AND_TRANSPORTATION_FLIGHTS,spares_repairs,Narrative explicitly identifies an i10 airbag purchase/repair.
v2,iter_eval,Costa,COSTA - HAYLE,12.45,debit,plaid,DINING_COFFEE,restaurant_cafe,
v2,iter_eval,HP,HPI INSTANT INK UK,4.49,debit,plaid,GOVERNMENTS_AND_NON_PROFIT_OTHER_GOVERNMENTS_AND_NON_PROFIT,printing_supplies,HP Instant Ink is an ink-supply subscription.
v2,train,British Gas,British Gas,473.57,debit,plaid,RENT_AND_UTILITIES_GAS_AND_ELECTRICITY,energy,
v2,train,AliExpress,ALIEXPRESS.COM,37.19,debit,plaid,GENERAL_MERCHANDISE_ONLINE_MARKETPLACES,marketplace_general,
v2,iter_eval,Anthony Pestano,ANTHONY PESTANO 200000001618311277,10,debit,plaid,GENERAL_SERVICES_HOME_IMPROVEMENT_SERVICES,transfer_p2p,Payment to a named individual.
v2,train,HPI,HPI INSTANT INK UK CD 7891,4.49,debit,plaid,GOVERNMENTS_AND_NON_PROFIT_OTHER_GOVERNMENTS_AND_NON_PROFIT,printing_supplies,HP Instant Ink is an ink-supply subscription.
v2,train,Tiktok,TIKTOK SHOP SELLER,22.99,debit,plaid,ENTERTAINMENT_OTHER_ENTERTAINMENT,marketplace_general,Narrative explicitly identifies a TikTok Shop purchase.
v2,iter_eval,Le-Vel,Level,8.2,debit,plaid,PERSONAL_CARE_OTHER_PERSONAL_CARE,supplements,
v2,train,Overdales Initial,OVERDALES         INITIAL PAYMENT,25,debit,plaid,LOAN_PAYMENTS_OTHER,debt_collection,Overdales is a debt-recovery law firm.
v2,train,Sky,Direct debit SKY DIGITAL 830608 10567095,218.47,debit,plaid,RENT_AND_UTILITIES_TELECOMMUNICATIONS,broadband_tv_phone,
v2,train,Beautiful Brows,Beautiful Brows,121,debit,plaid,PERSONAL_CARE_HAIR_AND_BEAUTY,beauty_treatment,
v2,train,Last Post,LAST POST,7.98,debit,plaid,GENERAL_SERVICES_OTHER_SERVICES,pub_bar,The Last Post is a pub name and the small amount is consistent with bar spend; descriptor is otherwise ambiguous.
v2,train,Kamsons Pharmacy,Contactless Payment KAMSONS PHARMACY APPLEPAY 4638,9.9,debit,plaid,MEDICAL_PHARMACIES_AND_SUPPLEMENTS,pharmacy,
v2,train,YouLend,"BILL PAYMENT VIA FASTER PAYMENT TO YOULEND LIMITED REFERENCE 60254289 COLLINS , MANDATE NO 22",20,debit,plaid,LOAN_PAYMENTS_CASH_ADVANCES,business_loan_repayment,YouLend provides merchant/business finance.
v2,iter_eval,Royals Off Licence & Conv,Royals Off Licence & Conv,4.19,debit,plaid,FOOD_RETAIL_LIQUOR_STORES,alcohol_beer_spirits,
v2,train,Vitas Vending Machines Lt,VITAS VENDING MACH,0.4,debit,plaid,FOOD_RETAIL_OTHER,confectionary,Small vending-machine purchase; product is not specified.
v2,train,Selecta Sas,SELECTA SAS,2.16,debit,plaid,BANK_FEES_FOREIGN_TRANSACTION_FEES,confectionary,
v2,train,WLC,WLC COUNCIL TAX,176,debit,plaid,INSURANCE_AND_TAX_TAX_PAYMENT,council_tax,
v2,iter_eval,Rbwm,Returned direct debit RBWM COUNCIL TAX 070806 01052737,-135,credit,plaid,TAX_REFUND_TAX_REFUND,returned_payment,Narrative explicitly says Returned direct debit.
v2,iter_eval,Kadima Career,"KADIMA CAREER XLR8R - 631 3rd Street, BROOKLYN",184.98,debit,plaid,CHILDCARE_AND_EDUCATION_CHILDCARE_AND_EDUCATION,career_services,
v2,iter_eval,Adz Lawro,ADZ LAWRO,5,debit,plaid,GENERAL_SERVICES_CONSULTING_AND_LEGAL_SERVICES,unclassified_other,Merchant descriptor is too abbreviated to classify reliably.
v2,train,Disney,Disney+,8.99,debit,plaid,ENTERTAINMENT_MUSIC_VIDEO_GAMES_TV_AND_MOVIES,streaming,
v2,iter_eval,Gurujee's Limited,GURUJEE'S LIMITED  ON 14 AUG CLP,0.99,debit,plaid,GENERAL_MERCHANDISE_FURNITURE_AND_HARDWARE,unclassified_other,Gurujee's Limited could not be tied confidently to a specific product or service from this narrative.
v2,iter_eval,Betano.co.uk,BETANO.CO.UK,40,debit,plaid,TRANSFER_OUT_OTHER,gambling_betting,
v2,train,Google Storage,Google Storage,7.99,debit,plaid,GENERAL_SERVICES_OTHER_SERVICES,web_services,
v2,train,William Hill,WILLIAMHILL*INTERNET      VISAXR CD6585 2025-06-06,-150,credit,plaid,ENTERTAINMENT_CASINOS_AND_GAMBLING,gambling_betting,
v2,iter_eval,Euro Plus,Euro Plus,8.49,debit,plaid,TRAVEL_AND_TRANSPORTATION_OTHER_TRAVEL_AND_TRANSPORTATION,unclassified_card_spend,Euro Plus and travel native category indicate a currency-related travel transaction; evidence is limited.
v2,train,Smarty Co Uk,SMARTY CO UK,12,debit,plaid,GENERAL_SERVICES_OTHER_SERVICES,mobile_phone_contract,
v2,train,Dew Drop Inn,SQ *DEW DROP INN CD 5250,14,debit,plaid,DINING_COFFEE,pub_bar,
v2,train,Louise,United Kingdom Account - From M Jones Louise  - SortCodeAccountNumber: 11020610517964,20,debit,plaid,GENERAL_SERVICES_RELIGIOUS_SERVICES,transfer_p2p,
v2,train,Ck Pantai Pererenan,CK PANTAI PERERENA INDONESIA AMOUNT IN IDR 29500.00 ON 11 AUG VISA 21870.830873 FINAL GBP AMOUNT INCLUDES NON-STERLING TRANS FEE £0.04 CK PANTAI PERERENAN,1.39,debit,plaid,TRANSFER_OUT_CHECKING,foreign_spend_unspecified,
v2,train,Uber,Visa purchase UBER *TRIP 3603,16.91,debit,plaid,TRAVEL_AND_TRANSPORTATION_TAXIS_AND_RIDE_SHARES,taxi_rideshare,
v2,iter_eval,Gk Estate,GK ESTATE         GK ESTATE         VIA MOBILE - PYMT FP 05/09/25 10    14094043723750000N,1590,debit,plaid,RENT_AND_UTILITIES_RENT,rent,
v2,iter_eval,Mayfair London Ass,MAYFAIR LONDON ASS 100000001608747364 PAYMENT 040605     10 26AUG25 07:57,2770,debit,plaid,RENT_AND_UTILITIES_INTERNET_AND_CABLE,rent,
v2,train,Samuel Jo,SAMUEL J GILBERT  0000 FT,30,debit,plaid,MEDICAL_PRIMARY_CARE,transfer_p2p,Payment to a named individual.
v2,train,Loqbox,9836 29JUL25  D   LOQBOX            BRISTOL GB        REFUND,-20,credit,plaid,BANK_PENALTIES_CASH_ADVANCE_AND_OVERDRAFT_FEES,refund_received,Narrative explicitly states a LOQBOX refund.
v2,iter_eval,Spencers News,PPOINT_*SPENCERS N  ON 28 SEP CLP PPOINT_*SPENCERS NEWS,6.3,debit,plaid,GENERAL_MERCHANDISE_OTHER_GENERAL_MERCHANDISE,convenience_store,
v2,train,Vanquis Bank,VANQUIS BANK,31.73,debit,plaid,LOAN_PAYMENTS_PERSONAL_LOAN_PAYMENT,credit_card_repayment,
v2,train,Lowell Group,00045804555604 Lowell Group,20,debit,plaid,GENERAL_SERVICES_ACCOUNTING_AND_FINANCIAL_SERVICES,debt_collection,
v2,train,O2,O2  D15743824 DDR,145.41,debit,plaid,RENT_AND_UTILITIES_TELECOMMUNICATIONS,mobile_phone_contract,
v2,train,Cardfactory,WWW.CARDFACTORY.COWWW.CARDFACTO,6.8,debit,plaid,TRANSFER_OUT_OTHER,gifts_flowers,
v2,iter_eval,Decathlon,Decathlon,35.26,debit,plaid,GENERAL_MERCHANDISE_SPORTING_GOODS,sports_equipment,
v2,iter_eval,Betfred Chargeback,BFCB,41,debit,plaid,BANK_FEES_OTHER_BANK_FEES,gambling_betting,
v2,train,ClassPass,ClassPass,-15,credit,plaid,PERSONAL_CARE_GYMS_AND_FITNESS_CENTERS,refund_received,ClassPass credit is most consistent with a subscription refund.
v2,train,Albert,Albert Paun - Withdrawing savings - IBAN: GB88REVO00997000177845,-10,credit,plaid,TRANSFER_IN_SAVINGS,savings_transfer,Narrative explicitly says withdrawing savings.
v2,train,YouLend,To YouLend Limited,25,debit,plaid,LOAN_PAYMENTS_CASH_ADVANCES,business_loan_repayment,YouLend provides merchant/business finance.
v2,train,Cd B&m,1203 28OCT25 CD   B&M 049 - ASTLE   PARK              WEST BROMWICH GB,20,debit,plaid,GENERAL_MERCHANDISE_DISCOUNT_STORES,discount_store,
v2,iter_eval,HP,HPI INSTANT INK UK,2.78,debit,plaid,GOVERNMENTS_AND_NON_PROFIT_OTHER_GOVERNMENTS_AND_NON_PROFIT,printing_supplies,HP Instant Ink is an ink-supply subscription.
v2,train,British Gas,BRITISH GAS  850062672108010000 DDR,48.06,debit,plaid,RENT_AND_UTILITIES_GAS_AND_ELECTRICITY,energy,
v2,train,Bandoo,CARD PAYMENT TO BANDOO*CK ON 13-08-2025,40.7,debit,plaid,TRANSFER_OUT_CHECKING,health_beauty_general,Bandoo is ionic foot-detox retail; health_beauty_general.
v2,train,Coinbase,Bank credit Coinbase 2025-10-22,-724.82,credit,plaid,TRANSFER_IN_INVESTMENT_AND_RETIREMENT_FUNDS,crypto,
v2,train,Garry Potter,Garry Potter,10,debit,plaid,TRANSFER_OUT_OTHER,transfer_p2p,Payment to a named individual.
v2,train,Cd B&m,3277 23SEP25 CD   B&M 553 -         BROMBOROUGH       BROMBOROUGH GB,18.66,debit,plaid,GENERAL_MERCHANDISE_DISCOUNT_STORES,discount_store,
v2,train,Scottishpower,SCOTTISHPOWER 16098063416,75.72,debit,plaid,RENT_AND_UTILITIES_GAS_AND_ELECTRICITY,energy,
v2,train,Total Bounceout,Total Bounceout,4.5,debit,plaid,BANK_PENALTIES_INSUFFICIENT_AND_LATE_FEES,days_out,Total Bounceout Ltd is an inflatable obstacle-course attraction. Narrative has no returned/unpaid marke
v2,train,Virgin Media,"DIRECT DEBIT PAYMENT TO VIRGIN MEDIA PYMTS REF 021360805001, MANDATE NO 0019",30.81,debit,plaid,RENT_AND_UTILITIES_INTERNET_AND_CABLE,broadband_tv_phone,
v2,iter_eval,Mychildatschool Bromcom,Visa purchase MYCHILDATSCHOOL BROMCOM,30,debit,plaid,CHILDCARE_AND_EDUCATION_CHILDCARE_AND_EDUCATION,school_fees,
v2,iter_eval,Ref.v,REF.V-2508-24790  Dispute refund,-156.87,credit,plaid,TRANSFER_IN_OTHER,refund_received,
v2,train,Capital One,Capital One pot transfer,-11.48,credit,plaid,TRANSFER_IN_SAVINGS,savings_transfer,Narrative explicitly says pot transfer.
v2,iter_eval,Ovo Energy,WWW.OVOENERGY.COM  ON 20 AUG BCC OVO Energy,5,debit,plaid,RENT_AND_UTILITIES_OTHER_UTILITIES,energy,
v2,iter_eval,Easipay Carpets,EASIPAY CARPETS,17,debit,plaid,PET_CARE_AND_SUPPLIES_PET_SUPPLIES,home_accessories,Easipay Carpets is a flooring/home-furnishing merchant.
v2,train,Brandedvendingltd,NYX*BrandedVending,1,debit,plaid,FOOD_RETAIL_OTHER,confectionary,Small vending-machine purchase; product is not specified.
v2,iter_eval,Creation.co.uk,REVERSAL OF 14-07 CREATION.CO.UK,-29.95,credit,plaid,LOAN_DISBURSEMENTS_OTHER,returned_payment,Narrative explicitly says REVERSAL.
v2,train,Odeon,CARD PAYMENT TO ODEON CINEMAS ON 07-09-2025,19.99,debit,plaid,ENTERTAINMENT_MUSIC_VIDEO_GAMES_TV_AND_MOVIES,cinema,
v2,iter_eval,Vendmarque Limited,VENDMARQUE LIMITED,1.1,debit,plaid,FOOD_RETAIL_OTHER,confectionary,Small vending-machine purchase; product is not specified.
v2,iter_eval,Cd Nails,4137 25JUN25 CD   NAILS 4 U         ROWLEY REGIS GB,55,debit,plaid,PERSONAL_CARE_HAIR_AND_BEAUTY,beauty_treatment,
v2,train,Zilch,4621 14JUL25      ZILCH *           TEMU.COM          LONDON GB         REFUND,-10.69,credit,plaid,LOAN_DISBURSEMENTS_CASH_ADVANCES,refund_received,Narrative explicitly states REFUND.
v2,train,Royal Mail,"BANK GIRO CREDIT REF ROYAL MAIL PENSION, CGUKM001340000523/",-262.38,credit,plaid,INCOME_GOVERNMENT_INCOME,pension_received,
v2,iter_eval,Nikepos Uk,NikePOS_UK  ON 13 SEP CPM NIKEPOS_UK,24.99,debit,plaid,GENERAL_MERCHANDISE_SPORTING_GOODS,sportswear,
v2,train,Shell,4588 21JUL25 CD   SHELL OXFORD HOUSETADWORTH GB,10.45,debit,plaid,TRAVEL_AND_TRANSPORTATION_OTHER_TRAVEL_AND_TRANSPORTATION,fuel,
v2,train,Caffe Nero,CAFFE NERO 737 LOU,3.52,debit,plaid,DINING_COFFEE,restaurant_cafe,
v2,iter_eval,Animal Health Care,ANIMAL HEALTH CARE CX001537554,18.99,debit,plaid,PET_CARE_AND_SUPPLIES_VETERINARY_SERVICES,veterinary,
v2,train,Argos,Argos  ON 29 AUG BCC ARGOS,39.99,debit,plaid,GENERAL_MERCHANDISE_DEPARTMENT_STORES,catalogue_retail,
v2,train,Coinbase,Coinbase,-104.86,credit,plaid,TRANSFER_IN_INVESTMENT_AND_RETIREMENT_FUNDS,crypto,
v2,train,Kings College Hospital,Kings College Hospital,1.15,debit,plaid,MEDICAL_OTHER_MEDICAL,hospital,
v2,train,Moneybox,Payment from Moneybox Pension - MONEYBOX REFUND,-100,credit,plaid,INCOME_GOVERNMENT_INCOME,refund_received,Narrative explicitly states MONEYBOX REFUND.
v2,train,Revolut,KENNEDY MCMANUS SENT FROM REVOLUT REV569194442979527,-4,credit,plaid,TRANSFER_IN_TRANSFER_IN_FROM_APPS,transfer_p2p,Incoming Revolut transfer from a named person.
v2,train,Monzo,Monzo Plus cashback,-0.08,credit,plaid,LOAN_DISBURSEMENTS_CASH_ADVANCES,cashback,
v2,train,Zilch,ZILCH INSTALMENT  ON 25 JUL BCC,-2.2,credit,plaid,LOAN_DISBURSEMENTS_STUDENT,refund_received,Zilch instalment credit is most consistent with an instalment refund.
v2,train,Zilch,CREDIT FROM ZILCH WWW.AMAZON.UK.CO ON 16-07-2025,-7.49,credit,plaid,LOAN_DISBURSEMENTS_CASH_ADVANCES,refund_received,Narrative explicitly says CREDIT FROM ZILCH for an Amazon purchase.
v2,train,Icpa Membership,ICPA MEMBERSHIP,124.8,debit,plaid,GOVERNMENTS_AND_NON_PROFIT_OTHER_GOVERNMENTS_AND_NON_PROFIT,memberships,
v2,train,Cd Sumup,2773 28AUG25 CD   SUMUP  *DOLLIES   BAKERY            HOVETON GB,2.2,debit,plaid,DINING_OTHER_DINING,takeaway,Small payment to a bakery is most consistent with counter-service food.
v2,train,Precise Mortgages,PRECISE MORTGAGES,1143.05,debit,plaid,LOAN_PAYMENTS_MORTGAGE_AND_AUTO,mortgage,
v2,train,Festival Republic,Festival Republic,14.5,debit,plaid,ENTERTAINMENT_EVENTS_AND_TICKETS,live_music,Festival Republic is a live-music festival promoter.
v2,train,Revolut,LISA BIRD FLEET   OBAHKB7GWGPTIL1BN TPP REVOLUT LTD   FP 09/09/25 10    53194847409476000N,20,debit,plaid,TRANSFER_OUT_TRANSFER_OUT_FROM_APPS,transfer_p2p,
v2,iter_eval,I M Timmins,I M TIMMINS 600000001570896029,10,debit,plaid,GENERAL_SERVICES_CONSULTING_AND_LEGAL_SERVICES,transfer_p2p,Payment to a named individual.
v2,iter_eval,Paul Bray,PAUL BRAY 300000001635431192 770921     10 19SEP25 13:13,350,debit,plaid,TRANSFER_OUT_OTHER,transfer_p2p,Payment to a named individual.
v2,train,Exchanged To Btc,Exchanged to BTC,0.6,debit,plaid,TRANSFER_OUT_INVESTMENT_AND_RETIREMENT_FUNDS,crypto,
v2,train,Uber,Uber,5.98,debit,plaid,TRAVEL_AND_TRANSPORTATION_TAXIS_AND_RIDE_SHARES,taxi_rideshare,
v2,iter_eval,Starbucks,STARBUCKS  ON 19 AUG CPM Starbucks,2.85,debit,plaid,DINING_COFFEE,restaurant_cafe,
v2,train,Selecta Sas,SELECTA SAS,2.68,debit,plaid,BANK_FEES_FOREIGN_TRANSACTION_FEES,confectionary,
v2,iter_eval,TV LICENSING,Direct debit TV LICENCE MBP 608009 30287634,15,debit,plaid,ENTERTAINMENT_OTHER_ENTERTAINMENT,tv_licence,
v2,train,GoFundMe,GoFundMe,11.75,debit,plaid,GOVERNMENTS_AND_NON_PROFIT_DONATIONS,charitable_donation,
v2,iter_eval,West Lothian Leisu,Direct debit WEST LOTHIAN LEISU 070436 21919402,21.95,debit,plaid,LOAN_PAYMENTS_STUDENT_LOAN_PAYMENT,gym_fitness,West Lothian Leisure direct debit is consistent with a leisure/gym membership.
v2,iter_eval,Mr Raul,MR RAUL-CRISTIAN B  CK FT,40,debit,plaid,TRANSFER_OUT_CHECKING,transfer_p2p,Payment to a named individual.
v2,train,Flix,FLIX,10.48,debit,plaid,ENTERTAINMENT_MUSIC_VIDEO_GAMES_TV_AND_MOVIES,unclassified_card_spend,"FLIX is the FlixBus card descriptor, not a streaming subscription. £10.48 is a typical coach fare."
v2,train,Selecta Sas,SELECTA SAS,1.56,debit,plaid,BANK_FEES_FOREIGN_TRANSACTION_FEES,confectionary,
v2,train,The Range,PENDING THE RANGE,18.14,debit,plaid,GENERAL_MERCHANDISE_FURNITURE_AND_HARDWARE,home_accessories,
v2,train,Albert,Albert Paun - Withdrawing savings - IBAN: GB88REVO00997000177845,-1,credit,plaid,TRANSFER_IN_SAVINGS,savings_transfer,Narrative explicitly says withdrawing savings.
v2,iter_eval,Assurant Auk,ASSURANT AUK00000286538,11.99,debit,plaid,LOAN_PAYMENTS_STUDENT_LOAN_PAYMENT,insurance_other,Assurant commonly provides device/protection insurance; no more specific insurance leaf applies.
v2,train,Just Eat,ZILCH Just Eat  ON 23 JUL BCC ZILCH JUST EAT,-8.87,credit,plaid,LOAN_DISBURSEMENTS_STUDENT,refund_received,Zilch/Just Eat credit. Credits cannot be takeaway spend; this is refund_received.
v2,train,HPI,HPI INSTANT INK UK CD 7271,2.78,debit,plaid,GOVERNMENTS_AND_NON_PROFIT_OTHER_GOVERNMENTS_AND_NON_PROFIT,printing_supplies,HP Instant Ink is an ink-supply subscription.
v2,iter_eval,Pets At Home,PETS AT HOME LTD  SALFORD,17.98,debit,plaid,PET_CARE_AND_SUPPLIES_PET_SUPPLIES,pet_supplies,
v2,iter_eval,RAC Insurance Services,BISL RAC INSURANCE  136705833398790742 UNP,-47.84,credit,plaid,INSURANCE_AND_TAX_INSURANCE,returned_payment,UNP marker on an insurance credit indicates an unpresented/returned payment.
v2,train,Clearpay,Visa purchase CLEARPAY 2961 2025-08-31,1.46,debit,plaid,LOAN_PAYMENTS_BNPL_AND_EWA,bnpl,
v2,train,JustGiving,JustGiving Shelter,20,debit,plaid,GOVERNMENTS_AND_NON_PROFIT_DONATIONS,charitable_donation,
v2,train,Coaliment,"COALIMENT 1          ))))
EUR                      15.00
Rate                     1.124
Includes Non-sterling transaction fee £0.35",13.33,debit,plaid,BANK_FEES_FOREIGN_TRANSACTION_FEES,groceries,Coaliment is a Spanish supermarket/convenience-food chain.
v2,train,Argos,Argos  ON 29 JUL CPM ARGOS,6.99,debit,plaid,GENERAL_MERCHANDISE_DEPARTMENT_STORES,catalogue_retail,
v2,iter_eval,Bb-samsung,BB-SAMSUNG GERMANY ON 11 JUL BCC,1.46,debit,plaid,GENERAL_MERCHANDISE_CONVENIENCE_STORES,unclassified_other,BB-Samsung Germany cannot be resolved confidently from the merchant and amount.
v2,train,Uber,PAYPAL *UBERTRIP CD 0927,8.83,debit,plaid,TRAVEL_AND_TRANSPORTATION_TAXIS_AND_RIDE_SHARES,taxi_rideshare,
v2,train,Lps Plumbing And H,LPS PLUMBING AND H 600000001639760601,1100,debit,plaid,GENERAL_SERVICES_HOME_IMPROVEMENT_SERVICES,tradesmen,Narrative names a plumbing contractor.
v2,iter_eval,Beenetwork,BEENETWORK.COM/CHA0161 244 1000,4,debit,plaid,RENT_AND_UTILITIES_RENT,public_transport_rail_coach,beenetwork.com is Transport for Greater Manchester's bus/tram fare service.
v2,train,James Obita Ck,JAMES  OBITA      CK                VIA MOBILE - LVP  FP 21/09/25 10    35145554584233000N,86.58,debit,plaid,TRANSFER_OUT_CHECKING,transfer_p2p,Payment to a named individual.
v2,iter_eval,Whatnot,WHATNOT,9.69,debit,plaid,GENERAL_MERCHANDISE_ONLINE_MARKETPLACES,marketplace_general,
v2,train,Blackpool Council,BLACKPOOL COUNCIL Blackpool Council,4,debit,plaid,GENERAL_SERVICES_HOME_IMPROVEMENT_SERVICES,government_services,Small Blackpool Council payment has no evidence that it is council tax.
v2,iter_eval,Yellow Vending,6460 08AUG25 CD   NYA*YELLOW VENDINGABERYSTWYTH GB,1.75,debit,plaid,FOOD_RETAIL_OTHER,confectionary,
v2,iter_eval,Sky Tv,SKY TV  ON 13 JUL BCC,20,debit,plaid,RENT_AND_UTILITIES_INTERNET_AND_CABLE,broadband_tv_phone,
v2,train,Asda.george,asda.george.com,11.23,debit,plaid,TRANSFER_OUT_CHECKS_AND_ATM,clothing_general,
v2,iter_eval,Daniel Hill Loan,DANIEL HILL       LOAN              VIA MOBILE - PYMT FP 28/06/25 10    44195059475653000N,20,debit,plaid,LOAN_PAYMENTS_PERSONAL_LOAN_PAYMENT,personal_loan_repayment,Narrative explicitly states LOAN and the native category is personal-loan payment.
v2,iter_eval,Yorkshire Water,YORKSHIRE WATER 19123 4567 5626 79,11.7,debit,plaid,RENT_AND_UTILITIES_WATER,water,
v2,iter_eval,Lantern,LANTERN  0455847 DDR,5,debit,plaid,LOAN_PAYMENTS_OTHER,debt_collection,Lantern is a debt purchaser and collection company.
v2,train,Lowell Financial,LOWELL PORTFOLIO 1  00042939776304 DDR,3.75,debit,plaid,GENERAL_SERVICES_ACCOUNTING_AND_FINANCIAL_SERVICES,debt_collection,
v2,train,Nhsggc,Nhsggc,1.3,debit,plaid,INSURANCE_AND_TAX_TAX_PAYMENT,hospital,NHSGGC is NHS Greater Glasgow and Clyde.
v2,train,T&i Vaughan,GB Account - Dividends T&I Vaughan - SortCodeAccountNumber: 53503955230490,1500,debit,plaid,INTEREST_PAYMENTS_INTEREST_CHARGED,transfer_p2p,Outbound bank transfer to a named party with dividend reference; dividend_received would contradict debit direction.
v2,train,U.S. Post Office,POST OFFICE 35 MARLOW ROAD 02SEP 12.27 ATM,-500,credit,plaid,TRANSFER_IN_CHECKS_AND_ATM,cash_deposit,"Post Office ATM credit and transfer-in native category indicate a cash deposit, though the direction is unusual."
v2,iter_eval,Oxfam,OXFAM F0845       MIRFIELD,4,debit,plaid,GOVERNMENTS_AND_NON_PROFIT_DONATIONS,charity_shop,
v2,iter_eval,Aral Tankstelle,Aral Tankstelle 201898,3.69,debit,plaid,BANK_PENALTIES_CASH_ADVANCE_AND_OVERDRAFT_FEES,fuel,
v2,train,Falkinghamandtaylor,NYX*FalkinghamandT,0.2,debit,plaid,PERSONAL_CARE_HAIR_AND_BEAUTY,beauty_treatment,
v2,train,Capital One,CAPITAL ONE XXXXXXXXXXXX6235,30,debit,plaid,LOAN_PAYMENTS_CREDIT_CARD_PAYMENT,credit_card_repayment,
v2,train,Tradify,TRADIFY CD 7827,165.2,debit,plaid,GENERAL_SERVICES_OTHER_SERVICES,software,Tradify is job-management software for trades businesses.
v2,train,Dvla-k,DVLA-K321NAY 000000000071007896,16.62,debit,plaid,GOVERNMENTS_AND_NON_PROFIT_GOVERNMENTS_AND_NON_PROFIT,road_tax,
v2,train,Zilch,Zilch - 7th  pot transfer,-4,credit,plaid,TRANSFER_IN_SAVINGS,savings_transfer,Narrative explicitly says pot transfer.
v2,train,Sinners,Visa purchase SP SINNERS APPLEPAY 3976,65,debit,plaid,GENERAL_MERCHANDISE_OTHER_GENERAL_MERCHANDISE,clothing_mens,Sinners is a UK menswear brand and the amount is consistent with apparel.
v2,train,The Coffee Blo,SumUp  *The Coffee,7.45,debit,plaid,DINING_COFFEE,restaurant_cafe,
v2,train,Specsavers,Specsavers Finance Specsavers,36,debit,plaid,MEDICAL_DENTAL_AND_VISION,optician,
v2,iter_eval,Barclaycard,BARCLAYCARD       NORTHAMPTON,400,debit,plaid,LOAN_PAYMENTS_CREDIT_CARD_PAYMENT,credit_card_repayment,
v2,train,Cash Convert Ers Yorkshir,Cash Converters Yorksh,106,debit,plaid,BANK_FEES_ATM,pawnbroker,
v2,train,Sports Direct,"Card 74, Sportsdirect.Com",81.98,debit,plaid,GENERAL_MERCHANDISE_SPORTING_GOODS,sportswear,
v2,train,Revolut,Steven Bailey     Sent from Revolut,-20,credit,plaid,TRANSFER_IN_TRANSFER_IN_FROM_APPS,transfer_p2p,Incoming Revolut transfer from a named person.
v2,train,Next Redhouse,NEXT REDHOUSE,3.15,debit,plaid,RENT_AND_UTILITIES_RENT,clothing_general,
v2,train,Monzo,MONZO             Overdraft,40.05,debit,plaid,BANK_PENALTIES_CASH_ADVANCE_AND_OVERDRAFT_FEES,overdraft_arranged,Monzo offers arranged overdrafts; narrative does not evidence an unarranged facility.
v2,train,Thorne Conveinience,Thorne Conveinience,10,debit,plaid,GENERAL_MERCHANDISE_CONVENIENCE_STORES,convenience_store,
v2,iter_eval,Microsoft,CARD PAYMENT TO MICROSOFT*MICROSOFT 36 ON 27-06-2025,1.99,debit,plaid,GENERAL_MERCHANDISE_COMPUTERS_AND_ELECTRONICS,software,
v2,iter_eval,Pamela,Pamela O'Rourke & C Muldoon,2,debit,plaid,GENERAL_MERCHANDISE_FURNITURE_AND_HARDWARE,transfer_p2p,Payment to named individuals.
v2,train,Ben Almaden,"Benalmadena          ))))
EUR                      7.45
Rate                     1.122
Includes Non-sterling transaction fee £0.17",6.63,debit,plaid,BANK_FEES_FOREIGN_TRANSACTION_FEES,foreign_spend_unspecified,
v2,train,Savers Health & Beauty,SAVERS HEALTH & BE,22.41,debit,plaid,MEDICAL_PHARMACIES_AND_SUPPLEMENTS,health_beauty_general,"Savers is a health-and-beauty retailer, not specifically a pharmacy."
v2,train,Savers Health & Beauty,SAVERS HEALTH & BE,52.81,debit,plaid,MEDICAL_PHARMACIES_AND_SUPPLEMENTS,health_beauty_general,"Savers is a health-and-beauty retailer, not specifically a pharmacy."
v2,train,Tiktok,TIKTOK SHOP SELLER  ON 19 JUL CPM,28,debit,plaid,ENTERTAINMENT_OTHER_ENTERTAINMENT,marketplace_general,Narrative explicitly identifies a TikTok Shop purchase.
v2,iter_eval,Betfred Chargeback,BFCB,30,debit,plaid,BANK_FEES_OTHER_BANK_FEES,gambling_betting,
v2,train,Revolut,From Savings - Sent from Revolut,-75,credit,plaid,TRANSFER_IN_SAVINGS,savings_transfer,Narrative explicitly says From Savings.
v2,train,Legal & General,0S10960985 Legal & General,36.03,debit,plaid,GENERAL_SERVICES_CONSULTING_AND_LEGAL_SERVICES,insurance_life,Small recurring Legal & General debit is consistent with life/protection insurance.
v2,train,Cd B&m,3273 27SEP25 CD   B&M 410 -         DARLINGTON        DARLINGTON GB,23.16,debit,plaid,GENERAL_MERCHANDISE_DISCOUNT_STORES,discount_store,
v2,train,Wowcher,WOWCHER,37.09,debit,plaid,GENERAL_MERCHANDISE_ONLINE_MARKETPLACES,marketplace_general,
v2,train,Lbh Council,LBH COUNCIL TAX 39658845,195,debit,plaid,INSURANCE_AND_TAX_TAX_PAYMENT,council_tax,
v2,train,Advantage Finance ,A258106 Advantage Finance,258.37,debit,plaid,LOAN_PAYMENTS_MORTGAGE_AND_AUTO,car_finance_repayment,Advantage Finance is a motor-finance lender.
v2,train,Moriarty Law,CARD PAYMENT TO MORIARTY LAW - VT ON 15-08-2025,10,debit,plaid,GENERAL_SERVICES_CONSULTING_AND_LEGAL_SERVICES,debt_collection,Moriarty Law specialises in debt recovery; payment is more specific than generic legal services.
v2,train,Moneybox,Moneybox,55,debit,plaid,TRANSFER_OUT_INVESTMENT_AND_RETIREMENT_FUNDS,savings_transfer,
v2,train,Hazard Creation,CARD PAYMENT TO PAYPAL *HAZARDCREATION ON 08-10-2025,25,debit,plaid,LOAN_PAYMENTS_CREDIT_CARD_PAYMENT,unclassified_other,Underlying PayPal merchant Hazard Creation could not be resolved confidently.
v2,train,Excelvendingltd,Contactless Payment NYX*ExcelVendingLtd GOOGLE 6482,1.2,debit,plaid,FOOD_RETAIL_OTHER,confectionary,Small vending-machine purchase; product is not specified.
v2,train,Gbp Childcare,To GBP Childcare,20,debit,plaid,CHILDCARE_AND_EDUCATION_CHILDCARE_AND_EDUCATION,childcare,
v2,iter_eval,Ck Sempol Padel,CK SEMPOL PADEL INDONESIA AMOUNT IN IDR 27000.00 ON 31 JUL VISA 21647.833052 FINAL GBP AMOUNT INCLUDES NON-STERLING TRANS FEE £0.04 ,1.29,debit,plaid,TRANSFER_OUT_CHECKING,sports_participation,
v2,train,Zilch,CREDIT FROM ZILCH * INSTALMEN ON 25-07-2025,-1.86,credit,plaid,LOAN_DISBURSEMENTS_OTHER,refund_received,Narrative explicitly says CREDIT FROM ZILCH for an instalment.
v2,train,Parsons London,Parsons           London,14.6,debit,plaid,TRAVEL_AND_TRANSPORTATION_PUBLIC_TRANSIT,restaurant_cafe,Parsons London is a Covent Garden restaurant; native public-transit category is spurious.
v2,train,One Stop,ONE STOP (6413),7.79,debit,plaid,GENERAL_MERCHANDISE_CONVENIENCE_STORES,convenience_store,
v2,train,Polish,Polish My Nails Ltd - Alisha - Nails - SortCodeAccountNumber: 04000461436400,87,debit,plaid,PERSONAL_CARE_HAIR_AND_BEAUTY,beauty_treatment,
v2,train,Bargain World,"BARGAIN WORLD (VIA GOOGLE PAY), ON 03-08-2025",2.5,debit,plaid,GENERAL_MERCHANDISE_DISCOUNT_STORES,discount_store,
v2,train,Startline Motor Finance,STARTLINE MOTOR FI  19239602 DDR Startline Motor Finance,247.78,debit,plaid,LOAN_PAYMENTS_MORTGAGE_AND_AUTO,car_finance_repayment,
v2,train,Apple Store,Contactless Payment APPLE STORE R244 APPLEPAY 2347,309,debit,plaid,GENERAL_MERCHANDISE_COMPUTERS_AND_ELECTRONICS,computing_devices,
v2,iter_eval,Petar Kirilov,Petar Kirilov     no ref,30,debit,plaid,PET_CARE_AND_SUPPLIES_PET_SUPPLIES,transfer_p2p,Payment to a named individual.
v2,train,Capital One,CAPITAL ONE  XXXXXXXXXXXX0365 UNP,-100,credit,plaid,LOAN_DISBURSEMENTS_OTHER,returned_payment,"CAPITAL ONE … UNP. Barclays UNP = unpaid. A £100 credit tagged unpaid is a returned item, not a loan disbursement."
v2,train,BT Group,BT GROUP PLC,-8.99,credit,plaid,INTERESTS_AND_DIVIDENDS_INTERESTS_AND_DIVIDENDS,dividend_received,Credit from BT Group with dividends native category is consistent with a dividend.
v2,iter_eval,Street,0809 18OCT25 C    AUGHTON STREET    WHOLESA           ORMSKIRK GB,16.35,debit,plaid,GENERAL_MERCHANDISE_DISCOUNT_STORES,discount_store,
v2,train,KFC,QUEENSCT-KFC MEADO  ON 05 AUG CPM,3.99,debit,plaid,DINING_DINING,takeaway,
v2,iter_eval,Village News,Village News  ON 27 JUN CPM,6.78,debit,plaid,GENERAL_MERCHANDISE_CONVENIENCE_STORES,convenience_store,
v2,train,BetFred,3170 09AUG25      BETFRED           GIBRALTAR GI,30,debit,plaid,ENTERTAINMENT_CASINOS_AND_GAMBLING,gambling_betting,
v2,iter_eval,VCE,VCE2775821076 SAVE,31.25,debit,plaid,TRANSFER_OUT_SAVINGS,savings_transfer,Narrative and native category indicate a savings transfer.
v2,train,Primark,Primark from Pot Pot,14,debit,plaid,GENERAL_MERCHANDISE_APPAREL_AND_ACCESSORIES,clothing_general,
v2,train,Broadway Casino,Broadway Gaming Lt  ON 19 JUL BCC Broadway Casino,40,debit,plaid,ENTERTAINMENT_CASINOS_AND_GAMBLING,gambling_casino,
v2,train,Portsmouth Water,Direct debit PORTSMOUTH WATER L 308012 11385660,7.59,debit,plaid,RENT_AND_UTILITIES_WATER,water,
v2,iter_eval,Lothian Buses,Lothian Buses Edtrams,6.4,debit,plaid,TRAVEL_AND_TRANSPORTATION_PUBLIC_TRANSIT,public_transport_rail_coach,
v2,train,Marks & Spencer,MARKS&SPENCER PLC  ON 12 SEP CPM M&S,5.36,debit,plaid,GENERAL_MERCHANDISE_DEPARTMENT_STORES,department_store,
v2,iter_eval,Cd Mieszko,6107 02JUN25 CD   MIESZKO           SUDBURYHILL       GREENFORD GB,4.6,debit,plaid,DINING_OTHER_DINING,groceries_specialist,Mieszko is a Polish food shop rather than a restaurant.
v2,iter_eval,Barclays Bank,BARCLAYS UK MTGES 9745870217,641.1,debit,plaid,LOAN_PAYMENTS_MORTGAGE_AND_AUTO,mortgage,
v2,train,Spring Tank Studio,4827 16AUG25 C    SQ *SPRING TANK   STUDIO            SHEFFIELD GB,8,debit,plaid,PERSONAL_CARE_HAIR_AND_BEAUTY,beauty_treatment,
v2,train,Octopus Energy,OCTOPUS ENERGY Y5ZFVGV,40,debit,plaid,RENT_AND_UTILITIES_OTHER_UTILITIES,energy,
v2,train,News Food And,1580 14JUN25 CD   CODSALL NEWS FOOD AND               WOLVERHAMPTO GB,2.1,debit,plaid,FOOD_RETAIL_GROCERIES,convenience_store,
v2,train,easyJet,Easyjet Dnata In Flight G,4.35,debit,plaid,TRAVEL_AND_TRANSPORTATION_FLIGHTS,airport_spend,Narrative identifies an easyJet in-flight purchase rather than the flight fare.
v2,train,YouLend,"YOULEND LIMITED YL60292552OUT 010F274252402V0L 608382     10 28AUG25 07:15 YL60292552OUT,010F274252402V0L",-822,credit,plaid,INCOME_SALARY,loan_disbursement,"Large credit from YouLend is consistent with business-loan proceeds, not a repayment."
v2,train,Usebounce,BOUNCE - USEBOUNCE PORTUGAL AMOUNT IN EUR 6.70 ON 11 OCT VISA 1.14604 FINAL GBP AMOUNT INCLUDES NON-STERLING TRANS FEE £0.17 BOUNCE - USEBOUNCE.COM,6.02,debit,plaid,BANK_PENALTIES_INSUFFICIENT_AND_LATE_FEES,storage,Bounce provides short-term luggage storage.
v2,iter_eval,Cash Convert Ers Thornaby,CASH CONVERTERS TH,19.99,debit,plaid,BANK_FEES_ATM,pawnbroker,
v2,train,Bhm Station Tvm,BHM STATION TVM Bhm Station Tvm,3.9,debit,plaid,TRAVEL_AND_TRANSPORTATION_PUBLIC_TRANSIT,public_transport_rail_coach,
v2,iter_eval,Bushra Khan Save,Bushra khan       Save,20,debit,plaid,TRANSFER_OUT_SAVINGS,transfer_p2p,Named-person bank payment; Save reference alone does not prove an own savings account.
v2,train,Uber,Uber BV,-116.15,credit,plaid,INCOME_OTHER,salary_gig,Uber credit with income native category is consistent with driver earnings.
v2,train,Klarna,Refund from Klarna*klarna,-64.04,credit,plaid,LOAN_DISBURSEMENTS_BNPL_AND_EWA,refund_received,Narrative explicitly states Refund from Klarna.
v2,train,Arriva,8443 21AUG25 CD   ARRIVA THE SHIRES LIMI              THURMASTON GB,2.5,debit,plaid,TRAVEL_AND_TRANSPORTATION_PUBLIC_TRANSIT,public_transport_rail_coach,
v2,iter_eval,The Global,THE GLOBAL NEWSAGE,2.1,debit,plaid,GENERAL_SERVICES_CONSULTING_AND_LEGAL_SERVICES,convenience_store,Merchant appears to be a newsagent/convenience shop; specific purchased item is unknown.
v2,iter_eval,Pets At Home,PETS AT HOME LTD  ON 02 JUN CPM Pets at Home,34,debit,plaid,PET_CARE_AND_SUPPLIES_PET_SUPPLIES,pet_supplies,
v2,iter_eval,Beauty Box,Beauty box,30,debit,plaid,PERSONAL_CARE_HAIR_AND_BEAUTY,beauty_treatment,£30 Beauty Box charge and personal-care native category are most consistent with a salon treatment.
v2,train,Southern Water,SOUTHERN WATER SERWORTHING,68.58,debit,plaid,RENT_AND_UTILITIES_WATER,water,
v2,train,Hpi Instant Ink Uk,HPI INSTANT INK UK,2.78,debit,plaid,GOVERNMENTS_AND_NON_PROFIT_OTHER_GOVERNMENTS_AND_NON_PROFIT,printing_supplies,HP Instant Ink is an ink-supply subscription.
v2,iter_eval,Water World,WATER WORLD       BURTON  SOUTH,9.99,debit,plaid,PERSONAL_CARE_GYMS_AND_FITNESS_CENTERS,days_out,
v2,iter_eval,Go Local Extra,Go Local Extra,17.24,debit,plaid,TRANSFER_OUT_OTHER,convenience_store,Go Local Extra is a convenience-store fascia.
v2,train,Buisness,BUISNESS BOX      PHOINIX HEALTHCARE,649,debit,plaid,MEDICAL_PRIMARY_CARE,health_other,Narrative identifies Phoenix Healthcare; exact medical product or service is unclear.
v2,iter_eval,Cdc Revs,Direct debit CDC REVS 600524 26121204,128,debit,plaid,LOAN_PAYMENTS_STUDENT_LOAN_PAYMENT,council_tax,CDC REVS is a council revenues direct debit; student-loan category is unsupported.
v2,iter_eval,J Pennington,J PENNINGTON 777754 72527868,6,debit,plaid,PET_CARE_AND_SUPPLIES_PET_SUPPLIES,transfer_p2p,Payment to a named individual.
v2,train,Coinbase,Coinbase RTL-UST8Z8ZZ,-97,credit,plaid,TRANSFER_IN_INVESTMENT_AND_RETIREMENT_FUNDS,crypto,
v2,train,Hire Station,8248 24JUN25      HIRE STATION LTD  01159737400 GB    REFUND,-100,credit,plaid,INCOME_SALARY,refund_received,
v2,train,Tina Clark,Payment to TINA CLARK 040003 50901980,20,debit,plaid,DINING_WINE_BARS_AND_PUBS,transfer_p2p,
v2,train,U.S. Post Office,LNK POST OFFICE,10,debit,plaid,TRANSFER_OUT_CHECKS_AND_ATM,cash_withdrawal,"LNK is the UK LINK ATM network. £10 debit at Post Office + ATM native category is cash_withdrawal, not postage."
v2,train,Klarna,Klarna*AliExpress,-6.96,credit,plaid,LOAN_DISBURSEMENTS_BNPL_AND_EWA,refund_received,Klarna credit naming AliExpress is most consistent with a purchase refund.
v2,train,Jhon,JHON CULLEN 500000001611783197,90,debit,plaid,TRANSFER_OUT_OTHER,transfer_p2p,Payment to a named individual.
v2,iter_eval,Trowell S W Costa,TROWELL S/W COSTA,5.7,debit,plaid,FOOD_RETAIL_GROCERIES,restaurant_cafe,
v2,train,The Butterfly Hospice Tru,THE BUTTERFLY HOSP,7.5,debit,plaid,MEDICAL_OTHER_MEDICAL,charitable_donation,
v2,train,Premier Margate Express,Premier Margate Ex,1.65,debit,plaid,MEDICAL_OTHER_MEDICAL,convenience_store,
v2,train,South West Water,SOUTH WEST WATER,124.99,debit,plaid,RENT_AND_UTILITIES_WATER,water,
v2,train,Overdales,OVERDALES,40,debit,plaid,LOAN_PAYMENTS_OTHER,debt_collection,Overdales is a debt-recovery law firm.
v2,train,Primark,PRIMARK 673,36.15,debit,plaid,GENERAL_MERCHANDISE_APPAREL_AND_ACCESSORIES,clothing_general,
v2,train,Rac Motoring,RAC MOTORING SERVI RAC01679462,42.84,debit,plaid,TRAVEL_AND_TRANSPORTATION_AUTOMOTIVE,breakdown_cover,
v2,train,Mieszko Hounslow,Mieszko Hounslow,2.49,debit,plaid,GENERAL_SERVICES_CONSULTING_AND_LEGAL_SERVICES,groceries_specialist,Mieszko is a Polish food shop.
v2,iter_eval,Walker Convenience,WALKER CONVENIENCE,6.19,debit,plaid,GENERAL_MERCHANDISE_CONVENIENCE_STORES,convenience_store,
v2,train,Tst-snowflake Gelato,3692 21AUG25 CD   TST-SNOWFLAKE     GELATO M          GATESHEAD GB,11.9,debit,plaid,DINING_OTHER_DINING,restaurant_cafe,Gelato outlet purchase is best represented as café/dessert dining.
v2,train,Monzo,KRISTIAN KALACHEV SENT FROM MONZO   FP 08/09/25 1804  P3M9GEXIDC7K4TKU0B,-40,credit,plaid,TRANSFER_IN_OTHER,transfer_p2p,Incoming Monzo transfer from a named person.
v2,iter_eval,Littlejohn Ck,LITTLEJOHN CK,123.5,debit,plaid,TRANSFER_OUT_CHECKING,cheque,CK marker and checking native category indicate a cheque transaction.
v2,train,Pandopioneer,PandOPioneer  ON 07 AUG BCC PANDOPIONEER,93,debit,plaid,RENT_AND_UTILITIES_INTERNET_AND_CABLE,unclassified_other,PandoPioneer could not be resolved confidently; internet native category alone is insufficient.
v2,train,Pokerstars,POKERSTARS,14.4,debit,plaid,ENTERTAINMENT_CASINOS_AND_GAMBLING,gambling_casino,
v2,train,Zilch,ZILCH BP PULSE HAR,-41.47,credit,plaid,LOAN_DISBURSEMENTS_OTHER,refund_received,Zilch credit naming BP Pulse is most consistent with a purchase refund.
v2,iter_eval,Cash Convert Ers Jarrow,CASH CONVERTERS JA,32.5,debit,plaid,BANK_FEES_ATM,pawnbroker,
v2,train,Capital One,CAPITAL ONE PI1310923834306410,22,debit,plaid,LOAN_PAYMENTS_CREDIT_CARD_PAYMENT,credit_card_repayment,
v2,train,Monzo,MONZO             Overdraft,149.66,debit,plaid,BANK_PENALTIES_CASH_ADVANCE_AND_OVERDRAFT_FEES,overdraft_arranged,Monzo offers arranged overdrafts; narrative does not evidence an unarranged facility.
v2,iter_eval,J Nainu,J NAINU 200000001601192044,30,debit,plaid,TRANSFER_OUT_INVESTMENT_AND_RETIREMENT_FUNDS,transfer_p2p,Payment to a named individual.
v2,train,Lloyds Bank,CLUB LLOYDS FEE,5,debit,plaid,BANK_FEES_OTHER_BANK_FEES,account_charge,
v2,train,Klarna,"DIRECT DEBIT REVERSAL REF 5F7KDX3-KLARNA, MANDATE NO 0023",-14.86,credit,plaid,LOAN_DISBURSEMENTS_BNPL_AND_EWA,returned_payment,Narrative explicitly says DIRECT DEBIT REVERSAL.
v2,train,Zilch,ZILCH INSTALMENT  ON 25 JUL BCC,-0.18,credit,plaid,LOAN_DISBURSEMENTS_STUDENT,refund_received,Zilch instalment credit is most consistent with an instalment refund.
v2,train,Cd Pdsa Aston Pet Hospita,6861 02JUL25 CD   PDSA ASTON PET    HOSPITA           BIRMINGHAM GB,30,debit,plaid,PET_CARE_AND_SUPPLIES_VETERINARY_SERVICES,veterinary,
v2,iter_eval,Stanif Client Ac,"STANIF CLIENT AC TSP - TAX REFUND RP4659982286918500 TSP - TAX REFUND,RP4659982286918500",-3035.38,credit,plaid,TAX_REFUND_TAX_REFUND,tax_refund,
v2,train,Argos,Argos  ON 19 JUL CPM ARGOS,53.94,debit,plaid,GENERAL_MERCHANDISE_DEPARTMENT_STORES,catalogue_retail,
v2,train,Aafes Kosovo Cmlt Bran,KOSOVO CMLT_BRANCH USA AMOUNT IN USD 9.79 ON 26 JUN VISA 1.358801 FINAL GBP AMOUNT INCLUDES NON-STERLING TRANS FEE £0.22 AAFES KOSOVO CMLT BRAN,7.42,debit,plaid,BANK_FEES_OTHER_BANK_FEES,foreign_spend_unspecified,
v2,train,Clearpay.co.u,8044 19AUG25  D   CLEARPAY          CLEARPAY.CO.U GB  REFUND,-68.75,credit,plaid,LOAN_DISBURSEMENTS_OTHER,refund_received,Narrative explicitly states REFUND.
v2,train,Zilch,ZILCH Vinted  ON 22 JUL BCC ZILCH VINTED,-7.36,credit,plaid,LOAN_DISBURSEMENTS_STUDENT,refund_received,Zilch credit naming Vinted is most consistent with a purchase refund.
v2,train,Monzo,MONZO             Overdraft,290.96,debit,plaid,BANK_PENALTIES_CASH_ADVANCE_AND_OVERDRAFT_FEES,overdraft_arranged,Monzo offers arranged overdrafts; narrative does not evidence an unarranged facility.
v2,train,Super Sam Xl LTD,Super Sam Xl LTD,10.99,debit,plaid,GENERAL_MERCHANDISE_SUPERSTORES,groceries_specialist,Super Sam XL appears to be a local superstore/convenience retailer.
v2,train,Apetito,"DIRECT DEBIT PAYMENT TO APETITO LIMITED REF SAP - 4401587, MANDATE NO 0030",577.2,debit,plaid,PET_CARE_AND_SUPPLIES_PET_SUPPLIES,catering,Large direct debit to Apetito is consistent with its prepared-meal catering service.
v2,iter_eval,Wilco Motor Spares,9410 16JUL25 CD   WILCO MOTOR SPARES) 1               BURY ST EDMUN GB,78.75,debit,plaid,TRAVEL_AND_TRANSPORTATION_AUTOMOTIVE,spares_repairs,
v2,train,Specsavers,SPECSAVERS 0154600,27.6,debit,plaid,MEDICAL_DENTAL_AND_VISION,optician,
v2,train,Cash Machine,E02563300000000 Cash Machine,40,debit,plaid,TRANSFER_OUT_CHECKS_AND_ATM,cash_withdrawal,
v2,train,Link Financial,"DIRECT DEBIT PAYMENT TO LINK FINANCIAL REF 01LC 3505746, MANDATE NO 0083",10,debit,plaid,LOAN_PAYMENTS_OTHER,debt_collection,Link Financial is a debt purchaser and collection company.
v2,train,Cd Aberdeen Berryden,6462 29JUN25 CD   ABERDEEN BERRYDEN SPOR              03439092793 GB,17.99,debit,plaid,GENERAL_MERCHANDISE_SPORTING_GOODS,sportswear,Descriptor is Sports Direct Aberdeen Berryden (phone 0343 909 2793). The same gold file already labels Sports Direct as sportswear.
v2,train,The Works,Contactless Payment THE WORKS APPLEPAY 0236,5.5,debit,plaid,GENERAL_MERCHANDISE_OTHER_GENERAL_MERCHANDISE,books,
v2,train,Dvla-wa,DVLA-WA68UUE  000000000053173293 DDR,17.06,debit,plaid,GOVERNMENTS_AND_NON_PROFIT_GOVERNMENTS_AND_NON_PROFIT,road_tax,
v2,train,Sofology Limited Cd,Sofology Limited CD 7217,35,debit,plaid,FOOD_RETAIL_OTHER,home_accessories,
v2,train,BPO Collections,BPO COLLECTIONS LTFIRST PAYMENT,35,debit,plaid,LOAN_PAYMENTS_OTHER,debt_collection,
v2,train,K R Woods Aha,K R WOODS         AHA               VIA MOBILE - PYMT FP 27/07/25 10    35202851455985000N,20,debit,plaid,RENT_AND_UTILITIES_GAS_AND_ELECTRICITY,transfer_p2p,Payment to a named individual.
v2,train,Nds Tr & Co,PPOINT_*NDS TR & C,3.3,debit,plaid,TRANSFER_OUT_OTHER,unclassified_other,NDS TR & Co descriptor is too truncated to classify reliably.
v2,iter_eval,Screwfix,SCREWFIX DIR LTD,7.49,debit,plaid,GENERAL_MERCHANDISE_FURNITURE_AND_HARDWARE,tools,
v2,train,Coinbase,COINBASE          RTL-MPXR32AF      FP 19/07/25 1934  996A8FBC2E78420B8D,-35,credit,plaid,TRANSFER_IN_INVESTMENT_AND_RETIREMENT_FUNDS,crypto,
v2,train,Klarna,Klarna*Cleens     London,-159.38,credit,plaid,LOAN_DISBURSEMENTS_BNPL_AND_EWA,refund_received,Klarna credit naming an underlying retailer is most consistent with a purchase refund.
v2,train,Revolut,Henry Bone Sent from Revolut,-5,credit,plaid,INCOME_SALARY,transfer_p2p,
v2,train,Cancer Research UK,CANCER RESEARCH UK,8,debit,plaid,GOVERNMENTS_AND_NON_PROFIT_DONATIONS,charitable_donation,
v2,iter_eval,HP,HPI INSTANT INK UK,13.49,debit,plaid,GOVERNMENTS_AND_NON_PROFIT_OTHER_GOVERNMENTS_AND_NON_PROFIT,printing_supplies,HP Instant Ink is an ink-supply subscription.
v2,train,Poundland,Poundland,3,debit,plaid,GENERAL_MERCHANDISE_OTHER_GENERAL_MERCHANDISE,discount_store,
v2,train,Revolut,James Gasarah  Sent from Revolut BGC,-20,credit,plaid,TRANSFER_IN_TRANSFER_IN_FROM_APPS,transfer_p2p,
v2,train,The Wharf Postoffice,Contactless Payment THE WHARF POSTOFFICE A APPLEPAY 0063,24.98,debit,plaid,DINING_DINING,delivery_courier,Post Office contactless purchase is most consistent with postal/delivery services.
v2,train,Northern,NORTHERN SKY MOTOR  KELMEC LTD BBP,503.99,debit,plaid,TRAVEL_AND_TRANSPORTATION_AUTOMOTIVE,vehicle_maintenance,Motor-business payment lacks enough detail to distinguish servicing from other maintenance.
v2,iter_eval,Deliveroo,Deliveroo,14.56,debit,plaid,DINING_DINING,takeaway,
v2,iter_eval,Dvla Vehicle,0114 31JUL25      DVLA VEHICLE TAX  SWANSEA GB,265,debit,plaid,GOVERNMENTS_AND_NON_PROFIT_GOVERNMENTS_AND_NON_PROFIT,road_tax,
v2,train,Octopus Energy,OCTOPUS,127.02,debit,plaid,RENT_AND_UTILITIES_GAS_AND_ELECTRICITY,energy,
v2,train,Alphera Financial Services,"DIRECT DEBIT PAYMENT TO ALPHERA FINANCIAL REF 3796179/111133346, MANDATE NO 0022",321.58,debit,plaid,LOAN_PAYMENTS_MORTGAGE_AND_AUTO,car_finance_repayment,
v2,train,Hollywood Bowl,NYA*Hollywood Bowl,10,debit,plaid,PERSONAL_CARE_GYMS_AND_FITNESS_CENTERS,days_out,Hollywood Bowl is a leisure attraction.
v2,iter_eval,Zurich Assurance,ZURICH ASSURANCE L,25.44,debit,plaid,INSURANCE_AND_TAX_INSURANCE,insurance_life,Small recurring Zurich Assurance debit is consistent with life/protection insurance.
v2,iter_eval,Aral Tankstelle,Aral Tankstelle 181303,5.96,debit,plaid,BANK_PENALTIES_CASH_ADVANCE_AND_OVERDRAFT_FEES,fuel,
v2,train,Xplore Dundee,Visa purchase XPLORE DUNDEE (TAYSIDE GOOGLE 6482,4.65,debit,plaid,TRAVEL_AND_TRANSPORTATION_PUBLIC_TRANSIT,public_transport_rail_coach,
v2,iter_eval,Jack's,Jack's Holiday Money pot transfer,-10,credit,plaid,TRANSFER_IN_SAVINGS,savings_transfer,
v2,iter_eval,Hmrc Shipley,HMRC SHIPLEY      475PL010340582509 FP 27/08/25 30    41023310987180000N,50,debit,plaid,INSURANCE_AND_TAX_TAX_PAYMENT,tax_payment,
v2,iter_eval,Bates House & Gard,BATES HOUSE & GARD,70,debit,plaid,RENT_AND_UTILITIES_RENT,garden,Bates House & Garden is a house-and-garden retailer.
v2,iter_eval,Mr Simms Olde Sweet Shopp,Contactless Payment MR SIMMS OLDE SWEET SHOPP APPLEPAY 5564,8.93,debit,plaid,DINING_OTHER_DINING,confectionary,
v2,iter_eval,Assurant Auk,ASSURANT AUK00000282001,11.99,debit,plaid,LOAN_PAYMENTS_STUDENT_LOAN_PAYMENT,insurance_other,Assurant commonly provides device/protection insurance; no more specific insurance leaf applies.
v2,train,KFC,KFC(GB)LTD-DISBURS182 KFC GB LTD    FP 29/08/25 0520  09030326874022000N182 KFC GB LTD,-427.13,credit,plaid,INCOME_SALARY,salary,Credit is identified as salary and narrative says KFC disbursement.
v2,iter_eval,Oasis Tanning Centre,OASIS TANNING CENT,20,debit,plaid,PERSONAL_CARE_OTHER_PERSONAL_CARE,beauty_treatment,
v2,train,Broadway Hotel,Broadway Hotel,1.35,debit,plaid,TRAVEL_AND_TRANSPORTATION_LODGING,accommodation,
v2,train,Motor Fuel Limited Bp Wes,MOTOR FUEL LIMITED,40.99,debit,plaid,TRAVEL_AND_TRANSPORTATION_AUTOMOTIVE,fuel,
v2,iter_eval,Microsoft,PAYPAL *MICROSOFT CD 7903,9.99,debit,plaid,GENERAL_MERCHANDISE_COMPUTERS_AND_ELECTRONICS,software,
v2,train,Gentoo Group Limit,GENTOO GROUP LIMIT  ON 21 AUG BCC,165,debit,plaid,BANK_PENALTIES_INSUFFICIENT_AND_LATE_FEES,rent,
v2,train,O2,O2 UK PAY AND GO,20,debit,plaid,RENT_AND_UTILITIES_TELECOMMUNICATIONS,mobile_phone_contract,
v2,train,Klarna,7208 07AUG25      KLARNA*KLARNA     LONDON GB         REFUND,-19.33,credit,plaid,LOAN_DISBURSEMENTS_BNPL_AND_EWA,refund_received,Narrative explicitly states REFUND.
v2,train,Ivanhoe Wmc,SumUp  *Ivanhoe WM,2.9,debit,plaid,GENERAL_MERCHANDISE_APPAREL_AND_ACCESSORIES,pub_bar,Ivanhoe WMC is most plausibly a working men's club bar purchase.
v2,iter_eval,TV LICENSING,"TV LICENCE MBP
TV LICENCE MBP - SortCodeAccountNumber: 60800930287634",34.9,debit,plaid,ENTERTAINMENT_OTHER_ENTERTAINMENT,tv_licence,
v2,iter_eval,Mcparland Pharmacies,McParland Pharmacies,3,debit,plaid,MEDICAL_PHARMACIES_AND_SUPPLEMENTS,pharmacy,
v2,train,Ladbrokes,Ladbrokes,10,debit,plaid,ENTERTAINMENT_CASINOS_AND_GAMBLING,gambling_betting,
v2,train,Bandoo,Bandoo*CK,40.7,debit,plaid,TRANSFER_OUT_CHECKING,health_beauty_general,Bandoo is ionic foot-detox retail; health_beauty_general.
v2,train,Bullsmoor Express,Bullsmoor Express  ON 20 JUL CPM BULLSMOOR EXPRESS,2.88,debit,plaid,TRAVEL_AND_TRANSPORTATION_OTHER_TRAVEL_AND_TRANSPORTATION,convenience_store,
v2,train,Completesave,Visa purchase WWW.COMPLETESAVE.CO.UK 5869,18,debit,plaid,LOAN_PAYMENTS_PERSONAL_LOAN_PAYMENT,memberships,Complete Savings is a paid cashback-membership service.
v2,iter_eval,National Health Service,Direct debit NHSBSA PPC 2 607080 10027823,11.45,debit,plaid,MEDICAL_OTHER_MEDICAL,pharmacy,NHSBSA PPC is a prescription prepayment certificate.
v2,train,City Ink Refills,CITY INK REFILLS  COVENTRY,2.49,debit,plaid,LOAN_PAYMENTS_STUDENT_LOAN_PAYMENT,printing_supplies,City Ink Refills is explicitly an ink-supplies merchant.
v2,train,Nike,ZILCH NIKE Retail,-20.99,credit,plaid,LOAN_DISBURSEMENTS_MORTGAGE_AND_AUTO,refund_received,Zilch credit naming Nike is most consistent with a purchase refund.
v2,train,Nuffield Health,NUFFIELD HEALTH  142030320 DDR Nuffield Health,61.9,debit,plaid,MEDICAL_OTHER_MEDICAL,gym_fitness,
v2,train,Uber,Uber BV,-259.96,credit,plaid,INCOME_OTHER,salary_gig,Large Uber credit with income native category is consistent with driver earnings.
v2,iter_eval,The Millennium,SumUp  *THE MILLENNIUM Sumup *the Millennium,1.5,debit,plaid,TRAVEL_AND_TRANSPORTATION_LODGING,pub_bar,Small SumUp purchase at The Millennium is most consistent with pub/bar spend; descriptor is ambiguous.
v2,iter_eval,Protect Your Bubble,PROTECT YOUR BUBBL AUK00000238998,7.59,debit,plaid,INSURANCE_AND_TAX_INSURANCE,insurance_other,Protect Your Bubble provides gadget/device insurance.
v2,train,Filler Warehouse,FILLER WAREHOUSE LTD CD 1760,78.71,debit,plaid,GENERAL_SERVICES_OTHER_SERVICES,health_beauty_general,Filler Warehouse sells professional aesthetic/beauty products.
v2,iter_eval,Places For People Leisure,PLACES FOR PEOPLE,38,debit,plaid,CHILDCARE_AND_EDUCATION_CHILDCARE_AND_EDUCATION,gym_fitness,Places Leisure payment is consistent with a leisure/gym membership.
v2,train,easyJet,EASYJET,48,debit,plaid,TRAVEL_AND_TRANSPORTATION_FLIGHTS,flights,
v2,iter_eval,Deliveroo,DELIVEROO,17.01,debit,plaid,DINING_DINING,takeaway,
v2,iter_eval,Voxi,WWW.VOXI.CO.UK  ON 25 JUN BCC,10,debit,plaid,RENT_AND_UTILITIES_TELECOMMUNICATIONS,mobile_phone_contract,
v2,train,Octopus Energy,OCTOPUS ENERGY LTD,4,debit,plaid,RENT_AND_UTILITIES_OTHER_UTILITIES,energy,
v2,train,DPAS,DPAS LIMITED,19.85,debit,plaid,MEDICAL_DENTAL_AND_VISION,dentist,DPAS administers dental payment plans.
v2,train,Klarna,KLARNA FSUK,7.83,debit,plaid,LOAN_PAYMENTS_BNPL_AND_EWA,bnpl,
v2,train,KFC,KFC(GB)LTD-DISBURS195 KFC GB LTD    FP 30/06/25 0307  16030726784522000N195 KFC GB LTD,-619.52,credit,plaid,INCOME_SALARY,salary,Credit is identified as salary and narrative says KFC disbursement.
v2,train,Pc Staysure,PC/STAYSURE  04AEOV6294/011/114 DDR,12.72,debit,plaid,TRAVEL_AND_TRANSPORTATION_LODGING,insurance_travel,
v2,iter_eval,Council,Returned direct debit COUNCIL TAX 074456 13047253,-24.7,credit,plaid,TAX_REFUND_TAX_REFUND,returned_payment,
v2,train,Lbth Council,LBTH COUNCIL TAX 01      1000948927,130,debit,plaid,INSURANCE_AND_TAX_TAX_PAYMENT,council_tax,
v2,train,HMRC,HMRC NDDS 108602902772365089,28,debit,plaid,INSURANCE_AND_TAX_TAX_PAYMENT,tax_payment,
v2,train,Preen And Clean Hu,PREEN AND CLEAN HU 600000001598251917,12,debit,plaid,PERSONAL_CARE_OTHER_PERSONAL_CARE,cleaning_services,
v2,train,Legal & General,L&g Assce Soc Ltd Legal & General,20.2,debit,plaid,GENERAL_SERVICES_CONSULTING_AND_LEGAL_SERVICES,insurance_life,Small recurring Legal & General debit is consistent with life/protection insurance.
v2,iter_eval,Reading Transport Limited,Contactless Payment READING TRANSPORT LIMITED,4.3,debit,plaid,TRAVEL_AND_TRANSPORTATION_PUBLIC_TRANSIT,public_transport_rail_coach,
v2,train,Serco Leisure Oper,SERCO LEISURE OPER A/HW111759,13.75,debit,plaid,ENTERTAINMENT_EVENTS_AND_TICKETS,gym_fitness,Serco Leisure recurring payment is consistent with a leisure/gym membership.
v2,train,Wowcher,Wowcher,22.99,debit,plaid,GENERAL_MERCHANDISE_ONLINE_MARKETPLACES,marketplace_general,Wowcher is a deals marketplace; the purchase is not specifically an experience.
v2,iter_eval,The Beach Hut,The Beach Hut,2,debit,plaid,TRAVEL_AND_TRANSPORTATION_LODGING,restaurant_cafe,Small purchase at The Beach Hut is most consistent with a café.
v2,train,Intrum Uk,INTRUM UK CS/2616501,1,debit,plaid,LOAN_PAYMENTS_OTHER,debt_collection,
v2,train,Uber,9742 20AUG25      UBER   *TRIP      HELP.UBER.COM GB,11.44,debit,plaid,TRAVEL_AND_TRANSPORTATION_TAXIS_AND_RIDE_SHARES,taxi_rideshare,
v2,iter_eval,Cofee Marrakech,COFEE MARRAKECH  ON 06 AUG CPM,8,debit,plaid,BANK_FEES_ATM,restaurant_cafe,
v2,train,Translink,"TRANSLINK FARE CHARGE (VIA APPLE PAY), ON 06-08-2025",2.3,debit,plaid,TRAVEL_AND_TRANSPORTATION_PUBLIC_TRANSIT,public_transport_rail_coach,
v2,iter_eval,Starbucks,STARBUCKS         LONDON,5.55,debit,plaid,DINING_COFFEE,restaurant_cafe,
v2,train,Window Cleaner,WINDOW CLEANER 200000001637939848,8,debit,plaid,PERSONAL_CARE_OTHER_PERSONAL_CARE,cleaning_services,
v2,train,Uber,ZILCH UBER * EATS  ON 19 JUL BCC ZILCH UBER   * EATS PE,-4.31,credit,plaid,LOAN_DISBURSEMENTS_STUDENT,refund_received,Zilch Uber Eats credit. Every other Zilch credit in the shard was labelled refund_received. takeaway is spend.
v2,train,Canterbury City Intern,Visa purchase CANTERBURY CITY INTERN,400,debit,plaid,TRAVEL_AND_TRANSPORTATION_FLIGHTS,education_general,Canterbury City International is associated with education; £400 is consistent with an education payment.
v2,iter_eval,Svl Leisure Limite,Svl Leisure Limite,8.8,debit,plaid,ENTERTAINMENT_EVENTS_AND_TICKETS,entertainment_other,
v2,train,Atkins School Of M,ATKINS SCHOOL OF M 100000001629078372,96,debit,plaid,CHILDCARE_AND_EDUCATION_CHILDCARE_AND_EDUCATION,driving_tuition,Atkins School of M is a truncated School of Motoring descriptor.
v2,train,AliExpress,"CARD PAYMENT TO ALIEXPRESS.COM ,894.21 LKR, RATE 0.0024/GBP ON 27-07-2025",2.21,debit,plaid,GENERAL_MERCHANDISE_ONLINE_MARKETPLACES,marketplace_general,
v2,train,Cash Convert Ers Byker,CASH CONVERTERS BY,55.25,debit,plaid,BANK_FEES_ATM,pawnbroker,
v2,iter_eval,Electronic First Fz Ll,Electronic First F U.A.EMIRATES ON 28 JUL BCC ELECTRONIC FIRST FZ LL,11.76,debit,plaid,TRAVEL_AND_TRANSPORTATION_FLIGHTS,gaming_console_pc,Electronic First sells digital game keys and gaming subscriptions.
v2,train,Council Tax,REVERSAL OF 28-07 COUNCIL TAX,-95,credit,plaid,TAX_REFUND_TAX_REFUND,returned_payment,Narrative explicitly says REVERSAL of council-tax payment.
v2,train,Toolstation,TOOLSTATION UK  ON 22 SEP BCC,11.68,debit,plaid,GENERAL_MERCHANDISE_FURNITURE_AND_HARDWARE,tools,
v2,train,Zilch,ZILCH INSTALMENT  ON 25 JUL BCC,-16.48,credit,plaid,LOAN_DISBURSEMENTS_STUDENT,refund_received,Zilch instalment credit is most consistent with an instalment refund.
v2,iter_eval,Wizz Air,INT'L 0064837503  Wizz Air MalMI7RKFValetta           EUR 271.97        @1.1453 Visa Rate,237.46,debit,plaid,TRAVEL_AND_TRANSPORTATION_FLIGHTS,flights,
v2,iter_eval,Jsm Vending,Jsm Vending,1.1,debit,plaid,FOOD_RETAIL_OTHER,confectionary,Small vending-machine purchase; product is not specified.
v2,train,Lowtownstore Limited,LOWTOWNSTORE LIMIT,6.98,debit,plaid,INTEREST_PAYMENTS_INTEREST_CHARGED,retail_small_independent,Lowtownstore is a retail merchant; native interest category is spurious.
v2,train,Savers Health & Be,SAVERS HEALTH & BEMIDDLESEX,21.01,debit,plaid,MEDICAL_PHARMACIES_AND_SUPPLEMENTS,health_beauty_general,"Savers is a health-and-beauty retailer, not specifically a pharmacy."
v2,train,Monzo,MONZO             Overdraft,291.87,debit,plaid,BANK_PENALTIES_CASH_ADVANCE_AND_OVERDRAFT_FEES,overdraft_arranged,Monzo offers arranged overdrafts; narrative does not evidence an unarranged facility.
v2,train,Oculus,Oculus,7.99,debit,plaid,GENERAL_MERCHANDISE_COMPUTERS_AND_ELECTRONICS,gaming_console_pc,
v2,train,Virgin Media,Virgin Media,30,debit,plaid,RENT_AND_UTILITIES_INTERNET_AND_CABLE,broadband_tv_phone,
v2,iter_eval,PureGym,Pure Gym Ltd PureGym,25.99,debit,plaid,PERSONAL_CARE_GYMS_AND_FITNESS_CENTERS,gym_fitness,
v2,train,The Lexington,The Lexington,2,debit,plaid,GENERAL_SERVICES_CONSULTING_AND_LEGAL_SERVICES,pub_bar,The Lexington is a pub/live-music venue; small amount is consistent with bar spend.
v2,iter_eval,Susan Jones,SUSAN JONES  00 FT,20,debit,plaid,MEDICAL_PRIMARY_CARE,transfer_p2p,Payment to a named individual.
v2,train,easyJet,EASYJET IN F AMOUNT IN EUR 9.75 ON 04 AUG VISA 1.14353 FINAL GBP AMOUNT INCLUDES NON-STERLING TRANS FEE £0.26 CPM EASYJET DNATA IN FLIGH,8.79,debit,plaid,TRAVEL_AND_TRANSPORTATION_FLIGHTS,airport_spend,Narrative identifies an easyJet in-flight purchase rather than the flight fare.
v2,train,Monzo,"PAUL FAKIR SENT FROM MONZO PAEEF6E2TH5WA4QSNP SENT FROM MONZO,PAEEF6E2TH5WA4QSNP",-30,credit,plaid,TRANSFER_IN_OTHER,transfer_p2p,
v2,train,Marks & Spencer,Visa purchase MARKS&SPENCER PLC 2025-09-28,100.1,debit,plaid,GENERAL_MERCHANDISE_DEPARTMENT_STORES,department_store,
v2,train,Cd Evology,8384 08OCT25 CD   EVOLOGY KIOSK     CHORLEY GB,3.4,debit,plaid,PERSONAL_CARE_OTHER_PERSONAL_CARE,car_parking,Evology is a parking payment service; kiosk descriptor and Chorley address support parking.
v2,iter_eval,Elios,Elios  ON 06 SEP CPM ELIOS,10.8,debit,plaid,DINING_DINING,restaurant_cafe,
v2,train,Clearpay,1425 23SEP25      CLEARPAY          MANCHESTER GB,8.87,debit,plaid,LOAN_PAYMENTS_BNPL_AND_EWA,bnpl,
v2,train,Shemed,Shemed,99,debit,plaid,MEDICAL_PRIMARY_CARE,weight_loss,"SheMed is a clinician-led GLP-1 weight-loss programme (Wegovy/Mounjaro), advertised around £59–£99."
v2,iter_eval,Cd The Harbour Inn Gar,9047 24JUN25 CD   THE HARBOUR INN   GARLIESTON GB,115.7,debit,plaid,TRAVEL_AND_TRANSPORTATION_LODGING,accommodation,
v2,train,Capital One,Direct debit CAPITAL ONE 400250 81077082,47.78,debit,plaid,LOAN_PAYMENTS_CREDIT_CARD_PAYMENT,credit_card_repayment,
v2,train,Usebounce,BOUNCE - USEBOUNCE,19.1,debit,plaid,BANK_PENALTIES_INSUFFICIENT_AND_LATE_FEES,storage,Bounce provides short-term luggage storage.
v2,train,Intrum Uk,INTRUM UK,5,debit,plaid,LOAN_PAYMENTS_OTHER,debt_collection,
v2,train,Mill View Primary Scho,Mill View Primary  ON 23 SEP BCC MILL VIEW PRIMARY SCHO,8.25,debit,plaid,CHILDCARE_AND_EDUCATION_CHILDCARE_AND_EDUCATION,school_fees,
v2,iter_eval,Utility Warehouse,UTILITY WAREHOUSE  2050221/2050221/23 DDR Utility Warehouse,81,debit,plaid,RENT_AND_UTILITIES_OTHER_UTILITIES,utility_other,
v2,train,Uber,UBR* PENDING.UBER.,24.96,debit,plaid,TRAVEL_AND_TRANSPORTATION_TAXIS_AND_RIDE_SHARES,taxi_rideshare,
v2,train,Legal & General,L&G INSURANCE MI  0251618617-250929 DDR Legal & General,6.08,debit,plaid,GENERAL_SERVICES_CONSULTING_AND_LEGAL_SERVICES,insurance_life,Small recurring Legal & General debit is consistent with life/protection insurance.
v2,train,Cash Convert Ers Yorkshir,Cash Converters Yorksh,26,debit,plaid,BANK_FEES_ATM,pawnbroker,
v2,train,Octopus Energy,OCTOPUS ENERGY,150,debit,plaid,RENT_AND_UTILITIES_OTHER_UTILITIES,energy,
v2,train,Rcn,RCN 0000569409-0011025,34.14,debit,plaid,RENT_AND_UTILITIES_INTERNET_AND_CABLE,trade_union,RCN is the Royal College of Nursing professional body and trade union.
v2,train,Bumble,PAYPAL *BUMBLE,17.14,debit,plaid,PERSONAL_CARE_OTHER_PERSONAL_CARE,online_dating,
v2,train,Mandy Prime,Payment to MANDY PRIME 110575 12483069,44.14,debit,plaid,TRANSFER_OUT_OTHER,transfer_p2p,
v2,iter_eval,United Utilities,UNITED UTILITIES W 4319851435,44.05,debit,plaid,RENT_AND_UTILITIES_WATER,water,
v2,iter_eval,Nutmeg,NUTMEG  29HS8V3 DDR Nutmeg,35,debit,plaid,TRANSFER_OUT_INVESTMENT_AND_RETIREMENT_FUNDS,investment_general,
v2,iter_eval,Areas S.a.u.,AREAS S.A.U. SPAIN AMOUNT IN EUR 3.60 ON 02 AUG VISA 1.145161 FINAL GBP AMOUNT INCLUDES NON-STERLING TRANS FEE £0.09 ,3.23,debit,plaid,BANK_FEES_OTHER_BANK_FEES,foreign_spend_unspecified,
v2,train,Klarna,Klarna*boohoo.co.u  ON 13 JUL BCC KLARNA*BOOHOO.CO.UK,-3.99,credit,plaid,LOAN_DISBURSEMENTS_BNPL_AND_EWA,refund_received,Klarna credit naming Boohoo is most consistent with a purchase refund.
v2,train,Activities Away,ACTIVITIES AWAY  ON 11 AUG BCC,5,debit,plaid,ENTERTAINMENT_EVENTS_AND_TICKETS,experience_days,Activities Away provides bookable outdoor and water-sports experiences.
v2,train,Intuit Limited,INTUIT LIMITED    00017NGD6S677-0001,39.6,debit,plaid,GENERAL_SERVICES_ACCOUNTING_AND_FINANCIAL_SERVICES,software,
v2,iter_eval,Diamond Discounts An,Diamond Discounts an )))),4.2,debit,plaid,INTEREST_PAYMENTS_INTEREST_CHARGED,discount_store,Merchant name indicates a discount retailer; interest native category is spurious.
v2,train,Post And Parcel,CARD PAYMENT TO POST AND PARCEL 3 BIRM ON 09-08-2025,204,debit,plaid,GENERAL_SERVICES_OTHER_SERVICES,delivery_courier,
v2,iter_eval,Victoria Smk,Victoria Smk L,15.74,debit,plaid,GENERAL_MERCHANDISE_FURNITURE_AND_HARDWARE,unclassified_other,Victoria SMK descriptor could not be resolved confidently.
v2,train,Legal & General,L&G INSURANCE MI  0225612118-251003 DDR Legal & General,8.85,debit,plaid,GENERAL_SERVICES_CONSULTING_AND_LEGAL_SERVICES,insurance_life,Small recurring Legal & General debit is consistent with life/protection insurance.
v2,iter_eval,Keys Totton,KEYS TOTTON  ON 06 JUL CPM 23375 - KEYS TOTTON -,6.57,debit,plaid,TRAVEL_AND_TRANSPORTATION_OTHER_TRAVEL_AND_TRANSPORTATION,pub_bar,Keys Totton is a public house; fuel inference is unsupported.
v2,train,Three Moto,Three  Moto,17.65,debit,plaid,GENERAL_SERVICES_OTHER_SERVICES,mobile_phone_contract,
v2,iter_eval,Jack's,Jack's Savings pot transfer,-10,credit,plaid,TRANSFER_IN_SAVINGS,savings_transfer,
v2,train,Revolut,Daria Czekajska   To Revolut -YGQM-,200,debit,plaid,TRANSFER_OUT_TRANSFER_OUT_FROM_APPS,transfer_own_account,
v2,iter_eval,H K Discount Store,H K DISCOUNT STORE,1,debit,plaid,GENERAL_MERCHANDISE_DISCOUNT_STORES,discount_store,
v2,train,Dvla-vn,DVLA-VN65DLO  000000000066882672 DDR,1.75,debit,plaid,GOVERNMENTS_AND_NON_PROFIT_GOVERNMENTS_AND_NON_PROFIT,road_tax,
v2,train,Easy Saver,TO Easy Saver 772208-30979568,350,debit,plaid,TRANSFER_OUT_SAVINGS,savings_transfer,
v2,iter_eval,Sky Tv,SKY TV  ON 19 AUG BCC,26.57,debit,plaid,RENT_AND_UTILITIES_INTERNET_AND_CABLE,broadband_tv_phone,
v2,train,Uber,"CHARLIE PERROW UBER       27JUL25 93781413527410796 UBER       27JUL25,93781413527410796",-30,credit,plaid,INCOME_OTHER,transfer_p2p,"Credit identifies a named individual with Uber as the reference, not a merchant card transaction."
v2,train,Willowbrook Hospice,Willowbrook Hospice,3,debit,plaid,MEDICAL_OTHER_MEDICAL,charitable_donation,
v2,train,Council Tax,REVERSAL OF 30-06 COUNCIL TAX,-116,credit,plaid,TAX_REFUND_TAX_REFUND,returned_payment,Narrative explicitly says REVERSAL of council-tax payment.
v2,train,Zilch,Visa credit ZILCH WWW.DUNELONDON.COM,-49.27,credit,plaid,LOAN_DISBURSEMENTS_CASH_ADVANCES,refund_received,Visa credit from Zilch names Dune London and is most consistent with a purchase refund.
v2,iter_eval,Ryanair,Ryanair,91.57,debit,plaid,TRAVEL_AND_TRANSPORTATION_FLIGHTS,flights,
v2,iter_eval,Nrhealthandfitness,"NYX*NRHEALTHANDFITNESS (VIA APPLE PAY), ON 05-07-2025",2.5,debit,plaid,PERSONAL_CARE_GYMS_AND_FITNESS_CENTERS,gym_fitness,
v2,train,Savers Health & Beauty,Contactless Payment SAVERS HEALTH & BEAUTY APPLEPAY 8561,31.92,debit,plaid,PERSONAL_CARE_HAIR_AND_BEAUTY,health_beauty_general,"Savers is a health-and-beauty retailer, not specifically a pharmacy."
v2,iter_eval,Dvla-j,DVLA-J24HUG  000000000062048784 DDR,29.31,debit,plaid,GOVERNMENTS_AND_NON_PROFIT_GOVERNMENTS_AND_NON_PROFIT,road_tax,
v2,train,Coinbase,VISA DIRECT PAYMENT Coinbase ON 20 AUG CRE,-4.45,credit,plaid,TRANSFER_IN_INVESTMENT_AND_RETIREMENT_FUNDS,crypto,
v2,iter_eval,Microsoft,MICROSOFT*STORE  ON 12 SEP BCC,1,debit,plaid,GENERAL_MERCHANDISE_COMPUTERS_AND_ELECTRONICS,software,
v2,train,easyJet,Visa purchase EASYJET K9XJ2DN,261.44,debit,plaid,TRAVEL_AND_TRANSPORTATION_FLIGHTS,flights,
v2,train,Heron Foods,HERON FOODS MARSH,17.48,debit,plaid,FOOD_RETAIL_GROCERIES,groceries,
v2,train,Ipvanish,IPVANISH 840          15.59 VISAXR   1.35095 CD 3021 15JUN25,11.54,debit,plaid,GENERAL_SERVICES_OTHER_SERVICES,web_services,
v2,train,Capital One,CAPITAL ONE                           REFERENCE: XXXXXXXXXXXX0615,9.89,debit,plaid,LOAN_PAYMENTS_CREDIT_CARD_PAYMENT,credit_card_repayment,
v2,train,Thames Water,Thames Water,60,debit,plaid,RENT_AND_UTILITIES_WATER,water,
v2,train,Monzo,MONZO             Overdraft,265,debit,plaid,BANK_PENALTIES_CASH_ADVANCE_AND_OVERDRAFT_FEES,overdraft_arranged,Monzo offers arranged overdrafts; narrative does not evidence an unarranged facility.
v2,iter_eval,Pets At Home,PETS AT HOME LTD,23.9,debit,plaid,PET_CARE_AND_SUPPLIES_PET_SUPPLIES,pet_supplies,
v2,train,Hpi Instant Ink Uk,HPI INSTANT INK UK,1.79,debit,plaid,GOVERNMENTS_AND_NON_PROFIT_OTHER_GOVERNMENTS_AND_NON_PROFIT,printing_supplies,
v2,train,Zilch,ZILCH * Vinted  ON 20 JUL BCC ZILCH *      VINTED,-15.18,credit,plaid,LOAN_DISBURSEMENTS_STUDENT,refund_received,Zilch credit naming Vinted is most consistent with a purchase refund.
v2,train,Larkdance Studios Limi,5377 31JUL25  D   LARKDANCE STUDIOS LIMI              MANCHESTER GB,30,debit,plaid,PERSONAL_CARE_GYMS_AND_FITNESS_CENTERS,sports_participation,"Dance-studio payment is participation in an activity, not a general gym membership."
v2,train,Monzo,Afzal  Mk MONZO,-10,credit,plaid,TRANSFER_IN_OTHER,transfer_p2p,"Incoming Monzo transfer identifies a named person, so own-account ownership is not supported."
v2,iter_eval,Dividends Gareth Jenkins,Dividends Gareth Jenkins,557,debit,plaid,INTEREST_PAYMENTS_INTEREST_CHARGED,transfer_p2p,Outbound transfer to a named person with dividend reference; dividend_received contradicts debit direction.
v2,train,Fitness And Physique,Fitness And Physique,13.4,debit,plaid,PERSONAL_CARE_GYMS_AND_FITNESS_CENTERS,gym_fitness,
v2,iter_eval,Tgtg,TGTG 7qmt189epmac0,6,debit,plaid,GENERAL_MERCHANDISE_SUPERSTORES,takeaway,
v2,train,Revolut,"MUHAMMAD USMAN KHA SENT FROM REVOLUT REV548249318767654 10AUG25 SENT FROM REVOLUT,REV548249318767654",-376,credit,plaid,TRANSFER_IN_TRANSFER_IN_FROM_APPS,transfer_p2p,Incoming Revolut transfer from a named person.
v2,iter_eval,Cd Wh Smith Black Pool Vic,1318 10OCT25 CD   WH SMITH BLACKPOOLVIC               BLACKPOOL GB,1.39,debit,plaid,GENERAL_SERVICES_HOME_IMPROVEMENT_SERVICES,books,
v2,iter_eval,PRA Group,PRA GROUP UK LIMI  1396153 STO PRA Group,3,debit,plaid,LOAN_PAYMENTS_OTHER,debt_collection,
v2,train,Dvla,000000000071346270 DVLA,30.18,debit,plaid,GOVERNMENTS_AND_NON_PROFIT_GOVERNMENTS_AND_NON_PROFIT,road_tax,
v2,train,Circuit Go,Circuit Go,2.3,debit,plaid,FOOD_RETAIL_OTHER,laundry,Circuit Go is a managed laundry-payment platform.
v2,iter_eval,Miss Amani K Musht,MISS AMANI K MUSHT 200000001612555609,140,debit,plaid,TRANSFER_OUT_OTHER,transfer_p2p,
v2,iter_eval,Dimond Stores,DIMOND STORES  ON 27 JUL CLP,5,debit,plaid,GENERAL_MERCHANDISE_ONLINE_MARKETPLACES,convenience_store,Merchant name indicates a local store.
v2,train,Reddish Discount,CARD PAYMENT TO REDDISH DISCOUNT BARGA ON 28-08-2025,9.2,debit,plaid,GENERAL_MERCHANDISE_DISCOUNT_STORES,discount_store,
v2,train,Lunesdale Bakery,Lunesdale Bakery,2.95,debit,plaid,DINING_OTHER_DINING,restaurant_cafe,Lunesdale Bakery is an artisan bakery with tea rooms.
v2,train,Jason Philo Xxx,JASON PHILO       XXX               VIA MOBILE - PYMT FP 27/06/25 10    54103648422981000N,30,debit,plaid,ENTERTAINMENT_MUSIC_VIDEO_GAMES_TV_AND_MOVIES,transfer_p2p,
v2,train,Donations Nfg,"GOOGLE DONATIONS NFG (VIA GOOGLE PAY), ON 10-09-2025",2,debit,plaid,GOVERNMENTS_AND_NON_PROFIT_DONATIONS,charitable_donation,
v2,train,SKY,SKY TV 00624775464420,35,debit,plaid,ENTERTAINMENT_MUSIC_VIDEO_GAMES_TV_AND_MOVIES,broadband_tv_phone,
v2,train,Gentoo Group Limit,GENTOO GROUP LIMIT  ON 01 AUG BCC,300,debit,plaid,BANK_PENALTIES_INSUFFICIENT_AND_LATE_FEES,rent,
v2,train,Better,PENDING WWW.BETTER.ORG.UK,8.3,debit,plaid,GOVERNMENTS_AND_NON_PROFIT_DONATIONS,gym_fitness,"better.org.uk is the Better leisure-centre network, not a donation site."
v2,iter_eval,Babyclinic,Babyclinic,49,debit,plaid,MEDICAL_PRIMARY_CARE,health_other,"Babyclinic and primary-care native category indicate a clinic service, not a retail baby product."
v2,train,Asda,3193 07JUN25 CD   ASDA STORE 4706   NEWTON HEATH GB,6.19,debit,plaid,FOOD_RETAIL_GROCERIES,groceries,
v2,train,Blue Motor Finance,BLUE MOTOR FINAN,216.88,debit,plaid,LOAN_PAYMENTS_PERSONAL_LOAN_PAYMENT,car_finance_repayment,
v2,train,A Rookes Amy,A Rookes          Amy,100,debit,plaid,DINING_OTHER_DINING,transfer_p2p,Payment to a named individual.
v2,train,White Lion,WHITE LION (FRENCH,5.6,debit,plaid,DINING_WINE_BARS_AND_PUBS,pub_bar,
v2,iter_eval,All Star Soccer,ALL  STAR SOCCER W 500000001603282150,50,debit,plaid,ENTERTAINMENT_EVENTS_AND_TICKETS,sports_participation,
v2,train,Uber,Uber,-8.49,credit,plaid,INCOME_OTHER,refund_received,Small Uber credit is most consistent with a ride refund.
v2,iter_eval,Bounce No1 LTD,BOUNCE NO1 LTD,3.5,debit,plaid,BANK_PENALTIES_INSUFFICIENT_AND_LATE_FEES,days_out,Bounce is a social ping-pong/leisure venue.
v2,train,Monzo,MONZO             Overdraft,950,debit,plaid,BANK_PENALTIES_CASH_ADVANCE_AND_OVERDRAFT_FEES,overdraft_arranged,Monzo offers arranged overdrafts; narrative does not evidence an unarranged facility.
v2,train,O2,O2 pot transfer,-2.37,credit,plaid,TRANSFER_IN_SAVINGS,savings_transfer,Narrative explicitly says pot transfer.
v2,train,Pj's,PJ's,16,debit,plaid,ENTERTAINMENT_CASINOS_AND_GAMBLING,gambling_unspecified,Native category identifies gambling but the exact gambling type is unclear.
v2,train,Scott Veterinary Clinic,SCOTT VETERINARY C,70.95,debit,plaid,PET_CARE_AND_SUPPLIES_VETERINARY_SERVICES,veterinary,
v2,iter_eval,Bp Phoenix Filling Stat,BP PHOENIX FILLING,10,debit,plaid,TRAVEL_AND_TRANSPORTATION_OTHER_TRAVEL_AND_TRANSPORTATION,fuel,
v2,train,T J Morris LTD,T J MORRIS LTD  ON 29 JUL CPM,21.22,debit,plaid,GENERAL_MERCHANDISE_DEPARTMENT_STORES,discount_store,
v2,train,Uber,Uber * Pending,7.92,debit,plaid,TRAVEL_AND_TRANSPORTATION_TAXIS_AND_RIDE_SHARES,taxi_rideshare,
v2,train,Spotify,Spotify P38CE78C23,5.99,debit,plaid,ENTERTAINMENT_MUSIC_VIDEO_GAMES_TV_AND_MOVIES,streaming,
v2,iter_eval,Natwest Loan,NATWEST LOAN,201.23,debit,plaid,LOAN_PAYMENTS_PERSONAL_LOAN_PAYMENT,personal_loan_repayment,Narrative explicitly states NATWEST LOAN.
v2,train,Klarna,klarna pot transfer,-3.15,credit,plaid,TRANSFER_IN_SAVINGS,savings_transfer,Narrative explicitly says pot transfer.
v2,train,Uber,Uber,10.73,debit,plaid,TRAVEL_AND_TRANSPORTATION_TAXIS_AND_RIDE_SHARES,taxi_rideshare,
v2,train,Miniml Refills,SP MINIML REFILLS  ON 09 SEP BCC,33.72,debit,plaid,LOAN_PAYMENTS_STUDENT_LOAN_PAYMENT,retail_other,Miniml Refills sells household cleaning and personal-care refills; no more specific product is shown.
v2,train,Uw Ppm Top Up,UW PPM TOP UP  ON 08 OCT BCC,30,debit,plaid,RENT_AND_UTILITIES_RENT,energy,UW prepaid-meter top-up is an energy payment.
v2,train,Bp Camelot Garage,BP CAMELOT GARAGE,74.28,debit,plaid,TRAVEL_AND_TRANSPORTATION_OTHER_TRAVEL_AND_TRANSPORTATION,fuel,
v2,iter_eval,Kings Pawfection,Payment to KINGS PAWFECTION L 206815 83739589,282,debit,plaid,PET_CARE_AND_SUPPLIES_PET_SUPPLIES,pet_other,Kings Pawfection is most consistent with pet grooming/care rather than supplies.
v2,train,Coinbase,VISA DIRECT PAYMENT Coinbase ON 15 SEP CRE,-88.2,credit,plaid,TRANSFER_IN_INVESTMENT_AND_RETIREMENT_FUNDS,crypto,
v2,train,Window Cleaner,"MOB, Window Cleaner, 46 walverden road",14,debit,plaid,PERSONAL_CARE_OTHER_PERSONAL_CARE,cleaning_services,Narrative explicitly identifies a window cleaner.
v2,train,Agoda,3104 05OCT25      AGODA.COM IBIS    LONDO             INTERNET DE       REFUND,-38.81,credit,plaid,TAX_REFUND_TAX_REFUND,refund_received,Narrative explicitly states an Agoda hotel refund.
v2,train,Revolut,Courtney Hatcher & Jack Houghton         Sent from Revolut,-120,credit,plaid,TRANSFER_IN_TRANSFER_IN_FROM_APPS,transfer_p2p,Incoming Revolut transfer from named people.
v2,iter_eval,Sean Philburn Powe None,SEAN PHILBURN POWE  NONE FT,15,debit,plaid,TRANSFER_OUT_INVESTMENT_AND_RETIREMENT_FUNDS,transfer_p2p,"SEAN PHILBURN POWE NONE FT is a Faster Payment to a named individual (Sean Philburn-Powell), i.e. transfer_p2p."
v2,iter_eval,United Utilities,UNITED UTILITIES W,36.05,debit,plaid,RENT_AND_UTILITIES_WATER,water,
v2,train,North Park Convenience,North Park Convenience,2,debit,plaid,GENERAL_MERCHANDISE_CONVENIENCE_STORES,convenience_store,
v2,train,HMRC,HMRC NDDS  800607451804031840 DDR,133.64,debit,plaid,INSURANCE_AND_TAX_TAX_PAYMENT,tax_payment,
v2,iter_eval,Big Discount Dewsbury,BIG DISCOUNT DEWSBDEWSBURY,14.48,debit,plaid,GENERAL_MERCHANDISE_DISCOUNT_STORES,discount_store,
v2,train,Salutation,The Salutation Tynemou,10.4,debit,plaid,TRAVEL_AND_TRANSPORTATION_LODGING,pub_bar,The Salutation Tynemouth is a pub; small amount is not accommodation.
v2,train,Revolut,9144 22JUL25  D   REVOLUT**3959*    LONDON GB,10,debit,plaid,TRANSFER_OUT_TRANSFER_OUT_FROM_APPS,transfer_own_account,
v2,train,Zilch,ZILCH INSTALMENT  ON 17 MAY BCC,-7.73,credit,plaid,LOAN_DISBURSEMENTS_OTHER,refund_received,Zilch instalment credit is most consistent with an instalment refund.
v2,train,CO-OP,CO-OP GROUP 070033,7,debit,plaid,FOOD_RETAIL_GROCERIES,groceries,
v2,train,John Lewis & Partners,JOHN LEWIS PENSION,-108.57,credit,plaid,INCOME_GOVERNMENT_INCOME,pension_received,
v2,train,British Gas,BRITISH GAS,70,debit,plaid,RENT_AND_UTILITIES_GAS_AND_ELECTRICITY,energy,
v2,iter_eval,Assurant Auk,ASSURANT AUK00000271934,8.99,debit,plaid,LOAN_PAYMENTS_STUDENT_LOAN_PAYMENT,insurance_other,
v2,train,Capital One,Capital One - SortCodeAccountNumber: 40025081077082,23.82,debit,plaid,LOAN_PAYMENTS_CREDIT_CARD_PAYMENT,credit_card_repayment,
v2,train,Airband,Direct debit AIRBAND 070436 43891935,45,debit,plaid,TRAVEL_AND_TRANSPORTATION_FLIGHTS,broadband_tv_phone,
v2,iter_eval,Costa Antrim,COSTA             ANTRIM,5.65,debit,plaid,DINING_COFFEE,restaurant_cafe,
v2,iter_eval,First Central Insufp,FIRST CENTRAL INSUFP 04/08/25 30    24013031401919000N,30,debit,plaid,BANK_PENALTIES_INSUFFICIENT_AND_LATE_FEES,insurance_motor,
v2,train,Emap,WWW.EMAP.COM CD 5145,360,debit,plaid,GENERAL_SERVICES_OTHER_SERVICES,magazines,EMAP is a magazine and business-media publisher.
v2,train,Nuijewellery,Etsy.com*NuiJewell,17,debit,plaid,INCOME_GOVERNMENT_INCOME,jewellery,Underlying Etsy merchant is explicitly a jewellery seller.
v2,train,Coinbase,"COINBASE RTL-LUHY3Y7J 6f7cbd23d45d4a5e94 RTL-LUHY3Y7J,6f7cbd23d45d4a5e94",-93.96,credit,plaid,TRANSFER_IN_INVESTMENT_AND_RETIREMENT_FUNDS,crypto,
v2,train,Schoolgrid,SCHOOLGRID,6,debit,plaid,CHILDCARE_AND_EDUCATION_CHILDCARE_AND_EDUCATION,school_fees,
v2,train,Zilch,ZILCH *      INSTA,-3.06,credit,plaid,LOAN_DISBURSEMENTS_OTHER,refund_received,Zilch credit is most consistent with returned purchase funds; underlying merchant is truncated.
v2,iter_eval,Ring Standard Planlondon,RING STANDARD PLANLONDON,7.99,debit,plaid,GENERAL_SERVICES_OTHER_SERVICES,home_accessories,
v2,iter_eval,W Boyes & Co LTD,W BOYES & CO LTD,16.98,debit,plaid,GENERAL_MERCHANDISE_APPAREL_AND_ACCESSORIES,department_store,
v2,train,Asda,ASDA GROCERIES ONL,25.43,debit,plaid,FOOD_RETAIL_GROCERIES,groceries,
v2,train,Coinbase,Coinbase  RTL-X2ETFCTA BGC,-97,credit,plaid,TRANSFER_IN_INVESTMENT_AND_RETIREMENT_FUNDS,crypto,
v2,iter_eval,Leandro Campanico Bras Leandro,Leandro Campanico Bras Leandro Campanico,60,debit,plaid,TRAVEL_AND_TRANSPORTATION_LODGING,transfer_p2p,Payment to a named individual.
v2,train,Kfc-dagenham,Contactless Payment KFC-DAGENHAM APPLEPAY 1652,9.99,debit,plaid,DINING_DINING,takeaway,
v2,train,Cd Mk Food And Wine,6251 11SEP25 CD   MK FOOD AND WINE  LTD               READING GB,1.69,debit,plaid,FOOD_RETAIL_LIQUOR_STORES,alcohol_wine,
v2,train,Zilch,CREDIT FROM ZILCH VINTED ON 12-07-2025,-2.72,credit,plaid,LOAN_DISBURSEMENTS_OTHER,refund_received,Narrative explicitly says CREDIT FROM ZILCH for Vinted.
v2,train,Vape Nation,Vape Nation,10,debit,plaid,GENERAL_MERCHANDISE_OTHER_GENERAL_MERCHANDISE,vaping,
v2,train,Baildon Veterinary Cen,BAILDON VETERINARY  ON 07 JUL CLP BAILDON VETERINARY CEN,55,debit,plaid,PET_CARE_AND_SUPPLIES_VETERINARY_SERVICES,veterinary,
v2,iter_eval,Save The Pennies,SAVE THE PENNIES 777628-00021229,2.89,debit,plaid,TRANSFER_OUT_SAVINGS,savings_transfer,
v2,iter_eval,Affinity Water,Direct debit AFFINITY WATER 200503 20992747,64.76,debit,plaid,RENT_AND_UTILITIES_WATER,water,
v2,train,Thames Water,THAMES WATER  900016764228 UNP,-70,credit,plaid,RENT_AND_UTILITIES_WATER,returned_payment,UNP marker on a Thames Water credit indicates an unpresented/returned payment.
v2,train,Revolut,To Roger Lyle - Sent from Revolut - SortCodeAccountNumber: 04000478692230,7,debit,plaid,TRANSFER_OUT_TRANSFER_OUT_FROM_APPS,transfer_p2p,Revolut transfer to a named person.
v2,train,Revolut,JAY RAMGI         SENT FROM REVOLUT FP 20/08/25 1509  REV556989661414403,-12,credit,plaid,TRANSFER_IN_TRANSFER_IN_FROM_APPS,transfer_p2p,Incoming Revolut transfer from a named person.
v2,train,One Stop,ONE STOP 2723  ON 09 SEP CPM One Stop,13,debit,plaid,GENERAL_MERCHANDISE_CONVENIENCE_STORES,convenience_store,
v2,train,U.S. Post Office,POST OFFICE 343 BARLOW MOOR RO 23JUL 14.58 ATM,-95,credit,plaid,TRANSFER_IN_CHECKS_AND_ATM,cash_deposit,Post Office ATM credit is a cash deposit (T2); direction credit.
v2,train,Credit,7474 02JUL25      PAYPAL *PAYPAL    CREDIT            35314369001 GB,100,debit,plaid,TRANSFER_OUT_TRANSFER_OUT_FROM_APPS,revolving_credit_repayment,Narrative explicitly identifies PayPal Credit repayment; PayPal Credit is a revolving credit line.
v2,train,Klarna,"Card 76, Klarna*Tiktok Shop S",14.33,debit,plaid,LOAN_PAYMENTS_BNPL_AND_EWA,bnpl,
v2,train,First Choice Off Lice,First Choice Off Licen,1.6,debit,plaid,INTEREST_PAYMENTS_INTEREST_CHARGED,alcohol_beer_spirits,Merchant is explicitly an off licence.
v2,train,Larkmead Veterinar,LARKMEAD VETERINAR,23.15,debit,plaid,PET_CARE_AND_SUPPLIES_VETERINARY_SERVICES,veterinary,
v2,train,Cash Convert Ers Tamwor,CASH CONVERTERS TA  ON 02 SEP BCC CASH CONVERTERS TAMWOR,32.5,debit,plaid,BANK_FEES_ATM,pawnbroker,
v2,train,North East Wales,NORTH EAST WALES H 400000001568853725,135,debit,plaid,ENTERTAINMENT_EVENTS_AND_TICKETS,unclassified_other,North East Wales H descriptor is truncated and could not be classified beyond unclassified_other.
v2,train,The Tan London,(((-THE TAN LONDON,4,debit,plaid,PERSONAL_CARE_HAIR_AND_BEAUTY,beauty_treatment,
v2,train,Co Op Rent Ft,CO OP  RENT FT,100,debit,plaid,RENT_AND_UTILITIES_RENT,rent,
v2,iter_eval,Mr Raul,MR RAUL-CRISTIAN B  CK FT,30,debit,plaid,TRANSFER_OUT_CHECKING,transfer_p2p,Payment to a named individual.
v2,train,Ee Home Bill Payments,EE HOME BILL PAYME,47.86,debit,plaid,RENT_AND_UTILITIES_TELECOMMUNICATIONS,broadband_tv_phone,
v2,train,Asda,Contactless Payment ASDA STORES APPLEPAY 0506,8.35,debit,plaid,FOOD_RETAIL_GROCERIES,groceries,
v2_batch2,iter_eval,Google Play,Google Play Apps CD 0633,1.09,debit,plaid,ENTERTAINMENT_MUSIC_VIDEO_GAMES_TV_AND_MOVIES,software,
v2_batch2,iter_eval,Mcafee,MCAFEE*AUTORENEWAL IRELAND ON 10 SEP BCC MCAFEE *WWW.MCAFEE.COM,95.99,debit,plaid,GENERAL_SERVICES_OTHER_SERVICES,software,
v2_batch2,iter_eval,OpenAI,OPENAI *CHATGPT SUBS,20,debit,plaid,GENERAL_SERVICES_OTHER_SERVICES,software,
v2_batch2,iter_eval,Mimicpc,WWW.MIMICPC.COM        +6598928358     SG,7.65,debit,plaid,GENERAL_SERVICES_OTHER_SERVICES,software,
v2_batch2,iter_eval,Nanosoft,Visa purchase WWW.NANOSOFT.CO.UK APPLEPAY 6823,42.91,debit,plaid,GENERAL_SERVICES_OTHER_SERVICES,software,
v2_batch2,train,Instra,MONDAY.COM Instra,50.4,debit,plaid,LOAN_PAYMENTS_PERSONAL_LOAN_PAYMENT,software,
v2_batch2,train,Vinted,Vinted,6.24,debit,plaid,GENERAL_MERCHANDISE_ONLINE_MARKETPLACES,marketplace_general,
v2_batch2,iter_eval,eBay,eBay O*17-13430-22  ON 12 AUG CPM EBAY O*17-13430-22340,21.54,debit,plaid,GENERAL_MERCHANDISE_ONLINE_MARKETPLACES,marketplace_general,
v2_batch2,train,Depop,Visa purchase DEPOP APPLEPAY 9761,57.69,debit,plaid,GENERAL_MERCHANDISE_ONLINE_MARKETPLACES,marketplace_general,
v2_batch2,iter_eval,Etsy,Etsy,5.54,debit,plaid,GENERAL_MERCHANDISE_ONLINE_MARKETPLACES,marketplace_general,
v2_batch2,iter_eval,Gumtree,5017 14JUL25      GUMTREE COM       LONDON GB,9.99,debit,plaid,GENERAL_MERCHANDISE_OTHER_GENERAL_MERCHANDISE,marketplace_general,
v2_batch2,iter_eval,Fruugo,Fruugo,17.8,debit,plaid,DINING_DINING,marketplace_general,
v2_batch2,train,Netflix,Netflix.com,18.99,debit,plaid,ENTERTAINMENT_MUSIC_VIDEO_GAMES_TV_AND_MOVIES,streaming,
v2_batch2,train,Now Tv,NOW C6DD1 Sky Spor NOW TV,26,debit,plaid,ENTERTAINMENT_OTHER_ENTERTAINMENT,streaming,
v2_batch2,train,YouTube Premium,9663 22JUL25      GOOGLE            *YOUTUBEPREMIUM   650-253-0000 GB,12.99,debit,plaid,ENTERTAINMENT_MUSIC_VIDEO_GAMES_TV_AND_MOVIES,streaming,
v2_batch2,iter_eval,NOW,PAYPAL *NOW 4E979,26,debit,plaid,TRANSFER_OUT_TRANSFER_OUT_FROM_APPS,streaming,
v2_batch2,train,Youtube Memlondon,Google YouTube MemLondon,2.99,debit,plaid,ENTERTAINMENT_MUSIC_VIDEO_GAMES_TV_AND_MOVIES,streaming,
v2_batch2,iter_eval,Nisa,LNK NISA LOCAL 1A,91.99,debit,plaid,TRANSFER_OUT_CHECKS_AND_ATM,groceries,Final human adjudication: groceries. The underlying merchant is a supermarket or symbol-group grocery retailer. Luna votes: convenience_store / convenience_store / convenience_store.
v2_batch2,iter_eval,Costcutter,Costcutter,3.99,debit,plaid,TRAVEL_AND_TRANSPORTATION_OTHER_TRAVEL_AND_TRANSPORTATION,groceries,Final human adjudication: groceries. The underlying merchant is a supermarket or symbol-group grocery retailer. Luna votes: convenience_store / convenience_store / convenience_store.
v2_batch2,iter_eval,Spar,Spar,4.34,debit,plaid,FOOD_RETAIL_GROCERIES,groceries,Final human adjudication: groceries. The underlying merchant is a supermarket or symbol-group grocery retailer. Luna votes: convenience_store / convenience_store / convenience_store.
v2_batch2,train,Central Convenience Stores,CENTRAL STORES  ON 19 SEP CPM Central Convenience Stores,2.5,debit,plaid,GENERAL_MERCHANDISE_CONVENIENCE_STORES,convenience_store,
v2_batch2,train,Keystore,Keystore,6.08,debit,plaid,GENERAL_MERCHANDISE_CONVENIENCE_STORES,convenience_store,
v2_batch2,iter_eval,V Kent Minimart LTD,V KENT MINIMART LT,3.5,debit,plaid,TRAVEL_AND_TRANSPORTATION_OTHER_TRAVEL_AND_TRANSPORTATION,convenience_store,
v2_batch2,train,Boots,BOOTS 2274,1.9,debit,plaid,MEDICAL_PHARMACIES_AND_SUPPLEMENTS,pharmacy,
v2_batch2,iter_eval,Superdrug,"SUPERDRUG STORES PLC (VIA GOOGLE PAY), ON 09-08-2025",31.14,debit,plaid,PERSONAL_CARE_HAIR_AND_BEAUTY,pharmacy,
v2_batch2,iter_eval,Pharmacy2U,Pharmacy2U,-0.01,credit,plaid,MEDICAL_PHARMACIES_AND_SUPPLEMENTS,refund_received,Final human adjudication: refund_received. Credit direction and merchant/refund evidence indicate money returned to the customer. Luna votes: pharmacy / pharmacy / pharmacy.
v2_batch2,iter_eval,Health Express,Health Express,21.99,debit,plaid,MEDICAL_PHARMACIES_AND_SUPPLEMENTS,pharmacy,
v2_batch2,iter_eval,Express Chemist,Express Chemist,13.3,debit,plaid,GENERAL_MERCHANDISE_CONVENIENCE_STORES,pharmacy,
v2_batch2,train,Savers Health,CRV*SAVERS HEALTH  ON 06 AUG BCC,5.69,debit,plaid,MEDICAL_PHARMACIES_AND_SUPPLEMENTS,health_beauty_general,Savers is beauty-led discount retail;
v2_batch2,train,Shein,5780 07JUL25      SHEIN.COM         LONDON GB,6.85,debit,plaid,GENERAL_MERCHANDISE_APPAREL_AND_ACCESSORIES,clothing_general,
v2_batch2,train,Thatassinte,"Card 73, Paypal *Thatassinte",12.99,debit,plaid,TRANSFER_OUT_TRANSFER_OUT_FROM_APPS,clothing_general,
v2_batch2,train,Costco,"WLT 64, Costco Wholesale #118",21.57,debit,plaid,GENERAL_MERCHANDISE_SUPERSTORES,cash_and_carry,
v2_batch2,train,Bestway,3583 06AUG25 CD   NYA*BESTWAY RETAILBRISTOL GB,1,debit,plaid,GENERAL_MERCHANDISE_CONVENIENCE_STORES,cash_and_carry,
v2_batch2,iter_eval,Lwc Drinks,HFAI01 Lwc Drinks,196.98,debit,plaid,DINING_OTHER_DINING,cash_and_carry,
v2_batch2,train,Pret A Manger,PRET A MANGER Pret A Manger,3.99,debit,plaid,DINING_DINING,restaurant_cafe,
v2_batch2,train,Loungers,0855 05JUL25  D   LOUNGERS          BRISTOL GB,19,debit,plaid,GENERAL_MERCHANDISE_ONLINE_MARKETPLACES,restaurant_cafe,
v2_batch2,iter_eval,Joe & The Juice,JOE THE JUICE UK L  ON 20 JUL CPM Joe & The Juice,14.8,debit,plaid,DINING_OTHER_DINING,restaurant_cafe,
v2_batch2,train,Kokoro,Kokoro,3.75,debit,plaid,DINING_DINING,restaurant_cafe,
v2_batch2,train,Shake Shack,Shake Shack,24.6,debit,plaid,DINING_DINING,restaurant_cafe,
v2_batch2,train,Cornish Bakehouse,8957 01SEP25 CD   CORNISH BAKEHOUSE BATH GB,3.3,debit,plaid,DINING_OTHER_DINING,restaurant_cafe,
v2_batch2,train,McQueens Dairies,MCQUEENS DAIRIES                      REFERENCE: 9M3SQ5K,8.74,debit,plaid,FOOD_RETAIL_GROCERIES,groceries_specialist,
v2_batch2,train,Tian Tian Market,TIAN TIAN MARKET - RUS Tian Tian Market - Rus,5.31,debit,plaid,FOOD_RETAIL_GROCERIES,groceries_specialist,
v2_batch2,train,Tariq Halal Meats,TARIQ HALAL MEATS,2,debit,plaid,FOOD_RETAIL_GROCERIES,groceries_specialist,
v2_batch2,train,Planet Organic,8168 13SEP25 CD   PLANET ORGANIC -  BRO               LONDON GB,6.38,debit,plaid,FOOD_RETAIL_GROCERIES,groceries_specialist,
v2_batch2,train,Wawel Polski Sklep,Wawel Polski Sklep,14.33,debit,plaid,FOOD_RETAIL_GROCERIES,groceries_specialist,
v2_batch2,iter_eval,Pactcoffee,4446 03SEP25  D   WWW.PACTCOFFEE.COMLONDON GB,9.95,debit,plaid,DINING_COFFEE,groceries_specialist,
v2_batch2,iter_eval,OnlyFans,OnlyFans,7.36,debit,plaid,ENTERTAINMENT_OTHER_ENTERTAINMENT,adult_entertainment,
v2_batch2,train,JWS,6926 08AUG25      JWSBILL.COM       LUXEMBOURG LU,37.99,debit,plaid,TRAVEL_AND_TRANSPORTATION_LODGING,adult_entertainment,
v2_batch2,iter_eval,Everai Limited,EVERAI LIMITED,12.99,debit,plaid,GENERAL_SERVICES_OTHER_SERVICES,adult_entertainment,
v2_batch2,train,Livcam Me,ONA*livcam me,7.7,debit,plaid,DINING_DINING,adult_entertainment,
v2_batch2,train,P Dome Amsterdam,P Dome Amsterdam,15.59,debit,plaid,ENTERTAINMENT_MUSIC_VIDEO_GAMES_TV_AND_MOVIES,adult_entertainment,
v2_batch2,train,Currys,"CURRYS ONLINE (VIA APPLE PAY), ON 12-07-2025",24.99,debit,plaid,GENERAL_MERCHANDISE_COMPUTERS_AND_ELECTRONICS,electrical_goods,
v2_batch2,iter_eval,Nest,NEST,50,debit,plaid,RENT_AND_UTILITIES_GAS_AND_ELECTRICITY,electrical_goods,
v2_batch2,iter_eval,JD Williams,JD WILLIAMS  941393F3508388 DDR JD Williams,67.89,debit,plaid,GENERAL_MERCHANDISE_ONLINE_MARKETPLACES,catalogue_retail,
v2_batch2,train,La Redoute,LA REDOUTE,11.5,debit,plaid,DINING_DINING,catalogue_retail,
v2_batch2,iter_eval,Secret Sales,SECRETSALES.COM,37.99,debit,plaid,GENERAL_MERCHANDISE_APPAREL_AND_ACCESSORIES,catalogue_retail,
v2_batch2,train,Nextltd,PAYPAL *NEXTLTD   0443337778733,59.95,debit,plaid,LOAN_PAYMENTS_PERSONAL_LOAN_PAYMENT,catalogue_retail,
v2_batch2,train,Next On,"NEXT (VIA APPLE PAY), ON 23-07-2025",50,debit,plaid,LOAN_PAYMENTS_PERSONAL_LOAN_PAYMENT,catalogue_retail,
v2_batch2,iter_eval,Home Choice,"HOME CHOICE (VIA APPLE PAY), ON 03-08-2025",13.97,debit,plaid,GENERAL_SERVICES_OTHER_SERVICES,catalogue_retail,
v2_batch2,iter_eval,Taco Bell,"TACO BELL (VIA APPLE PAY), ON 11-07-2025",11.28,debit,plaid,DINING_DINING,takeaway,
v2_batch2,train,Popeyes,Popeyes,13.38,debit,plaid,DINING_DINING,takeaway,
v2_batch2,iter_eval,Grab-a-bite,SumUp *Grab-A-Bite  ON 07 AUG CLP SUMUP  *GRAB-A-BITE,1.25,debit,plaid,DINING_OTHER_DINING,takeaway,
v2_batch2,iter_eval,Grimsby Fisheries,GRIMSBY FISHERIES,13.8,debit,plaid,DINING_DINING,takeaway,
v2_batch2,train,Tasty Plaice,Contactless Payment Tasty Plaice 2025-07-27,3.5,debit,plaid,DINING_OTHER_DINING,takeaway,
v2_batch2,iter_eval,Star Pizza,Star Pizza,24.2,debit,plaid,DINING_DINING,takeaway,
v2_batch2,train,Patreon,Visa purchase PAYPAL *PATREON MEMBERSH 4239,4.67,debit,plaid,GENERAL_SERVICES_OTHER_SERVICES,online_services,
v2_batch2,iter_eval,Ring Basic Plan,7137 30JUL25      RING BASIC PLAN   LONDON GB,49.99,debit,plaid,GENERAL_SERVICES_OTHER_SERVICES,online_services,
v2_batch2,train,Ring Basic Plan Ring,RING BASIC PLAN Ring,49.99,debit,plaid,GENERAL_SERVICES_OTHER_SERVICES,online_services,
v2_batch2,train,Rentumo.co.uk,RENTUMO.CO.UK 1360,35,debit,plaid,RENT_AND_UTILITIES_RENT,online_services,
v2_batch2,train,Rentola,5377 22AUG25  D   RENTOLA*          RENTOLA.CO.UK     KBENHAVN K DK     REFUND,-35,credit,plaid,RENT_AND_UTILITIES_RENT,refund_received,Final human adjudication: refund_received. Credit direction and merchant/refund evidence indicate money returned to the customer. Luna votes: refund_received / online_services / refund_received.
v2_batch2,train,Rentola.co.uk,RENTOLA* RENTOLA.C DENMARK ON 23 JUL CPM RENTOLA* RENTOLA.CO.UK,35,debit,plaid,RENT_AND_UTILITIES_RENT,online_services,
v2_batch2,train,Omaze,SP OMAZE UK,15,debit,plaid,ENTERTAINMENT_CASINOS_AND_GAMBLING,prize_competitions,
v2_batch2,iter_eval,That Prize Guy,0153 21SEP25  D   THAT PRIZE GUY LTDBANGOR GB,5.64,debit,plaid,ENTERTAINMENT_CASINOS_AND_GAMBLING,prize_competitions,
v2_batch2,train,Competition Fox,4244 10AUG25  D   COMPETITION FOX   LONDON GB,2,debit,plaid,DINING_DINING,prize_competitions,
v2_batch2,train,Click Competitions,9299 03AUG25      CLICK COMPETITIONSBRUNDALL GB,497,debit,plaid,GENERAL_MERCHANDISE_APPAREL_AND_ACCESSORIES,prize_competitions,
v2_batch2,iter_eval,Kilted Competition,KILTED COMPETITION,4,debit,plaid,ENTERTAINMENT_EVENTS_AND_TICKETS,prize_competitions,
v2_batch2,train,Jackpotz Competition,JACKPOTZ COMPETITIONS Jackpotz Competitions,0.49,debit,plaid,ENTERTAINMENT_CASINOS_AND_GAMBLING,prize_competitions,
v2_batch2,train,Pet Health Club,PET HEALTH CLUB MND005QH5VLMJO,20.99,debit,plaid,TRANSFER_OUT_OTHER,veterinary,
v2_batch2,iter_eval,Pet Drugs Online,PET DRUGS ONLINE,73.75,debit,plaid,MEDICAL_PHARMACIES_AND_SUPPLEMENTS,veterinary,
v2_batch2,train,Ivc Services,IVC SERVICES MND0067K3BYNJ2,28.66,debit,plaid,LOAN_PAYMENTS_PERSONAL_LOAN_PAYMENT,veterinary,
v2_batch2,iter_eval,Holland & Barrett,Holland And Barrett,19.25,debit,plaid,MEDICAL_PHARMACIES_AND_SUPPLEMENTS,supplements,
v2_batch2,iter_eval,Herbalife,Herbalife,66.79,debit,plaid,FOOD_RETAIL_GROCERIES,supplements,
v2_batch2,train,Nutrivend,NYA*NutriVend Ltd 3719411,2.5,debit,plaid,FOOD_RETAIL_OTHER,supplements,
v2_batch2,train,Gethemp.co.uk,GETHEMP.CO.UK,121.45,debit,plaid,LOAN_PAYMENTS_PERSONAL_LOAN_PAYMENT,supplements,
v2_batch2,iter_eval,Paypal Credit,PAYPAL *PAYPAL CRE,21,debit,plaid,TRANSFER_OUT_TRANSFER_OUT_FROM_APPS,revolving_credit_repayment,
v2_batch2,iter_eval,Paypal Pay in 4,CARD PAYMENT TO PAYPAL *PYPL PAYIN3 ON 31-08-2025,8.56,debit,plaid,LOAN_PAYMENTS_PERSONAL_LOAN_PAYMENT,bnpl,
v2_batch2,iter_eval,The Entertainer,The Entertainer 163,42,debit,plaid,GENERAL_MERCHANDISE_OTHER_GENERAL_MERCHANDISE,toys,
v2_batch2,train,Stop & Shop,0817 14AUG25 C    PPOINT_*THE TOP   SHOP 3            DUNOON GB,16.97,debit,plaid,GENERAL_MERCHANDISE_APPAREL_AND_ACCESSORIES,groceries,
v2_batch2,iter_eval,Gousto,Gousto,44.79,debit,plaid,DINING_DINING,groceries,
v2_batch2,train,E.leclerc,E.LECLERC,34.5,debit,plaid,GOVERNMENTS_AND_NON_PROFIT_GOVERNMENTS_AND_NON_PROFIT,groceries,
v2_batch2,iter_eval,Icelandair,Contactless Payment ICELAND,4,debit,plaid,FOOD_RETAIL_GROCERIES,groceries,
v2_batch2,iter_eval,Southern Co-op,SOUTHERN CO-OP RET LAMBOURN        GB  ,13.65,debit,plaid,FOOD_RETAIL_GROCERIES,groceries,
v2_batch2,train,Mullaco Supermarket,MULLACO SUPERMARKE,39.43,debit,plaid,FOOD_RETAIL_GROCERIES,groceries,
v2_batch2,train,Max Spielmann,MAX SPIELMANN 3650  ON 19 AUG CPM 3650 MAX SPIELMANN LTD,0.75,debit,plaid,GENERAL_MERCHANDISE_OTHER_GENERAL_MERCHANDISE,photography_services,
v2_batch2,train,Photobox,"PHOTOBOX LIMITED (VIA APPLE PAY), ON 13-10-2025",5.14,debit,plaid,TRANSFER_OUT_OTHER,photography_services,
v2_batch2,train,Snapfish,Snapfish,10.37,debit,plaid,GENERAL_MERCHANDISE_OTHER_GENERAL_MERCHANDISE,photography_services,
v2_batch2,train,Zenfolio,Zenfolio Online Photo,35,debit,plaid,GENERAL_SERVICES_OTHER_SERVICES,photography_services,
v2_batch2,iter_eval,Freesnaps.co.uk,FREESNAPS.CO.UK   OMAGH,6.54,debit,plaid,GENERAL_MERCHANDISE_APPAREL_AND_ACCESSORIES,photography_services,
v2_batch2,train,Euro Car Parts,"CLS 68, Euro Car Parts P",50.99,debit,plaid,TRAVEL_AND_TRANSPORTATION_AUTOMOTIVE,spares_repairs,
v2_batch2,iter_eval,Waltham Cross Autopoin,Contactless Payment WALTHAM CROSS AUTOPOIN APPLEPAY 5082,3.65,debit,plaid,TRAVEL_AND_TRANSPORTATION_AUTOMOTIVE,fuel,"Waltham Cross Autopoint is a Jet filling station; £3.65 contactless is forecourt fuel, not parts."
v2_batch2,train,Dingbro,Dingbro,246.42,debit,plaid,ENTERTAINMENT_CASINOS_AND_GAMBLING,spares_repairs,
v2_batch2,train,Parkdean Resorts,"BANK GIRO CREDIT REF PARKDEAN RESORTS U, 168348",-286.48,credit,plaid,INCOME_SALARY,salary,"Final human adjudication: salary. Credit amount, employer identity, and salary evidence support employment income. Luna votes: holiday_uk / holiday_uk / holiday_uk."
v2_batch2,iter_eval,Center Parcs,CENTER PARCS,100,debit,plaid,TRAVEL_AND_TRANSPORTATION_OTHER_TRAVEL_AND_TRANSPORTATION,holiday_uk,
v2_batch2,iter_eval,Blue Anchor Leisure Limi,Blue Anchor Leisure Li,8.4,debit,plaid,ENTERTAINMENT_EVENTS_AND_TICKETS,holiday_uk,
v2_batch2,train,Camber Sands,CAMBER SANDS Camber Sands,70.4,debit,plaid,DINING_DINING,holiday_uk,
v2_batch2,train,Cd Silver Birch,0215 10AUG25 CD   SILVER BIRCH      OPERATION         ABERGELE GB,30,debit,plaid,ENTERTAINMENT_EVENTS_AND_TICKETS,holiday_uk,
v2_batch2,iter_eval,British Heart Foundation,"BRITISH HEART FOUNDATI (VIA APPLE PAY), ON 24-09-2025",3,debit,plaid,GOVERNMENTS_AND_NON_PROFIT_DONATIONS,charity_shop,
v2_batch2,iter_eval,Traid, TRAID,1.98,debit,plaid,TRANSFER_OUT_OTHER,charity_shop,
v2_batch2,train,Farplace,Contactless Payment FARPLACE - CONSETT 2025-07-06,3,debit,plaid,FOOD_RETAIL_GROCERIES,charity_shop,
v2_batch2,iter_eval,Schuh,schuh,23.99,debit,plaid,GENERAL_MERCHANDISE_APPAREL_AND_ACCESSORIES,footwear,
v2_batch2,iter_eval,SKECHERS,Skechers,95,debit,plaid,GENERAL_MERCHANDISE_APPAREL_AND_ACCESSORIES,footwear,
v2_batch2,iter_eval,Wynsors,WYNSORS,12,debit,plaid,GENERAL_MERCHANDISE_APPAREL_AND_ACCESSORIES,footwear,
v2_batch2,train,Office Shoes,Office Shoes,35,debit,plaid,GENERAL_MERCHANDISE_APPAREL_AND_ACCESSORIES,footwear,
v2_batch2,train,Ugg Australia,UGG AUSTRALIA Ugg Australia,34.01,debit,plaid,GENERAL_MERCHANDISE_APPAREL_AND_ACCESSORIES,footwear,
v2_batch2,train,Rocket Dog,Rocket Dog from Groceries Pot,68.99,debit,plaid,PET_CARE_AND_SUPPLIES_PET_SUPPLIES,footwear,
v2_batch2,train,Revolucion De Cuba,Contactless Payment Revolucion de Cuba Readin,3.15,debit,plaid,DINING_DINING,pub_bar,
v2_batch2,iter_eval,Walkabout,WALKABOUT,12.65,debit,plaid,DINING_DINING,pub_bar,
v2_batch2,train,The Cricketers,The Cricketers,6.2,debit,plaid,DINING_DINING,pub_bar,
v2_batch2,train,The Corner House,THE CORNER HOUSE B,24.1,debit,plaid,DINING_DINING,pub_bar,
v2_batch2,train,The Bat And Ball,Contactless Payment The Bat and Ball APPLEPAY 7201,7.9,debit,plaid,DINING_DINING,pub_bar,
v2_batch2,train,Fishermans Rest,Fishermans Rest,18.4,debit,plaid,DINING_DINING,pub_bar,
v2_batch2,train,School Gateway,SCHOOLGATEWA*DORCH  ON 17 SEP BCC School Gateway,24,debit,plaid,TRANSFER_OUT_OTHER,school_fees,
v2_batch2,train,Schoolmoney,schoolmoney,2.5,debit,plaid,LOAN_PAYMENTS_PERSONAL_LOAN_PAYMENT,school_fees,
v2_batch2,train,ParentPay,PARENTPAY PARENTPAYADAAU41AX,1.5,debit,plaid,CHILDCARE_AND_EDUCATION_CHILDCARE_AND_EDUCATION,school_fees,
v2_batch2,train,Mychildatschool,"MYCHILDATSCHOOL BROMCO (VIA APPLE PAY), ON 03-09-2025",8,debit,plaid,CHILDCARE_AND_EDUCATION_CHILDCARE_AND_EDUCATION,school_fees,
v2_batch2,train,Ipayimpact.co.uk,VMS*iPayimpact.co.,10,debit,plaid,TRANSFER_OUT_INVESTMENT_AND_RETIREMENT_FUNDS,school_fees,
v2_batch2,train,Ipayimp,3350 14JUL25  D   VMS*IPAYIMP       ACT.CO.UK         EDINBURGH GB,5,debit,plaid,LOAN_PAYMENTS_PERSONAL_LOAN_PAYMENT,school_fees,
v2_batch2,train,Stripe,2B1RXK6OOBQEZZYGDQ Stripe Re Pax8 Uk,323.09,debit,plaid,TRANSFER_OUT_OTHER,software,Final human adjudication: software. The underlying merchant supplies cloud/software services despite the payment-processor descriptor. Luna votes: payment_intermediary / payment_intermediary / payment_intermediary. Sources: https://www.pax8.com/
v2_batch2,iter_eval,Mandate No,"DIRECT DEBIT PAYMENT TO PAYPAL PAYMENT REF 5S9J2223HE3H8, MANDATE NO 0001",2.99,debit,plaid,TRANSFER_OUT_TRANSFER_OUT_FROM_APPS,payment_intermediary,
v2_batch2,train,Lcinternati,Paypal *lcinternati,10,debit,plaid,LOAN_PAYMENTS_PERSONAL_LOAN_PAYMENT,payment_intermediary,
v2_batch2,iter_eval,Kashing,Kashing*amusement/Leicester,2.99,debit,plaid,ENTERTAINMENT_EVENTS_AND_TICKETS,entertainment_other,Final human adjudication: entertainment_other. The visible underlying merchant supplies or operates amusement/entertainment services. Luna votes: payment_intermediary / payment_intermediary / payment_intermediary.
v2_batch2,train,Lcinternati Cd,PAYPAL *LCINTERNATI CD 5097,10,debit,plaid,LOAN_PAYMENTS_PERSONAL_LOAN_PAYMENT,payment_intermediary,
v2_batch2,train,Iduk.co.uk,IDUK.CO.UK,29.85,debit,plaid,LOAN_PAYMENTS_PERSONAL_LOAN_PAYMENT,online_services,"iduk.co.uk is Identity UK, an identity-protection subscription, not a hidden-shop payment rail."
v2_batch2,iter_eval,Fashionworld,WWW.FASHIONWORLD.C,7,debit,plaid,GENERAL_MERCHANDISE_APPAREL_AND_ACCESSORIES,clothing_womens,
v2_batch2,train,Boux Avenue,BOUX AVENUE LTD 50DUDLEY,52,debit,plaid,GENERAL_MERCHANDISE_ONLINE_MARKETPLACES,clothing_womens,
v2_batch2,iter_eval,Quiz Clothing,QUIZ CLOTHING,68.57,debit,plaid,GENERAL_MERCHANDISE_APPAREL_AND_ACCESSORIES,clothing_womens,
v2_batch2,iter_eval,Marisota,MARISOTA  ON 12 SEP CPM,5,debit,plaid,FOOD_RETAIL_GROCERIES,clothing_womens,
v2_batch2,train,Bonmarche,Bonmarche,36,debit,plaid,FOOD_RETAIL_GROCERIES,clothing_womens,
v2_batch2,train,Bravissimo,Visa purchase Bravissimo Ltd,52,debit,plaid,GENERAL_MERCHANDISE_APPAREL_AND_ACCESSORIES,clothing_womens,
v2_batch2,train,Supercell,0444 28AUG25  D   SUPERCELL         HELSINKI FI,19.99,debit,plaid,ENTERTAINMENT_MUSIC_VIDEO_GAMES_TV_AND_MOVIES,gaming_mobile,
v2_batch2,train,Expedia,EXPEDIA 72066379214402035643904,180.65,debit,plaid,TRAVEL_AND_TRANSPORTATION_FLIGHTS,flights,
v2_batch2,train,Explore Flights Lim,EXPLOREFLIGHTS LIM 400000001632802177,250,debit,plaid,LOAN_PAYMENTS_PERSONAL_LOAN_PAYMENT,flights,
v2_batch2,iter_eval,Uphold,"BILL PAYMENT VIA FASTER PAYMENT TO UPHOLD REFERENCE DOMINIC MATTHEWS , MANDATE NO 158",3.52,debit,plaid,TRANSFER_OUT_INVESTMENT_AND_RETIREMENT_FUNDS,crypto,
v2_batch2,train,Vistaprint,Vistaprint,38.58,debit,plaid,GENERAL_SERVICES_OTHER_SERVICES,printing_services,
v2_batch2,train,Forbidden Planet,FORBIDDENPLANET.COM Forbidden Planet,-0.01,credit,plaid,GENERAL_MERCHANDISE_OTHER_GENERAL_MERCHANDISE,refund_received,Final human adjudication: refund_received. Credit direction and merchant/refund evidence indicate money returned to the customer. Luna votes: comics / comics / comics.
v2_batch2,train,The Travelling Man,The Travelling Man,43.65,debit,plaid,TRANSFER_OUT_OTHER,comics,
v2_batch2,train,Roxy Ball Room,Roxy Ball Room,5,debit,plaid,ENTERTAINMENT_OTHER_ENTERTAINMENT,entertainment_other,
v2_batch2,iter_eval,Grant Leisure Group Lt,Grant Leisure Grou  ON 28 JUN CPM GRANT LEISURE GROUP LT,51.98,debit,plaid,ENTERTAINMENT_EVENTS_AND_TICKETS,entertainment_other,
v2_batch2,train,Leisurematic LTD,Leisurematic Ltd,2,debit,plaid,ENTERTAINMENT_EVENTS_AND_TICKETS,entertainment_other,
v2_batch2,train,Lucky Claw,Lucky Claw,10,debit,plaid,DINING_DINING,entertainment_other,
v2_batch2,train,Wifinity,WIFINITY LIMITED,905.5,credit,equifax,"Identified Salary | Internet, TV and Phone",salary,
v2_batch2,train,Esso,RSS WESSEX LTD,286.8,credit,equifax,Identified Salary | Fuel,salary,
v2_batch2,train,Bolt,Bolt BOLT.EU/O/2402121646   London        GBR,24.2,credit,equifax,Identified Salary | Taxis,salary_gig,Final human adjudication: salary_gig. Credit is earnings from a taxi or gig-work platform. Luna votes: salary_gig / salary_gig / salary.
v2_batch2,train,Compass Group,COMPASS PAYMENT CO,2055.11,credit,equifax,Identified Salary | Catering,salary,
v2_batch2,train,Ambulance,LON AMBULANCE SERV  10546669-2 BGC,630.65,credit,equifax,,salary,
v2_batch2,iter_eval,DHL,DHL SUPPLY CHAIN L,1640.98,credit,equifax,Identified Salary | Delivery,salary,
v2_batch2,iter_eval,Boro Cars Limited,Boro Cars MB Cars                Dublin        IRL,1.01,credit,equifax,Identified Salary | Taxis,salary_gig,Final human adjudication: salary_gig. Credit is earnings from a taxi or gig-work platform. Luna votes: salary_gig / salary_gig / salary.
v2_batch2,train,Eddie Stobart,EDDIES STOBART LIM  081064 BRZEZINSKI BGC,519.66,credit,equifax,Identified Salary | Delivery,salary,
v2_batch2,iter_eval,Hudson,HUDSON M M HUDSON RP4659987538108500,20.0,credit,equifax,Transfers / Other | Recruitment Services,transfer_p2p,
v2_batch2,train,Staffline,STAFFLINE RECRUITM,282.55,credit,equifax,Identified Salary | Recruitment Services,income_agency_work,
v2_batch2,iter_eval,The Best Connection,BEST CONNECTION,290.72,credit,equifax,Transfers / Other | Recruitment Services,income_agency_work,
v2_batch2,iter_eval,Paysa,1451 12FEB25      WWW.PAYSA.COM     REDHILL GB,322.67,debit,equifax,Services | Employment Agencies,career_services,
v2_batch2,train,Perks at Work,2579 06JAN24      PERKS AT WORK     LONDON GB,19.2,debit,equifax,Services | Employee Rewards,employee_benefits,Final human adjudication: employee_benefits. Perks at Work debit; employee benefits is the closest taxonomy fit. Narrative: 2579 06JAN24 PERKS AT WORK LONDON GB. Native category: Services | Employee Rewards. Provider: equifax. Luna votes: employee_benefits / employee_benefits / employee_benefits.
v2_batch2,train,Reward Gateway,your-saving.com        RewardGateway,4.8,debit,equifax,Services | Employee Rewards,employee_benefits,Final human adjudication: employee_benefits. Reward Gateway debit; employee benefits is the closest taxonomy fit. Narrative: your-saving.com RewardGateway. Native category: Services | Employee Rewards. Provider: equifax. Luna votes: employee_benefits / employee_benefits / employee_benefits.
v2_batch2,iter_eval,Child Tax Credit,CHILD TAX CREDIT  CLAIRE OCCLESHAW BGC,118.98,credit,equifax,,benefits_state,
v2_batch2,train,Temporary Benefits,PG236489B DWP MA  ************9919 BGC,344.96,credit,equifax,,benefits_state,
v2_batch2,train,Other Benefits,PR064312A DWP DLA,514.6,credit,equifax,,benefits_state,
v2_batch2,train,Job Seekers Allowance,Visa purchase WINGERWORTH JSA 5818,30.0,debit,equifax,,unclassified_card_spend,Final human adjudication: unclassified_card_spend. The record is a card purchase but the merchant purpose is not identifiable. Luna votes: benefits_state / benefits_state / benefits_state.
v2_batch2,train,SAAS Payments,Saas SAAS                   EDINBURGH     GBR,336.0,debit,equifax,,education_general,
v2_batch2,train,Attendance Allowance,DWP AA Pending Alexander Craib,0.01,debit,equifax,,unclassified_other,£0.01 debit (DWP AA Pending …) cannot be receiving Attendance Allowance. benefits_state is income.
v2_batch2,iter_eval,NHS Pension,JIMU NHS  MNTHLY A,541.8,credit,equifax,,pension_received,
v2_batch2,train,Civil Service Pension,PGO TAX0000069.40,453.95,credit,equifax,,pension_received,
v2_batch2,train,Canada Life,CANADA LIFE LTD,300.0,credit,equifax,,pension_received,
v2_batch2,iter_eval,Barclays Blue Rewards,BLUE REWARDS  WALLET TRANSFER FT,5.0,credit,equifax,Transfers / Other | Cashback rewards,cashback,
v2_batch2,iter_eval,Completesave.co.uk,3290 29DEC24      WLY*COMPLET       ESAVE.CO.UK       08003896960 CH,18.0,debit,equifax,Shopping (Household Essentials) | Cashback rewards,memberships,Final human adjudication: memberships. The charge is a paid cashback membership service. Luna votes: online_services / memberships / online_services.
v2_batch2,train,Nationwide,NATIONWIDE B S,542.64,debit,equifax,Rent and Mortgage | Mortgages,mortgage,
v2_batch2,iter_eval,NatWest,NATWEST BANK  83267263/2518669 DDR Natwest,690.1,debit,equifax,Rent and Mortgage | Mortgages,mortgage,
v2_batch2,iter_eval,Bluestone Mortgages,BLUESTONE,570.3,debit,equifax,Rent and Mortgage | Mortgages,mortgage,
v2_batch2,train,BNP Paribas,To BNP PARIBAS,130.04,debit,equifax,Rent and Mortgage | Mortgages,mortgage,
v2_batch2,iter_eval,Tesco Insurance,TESCO INSURANCE  62496772/0/D1 DDR,147.1,debit,equifax,Rent and Mortgage | Mortgages,insurance_general,
v2_batch2,iter_eval,Weaver Vale Housing Trust,2458 23FEB23      WEAVER VALE       HOUSING TR        030030 39848 GB,306.0,debit,equifax,Services | Property Management,rent,
v2_batch2,train,14Forty,14FORTY THE FIRE SERVI 14forty The Fire Servi,2.0,debit,equifax,Services | Property Management,catering,"£2 at 14forty The Fire Service College is Compass workplace catering, not facilities-management rent."
v2_batch2,train,Stow Residential,STOW RESIDENTIAL L STOW RESIDENTIAL L ************1000N,2252.48,credit,equifax,Transfers / Other | Estate Agents,income_other_unspecified,"Final human adjudication: income_other_unspecified. This is incoming money, but the precise income/refund purpose is not evidenced. Luna votes: rent / income_other_unspecified / income_other_unspecified."
v2_batch2,iter_eval,Sequence,SEQUENCE UK LTD,1657.67,credit,equifax,Identified Salary | Estate Agents,salary,
v2_batch2,train,Martin & Co,MARTIN & CO,1050.0,debit,equifax,Services | Estate Agents,estate_agent,
v2_batch2,train,Homes For Students,To Homes For Students,1649.71,debit,equifax,Services | Estate Agents,rent,
v2_batch2,train,Safe Store,SBA1244475464 Safestore,96.66,debit,equifax,Services | Storage,storage,
v2_batch2,train,Nesta Storage,EUR NESTA SANTRY  .                 S0001571          .                 05500148917751    EUR 60.24         1.1429082         44366,52.71,debit,equifax,Services | Storage,storage,
v2_batch2,train,Your Store,Your Store YOUR STORE             Chesterfield  GBR,11.24,debit,equifax,Services | Storage,storage,Final human adjudication: storage. Your Store debit; storage is the closest taxonomy fit. Narrative: Your Store YOUR STORE Chesterfield GBR. Native category: Services | Storage. Provider: equifax. Luna votes: storage / storage / unclassified_other.
v2_batch2,iter_eval,Yorkshire Building Society,YBS T/A CHELSEA BS,387.0,debit,equifax,Rent and Mortgage | Mortgages,mortgage,
v2_batch2,iter_eval,RBS Mortgages,RBS MORTGAGES,746.52,debit,equifax,Rent and Mortgage | Mortgages,mortgage,
v2_batch2,train,Barclays,BARCLAYS BANK UK  1124B4035279304 DDR Barclays,535.54,debit,equifax,Rent and Mortgage | Mortgages,mortgage,
v2_batch2,iter_eval,Optimum Credit,OPTIMUM CREDIT Optimum Credit Uxbridge,322.74,debit,equifax,Rent and Mortgage | Mortgages,mortgage,
v2_batch2,train,One Housing,1299 19MAY25      ALLPAY *ONE       HOUSING GR        . GB,191.0,debit,equifax,Rent and Mortgage | Property Rental,rent,
v2_batch2,train,Scottish Power,SCOTTISH POWER,15.0,debit,equifax,Utilities | Energy Providers,energy,
v2_batch2,train,EDF,EDF ENERGY-ECOM  ON 14 JUN BCC,10.0,debit,equifax,Utilities | Energy Providers,energy,
v2_batch2,train,E,WWW.E.ORG CD 3148,8.0,debit,equifax,Utilities | Energy Providers,energy,
v2_batch2,iter_eval,Nicholl Fuel Oil,Nicholl Fuel Oils Co EndToEndID: NOTPROVIDED,20.0,debit,equifax,Utilities | Heating Oil,heating_oil,
v2_batch2,iter_eval,Anglian Water,ANGLIAN WATER,50.0,debit,equifax,Utilities | Water Companies,water,
v2_batch2,train,Severn Trent,SEVERN TRENT WATER,75.36,debit,equifax,Utilities | Water Companies,water,
v2_batch2,train,Wessex Water,BRISTOLWESSEXWATER,36.5,debit,equifax,Utilities | Water Companies,water,
v2_batch2,train,Sky Mobile,Sky Mobile SKY MOBILE             .             GBR,31.6,debit,equifax,Utilities | Mobile Phone Contracts,mobile_phone_contract,
v2_batch2,train,Three,Direct debit H3G 070806 30433839,18.8,debit,equifax,Utilities | Mobile Phone Contracts,mobile_phone_contract,
v2_batch2,train,EE Mobile,EE LIMITED,41.64,debit,equifax,Utilities | Mobile Phone Contracts,mobile_phone_contract,
v2_batch2,iter_eval,Disney Plus,Disney Plus,7.99,debit,equifax,"Utilities | Internet, TV and Phone",streaming,
v2_batch2,train,Tesco International Calling,5531 22OCT24      WWW.TESCOIN       TERNATIONAL       CHESHUNT GB,3.0,debit,equifax,"Utilities | Internet, TV and Phone",broadband_tv_phone,
v2_batch2,iter_eval,Plusnet,PLUSNET PLC,31.99,debit,equifax,"Utilities | Internet, TV and Phone",broadband_tv_phone,
v2_batch2,train,BT,"DIRECT DEBIT PAYMENT TO BT GROUP PLC REF GB************0027, MANDATE NO 0080",70.12,debit,equifax,"Utilities | Internet, TV and Phone",broadband_tv_phone,
v2_batch2,iter_eval,Monarch Metals,FASTER PAYMENTS RECEIPT REF.MONARCH FROM MONARCH METALS LIM,446.55,credit,equifax,Transfers / Other | Waste Services,income_other_unspecified,"Final human adjudication: income_other_unspecified. This is incoming money, but the precise income/refund purpose is not evidenced. Luna votes: unclassified_other / unclassified_other / unclassified_other."
v2_batch2,train,Magpie Recycling,7722 23APR24 CD   MAGPIE RECYCLING  CO-OP             BRIGHTON GB,7.0,debit,equifax,Utilities | Recycling,waste_services,
v2_batch2,train,Office of the Revenue Commissioners,To Office of the Revenue Commissioners ? VAT MOSS EFT ? Public Bank Account Office of the Revenue Commissioners ? VAT MOSS EFT ? Public Bank Account,88.62,debit,equifax,,tax_payment,
v2_batch2,iter_eval,HM Passports,HM PASSPORT OFFICE  ON 11 APR BCC,53.5,debit,equifax,Services | ID Cards,id_documents,
v2_batch2,train,Police,Greater Manchester Police PCC FOR GREATER MA,1550.64,credit,equifax,Identified Salary | Emergency Services,salary,
v2_batch2,iter_eval,Batleys,CARD PAYMENT TO BATLEYS LTD ON 29-06-2024,44.67,debit,equifax,Shopping (Household Essentials) | Cash & Carry,cash_and_carry,
v2_batch2,train,VPZ,Vpz VPZ                    EDINBURGH     GBR,5.0,debit,equifax,Personal Healthcare | Electronic Cigarettes,vaping,
v2_batch2,train,E Cigarette Direct,E CIGARETTE OUTLET E CIGARETTE OUTLET UK LTD,5.0,debit,equifax,Personal Healthcare | Electronic Cigarettes,vaping,
v2_batch2,train,Gather & Gather,Gather & Gather GATHER AND GATHER      BELFAST       GBR,3.55,debit,equifax,Restaurants and takeaway | Catering,catering,
v2_batch2,iter_eval,Aramark,Aramark Ltd Ku Penrhyn Rd Market P,4.45,debit,equifax,Restaurants and takeaway | Catering,catering,
v2_batch2,iter_eval,Autogrill,Autogrill Middle East Autogrill Middle East  UAE           ARE,10.92,debit,equifax,Restaurants and takeaway | Catering,restaurant_cafe,
v2_batch2,train,Mother Group Ltd,MOTHER GROUP LIMIT MOTHER GROUP LIMITED,2.7,debit,equifax,Restaurants and takeaway | Catering,catering,
v2_batch2,iter_eval,Dine Contract Catering,DINE CONTRACT CATE  ON 07 OCT CLP,1.0,debit,equifax,Restaurants and takeaway | Catering,catering,
v2_batch2,train,Feast Fare,FEAST FARE,7.8,debit,equifax,Restaurants and takeaway | Catering,catering,Final human adjudication: catering. Merchant evidence identifies a catering or mobile food-service operator. Luna votes: restaurant_cafe / restaurant_cafe / catering. Sources: https://feast-sandwich-vans.co.uk/business-buffet/
v2_batch2,train,Warehouse,SQ *HANGAR WAREHOU SQ *HANGAR WAREHOUSE,10.5,debit,equifax,Shopping (Fashion) | Womens Fashion,clothing_womens,
v2_batch2,train,Pretty Little Things,Pretty Little Thing PRETTYLITTLETHING.COM  ONLINE        GBR,6.0,debit,equifax,Shopping (Fashion) | Womens Fashion,clothing_womens,
v2_batch2,iter_eval,Under U,Lidl LIDL GB ASHTON-UNDER-L ASHTON-U-LYNE GBR,30.03,debit,equifax,Shopping (Fashion) | Mens Fashion,groceries,
v2_batch2,iter_eval,Moss Bros,CARD PAYMENT TO MOSS BROS GROUP PLC ON 28-08-2024,306.85,debit,equifax,Shopping (Fashion) | Mens Fashion,clothing_mens,
v2_batch2,train,Jacamo,WWW.JACAMO.CO.UK Jacamo,50.0,debit,equifax,Shopping (Fashion) | Mens Fashion,clothing_mens,
v2_batch2,train,Boden,CHELSEA J BODEN,30.0,debit,equifax,Shopping (Fashion) | Childrens Fashion,clothing_childrens,
v2_batch2,train,Mama La Mode,TIM ?S LA MAMA pizza & Tim ?s La Mama Pizza &,11.5,debit,equifax,Shopping (Fashion) | Maternity Clothing,restaurant_cafe,
v2_batch2,train,Workwear And Leisure,KSP WORKWEAR AND S KSP WORKWEAR AND SHOES,30.0,debit,equifax,Shopping (Fashion) | Workwear,clothing_workwear,
v2_batch2,iter_eval,adidas,ADIDASWWW.ADIDAS.C ADIDASWWW.ADIDAS.CO.UK,37.2,debit,equifax,Shopping (Fashion) | Sportswear,sportswear,
v2_batch2,iter_eval,The Sports HQ,THE SPORTS BAR,2.2,debit,equifax,Shopping (Fashion) | Sportswear,pub_bar,Final human adjudication: pub_bar. The Sports HQ debit; pub or bar transaction. Narrative: THE SPORTS BAR. Native category: Shopping (Fashion) | Sportswear. Provider: equifax. Merchant identity was checked against the linked source. Luna votes: pub_bar / pub_bar / unclassified_other. Sources: https://www.thesportsbar.co.uk/
v2_batch2,train,Gymshark,Klarna*gymshark,6.75,debit,equifax,Shopping (Fashion) | Sportswear,sportswear,
v2_batch2,iter_eval,Lululemon,Klarna*lululemon,36.0,debit,equifax,Shopping (Fashion) | Sportswear,sportswear,
v2_batch2,train,Smiffys,sp smiffys.com SP SMIFFYS.COM         +441427616831 GBR,51.08,debit,equifax,Shopping (Fashion) | Fancy Dress,fancy_dress,
v2_batch2,iter_eval,Fancy Dress Outfitters,FANCY DRESS SHOP (DONCASTER,2.99,debit,equifax,Shopping (Fashion) | Fancy Dress,fancy_dress,
v2_batch2,train,The Fragrance Shop,0516 30APR24 CD   THE FRAGRANCE SHOP304               LEICESTER GB,79.88,debit,equifax,Personal Healthcare | Fragrances,fragrances,
v2_batch2,train,Homebase,HOMEBASE LTD,10.0,debit,equifax,Shopping (Home) | Home Accessories,home_improvement,
v2_batch2,iter_eval,Smol,Visa purchase SMOL LIMITED 8085,5.8,debit,equifax,Shopping (Home) | Home Accessories,home_accessories,"Final human adjudication: home_accessories. Smol debit; household, home-security, or home accessory purchase. Narrative: Visa purchase SMOL LIMITED 8085. Native category: Shopping (Home) | Home Accessories. Provider: equifax. Luna votes: home_accessories / home_accessories / home_accessories."
v2_batch2,iter_eval,Ikea,IKEA LTD SHOP ONLI IKEA LTD SHOP ONLINE,2.0,debit,equifax,Shopping (Home) | Home Accessories,home_accessories,
v2_batch2,train,Dfs,DFS LIMITED  A02140764 DDR,10.0,debit,equifax,Shopping (Home) | Home Accessories,home_accessories,
v2_batch2,iter_eval,Robert Dyas,Robert Dyas Bournemout ROBERT DYAS BOURNEMOUT BOURNEMOUTH   GBR,143.38,debit,equifax,Shopping (Home) | Tools,tools,
v2_batch2,train,Snap-On,SNAP-ON FINANCE UK,49.36,debit,equifax,Shopping (Home) | Tools,hire_purchase_repayment,"Payee is SNAP-ON FINANCE UK — HP/tool-finance instalment, not a till sale of tools."
v2_batch2,train,Machine Mart,MACHINE MART LTD,11.68,debit,equifax,Shopping (Home) | Tools,tools,
v2_batch2,iter_eval,Dobbies Garden Centre,DOBBIES Dobbies,27.42,debit,equifax,Shopping (Home) | Garden Accessories,garden,
v2_batch2,iter_eval,Tree2MyDoor,SP TREE2MYDOOR  ON 01 APR BCC,82.0,debit,equifax,Shopping (Home) | Plants,garden,
v2_batch2,train,Buyrite,BUYRITE,2.35,debit,equifax,Shopping (Home) | Kitchens and Kitchen Accessories,groceries,Final human adjudication: groceries. The underlying merchant is a supermarket or symbol-group grocery retailer. Luna votes: groceries / groceries / unclassified_other.
v2_batch2,train,Nespresso,NESPRESSO UK LIMITED B Nespresso Uk B,9.8,debit,equifax,Shopping (Home) | Kitchens and Kitchen Accessories,kitchen,
v2_batch2,train,Blinds 2 Go,Blinds2Go BLINDS 2 GO LTD        NOTTINGHAMSHI GBR,108.69,debit,equifax,Shopping (Home) | Kitchens and Kitchen Accessories,home_accessories,
v2_batch2,iter_eval,Bathrooms.com,"BANK GIRO CREDIT REF WEST ONE BATHROOMS, WEST ONE BATHROOMS",2467.32,credit,equifax,Identified Salary | Bathroom Furniture and Accessories,salary,
v2_batch2,train,Dormeo,DORMEO UK LIMITED,129.0,debit,equifax,Shopping (Home) | Bedding,bedding,
v2_batch2,iter_eval,beds.co.uk,WWW.BEDS.CO.UK,29.95,debit,equifax,Shopping (Home) | Bedding,bedding,
v2_batch2,train,Bed Shop UK,THE CAKE SHOP (BED THE CAKE SHOP (BEDWORTH),29.88,debit,equifax,Shopping (Home) | Bedding,confectionary,
v2_batch2,iter_eval,Lights4Fun,CARD PAYMENT TO SP LIGHTS4FUN ON 02-01-2025,38.97,debit,equifax,Shopping (Home) | Lights and Lamps,lighting,
v2_batch2,train,Anylamp,AnyLamp,21.97,debit,equifax,Shopping (Home) | Lights and Lamps,lighting,
v2_batch2,iter_eval,LEDBulbs,sp ledbulbs.co.uk SP LEDBULBS.CO.UK      +441212502181 GBR,31.5,debit,equifax,Shopping (Home) | Lights and Lamps,lighting,
v2_batch2,iter_eval,Festive Lights,Festive Lights Ltd,27.37,debit,equifax,Shopping (Home) | Lights and Lamps,lighting,
v2_batch2,iter_eval,Timpson Ltd,TIMPSON RL RACH       17AUG************7000N,100.0,credit,equifax,Transfers / Other | Household Repair Services,refund_received,Final human adjudication: refund_received. Credit direction and merchant/refund evidence indicate money returned to the customer. Luna votes: refund_received / refund_received / refund_received.
v2_batch2,iter_eval,MyBuilder.com,MYBUILDER.COM,61.68,debit,equifax,Services | Tradesmen,tradesmen,
v2_batch2,train,Kier Group,KIER LTD SALARIES,1932.09,credit,equifax,Identified Salary | Construction,salary,
v2_batch2,iter_eval,Wyboston Lakes Limited,2806 18JUL25 C    WYBOSTON LAKES    LIMITED           BEDFORD GB,9.15,debit,equifax,Services | Construction,accommodation,
v2_batch2,iter_eval,Arrowsmith Ltd,"FPS, Arrowsmith D, BABY",40.0,credit,equifax,Transfers / Other | Construction,transfer_p2p,
v2_batch2,train,Westgate Cleaning Services,WESTG CLEAN SERV REF 03472 MF02112D52CE922900,123.33,credit,equifax,Identified Salary | Cleaning Services,salary,
v2_batch2,train,Mitie Cleaning,MITIE CLEANING & E,1028.21,credit,equifax,Transfers / Other | Cleaning Services,salary,
v2_batch2,train,Circuit Laundry,Circuit Laundry PAYPAL *CIRCUITLAUN    01422822282   GBR,5.0,debit,equifax,Services | Laundry Services,laundry,
v2_batch2,train,QVC,QVC 8893169  ON 20 NOV BCC,14.4,debit,equifax,Shopping (Discretionary) | TV and Online Shopping,retail_tv_online_shopping,
v2_batch2,iter_eval,Shop Direct,SHOP DIRECT GROUP  60474418 DDR,96.04,debit,equifax,Shopping (Discretionary) | TV and Online Shopping,catalogue_retail,
v2_batch2,train,DH Gate,dhgate.com  ON 09 SEP CPM,14.79,debit,equifax,Shopping (Discretionary) | TV and Online Shopping,marketplace_general,
v2_batch2,train,Joom,joom.com GIBRALTAR ON 02 NOV BCC,22.77,debit,equifax,Shopping (Discretionary) | TV and Online Shopping,marketplace_general,
v2_batch2,iter_eval,Very,VERY  ON 28 JUN BCC Very,25.18,debit,equifax,Shopping (Discretionary) | General Catalogues,catalogue_retail,
v2_batch2,train,MandM Direct,MandM Direct M and M Direct Ltd     Leominster    GBR,15.98,debit,equifax,Shopping (Discretionary) | General Catalogues,clothing_general,Final human adjudication: clothing_general. The visible underlying merchant is a clothing/accessories retailer. Luna votes: clothing_general / catalogue_retail / clothing_general.
v2_batch2,iter_eval,Debenhams,FRANCESCA COLLINS Debenhams,30.0,debit,equifax,Shopping (Discretionary) | Department Stores,department_store,
v2_batch2,iter_eval,Dunnes Stores,DUNNES CORNELSCOUR IRELAND AMOUNT IN EUR 22.00 ON 29 AUG VISA 1.18412 FINAL GBP AMOUNT INCLUDES NON-STERLING TRANS FEE ?0.56  DUNNES CORNELSCOURT,19.14,debit,equifax,Shopping (Discretionary) | Department Stores,department_store,
v2_batch2,train,Fenwick,Contactless Payment Fenwick Limited COL-15 GOOGLE 5966,0.98,debit,equifax,Shopping (Discretionary) | Department Stores,department_store,
v2_batch2,iter_eval,Faith,MISS FAITH COOIL  FOOD FT,0.06,debit,equifax,Shopping (Discretionary) | Department Stores,transfer_p2p,Final human adjudication: transfer_p2p. The counterparty is a named person and the narrative is a bank transfer. Luna votes: transfer_p2p / transfer_p2p / unclassified_other.
v2_batch2,train,John Lewis,JOHN LEWIS,130.0,debit,equifax,Shopping (Discretionary) | Department Stores,department_store,
v2_batch2,train,Babylon,8561 23FEB23      BABYLON PARK UK   LONDON GB,51.0,debit,equifax,Shopping (Discretionary) | Small Retail,days_out,
v2_batch2,train,Apricot,CARD PAYMENT TO APRICOT INSURANCE SERV ON 26-07-2024,50.41,debit,equifax,Shopping (Discretionary) | Small Retail,insurance_general,
v2_batch2,train,Apple Store GB,APPLE.COM/BILL Apple App Store,1.99,debit,equifax,"Shopping (Discretionary) | Computers, Laptops and Tablets",software,
v2_batch2,iter_eval,DELL,PIXIE DELL STORES  ON 26 APR CPM,7.94,debit,equifax,"Shopping (Discretionary) | Computers, Laptops and Tablets",convenience_store,"Final human adjudication: convenience_store. DELL debit; corner-shop/newsagent/convenience purchase. Narrative: PIXIE DELL STORES ON 26 APR CPM. Native category: Shopping (Discretionary) | Computers, Laptops and Tablets. Provider: equifax. Merchant identity was checked against the linked source. Luna votes: convenience_store / computing_devices / computing_devices. Sources: https://pixiedellstore.weebly.com/"
v2_batch2,iter_eval,e2save,E2save Web,0.0,debit,equifax,Shopping (Discretionary) | Mobile Handsets and Accessories,mobile_handset,
v2_batch2,train,Mobiles.co.uk,Visa purchase MOBILES.CO.UK,0.01,debit,equifax,Shopping (Discretionary) | Mobile Handsets and Accessories,mobile_handset,
v2_batch2,iter_eval,Carphone Warehouse,CARPHONE WAREHOUSE  ************7044 DDR Carphone Warehouse,6.99,debit,equifax,Shopping (Discretionary) | Mobile Handsets and Accessories,mobile_phone_contract,Final human adjudication: mobile_phone_contract. Carphone Warehouse debit; mobile phone contract is the best matching transaction function. Narrative: CARPHONE WAREHOUSE ************7044 DDR Carphone Warehouse. Luna votes: mobile_handset / mobile_phone_contract / mobile_phone_contract.
v2_batch2,train,Rebtel,Rebtel,4.59,debit,equifax,Shopping (Discretionary) | Mobile Handsets and Accessories,mobile_phone_contract,Rebtel is international calling / VoIP.
v2_batch2,train,Mobile Phones Direct,Aman Mobile Phones Aman Mobile Phones and Ac,4.0,debit,equifax,Shopping (Discretionary) | Mobile Handsets and Accessories,mobile_handset,
v2_batch2,train,Hardware.com,H & H HARDWARE AND,23.73,debit,equifax,Shopping (Discretionary) | Computer Peripherals and Accessories,computer_peripherals,
v2_batch2,train,Free Prints,Freeprints FreePrints             Southampton   GBR,3.09,debit,equifax,"Shopping (Discretionary) | Printers, Printer Ink and Printer Toner",printing_services,
v2_batch2,iter_eval,musicMagpie,WWW.MUSICMAGPIE.CO.UK CD 6517,60.99,debit,equifax,Shopping (Discretionary) | General Electrical,marketplace_refurbished,
v2_batch2,train,AO Retail,AO RETAIL LIMITED,39.99,debit,equifax,Shopping (Discretionary) | General Electrical,electrical_goods,
v2_batch2,train,Bose,Aryaditya Bose    Aryaditya Bose,19.6,credit,equifax,Own Transfers | Audio Equipment,transfer_p2p,
v2_batch2,train,Sony,4043 25DEC24      PLAYSTATION       NETWORK           SONY PSN GB,3.95,debit,equifax,Shopping (Discretionary) | Audio Equipment,gaming_console_pc,
v2_batch2,train,Gifted.com,FRANKS L F        GIFTED            FP 07/08/************71708001,20.0,credit,equifax,Transfers / Other | Gadgets and Gizmos,transfer_p2p,
v2_batch2,train,ADT Home Security,ADT - OIN ACCOUNT,39.94,debit,equifax,Shopping (Discretionary) | Gadgets and Gizmos,home_accessories,"Final human adjudication: home_accessories. ADT Home Security debit; household, home-security, or home accessory purchase. Narrative: ADT - OIN ACCOUNT. Native category: Shopping (Discretionary) | Gadgets and Gizmos. Provider: equifax. Luna votes: home_accessories / home_repair / home_accessories."
v2_batch2,iter_eval,Menkind,Menkind Worcester MENKIND WORCESTER      WORCESTER     GBR,16.2,debit,equifax,Shopping (Discretionary) | Gadgets and Gizmos,gadgets,
v2_batch2,train,Ring Protect Plans,Ring RING UNLIMITED MONTHLY +441727263045 GBR,8.0,debit,equifax,Shopping (Discretionary) | Gadgets and Gizmos,online_services,Final human adjudication: online_services. The narrative is a recurring consumer digital service rather than a device purchase. Luna votes: gadgets / gadgets / online_services.
v2_batch2,train,Snappy Snaps,SNAPPY SNAPS,3.0,debit,equifax,Shopping (Discretionary) | Cameras and Photography,camera_photography,
v2_batch2,train,Wex Photographic,WEX PHOTO  ON 20 NOV BCC WEX PHOTOGRAPHIC ECOMM,20.99,debit,equifax,Shopping (Discretionary) | Cameras and Photography,camera_photography,
v2_batch2,train,Smyths Toys,SMYTHS TOYS LEICES  ON 25 SEP CLP,142.92,debit,equifax,Shopping (Discretionary) | Toy Stores,toys,
v2_batch2,train,Lego Shop,ZILCH LEGO System  ON 05 FEB BCC ZILCH LEGO SYSTEM A/S,20.49,debit,equifax,Shopping (Discretionary) | Toy Stores,toys,
v2_batch2,train,Mums and Me,mums cash and carry Mums Cash And Carry,3.25,debit,equifax,Shopping (Household Essentials) | General Baby Products,cash_and_carry,
v2_batch2,train,Hamleys,Hamleys of London Hamleys of London Limited,14.0,debit,equifax,Shopping (Household Essentials) | General Baby Products,toys,
v2_batch2,train,Kids Stuff and Things,ZILCH *      KIDS ZILCH *      KIDS STUFF L,10.54,debit,equifax,Shopping (Household Essentials) | General Baby Products,toys,
v2_batch2,iter_eval,My Nametags,Visa purchase My Nametags APPLEPAY 1122,14.95,debit,equifax,Shopping (Discretionary) | Baby Gifts,baby_products,
v2_batch2,iter_eval,Personalised Gift Ideas,"CARD PAYMENT TO PERSONALISED GIFT SHOP ,5.00 EUR, RATE 0.8720/GBP ON 10-11-2023",4.36,debit,equifax,Shopping (Discretionary) | Baby Gifts,gifts_flowers,
v2_batch2,iter_eval,Moonpig,MOONPIG  ON 01 SEP CPM Moonpig,17.98,debit,equifax,Shopping (Household Essentials) | Gifts Flowers and Parties,gifts_flowers,
v2_batch2,train,Card Factory,1322 18MAR23 C    CARD FACTORY      FOLKESTONE GB,4.38,debit,equifax,Shopping (Household Essentials) | Gifts Flowers and Parties,gifts_flowers,
v2_batch2,train,Flowers.co.uk,FREDDIES FLOWERS,25.0,debit,equifax,Shopping (Household Essentials) | Gifts Flowers and Parties,gifts_flowers,
v2_batch2,train,Clinton Cards,CLINTONS 339,20.2,debit,equifax,Shopping (Household Essentials) | Gifts Flowers and Parties,gifts_flowers,
v2_batch2,train,Groupon,www.groupon.co.uk IRELAND ON 12 JAN CPM Groupon,15.25,debit,equifax,Shopping (Discretionary) | Vouchers/Discount Codes,vouchers,
v2_batch2,iter_eval,Go Groopie,GoGroopie  ON 24 DEC BCC,3.99,debit,equifax,Shopping (Discretionary) | Vouchers/Discount Codes,vouchers,
v2_batch2,train,BuyVia,BUYVIA.CO.UK,9.99,debit,equifax,Shopping (Discretionary) | Vouchers/Discount Codes,vouchers,
v2_batch2,iter_eval,First Bus,First Bus FIRST HAMPSHIRE        SOUTHAMPTON   GBR,2.0,debit,equifax,Commuting and travel | Trains and Coaches,public_transport_rail_coach,
v2_batch2,iter_eval,Greater Anglia,Greater Anglia GREATER ANGLIA T/O     LONDON EC2M   GBR,10.0,debit,equifax,Commuting and travel | Trains and Coaches,public_transport_rail_coach,
v2_batch2,iter_eval,TFL Unpaid Fare,Transport for London TfL Unpaid Fares       TFL.gov.uk/CP GBR,0.1,credit,equifax,Transfers / Other | Trains and Coaches,refund_received,Final human adjudication: refund_received. Credit direction and merchant/refund evidence indicate money returned to the customer. Luna votes: public_transport_rail_coach / public_transport_rail_coach / public_transport_rail_coach.
v2_batch2,iter_eval,Go North East,GO NORTH EAST LIMI GO NORTH EAST LIMITED,1.0,debit,equifax,Commuting and travel | Trains and Coaches,public_transport_rail_coach,
v2_batch2,train,fonaCAB,Fonacab SumUp  *Fonacab        Belfast       GBR,14.8,debit,equifax,Commuting and travel | Taxis,taxi_rideshare,
v2_batch2,iter_eval,Metro Cars,9771 01APR25 C    CCS*METRO CARS NW 025               BOLTON GB,3.1,debit,equifax,Commuting and travel | Taxis,taxi_rideshare,
v2_batch2,train,Free Now,6441 10JUL24  D   FREENOW* 25VXO-1  LONDON GB,5.8,debit,equifax,Commuting and travel | Taxis,taxi_rideshare,
v2_batch2,iter_eval,Triple Twenty Taxis,Triple 20 Cars Cpt TRIPLE 20 CARS* CPT    +441623442211 GBR,2.0,credit,equifax,Identified Salary | Taxis,salary_gig,Final human adjudication: salary_gig. Credit is earnings from a taxi or gig-work platform. Luna votes: salary_gig / salary_gig / taxi_rideshare.
v2_batch2,train,Humber Bridge,HUMBER BRIDGE BOAR  ON 20 MAY CLP Humber Bridge Board,1.5,debit,equifax,Automotive | Tolls and Crossings,tolls,
v2_batch2,iter_eval,Dartford Crossing,Dart Charge DART-CHARGE            DUBLIN        IRL,5.0,debit,equifax,Automotive | Tolls and Crossings,tolls,
v2_batch2,train,Mersey Tunnel,Contactless Payment MERSEY TUNNELS,2.0,debit,equifax,Automotive | Tolls and Crossings,tolls,
v2_batch2,train,Air Serv,Nya*air-Serv Nya*air-serv,1.0,debit,equifax,Automotive | Garages and Parts,vehicle_maintenance,Final human adjudication: vehicle_maintenance. Air Serv debit; automotive dealer/maintenance transaction. Narrative: Nya*air-Serv Nya*air-serv. Native category: Automotive | Garages and Parts. Provider: equifax. Merchant identity was checked against the linked source. Luna votes: vehicle_maintenance / vehicle_maintenance / carwash. Sources: https://air-serv.co.uk/
v2_batch2,iter_eval,Jaguar Land Rover,JLR SOLIHULL COSTCBIRMINGHAM,1.25,debit,equifax,Automotive | Garages and Parts,vehicle_servicing,
v2_batch2,train,BookMyGarage,Bookmygarage BookMyGarage,36.0,debit,equifax,Automotive | Garages and Parts,vehicle_servicing,
v2_batch2,train,EMaC LTD,EMaC  EMAC LTD Emac Ltd,14.5,debit,equifax,Automotive | M.O.T.,vehicle_mot,
v2_batch2,train,AA Car Check,AA  HAND CAR WASH AA  HAND CAR WASH LTD,23.0,debit,equifax,Services | Car Services,carwash,
v2_batch2,train,Vehicle Information,VEHICLEINFORMATION VEHICLEINFORMATION.UK,7.95,debit,equifax,Services | Car Services,online_services,"vehicleinformation.uk £7.95 is a vehicle-check membership, not garage labour."
v2_batch2,train,Anduff Car Wash Limited,ANDUFF CAR WASH LI ANDUFF CAR WASH LIMITED,1.0,debit,equifax,Automotive | Carwash,carwash,
v2_batch2,train,Anduff Carwash,Anduff Carwash ANDUFF CARWASH         TROWBRIDGE    GBR,11.0,debit,equifax,Automotive | Carwash,carwash,
v2_batch2,train,RAC,Direct debit RAC MOTORING SERVI ************1646,137.99,debit,equifax,Automotive | Breakdown Cover,breakdown_cover,
v2_batch2,iter_eval,Cinch,CINCH CARS LIMITED,599.0,debit,equifax,Automotive | Car Dealerships,vehicle_purchase,
v2_batch2,train,Vertu Motors,VERTU MOTORS PLC                      REFERENCE: PSP1232423,12.99,debit,equifax,Automotive | Car Dealerships,vehicle_maintenance,
v2_batch2,train,Toyota,Cedric Yonda  Toyota rav4 BGC,500.0,credit,equifax,Transfers / Other | Car Dealerships,transfer_p2p,Final human adjudication: transfer_p2p. The counterparty is a named person and the narrative is a bank transfer. Luna votes: transfer_p2p / transfer_p2p / vehicle_purchase.
v2_batch2,iter_eval,Europcar,Europcar.com/uk,143.64,debit,equifax,Commuting and travel | General Car Hire,car_hire,
v2_batch2,iter_eval,Zip car,Zipcar UK Limited  ON 16 AUG BCC,31.25,debit,equifax,Commuting and travel | General Car Hire,car_hire,
v2_batch2,iter_eval,Avis,Zipcar Extend Aug30 Zipcar Extend AUG30\Avis Budget House Park Road\Bracknell\RG12 2EW  GBRGBR,31.0,credit,equifax,Transfers / Other | General Car Hire,refund_received,Final human adjudication: refund_received. Credit direction and merchant/refund evidence indicate money returned to the customer. Luna votes: car_hire / car_hire / car_hire.
v2_batch2,iter_eval,Hertz,HERTZ 24/7,5.7,debit,equifax,Commuting and travel | General Car Hire,car_hire,
v2_batch2,train,Applegreen,APPLEGREEN HINCKLE APPLEGREEN HINCKLEY A5 GR,3.0,debit,equifax,Commuting and travel | Fuel,fuel,
v2_batch2,train,BP,Contactless Payment BP WOKINGHAM CONNECT APPLEPAY 1438,24.45,debit,equifax,Commuting and travel | Fuel,fuel,
v2_batch2,iter_eval,First Cornwall,First Cornwall FIRST CORNWALL         NORWICH       GBR,1.6,debit,equifax,Commuting and travel | Trains and Coaches,public_transport_rail_coach,
v2_batch2,train,Metro Bus,Metrobus METROBUS               CRAWLEY       GBR,1.7,debit,equifax,Commuting and travel | Trains and Coaches,public_transport_rail_coach,
v2_batch2,train,Texaco,TEX SCRUBS LANE  ON 15 DEC CLP,80.57,debit,equifax,Commuting and travel | Fuel,fuel,
v2_batch2,train,Formula One Autocentres,FORMULA ONE AUTOCE FORMULA ONE AUTOCENTRE,129.5,debit,equifax,Automotive | Garages and Parts,vehicle_servicing,
v2_batch2,iter_eval,M6 Toll,M6 TOLL,17.2,debit,equifax,Automotive | Tolls and Crossings,tolls,
v2_batch2,iter_eval,Green Flag,Green Flag GREEN FLAG             +443452461558 GBR,25.0,debit,equifax,Automotive | Breakdown Cover,breakdown_cover,
v2_batch2,train,W J King,W J KING SWANLEY,50.04,debit,equifax,Automotive | Garages and Parts,vehicle_maintenance,Final human adjudication: vehicle_maintenance. W J King debit; vehicle maintenance is the best matching transaction function. Narrative: W J KING SWANLEY. Luna votes: spares_repairs / vehicle_maintenance / vehicle_maintenance.
v2_batch2,train,British Airways GB,British Airways Plc British A1252205972020,315.49,debit,equifax,Flights and Holidays | Flights,flights,
v2_batch2,train,Jet2,5877 20MAY25 C    JET2.COM          LEEDS GB,2.8,debit,equifax,Flights and Holidays | Flights,flights,
v2_batch2,iter_eval,Travelodge,Visa purchase TRAVELODGE GB0000 APPLEPAY 0600,99.99,debit,equifax,Flights and Holidays | Hotels and Accommodation,accommodation,
v2_batch2,train,Marriott,FRANK MARRIOTT    Stag do ticket    VIA MOBILE - PYMT FP 03/02/************3041000N,35.0,debit,equifax,Flights and Holidays | Hotels and Accommodation,transfer_p2p,
v2_batch2,train,Booking.com,booking.com Booking.com,124.0,debit,equifax,Flights and Holidays | Hotels and Accommodation,accommodation,
v2_batch2,iter_eval,airbnb,Bank credit AIRBNB PAYMENTS UK 301635 20949064,414.92,credit,equifax,Transfers / Other | Hotels and Accommodation,income_other_unspecified,"Final human adjudication: income_other_unspecified. This is incoming money, but the precise income/refund purpose is not evidenced. Luna votes: income_other_unspecified / income_other_unspecified / income_other_unspecified."
v2_batch2,train,Premier Inn,Visa purchase PREMIER INN44013605,52.56,debit,equifax,Flights and Holidays | Hotels and Other Accomodation,accommodation,
v2_batch2,iter_eval,Nexus Travel,7149 11DEC24 CD   NEXUS TRAVEL SHOP NEWCASTLE UPO GB,5.0,debit,equifax,Flights and Holidays | Holidays,travel_other,
v2_batch2,iter_eval,On the Beach,Onthebeachcomca,204.99,debit,equifax,Flights and Holidays | Holidays,holiday_package,
v2_batch2,train,First Choice,FIRST CHOICE HARDW  ON 26 MAR CLP,4.5,debit,equifax,Flights and Holidays | Holidays,home_improvement,"FIRST CHOICE HARDW £4.50 contactless is a hardware shop, not TUI First Choice holidays."
v2_batch2,train,Gleneagles Hotels,6404 11MAR25 CD   GLENEAGLES HOTELS AUCHTERARDER GB,3.0,debit,equifax,Flights and Holidays | Holidays UK,accommodation,
v2_batch2,train,Bourne Leisure,BOURNE LEISURE LIMLEISURE EMPLOYMENTFP 27/02/25 2121  MODULO00P210UEBF1Z,384.84,credit,equifax,Identified Salary | Holidays UK,salary,
v2_batch2,train,Sykes Cottages,342748 Sykes Cottages Li,3919.32,credit,equifax,Identified Salary | Holiday Cottages and Villas,salary,"Final human adjudication: salary. Credit amount, employer identity, and salary evidence support employment income. Luna votes: salary / salary / income_other_unspecified."
v2_batch2,train,Forest Holidays Cabins,FOREST HOLIDAYS SH FOREST HOLIDAYS SHERWO,20.0,debit,equifax,Flights and Holidays | Holiday Cottages and Villas,holiday_rental,
v2_batch2,train,Inghams,INGHAMS DINER,9.9,debit,equifax,Flights and Holidays | Holiday Cottages and Villas,restaurant_cafe,
v2_batch2,iter_eval,Park Resorts,Sunnydale Holiday Park PARK RESORTS            GREAT BRITAI GBR,5.4,debit,equifax,Flights and Holidays | Camping Holidays,holiday_uk,
v2_batch2,train,Comrie Croft,Comrie Croft COMRIE CROFT           PERTHSHIRE PH GBR,28.0,debit,equifax,Flights and Holidays | Camping Holidays,camping_holiday,
v2_batch2,iter_eval,Perran Sands Holiday Park,PERRAN SANDS HOL,27.95,debit,equifax,Flights and Holidays | Camping Holidays,holiday_uk,
v2_batch2,train,Cala Gran Holiday Park,CALA GRAN HOLIDAY,6.5,debit,equifax,Flights and Holidays | Camping Holidays,camping_holiday,
v2_batch2,train,Stena Line,"STENA LINE TRAVEL (VIA APPLE PAY), ON 03-04-2024",7.5,debit,equifax,Flights and Holidays | Ferries and Rail,ferry_rail_travel,
v2_batch2,train,P&O Ferries,P&O FERRIES,7.88,debit,equifax,Flights and Holidays | Ferries and Rail,ferry_rail_travel,
v2_batch2,train,Euro Tunnel,Eurotunnel E/TUNNEL INTERNET      FOLKESTONE    GBR,6.0,debit,equifax,Flights and Holidays | Ferries and Rail,ferry_rail_travel,
v2_batch2,train,SkyParkSecure,"Skyparksecure.com - 6th Floor Olympic House  Manchester Airport, Manchester",89.39,debit,equifax,Flights and Holidays | Airport Parking,airport_parking,
v2_batch2,train,Park and Go,Newcastle Park And Fly NEWCASTLE PARK AND FLY NEWCASTLE     GBR,4.0,debit,equifax,Flights and Holidays | Airport Parking,airport_parking,
v2_batch2,train,FHR,************0437  FHR FT,1.0,credit,equifax,Transfers / Other | Airport Parking,unclassified_other,Final human adjudication: unclassified_other. FHR credit; merchant/function is not identifiable from the available evidence. Narrative: ************0437 FHR FT. Native category: Transfers / Other | Airport Parking. Provider: equifax. Luna votes: unclassified_other / unclassified_other / unclassified_other.
v2_batch2,iter_eval,Travelex,TRAVELEX@TESCO    ROYSTON,204.02,debit,equifax,Flights and Holidays | Foreign Currency,foreign_currency,
v2_batch2,train,ChatGPT,OpenAI OPENAI *CHATGPT SUBSCR +14158799686  USA,18.57,debit,equifax,Misc Card Spend | Foreign,software,
v2_batch2,train,Louis Vuitton,Louis Vuitton Nv1@joyboxstudio.com   LAS VEGAS     USA,30.03,debit,equifax,Misc Card Spend | Foreign,clothing_general,Final human adjudication: clothing_general. The visible underlying merchant is a clothing/accessories retailer. Luna votes: clothing_general / foreign_spend_unspecified / foreign_spend_unspecified.
v2_batch2,train,WWE Network,WWE Network WWE NETWORK 5124341630 +15122256300  USA,9.99,debit,equifax,Misc Card Spend | Foreign,streaming,
v2_batch2,train,Antler,INKED ANTLER LTD INKED ANTLER LTD ************41450     10 19MAR25 18:58,50.0,credit,equifax,"Transfers / Other | Travel Guides, Luggage And Accessories",refund_received,Final human adjudication: refund_received. Credit direction and merchant/refund evidence indicate money returned to the customer. Luna votes: refund_received / refund_received / refund_received.
v2_batch2,iter_eval,LMnext,Lmnext Uk Ltd,146.24,debit,equifax,"Flights and Holidays | Travel Guides, Luggage And Accessories",holiday_package,LMNEXT UK Ltd is lastminute.com (OTA). Equifax luggage category is a false match.
v2_batch2,iter_eval,Voi Technology,VOI TECHNOLOGY UK  ON 06 JUN BCC,2.08,debit,equifax,Commuting and travel | Other Travel,transport_other,
v2_batch2,iter_eval,Lime Micromobility,LIM*RIDE COST,4.62,debit,equifax,Commuting and travel | Other Travel,transport_other,
v2_batch2,iter_eval,Human Forest Limited,Human Forest HUMAN FOREST           +442081577491 GBR,6.0,debit,equifax,Commuting and travel | Other Travel,bicycle,
v2_batch2,iter_eval,Hilton Hotels,HILTON HOTELS  ON 28 MAY CLP,4.0,debit,equifax,Flights and Holidays | Hotels and Accommodation,accommodation,
v2_batch2,iter_eval,TUI,TUI TRAVEL-DOM,700.0,debit,equifax,Flights and Holidays | Holidays,holiday_package,
v2_batch2,iter_eval,Holiday Inn,HOLIDAY INN HUNTINGDON Holiday Inn Huntingdon Cambs,3.0,debit,equifax,Flights and Holidays | Hotels and Accommodation,accommodation,
v2_batch2,iter_eval,Virgin Holidays,Direct debit VIRGIN HOLIDAYS 070436 33893077,397.0,debit,equifax,Flights and Holidays | Holidays,holiday_package,
v2_batch2,train,SteamGames,STEAM PURCHASE         Steam,12.79,debit,equifax,Shopping (Discretionary) | PC and Console Games,gaming_console_pc,
v2_batch2,iter_eval,XBOX,Microsoft*Xbox  ON 17 JUN BCC,7.99,debit,equifax,Shopping (Discretionary) | PC and Console Games,gaming_console_pc,
v2_batch2,iter_eval,Playstation,KLARNA*PLAYSTATION,15.0,debit,equifax,Shopping (Discretionary) | PC and Console Games,gaming_console_pc,
v2_batch2,train,ZWIFT,ZWIFT                  Zwift,17.99,debit,equifax,Entertainment | Mobile Apps and Games,sports_participation,Final human adjudication: sports_participation. The charge is for participation in a virtual/physical sport rather than passive media. Luna votes: gym_fitness / sports_participation / gym_fitness.
v2_batch2,train,King Games,PAYPAL *GOOGLE KIN PAYPAL *GOOGLE KING,1.79,debit,equifax,Entertainment | Mobile Apps and Games,gaming_mobile,
v2_batch2,train,Tebex,tebex.org Tebex.org,0.7,debit,equifax,Entertainment | Online Games,gaming_online,
v2_batch2,train,ShopTo,ShopTo.Net,19.58,debit,equifax,Entertainment | Online Games,gaming_console_pc,
v2_batch2,train,Fortnite,EPC*FORTNITE,9.99,debit,equifax,Entertainment | Online Games,gaming_online,
v2_batch2,iter_eval,Cineworld,Cineworld CINEWORLD              BIRMINGHAM    GBR,6.0,debit,equifax,Entertainment | Cinema,cinema,
v2_batch2,iter_eval,Showcase Cinemas,Showcase Dudley Flex,35.87,credit,equifax,Transfers / Other | Cinema,refund_received,Final human adjudication: refund_received. Credit direction and merchant/refund evidence indicate money returned to the customer. Luna votes: cinema / cinema / cinema.
v2_batch2,train,Eventim,CARD PAYMENT TO EVENTIM INHOUSE UK ON 19-01-2025,38.65,debit,equifax,Entertainment | Music Tickets,live_music,
v2_batch2,iter_eval,Fatsoma,9577 11AUG23      WWW.FATSOMA.COM   MANCHESTER GB,7.0,debit,equifax,Entertainment | Music Tickets,live_music,
v2_batch2,iter_eval,Ticketmaster,TICKETMASTER UK,40.5,debit,equifax,Entertainment | Music Tickets,live_music,
v2_batch2,iter_eval,Dice,DICE.FM,133.17,debit,equifax,Entertainment | Music Tickets,live_music,
v2_batch2,train,Skiddle,CARD PAYMENT TO SKIDDLE*LEAZESPARK ON 01-02-2023,33.0,debit,equifax,Entertainment | Theatre Tickets,live_music,
v2_batch2,train,Liverpool FC,LFC FINANCE MOTO G  ON 14 APR BCC LFC FINANCE MOTO GBP,1036.0,debit,equifax,Entertainment | Sports Ticket,sports_tickets,
v2_batch2,iter_eval,Millwall FC,Millwall Football Club Millwall FC            London        GBR,17.1,debit,equifax,Entertainment | Sports Ticket,sports_tickets,
v2_batch2,iter_eval,Bristol City,8358 29AUG23      BCFC/E COMM       BIRMINGHAM B9 GB,33.6,debit,equifax,Entertainment | Sports Ticket,sports_tickets,
v2_batch2,train,Manchester United,CARD PAYMENT TO MUFC TICKETING ON 30-01-2025,10.0,debit,equifax,Entertainment | Sports Ticket,sports_tickets,
v2_batch2,train,Arsenal FC,Arsenal Fc A46 PAYPAL *ARSENAL FC A46 07709517622   GBR,33.95,debit,equifax,Entertainment | Sporting General,sports_tickets,
v2_batch2,iter_eval,Fordhouses Cricket and Social Club,FORDHOUSES CRICKET FORDHOUSES CRICKET CLU,8.95,debit,equifax,Entertainment | Sporting General,private_members_club,
v2_batch2,train,Hampden Park,HAMPDEN PARK  ON 16 SEP CLP,10.5,debit,equifax,Entertainment | Sporting General,sports_tickets,
v2_batch2,iter_eval,White Star Fc,White Star FC                            Anne- U14,40.0,debit,equifax,Entertainment | Sporting General,sports_participation,
v2_batch2,train,Places For People Leisure Limited,53793883B Places For People Leisure ,31.0,debit,equifax,Entertainment | Sporting General,gym_fitness,
v2_batch2,iter_eval,American Golf,AMERICAN GOLF LEISURE American Golf Leisure,3.6,debit,equifax,Shopping (Discretionary) | Sports Equipment,sports_equipment,
v2_batch2,train,Tottenham Hotspur Shop,TOTTENHAM HOTSPUR,56.5,debit,equifax,Shopping (Discretionary) | Sports Equipment,sportswear,
v2_batch2,train,World of Golf,WORLD OF GOLF CROY WORLD OF GOLF CROYDON,1.2,debit,equifax,Shopping (Discretionary) | Sports Equipment,sports_equipment,
v2_batch2,iter_eval,Sport and Leisure UK,9957 06AUG25 C    SPORT AND RECREATIBIRKENHEAD GB,21.0,debit,equifax,Shopping (Discretionary) | Camping Equipment,sports_equipment,
v2_batch2,iter_eval,Al Fresco Holidays,AL FRESCO              Al Fresco,23.92,debit,equifax,Shopping (Discretionary) | Camping Equipment,camping_holiday,
v2_batch2,iter_eval,London Zoo,ZSL LONDON ZOO (BELONDON,3.7,debit,equifax,Entertainment | Days Out,days_out,
v2_batch2,train,Madame Tussauds,Madame Tussauds Lo Madame Tussauds London,113.0,debit,equifax,Entertainment | Days Out,days_out,
v2_batch2,iter_eval,Wembley Park,Wembley Park expreWembley,4.48,debit,equifax,Entertainment | Days Out,convenience_store,
v2_batch2,iter_eval,Alton Towers,Alton Towers,58.0,debit,equifax,Entertainment | Days Out,days_out,
v2_batch2,train,Codonas,Codonas Amusement Park CODONAS AMUSEMENT PARK ABERDEEN      GBR,85.0,debit,equifax,Entertainment | Days Out,days_out,
v2_batch2,train,BuyaGift,BUYAGIFT          LONDON,1.99,debit,equifax,Entertainment | Experience Days,experience_days,
v2_batch2,iter_eval,Attraction Tickets,attractiontickets. attractiontickets.com,16.86,debit,equifax,Entertainment | Experience Days,experience_days,
v2_batch2,iter_eval,Champneys,Champneys Mottram  ON 10 AUG CPM,5.96,debit,equifax,Entertainment | Experience Days,beauty_treatment,
v2_batch2,iter_eval,BHLive,WWW.BHLIVE.ORG.UK  ON 13 AUG BCC,60.14,debit,equifax,Services | Event Planning,live_music,
v2_batch2,train,Tiffany Rose,TIFFANY ROSE HAIR  KAT GEMMELL FT,55.0,debit,equifax,Services | Event Planning,beauty_treatment,
v2_batch2,train,Waterstones,Waterstones WATERSTONES            NEWCASTLE     GBR,8.99,debit,equifax,"Books, Newspapers and Magazines | General Books",books,
v2_batch2,iter_eval,Amazon Kindle,Kindle Svcs*RZ7XA0 USA AMOUNT IN USD 9.51 ON 29 FEB VISA 1.261799 FINAL GBP AMOUNT INCLUDES NON-STERLING TRANS FEE ?0.23 ,7.77,debit,equifax,"Books, Newspapers and Magazines | General Books",books,
v2_batch2,iter_eval,Abebooks,AB* ABEBOOKS.UK KZ  ON 27 MAY BCC AB* ABEBOOKS.UK KZ2A3I,6.9,debit,equifax,"Books, Newspapers and Magazines | General Books",books,
v2_batch2,train,Wonderbly,CARD PAYMENT TO WONDERBLY PERSONALISED ON 24-10-2024,39.98,debit,equifax,"Books, Newspapers and Magazines | General Books",books,
v2_batch2,iter_eval,My Favourite Magazines,MY FAVOURITE FISH MY FAVOURITE FISH AND CHI,5.8,debit,equifax,"Books, Newspapers and Magazines | Magazines",takeaway,"Narrative is MY FAVOURITE FISH AND CHI — a chip shop, not a magazine merchant."
v2_batch2,train,Globe News,GLOBE NEWS        OXFORD,1.0,debit,equifax,"Books, Newspapers and Magazines | Newspapers",newspapers,
v2_batch2,iter_eval,Scholastic Book Clubs,0184 01MAR23      SCHOLASTIC BOOK   FAIRS             WARWICK GB,14.98,debit,equifax,"Books, Newspapers and Magazines | General Books",books,
v2_batch2,train,DeAgostini,PAYPAL *DEAGOSTINI  ON 06 NOV BCC,47.96,debit,equifax,"Books, Newspapers and Magazines | Magazines",magazines,
v2_batch2,iter_eval,The Times,TIMES NEWSPAPERS APDAAAAAA104558018 FIRST DDR PAYMENT DDR Times Newspapers,1.0,debit,equifax,"Books, Newspapers and Magazines | Newspapers",newspapers,
v2_batch2,train,Top Gear,TOP GEAR,5.0,debit,equifax,"Books, Newspapers and Magazines | Magazines",magazines,
v2_batch2,train,Online News,DUNNES NEWS,0.79,debit,equifax,"Books, Newspapers and Magazines | Newspapers",newspapers,
v2_batch2,train,Marvel Stores,MARVEL STORES COST  ON 13 JUL CPM,11.84,debit,equifax,"Books, Newspapers and Magazines | Comic Books",comics,
v2_batch2,train,HobbyCraft,Hobbycraft  ON 11 OCT CLP,22.3,debit,equifax,Shopping (Discretionary) | Art and Craft,arts_crafts,
v2_batch2,train,Baker Ross,7532 31DEC24      BAKER ROSS        HARLOW GB,21.8,debit,equifax,Shopping (Discretionary) | Art and Craft,arts_crafts,
v2_batch2,train,Warhammer,WARHAMMER,63.0,debit,equifax,Shopping (Discretionary) | Games and Puzzles,games_puzzles,
v2_batch2,iter_eval,Sport and Recreation Alliance,Contactless Payment SPORT AND RECREATI APPLEPAY 1485,7.5,debit,equifax,Services | General Memberships,memberships,
v2_batch2,train,First Love Church,To First Love Church,40.0,debit,equifax,Services | General Memberships,charitable_donation,
v2_batch2,iter_eval,AdmireMe,AdmireMe.VIP Kiwi Leisure  AdmireMe               GBR,35.0,debit,equifax,Entertainment | Adult Entertainment,adult_entertainment,
v2_batch2,train,EzCamHost,ECHST.NET NETHERLANDS ON 27 JUL BCC,4.92,debit,equifax,Entertainment | Adult Entertainment,adult_entertainment,
v2_batch2,iter_eval,Steamray.com,9861 13OCT22      STREAMRAY.HELP    08000988311 GB,45.21,debit,equifax,Entertainment | Adult Entertainment,adult_entertainment,
v2_batch2,train,Adult Works,CARD PAYMENT TO AWORK.CO.UK ON 28-08-2023,5.0,debit,equifax,Entertainment | Adult Entertainment,adult_entertainment,
v2_batch2,train,Godaddy,1496 27APR23      DNH*GODADDY.COM   TEMPE US          USD          25.19VRATE       1.2390N-S TRN FEE   0.56,20.89,debit,equifax,Services | Web Services,web_services,
v2_batch2,train,FastHosts Internet,2178 29MAR23      FASTHOSTS         GLOUCESTER GB,1.2,debit,equifax,Services | Web Services,web_services,
v2_batch2,train,123-Reg,"123 Reg LTD 008161154 123 REG LTD 008161154  Hayes, Middle GBR",1.79,debit,equifax,Services | Web Services,web_services,
v2_batch2,train,Tinder,gotinder.com/help,13.99,debit,equifax,Entertainment | Online Dating,online_dating,
v2_batch2,iter_eval,Match.com,match the cash Ltd                       a12300,247.29,debit,equifax,Entertainment | Online Dating,personal_loan_repayment,"Payee is match the cash Ltd (Guarantor My Loan), not Match.com dating. £247.29 is a loan instalment."
v2_batch2,train,POF,PAYPAL *POF.COM,19.99,debit,equifax,Entertainment | Online Dating,online_dating,
v2_batch2,train,Ancestry,5888 31OCT22      ANC*ANCESTRY.CO.UK800-404-9723 IE,13.99,debit,equifax,Services | Family History,genealogy_services,
v2_batch2,train,Your Social Insights,YOURSOCIALINSIGHTS,14.95,debit,equifax,Services | Social Reporting Services,social_reporting,
v2_batch2,iter_eval,Rowlands Pharmacy,ROWLANDS PHARMACY CD 7019,8.39,debit,equifax,Personal Healthcare | Pharmaceuticals,pharmacy,
v2_batch2,iter_eval,Lloyds Pharmacy,LloydsPharmacy LLOYDS PHARMACY        WELLINGBOROUG GBR,5.65,debit,equifax,Personal Healthcare | Pharmaceuticals,pharmacy,
v2_batch2,iter_eval,Clockwork Pharmacy,Contactless Payment CLOCKWORK PHARMACY LTD GOOGLE 1720,3.49,debit,equifax,Personal Healthcare | Pharmaceuticals,pharmacy,
v2_batch2,train,The Online Clinic,The online propertKajahana156HockleyVIA MOBILE - LVP  FP 21/08/************0591000N,550.0,debit,equifax,Personal Healthcare | Medicine,medicine,
v2_batch2,train,West End Pharmacy,West End Pharmacy,6.99,debit,equifax,Personal Healthcare | Medicine,pharmacy,
v2_batch2,train,Gorgemead Pharmacy,1528 11OCT24 CD   GORGEMEAD LTD     ROCHDALE GB,4.99,debit,equifax,Personal Healthcare | Medicine,pharmacy,
v2_batch2,train,Dean & Smedley,DEAN & SMEDLEY LTD,10.58,debit,equifax,Personal Healthcare | Medicine,pharmacy,
v2_batch2,train,The Protein Works,NYA*The Gym Protei NYA*The Gym Protein,1.8,debit,equifax,Personal Healthcare | Supplements,supplements,
v2_batch2,iter_eval,Vitabiotics,VITABIOTICS.COM,11.56,debit,equifax,Personal Healthcare | Supplements,supplements,
v2_batch2,iter_eval,Life Extension,"CARD PAYMENT TO LIFE EXTENSION FOUNDAT ,140.96 USD, RATE 0.7929/GBP ON 16-11-2024",111.77,debit,equifax,Personal Healthcare | Supplements,supplements,
v2_batch2,train,Genix,Genix Healthcare DGloucester,38.8,debit,equifax,Personal Healthcare | Dentist,dentist,
v2_batch2,train,Practice Plan Ltd,PR47149721 Practice Plan,6.6,debit,equifax,Personal Healthcare | Dentist,dentist,
v2_batch2,iter_eval,Lenstore,Lenstore from The Seeing Eye Friend Pot Lenstore               St Martin     GBR,23.97,debit,equifax,Personal Healthcare | Glasses and Contact Lenses,optician,
v2_batch2,iter_eval,Vision Express,Contactless Payment VISION EXPRESS,20.0,debit,equifax,Personal Healthcare | Glasses and Contact Lenses,optician,
v2_batch2,train,Goggles4u,Visa purchase GOGGLES4U,14.9,debit,equifax,Personal Healthcare | Glasses and Contact Lenses,optician,
v2_batch2,train,Countess of Chester Hospital,COUNTESS OF CHESTE COUNTESS OF CHESTER HO,3.0,debit,equifax,Personal Healthcare | Hospitals,hospital,
v2_batch2,train,Aintree University Hospital,"AINTREE UNI HOSP (VIA APPLE PAY), ON 11-10-2024",5.5,debit,equifax,Personal Healthcare | Hospitals,hospital,
v2_batch2,iter_eval,Great Western Hospitals,Great Western Hospital Swindon GW Hospital F2 Watford       GBR,3.0,debit,equifax,Personal Healthcare | Hospitals,hospital,
v2_batch2,train,Queens Hospital,QUEENS HOSPITAL SH  ON 05 DEC CPM QUEENS HOSPITAL SHOP,2.69,debit,equifax,Personal Healthcare | Hospitals,hospital,
v2_batch2,train,BetterHelp,Betterhelp  *hoffman N Betterhelp  Hoffman N,185.75,debit,equifax,Services | Counselling and Mental Health,mental_health_services,
v2_batch2,train,The Priory Group,PRIORY GROUP  94027096 HARRISON BGC,146.84,credit,equifax,Transfers / Other | Counselling and Mental Health,refund_received,Final human adjudication: refund_received. Credit direction and merchant/refund evidence indicate money returned to the customer. Luna votes: mental_health_services / mental_health_services / mental_health_services.
v2_batch2,iter_eval,Response,FIRST RESPONSE FININITIAL PAYMENT,248.07,debit,equifax,Services | Counselling and Mental Health,car_finance_repayment,Final human adjudication: car_finance_repayment. Merchant evidence identifies a vehicle-finance lender and the debit is a repayment. Luna votes: car_finance_repayment / car_finance_repayment / mental_health_services. Sources: https://www.firstresponsefinance.co.uk/
v2_batch2,train,Scottish Social Services Council,WWW.SSSC.UK.COM,35.0,debit,equifax,Services | Counselling and Mental Health,business_services,
v2_batch2,iter_eval,Slimming World,SLIMMING WORLD,20.95,debit,equifax,Personal Healthcare | Weight Loss,weight_loss,
v2_batch2,train,Weston Hospice Care,WESTON HOSPICECARE,2.0,debit,equifax,Services | Adult Care,charitable_donation,
v2_batch2,train,HC-One,HC-ONE NO 1 LIMITESALARY            FP 13/09/23 1011  MODULO00P210K0QE32,50.0,credit,equifax,Identified Salary | Adult Care,salary,
v2_batch2,iter_eval,Mersey Care,MERSEYCARE TRUST,214.97,credit,equifax,Identified Salary | Adult Care,salary,
v2_batch2,iter_eval,Co-op Funeralcare,CO-OPERATIVE FUNER,20.55,debit,equifax,Services | Funeral Directors,funeral,
v2_batch2,train,Lush,Lush UK  ON 29 JUL CLP,10.5,debit,equifax,Personal Healthcare | Beauty & Massage,health_beauty_general,
v2_batch2,train,Debit Finance,Direct Debit - First Payment DEBIT FINANCE COLL 600828 62807218,30.0,debit,equifax,Personal Healthcare | Gyms And Health Clubs,gym_fitness,
v2_batch2,train,BH Live,BH LIVE ACTIVE - M BH LIVE ACTIVE - MOUNT,13.2,debit,equifax,Personal Healthcare | Gyms And Health Clubs,gym_fitness,
v2_batch2,train,Taylor Taylor,Mrs S L Taylor Mrs Sally L Taylor,20.0,debit,equifax,Personal Healthcare | Skin and Hair Care,transfer_p2p,Final human adjudication: transfer_p2p. The counterparty is a named person and the narrative is a bank transfer. Luna votes: transfer_p2p / transfer_p2p / unclassified_other.
v2_batch2,train,Nursing and Midwifery Council,NMC-QTXCF1PTV Nursing & Midwifery Council,30.0,debit,equifax,Services | Medical,business_services,
v2_batch2,train,Sheilas Wheels,SHEILAS WHEELS DR  0092035667 JUL 07 DDR,55.59,debit,equifax,Insurance | Motor Insurance,insurance_motor,
v2_batch2,iter_eval,Car Insurance,C DOHERTY         CAR INSURANCE     FP 01/10/24 0245  L282CSO00000230839,125.0,credit,equifax,Insurance | Motor Insurance,transfer_p2p,Final human adjudication: transfer_p2p. The counterparty is a named person and the narrative is a bank transfer. Luna votes: insurance_motor / insurance_motor / transfer_p2p.
v2_batch2,train,M&S Car Insurance,M&S CAR INS BISL                      REFERENCE: ************2564,40.03,debit,equifax,Insurance | Motor Insurance,insurance_motor,
v2_batch2,iter_eval,Adrian Flux,"DIRECT DEBIT PAYMENT TO PC/ADRIAN FLUX INS REF 04AEJQ0582/010/106, MANDATE NO 0017",49.85,debit,equifax,Insurance | Motor Insurance,insurance_motor,
v2_batch2,train,MORE THAN,Visa purchase MORE THAN INSURANCE,623.82,debit,equifax,Insurance | Motor Insurance,insurance_motor,
v2_batch2,train,Policy Expert,PCL/POLICY EXPERT FIRST PAYMENT,69.86,debit,equifax,Insurance | Home Insurance,insurance_home,
v2_batch2,train,Allianz Home Insurance,AZP HE COVER,4.34,debit,equifax,Insurance | Home Insurance,insurance_home,
v2_batch2,iter_eval,RBI,RBI HOME INSURANCE,22.21,debit,equifax,Insurance | Home Insurance,insurance_home,
v2_batch2,train,Urban Jungle,"DIRECT DEBIT PAYMENT TO URBAN JUNGLE REF EGRQ7XG, MANDATE NO 0059",12.33,debit,equifax,Insurance | Home Insurance,insurance_home,
v2_batch2,iter_eval,Natwest Home Insurance,NWI HOME INSURANCE,22.21,debit,equifax,Insurance | Home Insurance,insurance_home,
v2_batch2,iter_eval,VitalityLife,VITALITY LIFE,18.56,debit,equifax,Insurance | Life Insurance,insurance_life,
v2_batch2,iter_eval,Aviva LI,AVIVA LIFE  BPL05N0B1-04JCFK DDR,64.19,debit,equifax,Insurance | Life Insurance,insurance_life,
v2_batch2,iter_eval,AIG Life Insurance,AIG LIFE LTD,20.0,debit,equifax,Insurance | Life Insurance,insurance_life,
v2_batch2,train,Bupa,BUPA PAYMENTS BUPA55316117719,3133.49,debit,equifax,Insurance | Health Insurance,insurance_health,
v2_batch2,train,WPA Health,WPA HEALTH  01WPA920161731FHE DDR,135.36,debit,equifax,Insurance | Health Insurance,insurance_health,
v2_batch2,train,Protego Group,Direct debit PROTEGO GROUP ************8789,12.5,debit,equifax,Insurance | Health Insurance,insurance_health,
v2_batch2,train,AXA PPP Healthcare,GB************2024 AXA PPP healthcare,87.2,credit,equifax,Insurance | Health Insurance,refund_received,Final human adjudication: refund_received. Credit direction and merchant/refund evidence indicate money returned to the customer. Luna votes: insurance_health / insurance_health / insurance_health.
v2_batch2,iter_eval,AA Travel Insurance,MOSHRIF AA TRAVEL RP4679961410718800,5.0,credit,equifax,Insurance | Travel Insurance,refund_received,Final human adjudication: refund_received. Credit direction and merchant/refund evidence indicate money returned to the customer. Luna votes: insurance_travel / insurance_travel / insurance_travel.
v2_batch2,train,Holiday Insurance Web,ALEXANDER HAXTON HOLIDAY INSURANCE ************6966,25.0,credit,equifax,Insurance | Travel Insurance,transfer_p2p,Final human adjudication: transfer_p2p. The counterparty is a named person and the narrative is a bank transfer. Luna votes: insurance_travel / insurance_travel / insurance_travel.
v2_batch2,train,Direct Travel Insurance,Direct Debit - First Payment HAYS TRAVEL LIMITE ************4818,291.42,debit,equifax,Insurance | Travel Insurance,insurance_travel,
v2_batch2,iter_eval,ASDA Travel Insurance,ASDA TRAVEL INS GIBRALTAR ON 06 MAY BCC,15.37,debit,equifax,Insurance | Travel Insurance,insurance_travel,
v2_batch2,iter_eval,The Insurance Emporium,THE INSURANCE EMPO,61.58,debit,equifax,Insurance | Other Insurance,insurance_other,
v2_batch2,train,Barbon Insurance,HOMELET BARBON INS,11.49,debit,equifax,Insurance | Other Insurance,insurance_other,
v2_batch2,train,Privilege Car Insurance,PRIVILEGE INSURANC,4.97,debit,equifax,Insurance | Other Insurance,insurance_motor,
v2_batch2,train,Simply Business,Direct debit PC/SIMPLY BUSINESS ************0880,14.73,debit,equifax,Insurance | Other Insurance,insurance_general,
v2_batch2,train,Payment Shield,PAYMENTSHIELD LTD,24.83,debit,equifax,Insurance | Other Insurance,insurance_general,
v2_batch2,train,Tesco Phone Insurance,TESCOPHONEINS.                        REFERENCE: 4000403328,11.75,debit,equifax,Insurance | Other Insurance,insurance_other,
v2_batch2,iter_eval,Wex Europe Services (uk) Limited,5881 30AUG24      WEX EUROPE        SERVICES UK       MANCHESTER GB,38.68,debit,equifax,Financial Services | Charge Card,business_services,
v2_batch2,train,Wex Europe Services Limited,WEX Europe Services,29.69,debit,equifax,Financial Services | Charge Card,charge_card_repayment,
v2_batch2,iter_eval,RBS-NatWest W/End Credit,Temporary Credit recollection from Monzo,35.0,debit,equifax,Financial Services | Revolving Credit,financial_services_other,
v2_batch2,train,Arval,ARVAL UK LTD,249.96,debit,equifax,Financial Services | Car Lease Plan,car_lease,
v2_batch2,iter_eval,Lex Autolease,Direct debit LEX AUTOLEASE ************9210,307.74,debit,equifax,Financial Services | Car Lease Plan,car_lease,
v2_batch2,train,Barclays Partner Finance,"DIRECT DEBIT PAYMENT TO BARCLAYS PRTNR FIN REF ************1765, MANDATE NO 0173",98.19,debit,equifax,Financial Services | Retail Finance,retail_finance_repayment,
v2_batch2,iter_eval,Fair For You,WWW.FAIRFORYOU.CO.UK CD 6703,19.0,debit,equifax,Financial Services | Retail Finance,retail_finance_repayment,
v2_batch2,train,V12 Retail Finance,V12 RETAIL FINANCE,50.71,debit,equifax,Financial Services | Retail Finance,retail_finance_repayment,
v2_batch2,iter_eval,Monzo Flex,Flex,0.36,debit,equifax,Financial Services | BNPL,bnpl,
v2_batch2,iter_eval,Manchester Credit Union,MANCHESTER CREDIT 98787 5060cca9620945e8af,40.8,credit,equifax,Financial Services | Credit Unions,loan_disbursement,Final human adjudication: loan_disbursement. Credit from a lender/finance provider is money received rather than a repayment debit. Luna votes: loan_disbursement / loan_disbursement / credit_union_repayment.
v2_batch2,iter_eval,Moneywise Credit Union,MONEYWISE CREDIT U  22/12/23 BGC,38.74,credit,equifax,Financial Services | Credit Unions,loan_disbursement,Final human adjudication: loan_disbursement. Credit from a lender/finance provider is money received rather than a repayment debit. Luna votes: loan_disbursement / loan_disbursement / credit_union_repayment.
v2_batch2,train,London Mutual Credit Union,FASTER PAYMENTS RECEIPT REF.LONDON MUTUAL CRED FROM MISS SHANNON NATASHA ANN SHEPPAR,827.0,credit,equifax,Financial Services | Credit Unions,transfer_p2p,"FPS credit FROM MISS SHANNON NATASHA ANN SHEPPAR; London Mutual is only the payment reference, not a CU disbursement."
v2_batch2,train,Cambrian Credit Union,CAMBRIAN CREDIT UN 14.60 000000000273704535,14.6,credit,equifax,Financial Services | Credit Unions,loan_disbursement,Final human adjudication: loan_disbursement. Credit from a lender/finance provider is money received rather than a repayment debit. Luna votes: loan_disbursement / loan_disbursement / credit_union_repayment.
v2_batch2,iter_eval,Granite Finance,1246 21NOV23      GRANITE FINANCE   LIVERPOOL L37 GB,48.98,debit,equifax,Financial Services | Financial Services Other,loan_repayment_other,
v2_batch2,train,Inclusive Finance Limited,VA47JNE Inclusive Finance,50.0,debit,equifax,Financial Services | Financial Services Other,loan_repayment_other,
v2_batch2,train,Elfin Market,ELFIN MARKET,109.94,debit,equifax,Financial Services | Financial Services Other,financial_services_other,Final human adjudication: financial_services_other. The merchant is a financial service and the transaction is not merely a payment rail. Luna votes: financial_services_other / financial_services_other / unclassified_other.
v2_batch2,train,TSB,Starlin United Kingdom Account Hussain (TSB),16.0,debit,equifax,Financial Services | Banks And Building Societies,transfer_bank_unspecified,"Final human adjudication: transfer_bank_unspecified. A bank transfer is clear, but own-account or recipient purpose is not. Luna votes: transfer_p2p / transfer_p2p / transfer_bank_unspecified."
v2_batch2,iter_eval,Next Directory,NEXT DIRECTORY    ONLINE,215.55,debit,equifax,Financial Services | Retail Finance,retail_finance_repayment,
v2_batch2,train,Cabot,Cabot Fin Europe CABOT FIN EUROPE,10.0,debit,equifax,Financial Services | Debt Collection,debt_collection,
v2_batch2,iter_eval,Wescot Debt Recovery,WESCOT CREDIT SVS,50.0,debit,equifax,Financial Services | Debt Collection,debt_collection,
v2_batch2,iter_eval,Freemans,ZILCH *      FREEM ZILCH *      FREEMANS AGE,5.5,debit,equifax,Financial Services | Retail Finance,retail_finance_repayment,
v2_batch2,iter_eval,American Express,PB518361998584769 Account AMERICAN EXP 3773,5309.0,debit,equifax,Financial Services | Credit Cards,charge_card_repayment,"Final human adjudication: charge_card_repayment. The payment is to American Express, matching the charge-card repayment leaf. Luna votes: credit_card_repayment / credit_card_repayment / charge_card_repayment."
v2_batch2,iter_eval,My Finance Club,MY FINANCE CLUB  ON 02 OCT BCC,416.0,debit,equifax,Financial Services | Payday Loans,payday_loan,
v2_batch2,train,Lending Stream,LENDING STREAM PAYMENT2049452 MODULO00P210GBJ1QW 19FEB23,500.0,credit,equifax,Financial Services | Payday Loans,loan_disbursement,
v2_batch2,iter_eval,Loans 2 Go,Visa purchase LOANS2GO,176.78,debit,equifax,Financial Services | Payday Loans,payday_loan,
v2_batch2,iter_eval,PiggyBank,To GBP Piggy bank ,1.66,credit,equifax,Financial Services | Payday Loans,loan_disbursement,
v2_batch2,train,Cash Convertors,CASH CONVERTERS CD 4581,66.25,debit,equifax,Financial Services | Pawn Brokers,pawnbroker,
v2_batch2,iter_eval,Cash Generator,9403 29AUG24      CASH GENERATOR    EDINBURGH GB,26.25,debit,equifax,Financial Services | Pawn Brokers,pawnbroker,
v2_batch2,iter_eval,CheckMyFile,8325 17SEP24      CHECKMYFILE.COM   CORNWALL GB,14.99,debit,equifax,Services | Budgeting and Credit Reporting Services,credit_reporting_service,
v2_batch2,train,Experian,EXPERIAN UK CD 8061,14.99,debit,equifax,Services | Budgeting and Credit Reporting Services,credit_reporting_service,
v2_batch2,train,Equifax,EQUIFAX LTD  ON 21 JUN BCC,3.95,debit,equifax,Services | Budgeting and Credit Reporting Services,credit_reporting_service,
v2_batch2,train,ScoresMatter,SCORESMATTER  ON 13 JUN BCC ScoresMatter,19.95,debit,equifax,Services | Budgeting and Credit Reporting Services,credit_reporting_service,
v2_batch2,iter_eval,Safecharge,SAFECHARGE LIMITED,50.0,debit,equifax,Financial Services | Money Management,payment_intermediary,
v2_batch2,iter_eval,Virgin Bet,9529 08AUG24      VIRGIN BET        LONDON GB,5.0,debit,equifax,Gambling and Betting | Betting,gambling_betting,
v2_batch2,train,LiveScore Bet,4787 17JAN25      LIVESCOREBET.COM  GIBRALTAR GI,10.0,debit,equifax,Gambling and Betting | Betting,gambling_betting,
v2_batch2,iter_eval,BetVictor,BetVictor BETVICTOR LTD          GIBRALTAR     GIB,5.0,debit,equifax,Gambling and Betting | Betting,gambling_betting,
v2_batch2,train,Betfair,BETFAIR,20.0,debit,equifax,Gambling and Betting | Betting,gambling_betting,
v2_batch2,iter_eval,Mecca Bingo,Visa purchase MECCABINGO APPLEPAY 6354,5.0,debit,equifax,Gambling and Betting | Bingo,gambling_bingo,
v2_batch2,iter_eval,tombola,TOMBOLA,12.0,debit,equifax,Gambling and Betting | Bingo,gambling_bingo,
v2_batch2,train,ElectraWorks Limit,ELECTRAWORKS LTD  ON 18 DEC CPM,30.0,debit,equifax,Gambling and Betting | Bingo,gambling_casino,
v2_batch2,train,Help to Save,1400005055816 Help To Save,50.0,debit,equifax,,savings_transfer,
v2_batch2,train,Santander Savings,MRS T J CLAY      SANTANDER  SAVINGS,6000.0,debit,equifax,,savings_transfer,
v2_batch2,train,Park Christmas Savings,PARK XMAS SAVGS  43450223 DDR Park Christmas Savings,42.08,debit,equifax,,savings_transfer,
v2_batch2,iter_eval,Standard Life,Standard Life STANDARD LIFE A CO Standard Life A Co,50.0,debit,equifax,,pension_contribution,
v2_batch2,train,Scottish Equitable,Direct debit SCOTTISH EQUITABLE ************3457,16.57,debit,equifax,,pension_contribution,
v2_batch2,train,Aegon SIPP,Aegon Sipp AEGON SIPP SETTLEM Aegon Sipp Settlem,1.0,debit,equifax,,pension_contribution,
v2_batch2,train,The Finance Insider,"DIRECT DEBIT PAYMENT TO THEFINANCEINSIDER REF TFI-MTA8N6H2S, MANDATE NO 0031",5.99,debit,equifax,Investments and Trading | Investments,investment_general,"Final human adjudication: investment_general. The Finance Insider debit; generic investment service/product. Narrative: DIRECT DEBIT PAYMENT TO THEFINANCEINSIDER REF TFI-MTA8N6H2S, MANDATE NO 0031. Native category: Investments and Trading | Investments. Provider: equifax. Luna votes: investment_general / investment_general / investment_general."
v2_batch2,train,Vanguard,VANGUARD ASSET MAN,750.0,debit,equifax,Investments and Trading | Investments,investment_general,
v2_batch2,iter_eval,Scottish Friendly,SFA  PSD/OB100766266AA DDR Scottish Friendly,13.27,debit,equifax,Investments and Trading | Investments,investment_general,
v2_batch2,train,Hargreaves Lansdown,HLAM REGULAR SAVIN,25.0,debit,equifax,Investments and Trading | Investments,investment_general,
v2_batch2,train,Ethereum,Exchanged to ETH,1.0,debit,equifax,Investments and Trading | Cryptocurrency,crypto,
v2_batch2,train,Ripple,Exchanged to XRP,0.45,debit,equifax,Investments and Trading | Cryptocurrency,crypto,
v2_batch2,train,NS&I National Savings and Insurance,NS&I TFC CUSTOMER,130.0,debit,equifax,Investments and Trading | Investments,savings_transfer,
v2_batch2,train,BCB Payments Limited,BCB PAYMENTS LTD  PM5667024,23.81,debit,equifax,Investments and Trading | Cryptocurrency,crypto,
v2_batch2,iter_eval,ICM Capital Limited,6520 06JUN23      ICM PAY           35725123504 CY,13.0,debit,equifax,Investments and Trading | Trading,forex_trading,
v2_batch2,iter_eval,IC Markets,IC Markets,56.56,credit,equifax,Investments and Trading | Trading,forex_trading,
v2_batch2,iter_eval,Winterflood Securities,WINTERFLOOD SECURI,15.0,debit,equifax,Investments and Trading | Trading,investment_trading,
v2_batch2,train,Family Equity Plan,FAMILY EQUITY PLAN,10.0,debit,equifax,Services | Wealth Management,wealth_management,
v2_batch2,train,Banxa,8567 04NOV23      BANXA METAMA      11453923          AMSTERDAM NL,30.0,debit,equifax,Investments and Trading | Cryptocurrency,crypto,
v2_batch2,iter_eval,Kraken,PAYWARD LTD KRAKEN TX FTA2OWG- 1076feeceffc47bcac 21SEP24,1070.47,credit,equifax,Investments and Trading | Cryptocurrency,crypto,
v2_batch2,train,Shiba Inu,Exchanged to SHIB,2.0,debit,equifax,Investments and Trading | Cryptocurrency,crypto,
v2_batch2,train,Binance,binance.com,18.2,debit,equifax,Investments and Trading | Cryptocurrency,crypto,
v2_batch2,iter_eval,FP Markets,fpmarkets Fpmarkets,20.0,credit,equifax,Investments and Trading | Forex,forex_trading,
v2_batch2,train,Vantage Markets Limited,VANTAGE MARKETS,60.44,credit,equifax,Investments and Trading | Forex,forex_trading,
v2_batch2,train,Xoom,Xoom*rai Daljinder,100.0,credit,equifax,Own Transfers | Money Transfers,transfer_international,
v2_batch2,iter_eval,Cox & Cox,SOPHIE COX BGC  SOPHIE COX BGC ,70.0,credit,equifax,Own Transfers | Home Accessories,transfer_p2p,
v2_batch2,iter_eval,Marvel Entertainment,S MARVEL,10.0,credit,equifax,,transfer_p2p,
v2_batch2,iter_eval,Gant,Jessica Gant,50.0,credit,equifax,Own Transfers | General Fashion,transfer_p2p,
v2_batch2,train,Radley,TERRI DEVER       WAYNE RADLEY      FP 24/09/24 1001  P02JM6WTR6VNOEVZAI,80.0,credit,equifax,Own Transfers | Jewellery and Accesories,transfer_p2p,
v2_batch2,iter_eval,Remitly,REMITLY  ON 09 JUL BCC,20.0,debit,equifax,Transfers / Other | International Transfer,transfer_international,
v2_batch2,train,TransferGo,TRANSFERGO        London,15.0,debit,equifax,Transfers / Other | International Transfer,transfer_international,
v2_batch2,train,Transferwise,5047 20DEC24      WISE              LONDON GB,82.54,debit,equifax,Transfers / Other | International Transfer,transfer_international,
v2_batch2,iter_eval,One Money Mail,ONE MONEY MAIL  ON 13 DEC BCC,17.0,debit,equifax,Transfers / Other | Money Transfers,money_transfer_service,
v2_batch2,iter_eval,GoHenry ,GoHenry Top Up,5.5,debit,equifax,Financial Services | Prepaid Cards,prepaid_card,
v2_batch2,train,Cash Box Credit Union,CASH BOX CREDIT UN ************693364,21.0,credit,equifax,Cash Deposit | Credit Unions,loan_disbursement,Final human adjudication: loan_disbursement. Credit from a lender/finance provider is money received rather than a repayment debit. Luna votes: loan_disbursement / loan_disbursement / credit_union_repayment.
v2_batch2,train,Kids Planet,KIDS PLANET DAY NU  032713 BGC,752.7,credit,equifax,Identified Salary | Childcare,salary,
v2_batch2,train,Child Base Ltd,Bank credit CHILD BASE LTD ************8898,1468.78,credit,equifax,Identified Salary | Childcare,salary,
v2_batch2,iter_eval,Hollybush Nurseries,6324 09OCT23      HOLLYBUSH         NURSERIES LT      WOLVERHAMPTON GB,15.26,debit,equifax,Services | Childcare,garden,"Hollybush Nurseries Ltd, Wolverhampton is a garden centre, not childcare."
v2_batch2,iter_eval,Bright Horizons,BRIGHT HORIZONS FS  ************0049 BGC,1696.96,credit,equifax,Identified Salary | General Education,salary,
v2_batch2,train,Chartered Management Institution,CMI DR.ARISTIDE DA ROMANIA AMOUNT IN RON 250.00 ON 29 DEC VISA 5.536087 FINAL GBP AMOUNT INCLUDES NON-STERLING TRANS FEE ?1.35 ,46.51,debit,equifax,Education and Learning | General Education,education_general,
v2_batch2,train,Skillnet Apprenticeships,PAYPAL *SKILLNETLT PAYPAL *SKILLNETLTD,10.0,debit,equifax,Education and Learning | General Education,education_general,
v2_batch2,train,UK Open Learning,UK OPEN COLLEGE LIMITE UK Open College,49.0,debit,equifax,Education and Learning | General Education,home_learning,
v2_batch2,train,Construction Industry Training Board,Citb Exam PSO*CITB Exam          London        GBR,22.5,debit,equifax,Education and Learning | General Education,education_general,
v2_batch2,iter_eval,Ayrshire College,Contactless Payment NYA*Ayrshire College APPLEPAY 4357,1.0,debit,equifax,Education and Learning | General Education,education_general,
v2_batch2,iter_eval,Witham St Hughs,WITHAM ST HUGHS,20.51,debit,equifax,Education and Learning | General Education,school_fees,Final human adjudication: school_fees. Witham St Hughs debit; school-fee payment.. Native category: Education and Learning | General Education. Provider: equifax. Luna votes: school_fees / school_fees / education_general.
v2_batch2,iter_eval,Birmingham City University,BCU CURZON BUILDIN BCU CURZON BUILDING (B,3.25,debit,equifax,Education and Learning | General Education,education_general,
v2_batch2,iter_eval,Educational Funding Company Ltd,Direct debit EFC LTD ************2551,60.0,debit,equifax,Education and Learning | General Education,school_fees,
v2_batch2,iter_eval,University of Oxford,UNIVERSITY OF OXFO UNIVERSITY OF OXFORD,6.0,debit,equifax,Education and Learning | General Education,education_general,
v2_batch2,iter_eval,Birkbeck College,BIRKBECK COLLEGE                      REFERENCE: 00091923/14015625,675.0,debit,equifax,Education and Learning | School Fees,school_fees,
v2_batch2,iter_eval,Preply,Visa purchase Preply Inc. APPLEPAY 6000,26.76,debit,equifax,Education and Learning | Home Learning,home_learning,
v2_batch2,train,CIPD,CIPD,46.0,debit,equifax,Education and Learning | Home Learning,education_general,
v2_batch2,train,Open Study College,OPEN STUDY COLLEGE,114.83,debit,equifax,Education and Learning | Home Learning,home_learning,
v2_batch2,iter_eval,BSM,BSM Driving School BSM DRIVING SCHOOL     WWW.BSM.CO.UK GBR,299.0,debit,equifax,Education and Learning | Driving Tuition,driving_tuition,
v2_batch2,train,HP Safer Roads Course,HP SAFER ROADS COU HP SAFER ROADS COURSES,46.0,debit,equifax,Education and Learning | Driving Tuition,driving_tuition,
v2_batch2,iter_eval,My Perfect CV,5817 15OCT23      MYPERFECTCV.CO.UK STRASSEN LU,2.95,debit,equifax,Services | Career Services,career_services,
v2_batch2,train,Vets4Pets,Visa purchase KETTERING VETS4PETS LTD 2022-11-27,69.0,debit,equifax,Pets | Pet Care,veterinary,
v2_batch2,iter_eval,Happy Tails,Contactless Payment HAPPY TAILS VETS APPLEPAY 0853,69.36,debit,equifax,Pets | Pet Care,veterinary,
v2_batch2,iter_eval,Cloud K9,CLOUD K9 G* CLOUDK CLOUD K9 G* CLOUDK9GRO,50.0,debit,equifax,Pets | Pet Care,pet_supplies,
v2_batch2,iter_eval,Pet Plan,PET PLAN LTD PREM,29.15,debit,equifax,Insurance | Pet Insurance,insurance_pet,
v2_batch2,iter_eval,Waggel,WAGGEL  42ZJNEB DDR,29.66,debit,equifax,Insurance | Pet Insurance,insurance_pet,
v2_batch2,train,Sainsbury's Pet Insurance,PIC RE SAINS PET  PETSB627087W DDR,17.21,debit,equifax,Insurance | Pet Insurance,insurance_pet,
v2_batch2,iter_eval,Argos Pet Insurance,Argos PIC RE ARGOS PET Pic Re Argos Pet,22.1,debit,equifax,Insurance | Pet Insurance,insurance_pet,
v2_batch2,iter_eval,Pets Corner,8078 14AUG24 CD   PETS CORNER S086  LEWES GB,0.56,debit,equifax,Pets | Pet Accessories,pet_supplies,
v2_batch2,iter_eval,Muddy Paws,Muddy Paws Doggy spa Muddy Paws Doggy Spa,25.0,debit,equifax,Pets | Pet Accessories,pet_other,
v2_batch2,iter_eval,Republic of Cats,Visa purchase REPUBLIC OF CATS APPLEPAY 1966,22.08,debit,equifax,Pets | Pet Accessories,pet_supplies,
v2_batch2,iter_eval,Scope,SCOPE  ON 28 JAN CLP,5.25,debit,equifax,,charity_shop,"Final human adjudication: charity_shop. This is a card purchase at a charity's retail operation, not a donation instruction. Luna votes: charitable_donation / charitable_donation / charitable_donation."
v2_batch2,iter_eval,The Salvation Army,Contactless Payment THE SALVATION ARMY,3.99,debit,equifax,,charity_shop,"Final human adjudication: charity_shop. This is a card purchase at a charity's retail operation, not a donation instruction. Luna votes: charitable_donation / charitable_donation / charitable_donation."
v2_batch2,train,Stewardship,STEWARDSHIP,10.0,debit,equifax,,charitable_donation,
v2_batch2,train,National Deaf Childrens Society,NDCS  REV-45517322 DDR,5.0,debit,equifax,,charitable_donation,
v2_batch2,train,Just Giving,JG *MOTOR NEURONE DISE JustGiving,20.0,debit,equifax,,charitable_donation,
v2_batch2,train,Sense Charity Shops,SENSE NEWCASTLE UN  ON 14 SEP CPM,7.5,debit,equifax,Shopping (Discretionary) | Charity Shops,charity_shop,
v2_batch2,train,PDSA Charity Shops,PDSA BRIGHTON PET  ON 29 AUG CLP PDSA BRIGHTON PET HOSP,20.0,debit,equifax,Shopping (Discretionary) | Charity Shops,charity_shop,
v2_batch2,iter_eval,Labour Party,THE LABOUR PARTY  MDD088091 DDR,2.18,debit,equifax,Charitable Giving | Political Parties,political_donation,
v2_batch2,iter_eval,Conservative Party,THE CONSERVATIVE W THE CONSERVATIVE WOMAN,5.0,debit,equifax,Charitable Giving | Political Parties,political_donation,
v2_batch2,train,Whatnot Ltd,WHATNOT EUROPE LTD,8.14,debit,equifax,Services | Business Services,marketplace_general,
v2_batch2,iter_eval,Model Management Limited,Payment from 1 Model Management London Limited,182.5,credit,equifax,Transfers / Other | Business Services,income_agency_work,
v2_batch2,train,Capita,CAPITA *OUTWOOD AC CAPITA *OUTWOOD ACADEMY C,15.0,debit,equifax,Services | Business Services,school_fees,
v2_batch2,train,Foodit,WWW.FOODIT.COM  ON 24 OCT BCC,12.5,debit,equifax,Services | Business Services,takeaway,
v2_batch2,train,First Call,"First Call Cs Ltd, DE7XFBS",21.0,debit,equifax,Services | Contract Services,services_unspecified,"Final human adjudication: services_unspecified. First Call debit; service is named but no narrower taxonomy leaf is supported. Narrative: First Call Cs Ltd, DE7XFBS. Native category: Services | Contract Services. Provider: equifax. Luna votes: services_unspecified / services_unspecified / services_unspecified."
v2_batch2,iter_eval,Truelayer Limited,LCI LIMITED       9ADNU2YA7LYNNQYL5NTPP TRUELAYER LIMIFP 01/10/************5138000N,20.0,debit,equifax,Services | IT Services,gambling_unspecified,TrueLayer is the rail; LCI LIMITED is Entain (Ladbrokes/Coral). Gambling must not be filed as IT.
v2_batch2,iter_eval,Grant Thornton,GRANT THORNTON,205.68,credit,equifax,Transfers / Other | Accountancy,refund_received,Final human adjudication: refund_received. Credit direction and merchant/refund evidence indicate money returned to the customer. Luna votes: accountancy / accountancy / accountancy.
v2_batch2,train,ACCA ,JOHN S                                   Acca,100.0,credit,equifax,Transfers / Other | Accountancy,transfer_p2p,Final human adjudication: transfer_p2p. The counterparty is a named person and the narrative is a bank transfer. Luna votes: accountancy / accountancy / accountancy.
v2_batch2,train,KPMG,KPMG LLP CLEARANCE,44.5,credit,equifax,Transfers / Other | Accountancy,refund_received,Final human adjudication: refund_received. Credit direction and merchant/refund evidence indicate money returned to the customer. Luna votes: accountancy / accountancy / accountancy.
v2_batch2,train,Firstclear LTD,Firstclear Ltd,60.0,credit,equifax,Transfers / Other | Accountancy,gambling_unspecified,"Final human adjudication: gambling_unspecified. Merchant research identifies an online gambling operator, but no reliable subtype is shown. Luna votes: gambling_unspecified / accountancy / income_other_unspecified. Sources: https://www.kindredgroup.com/globalassets/documents/investor-relations-related-documents/2005-annual-report-1.pdf https://modern-slavery-statement-registry.service.gov.uk/statement-summary/CVVD59qJ/2022"
v2_batch2,train,QuickBooks,PAYPAL *QUICKBOOKS Quickbooks,6.0,debit,equifax,Services | Accountancy,software,
v2_batch2,train,HM Courts Service,HMCOURTS-SVS.GOV.U,100.0,debit,equifax,Services | Legal Services,government_services,"Final human adjudication: government_services. The payee is a government court/service body, not a private law firm. Luna votes: legal_services / legal_services / government_services. Sources: https://www.gov.uk/government/organisations/hm-courts-and-tribunals-service"
v2_batch2,iter_eval,TM Legal Services,TM LEGAL SERVICES  TMLS-765928-1 DDR,50.0,debit,equifax,Services | Legal Services,debt_collection,"TM Legal Services is a Perch Group litigation collector, not general legal advice."
v2_batch2,train,One Stop CD,ONE STOP CD 6015,3.1,debit,equifax,Services | Printing,convenience_store,
v2_batch2,train,Photo Express,PHOTO EXPRESS,7.0,debit,equifax,Services | Printing,printing_services,
v2_batch2,train,Foto.com,FOTOGRAFIA             Foto Sp,6.77,debit,equifax,Services | Printing,printing_services,
v2_batch2,iter_eval,Loxley Colour,LOXLEY COLOUR,34.69,debit,equifax,Services | Photography Services,printing_services,Final human adjudication: printing_services. The merchant produces photographic prints rather than providing photography shoots. Luna votes: photography_services / photography_services / printing_services.
v2_batch2,train,TJ Morris Ltd,TJ MORRIS LTD     LIVERPOOL,31.06,debit,equifax,Shopping (Discretionary) | Office Supplies,discount_store,
v2_batch2,iter_eval,A1 Stores,A1 FOOD STORES  ON 04 MAR CLP,17.62,debit,equifax,Shopping (Discretionary) | Office Supplies,convenience_store,
v2_batch2,iter_eval,Staples,CURRYS STAPLES CRNER CD 1540,105.23,debit,equifax,Shopping (Discretionary) | Office Supplies,electrical_goods,"CURRYS STAPLES CRNER is Currys at Staples Corner retail park, not Staples stationery."
v2_batch2,train,Nisbets,NISBETS PLC,113.36,debit,equifax,Shopping (Discretionary) | Office Supplies,kitchen,"Nisbets is catering/kitchen equipment wholesale, not office supplies."
v2_batch2,iter_eval,Office Furniture Warehouse,OFFICE FURNITURE  KWH Furniture     VIA MOBILE - PYMT FP 09/06/************2212000N,60.0,debit,equifax,Shopping (Discretionary) | Office Equipment,office_equipment,
v2_batch2,train,Paypal Business Loan,PAYPAL FUNDING 4K42222G96C4C FIRST DDR PAYMENT DDR PayPal,25.0,debit,equifax,Financial Services | Business Loans,business_loan_repayment,
v2_batch2,iter_eval,Enterprise Fund,075565 Enterprise Fund,15000.0,credit,equifax,Financial Services | Business Loans,loan_disbursement,
v2_batch2,train,Unison,21434836 UNISON,11.5,debit,equifax,Services | Trade Unions,trade_union,
v2_batch2,iter_eval,Royal College of Nursing,"DIRECT DEBIT PAYMENT TO RCN REF M2109414-005, MANDATE NO 0066",33.64,debit,equifax,Services | Trade Unions,trade_union,
v2_batch2,train,Virgin Money,************2960 Virgin Money,25.0,debit,equifax,Financial Services | Banks And Building Societies,financial_institution_unspecified,Final human adjudication: financial_institution_unspecified. Virgin Money debit; financial institution is named but product is not. Narrative: ************2960 Virgin Money. Native category: Financial Services | Banks And Building Societies. Provider: equifax. Luna votes: financial_institution_unspecified / financial_institution_unspecified / financial_institution_unspecified.
v2_batch2,iter_eval,Santander Bank,THIRD PARTY PAYMENT MADE VIA FASTER PAYMENT TO PULSE REFERENCE 249CD349D2DD45F69E SANTANDER REFERENCE E32A6D02D3B04F95A9,12.17,debit,equifax,Financial Services | Banks And Building Societies,transfer_bank_unspecified,
v2_batch2,iter_eval,Clydesdale Bank,Clydesdale,100.0,credit,equifax,Financial Services | Banks And Building Societies,transfer_bank_unspecified,"Final human adjudication: transfer_bank_unspecified. A bank transfer is clear, but own-account or recipient purpose is not. Luna votes: financial_institution_unspecified / financial_institution_unspecified / transfer_bank_unspecified."
v2_batch2,train,Royal Bank Of Scotland,HASSAN ALI RBS,200.0,debit,equifax,Financial Services | Banks And Building Societies,transfer_p2p,
v2_batch2,train,HM Prison Service,MONEY TO HMPPS,15.0,debit,equifax,Services | Government Services,government_services,
v2_batch2,iter_eval,Fedex,FEDEX EXPRESS UK L  393806515 BBP Fedex,8.93,debit,equifax,Services | Delivery,delivery_courier,
v2_batch2,train,1&1,IONOS  1&1 INTERNET LTD. 1&1 Internet Ltd.,3.6,debit,equifax,Services | Web Services,web_services,
v2_batch2,train,GMB Trade Union,GMB TRADE UNION                       REFERENCE: 246334D,14.57,debit,equifax,Services | Trade Unions,trade_union,
v2_batch2,train,Dial a TV,Standing order DIAL-A-TV RENTAL L ************7515,10.62,debit,equifax,Services | General,retail_finance_repayment,"Final human adjudication: retail_finance_repayment. Merchant, narrative, amount, direction, and taxonomy fit support retail_finance_repayment. Luna votes: broadband_tv_phone / broadband_tv_phone / retail_tv_online_shopping."
v2_batch2,train,TaskRabbit,MA -TASKRABBIT,50.0,credit,equifax,Transfers / Other | General,salary_gig,Final human adjudication: salary_gig. Credit is earnings from a taxi or gig-work platform. Luna votes: salary_gig / salary_gig / income_agency_work.
v2_batch2,iter_eval,Invoice Home,2421 14NOV24      INVOICEHOME.COM   AUSTIN US,5.0,debit,equifax,Services | General,business_services,
v2_batch2,train,Chip Financial,Chip Financial LtdLondon,440.32,debit,equifax,,savings_transfer,
v2_batch2,train,Discovery+,Visa purchase discovery+ Basic 6899,3.99,debit,equifax,"Utilities | Internet, TV and Phone",streaming,
v2_batch2,train,PensionBee,Payment to PENSIONBEE ************9552,100.0,debit,equifax,,pension_contribution,
v2_batch2,iter_eval,Burger King,ZILCH Burger King CD 1648,9.08,credit,equifax,Refund | Take Away,refund_received,
v2_batch2,train,University of Edinburgh,UNIVERSITY OF EDIN,100.0,debit,equifax,Education and Learning | General Education,education_general,
v2_batch2,train,Select & Save,Ppoint_*select And Save 7,14.2,debit,equifax,Shopping (Discretionary) | Newsagents and Convenience Stores,convenience_store,
v2_batch2,train,Dogs Trust,DOGS TRUST  ON 08 OCT CLP,16.3,debit,equifax,,charity_shop,"Final human adjudication: charity_shop. This is a card purchase at a charity's retail operation, not a donation instruction. Luna votes: charitable_donation / charitable_donation / charitable_donation."
v2_batch2,iter_eval,Aqua,AQUA CREDIT CARD  ON 07 JAN BCC,30.0,debit,equifax,Financial Services | Credit Cards,credit_card_repayment,
v2_batch2,iter_eval,Carter and Bond,A CARTER AND A CARBUDGET,250.0,credit,equifax,,transfer_p2p,Final human adjudication: transfer_p2p. The counterparty is a named person and the narrative is a bank transfer. Luna votes: unclassified_other / unclassified_other / unclassified_other.
v2_batch2,iter_eval,UK Credit Ratings,UKCREDITRATINGS  MQED2ZH DDR,24.95,debit,equifax,Services | Budgeting and Credit Reporting Services,credit_reporting_service,
v2_batch2,iter_eval,Which?,WHICH LIMITED NO2 FIRST PAYMENT,10.99,debit,equifax,"Books, Newspapers and Magazines | Magazines",magazines,
v2_batch2,iter_eval,UK Credit Ratings,UKCreditRatings UKCreditRatings.com    1612507700    USA,1.5,debit,equifax,Misc Card Spend | Foreign,credit_reporting_service,
v2_batch2,iter_eval,Digital,Zilch Amzn Digital ZILCH AMZN Digital     GB            GBR,6.67,debit,equifax,Amazon All | Amazon,marketplace_amazon,"Final human adjudication: marketplace_amazon. The visible underlying merchant is Amazon, so the intermediary is not the final category. Luna votes: bnpl / bnpl / bnpl."
v2_batch2,iter_eval,Jewson,"JEWSON 3755 - CRUSADER CLOSE, GILLINGHAM",27.06,debit,equifax,Shopping (Home) | Home Improvements,home_improvement,
v2_batch2,train,Wickes,Wickes Staines,31.05,debit,equifax,Shopping (Home) | Home Improvements,home_improvement,
v2_batch2,train,Zurich,"Zurich Insurance, PC2031567",419.68,debit,equifax,Insurance | General Insurance,insurance_general,
v2_batch2,train,Shelter,Shelter Hall SHELTER HALL           +447000000000 GBR,5.5,debit,equifax,,restaurant_cafe,
v2_batch2,iter_eval,Carter and Bond,A CARTER AND A CARBUDGET,150.0,credit,equifax,,transfer_p2p,Final human adjudication: transfer_p2p. The counterparty is a named person and the narrative is a bank transfer. Luna votes: unclassified_other / unclassified_other / unclassified_other.
v2_batch2,train,OneBelow,ONEBELOW RETAIL LT NO REF MF09084C637B669B00,588.94,credit,equifax,Identified Salary | Discount Stores,salary,"Final human adjudication: salary. Credit amount, employer identity, and salary evidence support employment income. Luna votes: salary / salary / discount_store."
v2_batch2,iter_eval,Lebara,"Fin: Lebara Mobile Limited,7th Flo,Londo",5.0,debit,equifax,Utilities | Mobile Phone Contracts,mobile_phone_contract,
v2_batch2,train,Care UK,Tapestry Care Uk Limited                 footcare money,249.0,debit,equifax,Services | Adult Care,adult_care,
v2_batch2,train,PensionBee,PENSIONBEE DDCLEAR,20.0,debit,equifax,,pension_contribution,
v2_batch2,train,Subway,SUBWAY 63269 BLACK SUBWAY 63269 BLACKPOOL,17.07,debit,equifax,Restaurants and takeaway | Take Away,takeaway,
v2_batch2,train,Chip Financial,Chip Financial LtdLondon,358.57,debit,equifax,,savings_transfer,
v2_batch2,train,AutoGlass,AUTOGLASS,39.0,debit,equifax,Automotive | Garages and Parts,vehicle_maintenance,
v2_batch2,iter_eval,The Mortgage Lender,Direct debit THE MORTGAGE LENDE ************9367,1597.26,debit,equifax,Rent and Mortgage | Mortgages,mortgage,
v2_batch2,iter_eval,Carter and Bond,A CARTER AND A CARBUDGET,700.0,credit,equifax,,transfer_p2p,Final human adjudication: transfer_p2p. The counterparty is a named person and the narrative is a bank transfer. Luna votes: refund_received / refund_received / income_other_unspecified.
v2_batch2,iter_eval,Lycamobile,Lycamobile UK,10.0,debit,equifax,Utilities | Mobile Phone Contracts,mobile_phone_contract,
v2_batch2,train,Chip Financial,Chip Financial LtdLondon,500.0,debit,equifax,,savings_transfer,
v2_batch2,iter_eval,AVON,AVON COSMETICS LTD Avon Cosmetics,117.5,debit,equifax,Personal Healthcare | Beauty & Massage,health_beauty_general,
v2_batch2,iter_eval,TGI Fridays,TGI FRIDAY'S  ON 22 SEP CLP,19.85,debit,equifax,"Restaurants and takeaway | Restaurants, Cafes and Bistros",restaurant_cafe,
v2_batch2,train,London Council,LONDON BOROUGH OF WWW.NEWHAM.GO,37.35,debit,equifax,Utilities | Council,council_tax,
v2_batch2,train,Cuvva Car Insurance,CUV* MOTOR INSURAN CUV* MOTOR INSURANCE,22.03,debit,equifax,Insurance | Motor Insurance,insurance_motor,
v2_batch2,iter_eval,The Old Library,THE OLD LIBRARY RE THE OLD LIBRARY RESTAURA,16.3,debit,equifax,"Books, Newspapers and Magazines | General Books",restaurant_cafe,
v2_batch2,iter_eval,Eyecare Plans,EYECARE PAYMENTS L,20.56,debit,equifax,Personal Healthcare | Glasses and Contact Lenses,optician,
v2_batch2,train,Morrisons,WM MORRISONS STOREDEREHAM,12.25,debit,equifax,Shopping (Household Essentials) | General Groceries,groceries,
v2_batch2,train,Bumper,Bumper pot_00009vygEB1w6BFM2NwWLB,20.0,credit,equifax,Financial Services | Car Finance,savings_transfer,Final human adjudication: savings_transfer. The narrative identifies an internal pot/savings movement. Luna votes: car_finance_repayment / car_finance_repayment / car_finance_repayment.
v2_batch2,iter_eval,Pension Credit,Bank credit ZY843885A DWP PC ************5677,46.27,credit,equifax,,benefits_state,
v2_batch2,iter_eval,Which?,WHICH?            LONDON,10.99,debit,equifax,"Books, Newspapers and Magazines | Magazines",magazines,
v2_batch2,iter_eval,Performance Direct,PC/PERF DIRECT,148.86,debit,equifax,Insurance | General Insurance,insurance_motor,
v2_batch2,train,Space Nk,0672 07DEC24 CD   SPACE NK ARNDALE  MANCHESTER GB,51.5,debit,equifax,Personal Healthcare | General Health and Beauty,health_beauty_general,
v2_batch2,train,CAROLE NASH,CLOSE-CAROLE NASH  84054846 DDR,29.26,debit,equifax,Insurance | Motor Insurance,insurance_motor,
v2_batch2,train,Chipotle,Chipotle CHIPOTLE 4318          AUBURN        USA,12.44,debit,equifax,Misc Card Spend | Foreign,restaurant_cafe,
v2_batch2,train,IG.com,IG Index IG.COM                 LONDON        GBR,30.0,debit,equifax,Investments and Trading | Trading,investment_trading,
v2_batch2,iter_eval,Employment and Support Allowance,NR813884C DWP EESA  ************1189 BGC,5000.0,credit,equifax,,benefits_state,
v2_batch2,iter_eval,Lendable,LENDABLE LIMITED,60.0,debit,equifax,Financial Services | Personal Loans,personal_loan_repayment,
v2_batch2,train,Garden Machinery Select,SIMS GARDEN MACHIN SIMS GARDEN MACHINERY,15.99,debit,equifax,Shopping (Home) | Garden Accessories,garden,
v2_batch2,train,Moorcroft Debt Recovery,MOORCROFT GROUP                       REFERENCE: 008365256600,10.0,debit,equifax,Financial Services | Debt Collection,debt_collection,
v2_batch2,train,Morrisons,"WM MORRISONS STORE (VIA APPLE PAY), ON 05-07-2024",10.0,debit,equifax,Shopping (Household Essentials) | General Groceries,groceries,
v2_batch2,iter_eval,Leicester city Council,"BANK GIRO CREDIT REF LEICESTER CITY COU, 1003038 WALTON",500.68,credit,equifax,Identified Salary | Council,salary,
v2_batch2,train,Larkmead Veterinary Group,LARKMEAD VETERINAR,13.05,debit,equifax,Pets | Pet Care,veterinary,
v2_batch2,train,National Express,National Express Limit,50.0,credit,equifax,Transfers / Other | Trains and Coaches,refund_received,Final human adjudication: refund_received. Credit direction and merchant/refund evidence indicate money returned to the customer. Luna votes: public_transport_rail_coach / public_transport_rail_coach / public_transport_rail_coach.
v2_batch2,iter_eval,The Rudd Group,NYX*TheRuddGroup,1.0,debit,equifax,Entertainment | General Entertainment,gambling_unspecified,"NYX* TheRuddGroup is a cashless pub fruit-machine stake, not generic entertainment."
v2_batch2,train,The Queen,THE QUEEN ELIZABET QEH PAYROLL MODULO00P210QCPKQA,70.0,credit,equifax,Identified Salary | Pubs and Bars,salary,
v2_batch2,train,Parcel2Go,Visa purchase PARCEL2GO.COM LTD,5.7,debit,equifax,Services | Delivery,delivery_courier,
v2_batch2,iter_eval,Digital,CARD PAYMENT TO AMZN DIGITAL*HY8TW88B4 ON 25-05-2024,7.99,debit,equifax,Amazon All | Amazon,marketplace_amazon,
v2_batch2,iter_eval,Albatross Cars,Albatross Cars ALBATROSS CARS         DERBY         GBR,4.5,debit,equifax,Commuting and travel | Taxis,taxi_rideshare,
v2_batch2,train,My Forex Funds,Mff Eva-res-sta MFF EVA-RES-STA        +16503880901  CAN,701.71,debit,equifax,Investments and Trading | Forex,forex_trading,
v2_batch2,iter_eval,Carter and Bond,A CARTER AND A CARBUDGET,50.0,credit,equifax,,transfer_p2p,Final human adjudication: transfer_p2p. The counterparty is a named person and the narrative is a bank transfer. Luna votes: unclassified_other / unclassified_other / unclassified_other.
v2_batch2,train,Mircosoft,Microsoft*Ultimate  ON 14 JUL BCC,10.99,debit,equifax,Shopping (Discretionary) | Software,gaming_console_pc,"Microsoft*Ultimate is Xbox Game Pass Ultimate, not generic software."
v2_batch2,train,Salary Finance,Payment from Salary Finance Limited,64.0,credit,equifax,Identified Salary | Personal Loans,loan_disbursement,
v2_batch2,iter_eval,MoneyPlus Group,Moneyplus Group MoneyPlus Group                      GBR,107.0,debit,equifax,Financial Services | Debt Management,debt_management_plan,
v2_batch2,train,Plus 500 UK,PLUS500UK  ON 19 SEP BCC,132.0,debit,equifax,Investments and Trading | Trading,investment_trading,
v2_batch2,train,Dogs Trust,DOGS TRUST ************0729 FIRST DDR PAYMENT DDR,8.67,debit,equifax,,charitable_donation,
v2_batch2,train,Subway,Subway Subway 45995           Auburn        USA,8.09,debit,equifax,Misc Card Spend | Foreign,takeaway,
v2_batch2,train,Happy Tiger,INT'L 0081747447  HappyTiger        ID:2458386476,10.0,debit,equifax,Gambling and Betting | Poker and Casino Games,gambling_casino,
v2_batch2,train,Refresh Vending,REFRESH VENDING,0.4,debit,equifax,Shopping (Discretionary) | Confectionary,confectionary,
v2_batch2,train,Docklands Light Railway,Dlr Bayside Brews DLR BAYSIDE BREWS      ANAHEIM       USA,22.28,debit,equifax,Misc Card Spend | Foreign,restaurant_cafe,
v2_batch2,iter_eval,Digital,AMZN Digital,10.0,debit,equifax,Amazon All | Amazon,marketplace_amazon,
v2_batch2,iter_eval,Daybreak,DAYBREAK WATERFRON DAYBREAK WATERFRONT SE,8.0,debit,equifax,Shopping (Discretionary) | Newsagents and Convenience Stores,convenience_store,
v2_batch2,iter_eval,Brewers Fayre,BREWERS FAYRE 4151 BREWERS FAYRE 41512160,10.0,debit,equifax,"Restaurants and takeaway | Restaurants, Cafes and Bistros",restaurant_cafe,
v2_batch2,train,The Body Shop,CARD PAYMENT TO THE BODY SHOP ON 31-07-2024,12.0,debit,equifax,Personal Healthcare | Beauty & Massage,health_beauty_general,
v2_batch2,train,Simply Be,WWW.SIMPLYBE.CO.UK CD 2777,40.0,debit,equifax,Shopping (Fashion) | Womens Fashion,clothing_womens,
v2_batch2,iter_eval,Which?,Direct debit WHICH LIMITED NO2 ************3649,10.99,debit,equifax,"Books, Newspapers and Magazines | Magazines",magazines,
v2_batch2,train,Club Manchester,Club Manchester 50 Club Manchester 50944098,6.6,debit,equifax,Entertainment | Night Clubs,night_club,
v2_batch2,iter_eval,Milk and More,Milk & More MILK AND MORE\WATCHMOOR PARK\CAMBERLEY\GU15 3YL     GBR,3.89,credit,equifax,Transfers / Other | General Groceries,refund_received,Final human adjudication: refund_received. Credit direction and merchant/refund evidence indicate money returned to the customer. Luna votes: refund_received / refund_received / groceries_specialist.
v2_batch2,iter_eval,Digital,Amazon Digital AMZN Digital           14018657948   GBR,19.99,debit,equifax,Amazon All | Amazon,marketplace_amazon,
v2_batch2,iter_eval,Buzz Group Ltd,Buzz Group Limited CD 7182,6.0,debit,equifax,Gambling and Betting | Bingo,gambling_bingo,
v2_batch2,train,Crowne Plaza,Crowne Plaza Strat Crowne Plaza Stratford,14.85,debit,equifax,Flights and Holidays | Hotels and Accommodation,accommodation,
v2_batch2,train,Taptap Send Uk Limited,Taptap Send,60.76,debit,equifax,Transfers / Other | International Transfer,transfer_international,
v2_batch2,train,Manchester City Council,MANCHESTER C C,20.0,debit,equifax,Utilities | Council,council_tax,
v2_batch2,train,Disneyland Paris GB,Disneyland Paris EURO DISNEY ASSOCIES   CHESSY        FRA,27.06,debit,equifax,Flights and Holidays | Holidays,days_out,
v2_batch2,train,City Lit,City Lit CITY LIT               +442038713111 GBR,58.0,debit,equifax,Education and Learning | General Education,education_general,
v2_batch2,train,Tesco Mobile,TESCO MOBILE,18.97,debit,equifax,Utilities | Mobile Phone Contracts,mobile_phone_contract,
v2_batch2,iter_eval,WWF UK,WWF UK 68,3.0,debit,equifax,,charitable_donation,
v2_batch2,iter_eval,Newday Limited,NEWDAY LIMITED         Newday,698.83,debit,equifax,Financial Services | Credit Cards,credit_card_repayment,
v2_batch2,train,OneBelow,ONEBELOW,1.25,debit,equifax,Shopping (Household Essentials) | Discount Stores,discount_store,
v2_batch2,iter_eval,Albatross Cars,ALBATROSS CARS* CP ALBATROSS CARS* CPT,6.5,debit,equifax,Commuting and travel | Taxis,taxi_rideshare,
v2_batch2,iter_eval,Shepherds Friendly,"SHEPHERDS FRIENDLY (VIA APPLE PAY), ON 01-05-2025",85.0,debit,equifax,Investments and Trading | Investments,insurance_life,
v2_batch2,train,Financial Times,Financial Times  ON 26 SEP BCC,16.5,debit,equifax,"Books, Newspapers and Magazines | Newspapers",newspapers,
v2_batch2,train,eDreams,EDREAMS +442076605 GIBRALTAR ON 01 JUL BCC EDREAMS +************5082,89.99,debit,equifax,Flights and Holidays | Holidays,holiday_package,
v2_batch2,train,Fitflop,FASTER PAYMENTS RECEIPT REF.LOSHY MAZI FROM FITFLOP LIMITED,27.0,credit,equifax,Own Transfers | Footwear,refund_received,
v2_batch2,iter_eval,Employment and Support Allowance,NS773123B DWP EESA,259.0,credit,equifax,,benefits_state,
v2_batch2,train,Lakeland,LAKELAND COSMETICS,34.97,debit,equifax,Shopping (Home) | Kitchens and Kitchen Accessories,health_beauty_general,Final human adjudication: health_beauty_general. The descriptor identifies cosmetics/beauty retail rather than kitchen goods. Luna votes: kitchen / kitchen / health_beauty_general. Sources: https://lakelandcosmetics.co.uk/
v2_batch2,train,Howdens Joinery,HOWDENS - BRTN U/T D28 Howdens,41.02,debit,equifax,Shopping (Home) | Home Improvements,home_improvement,
v2_batch2,iter_eval,Spring Finance Ltd,Sf11 Ltd T/A Spring Finance SPRING FINANCE,491.26,debit,equifax,Rent and Mortgage | Mortgages,loan_repayment_other,
v2_batch2,train,Zable Credit Card,ZABLE  ON 12 AUG BCC,30.0,debit,equifax,Financial Services | Credit Cards,credit_card_repayment,
v2_batch2,train,Figma,Figma Monthly Renewal Usa,16.8,debit,equifax,Misc Card Spend | Foreign,software,
v2_batch2,train,MetLife Insurance,METLIFE INSURANCE,7.0,debit,equifax,Insurance | General Insurance,insurance_life,
v2_batch2,train,Tesco Bank Pet Insurance,TESCO BANK PET INS  RSAP1754471300 DDR,19.86,debit,equifax,Insurance | Pet Insurance,insurance_pet,
v2_batch2,train,Child Maintenance,FASTER PAYMENTS RECEIPT REF.CHILD MAINTENANCE FROM JACK MINNS,50.01,credit,equifax,,income_other_unspecified,
v2_batch2,iter_eval,SuperValu,POSC29MAR SUPERVALU N,7.04,debit,equifax,Shopping (Household Essentials) | General Groceries,groceries,
v2_batch2,iter_eval,Digital,CARD PAYMENT TO AMZN DIGITAL ON 22-02-2025,16.55,debit,equifax,Amazon All | Amazon,marketplace_amazon,
v2_batch2,iter_eval,Brentwood School,BRENTWOOD SCHOOL  2151 ZAEEM CHISHTIVIA ONLINE - PYMT,435.0,debit,equifax,Education and Learning | General Education,school_fees,
v2_batch2,iter_eval,Mercedes Benz,Contactless Payment MERCEDES BENZ,1.55,debit,equifax,Automotive | Garages and Parts,vehicle_maintenance,
v2_batch2,iter_eval,Pay By Phone,Visa purchase PAYBYPHONE RE ISLE OF WIG APPLEPAY 3365,0.2,debit,equifax,Commuting and travel | Car Parking,car_parking,
v2_batch2,train,Atelier Des Chefs,ATELIER DES LUM        Atelier Des Lum,42.08,debit,equifax,Education and Learning | General Education,education_general,
v2_batch2,train,Stagecoach,STAGECOACH  ON 24 OCT CLP Stagecoach,2.0,debit,equifax,Commuting and travel | Trains and Coaches,public_transport_rail_coach,
v2_batch2,train,Ramasis Limited,Ramasis Limited RAMASIS LIMITED        POTTERS BAR   GBR,28.1,debit,equifax,Insurance | Motor Insurance,insurance_motor,
v2_batch2,train,Riot Games,Riot Games PAYPAL *RIOTGAMESLI    014433627     GBR,9.0,debit,equifax,Entertainment | Online Games,gaming_online,
v2_batch2,train,PensionBee,Payment to PENSIONBEE ************9552,500.0,debit,equifax,,pension_contribution,
v2_batch2,train,Chipotle,Chipotle CHIPOTLE 4318          AUBURN        USA,9.64,debit,equifax,Misc Card Spend | Foreign,restaurant_cafe,
v2_batch2,train,MoneyBarn,"FPS, Moneybarn New Col, REFUND OF OVERPYMT",336.82,credit,equifax,Refund | Car Finance,refund_received,
v2_batch2,train,Crew Clothing Co,Crew Clothing Co Limit London GB,29.5,credit,equifax,Refund | General Fashion,refund_received,
v2_batch2,iter_eval,Employment and Support Allowance,JC449434C DWP EESA,276.4,credit,equifax,,benefits_state,
v2_batch2,train,TalkTalk,TALKTALK TELECOM,40.5,debit,equifax,"Utilities | Internet, TV and Phone",broadband_tv_phone,
v2_batch2,train,Morrisons,WM MORRISONS STORE CD 8066,6.39,debit,equifax,Shopping (Household Essentials) | General Groceries,groceries,
v2_batch2,iter_eval,University of Birmingham,University Of Birm JG *University of Birm London        GBR,6.0,debit,equifax,Education and Learning | General Education,education_general,
v2_batch2,iter_eval,Brentwood School,BRENTWOOD SCHOOL,7261.0,debit,equifax,Education and Learning | General Education,school_fees,
v2_batch2,iter_eval,Employment and Support Allowance,"BANK GIRO CREDIT REF NM953267B DWP EESA, ************2447",277.18,credit,equifax,,benefits_state,
v2_batch2,train,World Duty Free,LHR T3 WDF MAIN,23.0,debit,equifax,Shopping (Discretionary) | Duty Free,airport_spend,
v2_batch2,train,Cardiff Bus,CARDIFF BUS - THANKYOU Cardiff Bus,3.0,debit,equifax,Commuting and travel | Trains and Coaches,public_transport_rail_coach,
v2_batch2,train,Wickes,WICKES RUISLIP CD 8108,7.5,credit,equifax,Refund | Home Improvements,refund_received,Final human adjudication: refund_received. Credit direction and merchant/refund evidence indicate money returned to the customer. Luna votes: refund_received / refund_received / home_improvement.
v2_batch2,train,MoneyGram,CARD PAYMENT TO MONEYGRAM UNITED KINGD ON 09-01-2025,818.46,debit,equifax,Transfers / Other | International Transfer,transfer_international,
v2_batch2,train,Pet Supermarket,2483 26AUG23 CD   PET SUPERMARKET   LIMITE            GATESHEAD NE1 GB,14.99,debit,equifax,Pets | Pet Accessories,pet_supplies,
v2_batch2,iter_eval,selecta,SELECTA U.K. LIMIT SELECTA U.K. LIMITED,0.25,debit,equifax,Shopping (Discretionary) | Confectionary,confectionary,
v2_batch2,train,Aster Group,Direct debit ASTER COMMUNITIES ************0620,557.95,debit,equifax,Rent and Mortgage | Property Rental,rent,
v2_batch2,iter_eval,First Cymru,First Cymru,1.9,debit,equifax,Commuting and travel | Trains and Coaches,public_transport_rail_coach,
v2_batch2,iter_eval,TSB Returns Ltd ,2395 20FEB24      TSB RETURNS LTD   TELFORD GB,7.1,debit,equifax,Services | Delivery,delivery_courier,
v2_batch2,train,Travis Perkins,Visa purchase TRAVIS PERKINS TRADING,7.98,debit,equifax,Shopping (Home) | Home Improvements,home_improvement,
v2_batch2,train,Places for People,PLACES FOR PEOPLE  ON 18 NOV BCC PLACES FOR PEOPLE HOME,114.59,debit,equifax,Rent and Mortgage | Property Rental,rent,
v2_batch2,train,Reiss,From Louise King REISS MARCUS LEWIS KING,2.0,credit,equifax,Own Transfers | General Fashion,transfer_p2p,
v2_batch2,train,Wickes,WICKES BICESTER Wickes,10.5,debit,equifax,Shopping (Home) | Home Improvements,home_improvement,
v2_batch2,train,Your Parking Space,YOURPARKINGSPACE,1.5,debit,equifax,Commuting and travel | Car Parking,car_parking,
v2_batch2,train,Child Maintenance,S Napper          CHILD MAINTENANCE,1000.0,credit,equifax,,income_other_unspecified,
v2_batch2,iter_eval,First Central,FIRSTCENTRALSERV,50.34,debit,equifax,Insurance | General Insurance,insurance_motor,
v2_batch2,iter_eval,Bannatyne Health Club,BANNATYNE FITNESS,39.99,debit,equifax,Personal Healthcare | Gyms And Health Clubs,gym_fitness,
v2_batch2,iter_eval,Pension Credit,WM262537B DWP PC  ************7432 BGC,80.91,credit,equifax,,benefits_state,
v2_batch2,train,Nandos,NANDOS.CO.UK  ON 15 JUL BCC,19.2,debit,equifax,"Restaurants and takeaway | Restaurants, Cafes and Bistros",restaurant_cafe,
v2_batch2,iter_eval,Work and Child Tax Credit,HMRC WORK AND CHILD TC,230.81,credit,equifax,,benefits_state,
v2_batch2,iter_eval,One Travel,ONE TRAVEL GROUP LSALES             FP 14/11/************6753000NSALES,11575.37,credit,equifax,Identified Salary | Holidays,income_other_unspecified,"Final human adjudication: income_other_unspecified. This is incoming money, but the precise income/refund purpose is not evidenced. Luna votes: income_other_unspecified / income_other_unspecified / salary."
v2_batch2,train,Morrisons,I MORRISON        SAVINGS           FP 18/01/23 1616  600000001065972047,50.0,credit,equifax,,savings_transfer,
v2_batch2,train,1inch,Exchanged to 1INCH,0.03,debit,equifax,Investments and Trading | Cryptocurrency,crypto,
v2_batch2,iter_eval,Jewson,"JEWSON 3755 - CRUSADER CLOSE, GILLINGHAM",166.39,debit,equifax,Shopping (Home) | Home Improvements,home_improvement,
v2_batch2,train,Prezzo,Prezzo Trading Ltd,145.0,credit,equifax,"Transfers / Other | Restaurants, Cafes and Bistros",refund_received,
v2_batch2,train,Yankee Candle,Yankee Candle  ON 21 MAY CPM,6.0,debit,equifax,Shopping (Home) | Home Accessories,home_accessories,
v2_batch2,train,Shelter,SHELTER TRADING LTD CD 6420,16.75,debit,equifax,,charity_shop,"Final human adjudication: charity_shop. This is a card purchase at a charity's retail operation, not a donation instruction. Luna votes: charity_shop / charitable_donation / charity_shop. Sources: https://shop.shelter.org.uk/pages/terms-and-conditions"
v2_batch2,train,Morrisons,Morrisons Daily  MORRISONS DAILY        BOREHAMWOOD   GBR,3.45,debit,equifax,Shopping (Household Essentials) | General Groceries,groceries,
v2_batch2,iter_eval,Buzz Group Ltd,Buzz Group Limited,5.0,debit,equifax,Gambling and Betting | Bingo,gambling_bingo,
v2_batch2,train,Wetherspoon,JD WETHERSPOON PLC  ASSOCWKLY1416977/2 BGC,276.16,credit,equifax,Identified Salary | Pubs and Bars,salary,
v2_batch2,iter_eval,Jaja Finance,JAJA FINANCE LIMIT,181.15,debit,equifax,Financial Services | Credit Cards,credit_card_repayment,
v2_batch2,train,RingGo Parking,RINGGO PARKING,5.9,debit,equifax,Commuting and travel | Car Parking,car_parking,
v2_batch2,train,Ministry of Sound,Ministry of Sound | VI Ministry Of Sound | Vi,10.0,debit,equifax,Entertainment | Night Clubs,night_club,
v2_batch2,train,River Island,WWW.RIVERISLAND.CO WWW.RIVERISLAND.COM,45.0,debit,equifax,Shopping (Fashion) | General Fashion,clothing_general,
v2_batch2,train,Nationwide Savings,NATIONWIDE        SAVINGS,150.0,debit,equifax,,savings_transfer,
v2_batch2,iter_eval,Oasis Community Learning,OASIS COMMUNITY LE,1404.56,credit,equifax,Identified Salary | General Education,salary,
v2_batch2,train,Ramsden Financial,3582 05JUL24      RAMSDEN FINANCIAL 08444982676 GB,65.55,debit,equifax,Financial Services | Pawn Brokers,pawnbroker,
v2_batch2,train,Shaw Trust,SHAW TRUST LIMITED,1897.79,credit,equifax,,salary,"Final human adjudication: salary. Credit amount, employer identity, and salary evidence support employment income. Luna votes: income_agency_work / income_agency_work / salary."
v2_batch2,train,Oxford Bus Company,Oxford Bus Company OXFORD BUS COMPANY     OXFORD        GBR,0.1,credit,equifax,Transfers / Other | Trains and Coaches,refund_received,Final human adjudication: refund_received. Credit direction and merchant/refund evidence indicate money returned to the customer. Luna votes: public_transport_rail_coach / public_transport_rail_coach / public_transport_rail_coach.
v2_batch2,train,Larkmead Veterinary Group,LARKMEAD VETERINAR,13.75,debit,equifax,Pets | Pet Care,veterinary,
v2_batch2,iter_eval,selecta,SELECTA U.K. LIMIT SELECTA U.K. LIMITED,0.75,debit,equifax,Shopping (Discretionary) | Confectionary,confectionary,
v2_batch2,train,Volcano Falls,Volcano Falls Mk VOLCANO FALLS MK       NORTHAMPTON   GBR,30.0,debit,equifax,Entertainment | Days Out,days_out,
v2_batch2,train,Nationwide Savings,NATIONWIDE        SAVINGS,75.0,debit,equifax,,savings_transfer,
v2_batch2,train,Pet Supermarket,2303 15SEP24 CD   PET SUPERMARKET   OKEHAMPTON GB,7.89,debit,equifax,Pets | Pet Accessories,pet_supplies,
v2_batch2,train,Sanctuary Housing,SANCTUARY HOUSING,426.62,debit,equifax,Rent and Mortgage | Property Rental,rent,
v2_batch2,train,Elite Fitness,Elite Fitness Elite Fitness          Oldham        GBR,6.5,debit,equifax,Personal Healthcare | Gyms And Health Clubs,gym_fitness,
v2_batch2,train,George at Asda,ASDA GEORGE COM LELEEDS,64.0,debit,equifax,Shopping (Fashion) | General Fashion,clothing_general,
v2_batch2,train,Zara,ZARA LEEDS BRIGGAT ZARA LEEDS BRIGGATE,25.08,debit,equifax,Shopping (Fashion) | General Fashion,clothing_general,
v2_batch2,train,Kensington Mortgages,Direct debit KENSINGTON MORTGAG ************4685,359.84,debit,equifax,Rent and Mortgage | Mortgages,mortgage,
v2_batch2,train,Your Parking Space,YOURPARKINGSPACE  ON 22 MAR CPM,3.5,debit,equifax,Commuting and travel | Car Parking,car_parking,
v2_batch2,iter_eval,Love Pets,WE LOVE PETS WEST,12.0,debit,equifax,Pets | Pet Accessories,pet_supplies,
v2_batch2,train,Zara,Zara Preedy  Maria castano barn BGC,7.0,credit,equifax,Transfers / Other | General Fashion,transfer_p2p,
v2_batch2,train,Wigan Council,2122855 CREGAN Wigan Council,3740.52,credit,equifax,Identified Salary | Council,salary,
v2_batch2,train,Crowne Plaza,Crowne Plaza Glasgow CROWNE PLAZA GLASGOW   GLASGOW       GBR,155.0,debit,equifax,Flights and Holidays | Hotels and Accommodation,accommodation,
v2_batch2,iter_eval,Aqua,AQUA  87423304B229460F9F FT,200.0,debit,equifax,Financial Services | Credit Cards,credit_card_repayment,
v2_batch2,train,The Guinness Partnership,ALLPAY *THE GUINNE ALLPAY *THE GUINNESS PART,147.0,debit,equifax,Rent and Mortgage | Property Rental,rent,
v2_batch2,iter_eval,Hotels.com,Hotels.com from Manchster Pot HOTELSCOM7255429855048 UK.HOTELS.COM GBR,104.0,debit,equifax,Flights and Holidays | Hotels and Accommodation,accommodation,
v2_batch2,iter_eval,Digital,CARD PAYMENT TO AMZN DIGITAL*HM4X63164 ON 25-06-2024,7.99,debit,equifax,Amazon All | Amazon,marketplace_amazon,
v2_batch2,train,SheetMusic Direct,6602 22SEP24      SHEETMUSICD       IRECT.COM         4147743630 US,3.59,debit,equifax,Education and Learning | Music,music_other,
v2_batch2,train,Wetherspoon,J D WETHERSPOON PL J D WETHERSPOON PLC,7.8,debit,equifax,Restaurants and takeaway | Pubs and Bars,pub_bar,
v2_batch2,iter_eval,Copart,www.copart.co.uk Www.copart.co.uk,156.0,debit,equifax,Automotive | Car Dealerships,vehicle_purchase,
v2_batch2,train,Nationwide Savings,NATIONWIDE        SAVINGS,9.6,debit,equifax,,savings_transfer,
v2_batch2,train,Monsoon,MONSOON/ACCZ LTD CD 0303,30.55,credit,equifax,Refund | Womens Fashion,refund_received,
v2_batch2,train,Subway,Subway Subway 34233 Rhyl      RHYL          GBR,7.09,debit,equifax,Restaurants and takeaway | Take Away,takeaway,
v2_batch2,train,University of Edinburgh,5836 26NOV24  D   EDINBURGH         UNIVERSITY S      EDINBURGH GB,7.0,debit,equifax,Education and Learning | General Education,education_general,
v2_batch2,iter_eval,Which?,WHICH LIMITED,10.99,debit,equifax,"Books, Newspapers and Magazines | Magazines",magazines,
v2_batch2,train,Hello Fresh,0179 01DEC24      HELLOFRESH UK     LONDON GB         REFUND,56.69,credit,equifax,Refund | General Groceries,refund_received,
v2_batch2,train,C C Aquatics,4697 12SEP23 CD   C M C AQUATICS    WIGAN GB,29.35,debit,equifax,Pets | Pet Accessories,pet_supplies,
v2_batch2,iter_eval,The Old Library,1042 23AUG24 CD   THE OLD LIBRARY   LEAMINGTON SP GB,6.3,debit,equifax,"Books, Newspapers and Magazines | General Books",restaurant_cafe,"Final human adjudication: restaurant_cafe. Merchant evidence identifies a cafe, restaurant, or food venue. Luna votes: books / books / restaurant_cafe. Sources: https://www.thefork.co.uk/restaurant/the-old-library-r844720/menu"
v2_batch2,train,SheetMusic Direct,SHEETMUSICDIRECT.C SHEETMUSICDIRECT.COM,2.15,debit,equifax,Education and Learning | Music,musical_instruments,
v2_batch2,train,Aster Group,Aster communities 776954,120.0,debit,equifax,Rent and Mortgage | Property Rental,rent,
v2_batch2,train,PensionBee,FASTER PAYMENTS RECEIPT REF.PENSIONBEE TAXABLE FROM CLIENT MONEY PAY ACC,3690.8,credit,equifax,,pension_received,
v2_batch2,train,Pet Supermarket,PET SUPERMARKET LIMITE Pet Supermarket Limite,17.74,debit,equifax,Pets | Pet Accessories,pet_supplies,
v2_batch2,train,Nandos,NANDOS METROCENTRE,36.1,debit,equifax,"Restaurants and takeaway | Restaurants, Cafes and Bistros",restaurant_cafe,
v2_batch2,iter_eval,Digital,Amazon Digital AMZN Digital           14018657948   GBR,20.0,debit,equifax,Amazon All | Amazon,marketplace_amazon,
v2_batch2,train,Mircosoft,Microsoft*Store,8.09,debit,equifax,Shopping (Discretionary) | Software,software,
v2_batch2,train,Butlers Bingo,BROADWAY GAMING LT BROADWAY GAMING LTD,10.0,credit,equifax,Gambling and Betting | Bingo,gambling_bingo,
v2_batch2,iter_eval,Unibet,5257 21DEC24      UNIBET            UNIBET GB,30.0,debit,equifax,Gambling and Betting | Betting,gambling_betting,
v2_batch2,train,Wickes,Klarna wickes,16.17,debit,equifax,Shopping (Home) | Home Improvements,home_improvement,"Final human adjudication: home_improvement. Merchant evidence identifies building, plumbing, hardware, or home-improvement goods. Luna votes: bnpl / bnpl / bnpl."
v2_batch2,train,Frasers Group Plc,FRASERS GROUP FINASN6415            TPP TRUELAYER LIMIFP 23/04/************4514000N,18.33,debit,equifax,Shopping (Fashion) | General Fashion,retail_finance_repayment,"FRASERS GROUP FINA via TrueLayer is Frasers Plus / group finance, not a clothing till sale."
v2_batch2,train,Zara,ZARA BLUEWATER    GREENHITHE,35.99,debit,equifax,Shopping (Fashion) | General Fashion,clothing_general,
v2_batch2,train,Walker Love,WALKER LOVE                           REFERENCE: GW00010884341B0EBG,50.0,debit,equifax,Financial Services | Debt Collection,debt_collection,
v2_batch2,train,National Trust,ATK8D3A National Trust,15.26,debit,equifax,Entertainment | Days Out,days_out,
v2_batch2,iter_eval,Central England Co-op,"CENTRAL ENG COOP (VIA GOOGLE PAY), ON 05-03-2023",7.7,debit,equifax,Shopping (Household Essentials) | General Groceries,groceries,
v2_batch2,train,PensionBee,Transfer to PensionBee,400.0,debit,equifax,,pension_contribution,
v2_batch2,iter_eval,Dominos Pizza,Domino?s DOMINO'S PIZZA         MILTON KEYNES GBR,20.98,debit,equifax,Restaurants and takeaway | Take Away,takeaway,
v2_batch2,iter_eval,Digital,Amazon Digital AMZN Digital           14018657948   GBR,11.99,debit,equifax,Amazon All | Amazon,marketplace_amazon,
v2_batch2,train,Working Tax Credit,WORKING TAX CREDIT,95.36,credit,equifax,,benefits_state,
v2_batch2,train,Fitflop,FASTER PAYMENTS RECEIPT REF.LOSHY MAZI FROM FITFLOP LIMITED,1650.34,credit,equifax,Own Transfers | Footwear,income_other_unspecified,"Final human adjudication: income_other_unspecified. This is incoming money, but the precise income/refund purpose is not evidenced. Luna votes: refund_received / refund_received / income_other_unspecified."
v2_batch2,iter_eval,MPS LTD,MPS LTD,32.9,debit,equifax,Education and Learning | Home Learning,home_learning,Final human adjudication: home_learning. MPS LTD debit; home/distance-learning course.. Native category: Education and Learning | Home Learning. Provider: equifax. Luna votes: home_learning / home_learning / unclassified_other.
v2_batch2,train,Id Mobile,ID MOBILE LIMITED,16.0,debit,equifax,Utilities | Mobile Phone Contracts,mobile_phone_contract,
v2_batch2,iter_eval,Skill on Net Ltd,SKILL ON NET,10.0,debit,equifax,Gambling and Betting | Poker and Casino Games,gambling_casino,
v2_batch2,iter_eval,Digital,Amazon Digital AMZN Digital           14018657948   GBR,40.0,debit,equifax,Amazon All | Amazon,marketplace_amazon,
v2_batch2,iter_eval,Shoe Zone,SHOE ZONE,10.2,debit,equifax,Shopping (Fashion) | Footwear,footwear,
v2_batch2,iter_eval,Lush Digital,Lush Global Digita Lush Global Digital Ltd,15.95,debit,equifax,Personal Healthcare | Beauty & Massage,skin_hair_care,
v2_batch2,train,PensionBee,Transfer to PensionBee,200.0,debit,equifax,,pension_contribution,
v2_batch2,train,TalkTalk,TALKTALK TELECOM T  ************1389 DDR,28.0,debit,equifax,"Utilities | Internet, TV and Phone",broadband_tv_phone,
v2_batch2,iter_eval,Cult Beauty,KLARNA*CULT BEAUTY  ON 25 FEB BCC,24.32,debit,equifax,Personal Healthcare | General Health and Beauty,health_beauty_general,
v2_batch2,train,Peugeot,STELLANTIS* PEUGEO STELLANTIS* PEUGEOT,8.49,debit,equifax,Automotive | Car Dealerships,vehicle_maintenance,
v2_batch2,iter_eval,eFlow,"CARD PAYMENT TO EFLOW BARRIER FREE TOL ,1.23 EUR, RATE 0.8455/GBP ON 14-06-2024",1.04,debit,equifax,Automotive | Tolls and Crossings,tolls,
v2_batch2,train,Martin McColl,MARTIN MCCOLL'S,28.7,debit,equifax,Shopping (Discretionary) | Newsagents and Convenience Stores,convenience_store,
v2_batch2,train,Armed Forces,5641 07DEC22 C    HMG PAINTS CANTEENM'STER M40 GB,1.0,debit,equifax,Services | Government Services,restaurant_cafe,"Final human adjudication: restaurant_cafe. Merchant evidence identifies a cafe, restaurant, or food venue. Luna votes: restaurant_cafe / restaurant_cafe / unclassified_other."
v2_batch2,iter_eval,LV Life Insurance,LV LIFE  06235926015X DDR Liverpool Victoria (LV=),10.19,debit,equifax,Insurance | Life Insurance,insurance_life,
v2_batch2,iter_eval,The Donkey Sanctuary,DONKEY SANCTUARY,3.0,debit,equifax,,charitable_donation,
v2_batch2,iter_eval,Carter and Bond,A CARTER AND A CARBUDGET,180.0,credit,equifax,,transfer_p2p,Final human adjudication: transfer_p2p. The counterparty is a named person and the narrative is a bank transfer. Luna votes: unclassified_other / unclassified_other / unclassified_other.
v2_batch2,train,Chip Financial,CHIP FINANCIAL LTD,2000.0,debit,equifax,,savings_transfer,
v2_batch2,iter_eval,Bella Italia,"BELLA ITALIA (VIA APPLE PAY), ON 24-01-2025",31.16,debit,equifax,"Restaurants and takeaway | Restaurants, Cafes and Bistros",restaurant_cafe,
v2_batch2,train,Fiverr.com,Fiverr FIVERR *               NEW YORK      USA,22.45,debit,equifax,Misc Card Spend | Foreign,business_services,
v2_batch2,train,Premier Stores,4796 16MAY24 C    PREMIER STORE     AYLESFORD GB,16.34,debit,equifax,Shopping (Discretionary) | Newsagents and Convenience Stores,groceries,Final human adjudication: groceries. The underlying merchant is a supermarket or symbol-group grocery retailer. Luna votes: groceries / convenience_store / convenience_store.
v2_batch2,train,Freedom Leisure,FREEDOM LEISURE,26.2,debit,equifax,Personal Healthcare | Gyms And Health Clubs,gym_fitness,
v2_batch2,train,British Red Cross,BRITISH RED CROSS,12.7,debit,equifax,,charitable_donation,
v2_batch2,iter_eval,Chelsea FC,Cfc Self Service CFC SELF SERVICE       CHELSEA       GBR,10.0,debit,equifax,Entertainment | Sporting General,sports_tickets,
v2_batch2,train,Verisure Smart Alarms,VERISURE SERVICES NNK7BDS-312120,82.97,debit,equifax,Shopping (Home) | Home Accessories,home_repair,Final human adjudication: home_repair. The charge is for an ongoing home-security/home service rather than retail merchandise. Luna votes: home_improvement / home_improvement / home_repair.
v2_batch2,iter_eval,De Vere Hotel,5216 01DEC24 CD   DE VERE TORTWORTH ESTA              WOTTON UNDER GB,8.9,debit,equifax,Flights and Holidays | Hotels and Accommodation,accommodation,
v2_batch2,train,General Medical Council,GENERAL MEDICAL C,108.25,debit,equifax,Services | Trade Unions,business_services,
v2_batch2,iter_eval,Vueling,BA Inflight Sales Vueling Inflight Sales,4.99,debit,equifax,Flights and Holidays | Flights,flights,
v2_batch2,iter_eval,Polkadot,Exchanged to DOT,0.5,debit,equifax,Investments and Trading | Cryptocurrency,crypto,
v2_batch2,train,Guide Dogs,GUIDE DOGS FOR THE,4.33,debit,equifax,,charitable_donation,
v2_batch2,train,Credit Perfect ,CREDITPERFECT 7350  ON 28 JUN BCC CreditPerfect,19.99,debit,equifax,Services | Budgeting and Credit Reporting Services,credit_reporting_service,
v2_batch2,train,Budgens,BUDGENS CHILTON LE  ON 02 MAY CLP,14.86,debit,equifax,Shopping (Discretionary) | Newsagents and Convenience Stores,convenience_store,
v2_batch2,train,MoneyGram,Moneygram Unit Kind-Ze,0.0,debit,equifax,Transfers / Other | International Transfer,transfer_international,
v2_batch2,iter_eval,WeWork,TIER TIER GB 4-7172\c/o WeWork 145 City Road\London\EC1V 1AZ  GBRGBR,0.64,debit,equifax,Services | Business Services,business_services,
v2_batch2,iter_eval,Digital,AMZN Digital,20.0,debit,equifax,Amazon All | Amazon,marketplace_amazon,
v2_batch2,iter_eval,Newcastle Hospitals,NCLE HOSPITALS,2108.82,credit,equifax,Identified Salary | Hospitals,salary,
v2_batch2,train,National Express,2266 23MAY24  D   NATIONAL EXPRESS  LIMIT             BIRMINGHAM GB,35.8,debit,equifax,Commuting and travel | Trains and Coaches,public_transport_rail_coach,
v2_batch2,train,MiPermit,MIPERMIT,3.5,debit,equifax,Commuting and travel | Car Parking,car_parking,
v2_batch2,train,Martin McColl,MARTIN MCCOLL,11.0,debit,equifax,Shopping (Discretionary) | Newsagents and Convenience Stores,convenience_store,
v2_batch2,train,Virgin Games,WWW.VIRGINGAMES.CO Virgin Games,20.0,debit,equifax,Gambling and Betting | Poker and Casino Games,gambling_casino,
v2_batch2,train,English Heritage,ENGLISH HERITAGE T,6.0,debit,equifax,Entertainment | Days Out,days_out,
v2_batch2,train,Moorcroft Debt Recovery,Moorcroft Group Plc,5.24,debit,equifax,Financial Services | Debt Collection,debt_collection,
v2_batch2,train,Children's Mutual,CHILDRENS MUTUAL  PM729589B STO,15.0,debit,equifax,,savings_transfer,
v2_batch2,train,Express VPN,EXPRESSVPN.COM Expressvpn,10.29,debit,equifax,Services | Online Services,web_services,
v2_batch2,train,Yours Clothing,Visa purchase Yours Clothing,28.98,debit,equifax,Shopping (Fashion) | General Fashion,clothing_womens,
v2_batch2,iter_eval,Xtra Dog,"WWW.XTRA.DOG (VIA APPLE PAY), ON 09-03-2025",18.0,debit,equifax,Pets | Pet Accessories,pet_supplies,
v2_batch2,train,Fiverr.com,9939 09DEC23  D   FIVERR            9543682267 US     USD           7.78VRATE       1.2508N-S TRN FEE   0.17,6.39,debit,equifax,Services | Business Services,business_services,
v2_batch2,train,Peacocks,PEACOCK STORES,12.25,debit,equifax,Shopping (Fashion) | General Fashion,clothing_general,
v2_batch2,train,Sound Circus,SOUND CIRCUS           Sound Circus,4.4,debit,equifax,Entertainment | Night Clubs,night_club,
v2_batch2,iter_eval,Kingsway Tunnel,KINGSWAY TUNNEL  ON 22 APR CLP,2.0,debit,equifax,Automotive | Tolls and Crossings,tolls,
v2_batch2,iter_eval,Royal Sun Alliance,ROYAL SUNALLIANCE                     REFERENCE: H90388164W,9.61,debit,equifax,Insurance | General Insurance,insurance_general,
v2_batch2,train,Virgin Games,VIRGIN GAMES,50.0,debit,equifax,Gambling and Betting | Poker and Casino Games,gambling_casino,
v2_batch2,iter_eval,Which?,WHICH LIMITED NO2  B982623373 DDR Which,62.0,debit,equifax,"Books, Newspapers and Magazines | Magazines",magazines,
v2_batch2,train,Stagecoach,STAGECOACH,2.0,debit,equifax,Commuting and travel | Trains and Coaches,public_transport_rail_coach,
v2_batch2,train,Credit Reports Matter,9754 05JUN24      CREDIT REPORTS    MATTER            0808-189-0346 GB,19.95,debit,equifax,Services | Budgeting and Credit Reporting Services,credit_reporting_service,
v2_batch2,iter_eval,Pound Bakery,POUNDBAKERY - WYTH POUNDBAKERY - WYTHENSH,2.85,debit,equifax,"Restaurants and takeaway | Restaurants, Cafes and Bistros",restaurant_cafe,
v2_batch2,train,Morrisons,WM MORRISONS PETROWETHERBY,88.24,debit,equifax,Shopping (Household Essentials) | General Groceries,fuel,"Final human adjudication: fuel. Morrisons debit; forecourt, fuel, or EV charging transaction. Narrative: WM MORRISONS PETROWETHERBY. Native category: Shopping (Household Essentials) | General Groceries. Provider: equifax. Luna votes: fuel / groceries / fuel."
v2_batch2,train,Id Mobile,ID MOBILE LIMITED  12409685/001 DDR,20.47,debit,equifax,Utilities | Mobile Phone Contracts,mobile_phone_contract,
v2_batch2,train,PensionBee,FASTER PAYMENTS RECEIPT REF.PENSIONBEE TAX FRE FROM PPP CLIENT ACCOUNT,1447.81,credit,equifax,,pension_received,
v2_batch2,train,Bird Food,ANTHONY AINSWORTH  BIRD FOOD FT,13.0,debit,equifax,Pets | Pet Accessories,pet_supplies,
v2_batch2,iter_eval,7-Eleven,7-Eleven 7-ELEVEN 36477         NEW YORK      USA,13.57,debit,equifax,Misc Card Spend | Foreign,convenience_store,
v2_batch2,train,PensionBee,PensionBee / ref: CPBS2495260,70.0,debit,equifax,,pension_contribution,
v2_batch2,train,Novotel,Novotel Pte Ver NOVOTEL PTE VER        PARIS         FRA,21.09,debit,equifax,Flights and Holidays | Hotels and Accommodation,accommodation,
v2_batch2,iter_eval,Village Hotels,Village Hotels VLS Village Hotels VLS_SB,1.46,debit,equifax,Flights and Holidays | Hotels and Accommodation,accommodation,
v2_batch2,train,Reiss,From LOGAN KING REISS MARCUS LEWIS KING,5.0,credit,equifax,Own Transfers | General Fashion,transfer_p2p,
v2_batch2,train,H&M,4193 20JAN25      H M HENNES MAURITZU                 LONDON GB         REFUND,73.98,credit,equifax,Refund | General Fashion,refund_received,
v2_batch2,iter_eval,Work and Child Tax Credit,"BANK GIRO CREDIT REF WORK AND CHILD TC, SHELLEY ENGLISH",696.85,credit,equifax,,benefits_state,
v2_batch2,train,Essex & Suffolk Water,ESSEX&SUFFOLKWATER,73.0,debit,equifax,Utilities | Water Companies,water,
v2_batch2,iter_eval,Zalando,8889 06DEC24      ZALANDO PAYMENTS  GMBH              BERLIN DE         REFUND,42.0,credit,equifax,Refund | General Fashion,refund_received,
v2_batch2,train,Chip Financial,667d3b5b2651d95754 Chip Financial Ltd,100.0,debit,equifax,,savings_transfer,
v2_batch2,train,Mon Motors,Mon Motors Volvo Cars MON MOTORS VOLVO CARS  CARDIFF       GBR,33.84,debit,equifax,Automotive | Car Dealerships,vehicle_maintenance,
v2_batch2,train,Freedom Leisure,7730 06JUL24      NYA*FREEDOM       LEISURE           ENFIELD GB,3.3,debit,equifax,Personal Healthcare | Gyms And Health Clubs,gym_fitness,
v2_batch2,train,George at Asda,4938 04NOV23      ASDA GEORGE COM   LEEDS             LEEDS GB          REFUND,14.4,credit,equifax,Refund | General Fashion,refund_received,
v2_batch2,iter_eval,So Energy,FASTER PAYMENTS RECEIPT REF.SO ENERGY REFUND FROM SO ENERGY 297882,123.25,credit,equifax,Refund | Energy Providers,refund_received,
v2_batch2,train,Financial Times,Financial Times  ON 26 JUN BCC,16.5,debit,equifax,"Books, Newspapers and Magazines | Newspapers",newspapers,
v2_batch2,train,Guide Dogs,GUIDE DOGS FOR THE,5.0,debit,equifax,,charitable_donation,
v2_batch2,train,British Red Cross,The British Red Cross,2.99,debit,equifax,,charitable_donation,
v2_batch2,train,ATG Tickets,ATGTICKETS.COM,73.95,debit,equifax,Entertainment | Theatre Tickets,theatre,
v2_batch2,iter_eval,Amber Valley Borough Council,Amber Valley Borou-Ips AMBER VALLEY BOROU-IPS Doncaster     GBR,1.4,debit,equifax,Utilities | Council,car_parking,
v2_batch2,train,Ocado,OCADO,165.23,debit,equifax,Shopping (Household Essentials) | General Groceries,groceries,
v2_batch2,train,Merseyflow,MERSEYFLOW,4.0,debit,equifax,Automotive | Tolls and Crossings,tolls,
v2_batch2,iter_eval,Employment and Support Allowance,JP216116A DWP EESA,443.46,credit,equifax,,benefits_state,
v2_batch2,train,Wickes,WICKES ASHBY DE LA ZOU Wickes,22.86,debit,equifax,Shopping (Home) | Home Improvements,home_improvement,
v2_batch2,train,Wix,CARD PAYMENT TO WIX.COM 1032122161 ON 30-12-2022,5.55,debit,equifax,Services | Web Services,web_services,
v2_batch2,iter_eval,Betway,BETWAY,25.0,debit,equifax,Gambling and Betting | Betting,gambling_betting,
v2_batch2,train,Eurostar,EUROSTAR INTERNATI EUROSTAR INTERNATIONAL LI,104.0,debit,equifax,Flights and Holidays | Ferries and Rail,ferry_rail_travel,
v2_batch2,train,Social Fund,PW370167D DWP SF  000000002306240289 BGC,354.69,credit,equifax,,benefits_state,
v2_batch2,train,Beauty Pie,Beauty Pie LimitedLondon,89.0,debit,equifax,Personal Healthcare | General Health and Beauty,health_beauty_general,
v2_batch2,train,Docklands Light Railway,Dlr Smokejumpers DLR SMOKEJUMPERS       ANAHEIM       USA,34.45,debit,equifax,Misc Card Spend | Foreign,restaurant_cafe,
v2_batch2,train,Class Pass,"CLASSPASS* ADD ON PACK (VIA APPLE PAY), ON 22-04-2023",15.0,debit,equifax,Personal Healthcare | Gyms And Health Clubs,gym_fitness,
v2_batch2,train,Ask Italian,From A/C 48832758 ROBINSON ASK      Via Mobile Xfer,20.0,credit,equifax,"Transfers / Other | Restaurants, Cafes and Bistros",transfer_p2p,
v2_batch2,train,Eurostar,ZILCH EUROSTAR INT ZILCH EUROSTAR INTERNATIO,29.62,debit,equifax,Flights and Holidays | Ferries and Rail,ferry_rail_travel,
v2_batch2,train,Dogecoin,Exchanged to DOGE,1.0,debit,equifax,Investments and Trading | Cryptocurrency,crypto,
v2_batch2,train,Quote Me Happy,AIL QUOTE ME HAPPY,279.38,debit,equifax,Insurance | General Insurance,insurance_motor,
v2_batch2,train,Bonprix,8220 11DEC23      BONPRIX           0333 200 6014 GB,10.0,debit,equifax,Shopping (Fashion) | General Fashion,clothing_general,Final human adjudication: clothing_general. The visible underlying merchant is a clothing/accessories retailer. Luna votes: clothing_general / clothing_general / clothing_womens.
v2_batch2,train,Morrisons,0862 26AUG24 C    MORRISONS DAILY   DUMBARTON GB,11.75,debit,equifax,Shopping (Household Essentials) | General Groceries,groceries,
v2_batch2,train,Royal National Institute of the Blind,RNIB,8.0,debit,equifax,,charitable_donation,
v2_batch2,iter_eval,Digital,Amzn Digital Amzn Digital*ri5g635z4,1.49,debit,equifax,Amazon All | Amazon,marketplace_amazon,
v2_batch2,train,Dogecoin,Exchanged to DOGE,0.46,debit,equifax,Investments and Trading | Cryptocurrency,crypto,
v2_batch2,train,Videoslots,Videoslots,10.0,debit,equifax,Gambling and Betting | Poker and Casino Games,gambling_casino,
v2_batch2,train,British Red Cross,The British Red Cross THE BRITISH RED CROSS  ROYTON        GBR,2.7,debit,equifax,,charitable_donation,
v2_batch2,train,Advance Construction Scotland,ADVANCE CON (SCOT) ADV WK ************8000R,379.54,credit,equifax,Identified Salary | Construction,salary,
v2_batch2,train,Club Manchester,Club Manchester 50 Club Manchester 50964432,7.2,debit,equifax,Entertainment | Night Clubs,night_club,
v2_batch2,train,H&M,1168 12JUN24 CD   H & M             ENFIELD GB,17.97,debit,equifax,Shopping (Fashion) | General Fashion,clothing_general,
v2_batch2,train,Dogecoin,Exchanged to DOGE,0.78,debit,equifax,Investments and Trading | Cryptocurrency,crypto,
v2_batch2,train,Larkmead Veterinary Group,LARKMEAD VETERINAR,15.5,debit,equifax,Pets | Pet Care,veterinary,
v2_batch2,iter_eval,Newend Food And Winewent,NEWEND FOOD AND WINEWENT,44.29,debit,plaid,FOOD_RETAIL_LIQUOR_STORES,alcohol_wine,
v2_batch2,train,Sobiya Superstores,6255 27JUL25      SOBIYA SUPERSTORESNOTTINGHAM GB,16.37,debit,plaid,GENERAL_MERCHANDISE_SUPERSTORES,groceries,
v2_batch2,iter_eval,Studio,"Card 48, Www.Studio.Co.Uk",251.98,debit,plaid,GENERAL_MERCHANDISE_DEPARTMENT_STORES,catalogue_retail,
v2_batch2,iter_eval,Jollyes,"Jollyes - The Pet Supe - 1 Lea Road, Waltham Abbey",74.5,debit,plaid,PET_CARE_AND_SUPPLIES_PET_SUPPLIES,pet_supplies,
v2_batch2,iter_eval,MAN,D HACKMAN-HEATH   RENT              VIA MOBILE - PYMT FP 06/08/25 10    39101632334820000N,900,debit,plaid,RENT_AND_UTILITIES_RENT,rent,
v2_batch2,train,Hm Revenue,HM REVENUE  CUSTO FP 22/08/25 30    41133103217705000N,5,debit,plaid,INSURANCE_AND_TAX_TAX_PAYMENT,tax_payment,
v2_batch2,train,Halifax Barclays,HALIFAX  BARCLAYS FT,20,debit,plaid,LOAN_PAYMENTS_CREDIT_CARD_PAYMENT,credit_card_repayment,
v2_batch2,train,Robert Power,Robert Power,20,debit,plaid,RENT_AND_UTILITIES_GAS_AND_ELECTRICITY,transfer_p2p,Final human adjudication: transfer_p2p. The counterparty is a named person and the narrative is a bank transfer. Luna votes: transfer_p2p / transfer_p2p / unclassified_other.
v2_batch2,train,Qbooks Online,INTUIT *QBooks Onl CD 0927    10AUG25,56.4,debit,plaid,GENERAL_SERVICES_ACCOUNTING_AND_FINANCIAL_SERVICES,software,"Intuit QuickBooks Online is accounting software, not an accountant’s fee."
v2_batch2,train,Premier Vet Allian Uk,PREMIER VET ALLIAN  UK013035910BONO DDR,24.5,debit,plaid,PET_CARE_AND_SUPPLIES_VETERINARY_SERVICES,veterinary,Final human adjudication: veterinary. Merchant evidence identifies a veterinary health plan that is explicitly not insurance. Luna votes: veterinary / insurance_pet / insurance_pet. Sources: https://www.premiervetalliance.com/pet-owner-terms-conditions https://www.premiervetalliance.com/en-us/pet-owner-terms-conditions
v2_batch2,iter_eval,Ruta Usd,Visa purchase RUTA USD 6.00000 at 1.3422 9296,4.47,debit,plaid,TRANSFER_OUT_OTHER,foreign_spend_unspecified,
v2_batch2,train,Morrisons,S Purvis MORRISONS,-30,credit,plaid,INCOME_SALARY,refund_received,
v2_batch2,train,The Black Dog Deli,SQ *THE BLACK DOG  ON 09 AUG CPM SQ *THE BLACK DOG DELI,4.5,debit,plaid,PET_CARE_AND_SUPPLIES_PET_SUPPLIES,restaurant_cafe,
v2_batch2,train,Blackwater & Grubb,Blackwater & Grubb,15.9,debit,plaid,RENT_AND_UTILITIES_WATER,restaurant_cafe,"Final human adjudication: restaurant_cafe. Merchant evidence identifies a cafe, restaurant, or food venue. Luna votes: water / water / restaurant_cafe. Sources: https://find-and-update.company-information.service.gov.uk/company/12905805 https://www.thehousesandbach.co.uk/about"
v2_batch2,train,R Coles Light Ft,R COLES  LIGHT FT,120,debit,plaid,GENERAL_MERCHANDISE_SUPERSTORES,transfer_p2p,Final human adjudication: transfer_p2p. The counterparty is a named person and the narrative is a bank transfer. Luna votes: transfer_p2p / transfer_p2p / unclassified_other.
v2_batch2,train,MRQ,MRQ Bingo,10,debit,plaid,ENTERTAINMENT_CASINOS_AND_GAMBLING,gambling_bingo,
v2_batch2,iter_eval,Meccabingo,MECCABINGO  ON 22 AUG CPM,15,debit,plaid,ENTERTAINMENT_CASINOS_AND_GAMBLING,gambling_bingo,
v2_batch2,iter_eval,Bargain Booze,"BARGAIN BOOZE 1952 (VIA GOOGLE PAY), ON 30-06-2025",3.18,debit,plaid,FOOD_RETAIL_LIQUOR_STORES,alcohol_beer_spirits,
v2_batch2,train,Feelgoodcontacts.c,feelgoodcontacts.com Feelgoodcontacts.C,14.98,debit,plaid,MEDICAL_DENTAL_AND_VISION,optician,
v2_batch2,iter_eval,Ford Credit,FORD CREDIT  UK,315.1,debit,plaid,LOAN_PAYMENTS_MORTGAGE_AND_AUTO,car_finance_repayment,
v2_batch2,train,J D Sports,CREDIT FROM J D SPORTS ON 15-08-2025,-30,credit,plaid,TRANSFER_IN_CHECKS_AND_ATM,refund_received,
v2_batch2,train,Diana Matze,United Kingdom Account - lowe diana matze - SortCodeAccountNumber: 77915646686062,33.78,debit,plaid,GENERAL_SERVICES_RELIGIOUS_SERVICES,transfer_p2p,
v2_batch2,train,Van Cols School Photo,VAN COLS SCHOOL PH,24.25,debit,plaid,CHILDCARE_AND_EDUCATION_CHILDCARE_AND_EDUCATION,photography_services,
v2_batch2,train,P Kirtley,P KIRTLEY  BILL FT,20,debit,plaid,RENT_AND_UTILITIES_GAS_AND_ELECTRICITY,transfer_p2p,
v2_batch2,train,5 Mandate No,"DIRECT DEBIT REVERSAL REF GTKYVX5, MANDATE NO 0041",-7,credit,plaid,TRANSFER_IN_OTHER,returned_payment,
v2_batch2,train,Inverclyde Taxis,INVERCLYDE TAXIS* CPT CD 0306,8.73,debit,plaid,TRAVEL_AND_TRANSPORTATION_TAXIS_AND_RIDE_SHARES,taxi_rideshare,
v2_batch2,iter_eval,Scottish Water Bus,SCOTTISH WATER BUS,1174,debit,plaid,RENT_AND_UTILITIES_WATER,water,
v2_batch2,train,Blurton Poundplus,BLURTON POUNDPLUS  ON 19 SEP CPM,1.39,debit,plaid,GENERAL_MERCHANDISE_DISCOUNT_STORES,discount_store,
v2_batch2,iter_eval,K9s & Felines Limi,K9S & FELINES LIMI 400000001622703254,30,debit,plaid,GENERAL_SERVICES_HOME_IMPROVEMENT_SERVICES,pet_supplies,
v2_batch2,train,Jack Baker,JACK BAKER 100000001591299515 TAX 401191     10 25JUL25 14:07,1255.28,debit,plaid,INSURANCE_AND_TAX_TAX_PAYMENT,transfer_p2p,Final human adjudication: transfer_p2p. The counterparty is a named person and the narrative is a bank transfer. Luna votes: tax_payment / tax_payment / tax_payment.
v2_batch2,train,Trident Supplements,Trident supplement  ON 17 SEP CPM TRIDENT SUPPLEMENTS,1,debit,plaid,MEDICAL_PRIMARY_CARE,supplements,
v2_batch2,iter_eval,Williams Trade Sup Guild,WILLIAMS TRADE SUP,78.25,debit,plaid,TRANSFER_OUT_INVESTMENT_AND_RETIREMENT_FUNDS,home_improvement,"Final human adjudication: home_improvement. Merchant evidence identifies building, plumbing, hardware, or home-improvement goods. Luna votes: trade_union / trade_union / unclassified_other. Sources: https://www.tradeonlyplumbing.co.uk/branches/guildford"
v2_batch2,iter_eval,Queens University,Queens University,1.8,debit,plaid,CHILDCARE_AND_EDUCATION_CHILDCARE_AND_EDUCATION,education_general,
v2_batch2,iter_eval,Law And Lawyers Li,Law And Lawyers Li REFUND,-456.8,credit,plaid,INCOME_OTHER,refund_received,
v2_batch2,iter_eval,Premier Store,PREMIER STORE,2.3,debit,plaid,GENERAL_MERCHANDISE_COMPUTERS_AND_ELECTRONICS,groceries,Final human adjudication: groceries. The underlying merchant is a supermarket or symbol-group grocery retailer. Luna votes: groceries / convenience_store / convenience_store.
v2_batch2,train,R Mcglade,R MCGLADE 100000001619375985,10,debit,plaid,GENERAL_SERVICES_ACCOUNTING_AND_FINANCIAL_SERVICES,transfer_p2p,Final human adjudication: transfer_p2p. The counterparty is a named person and the narrative is a bank transfer. Luna votes: transfer_p2p / transfer_p2p / unclassified_other.
v2_batch2,train,Ck Cities Cd,CK CITIES CD 9552,8,debit,plaid,TRANSFER_OUT_CHECKING,unclassified_card_spend,Final human adjudication: unclassified_card_spend. The record is a card purchase but the merchant purpose is not identifiable. Luna votes: unclassified_card_spend / unclassified_card_spend / unclassified_other.
v2_batch2,train,Joes Shooting Gam,Joe?s Shooting Gam,5,debit,plaid,ENTERTAINMENT_MUSIC_VIDEO_GAMES_TV_AND_MOVIES,gaming_online,
v2_batch2,train,Linvet,Direct debit LINVET-SHIRES VETS 308012 18638260,19,debit,plaid,PET_CARE_AND_SUPPLIES_VETERINARY_SERVICES,veterinary,
v2_batch2,iter_eval,Wise,Wise Payments Fee for 51.66 GBP Moved To PKR,0.31,debit,plaid,GENERAL_SERVICES_ACCOUNTING_AND_FINANCIAL_SERVICES,money_transfer_fee,
v2_batch2,train,Sdc Council Tax,"DIRECT DEBIT PAYMENT TO SDC COUNCIL TAX REF 01 7002793460, MANDATE NO 0065",192,debit,plaid,INSURANCE_AND_TAX_TAX_PAYMENT,council_tax,
v2_batch2,iter_eval,Halfway Convenience Store,Halfway Convenience Store from Bills Pot,3.84,debit,plaid,TRAVEL_AND_TRANSPORTATION_OTHER_TRAVEL_AND_TRANSPORTATION,convenience_store,
v2_batch2,iter_eval,Peacock,PEACOCK STORES LTDBOREHAMWOOD,16.25,debit,plaid,ENTERTAINMENT_MUSIC_VIDEO_GAMES_TV_AND_MOVIES,clothing_general,
v2_batch2,iter_eval,Pfplm,Returned direct debit PFPLM MEMBERSHIP A 071226 05038286,-38,credit,plaid,INCOME_OTHER,returned_payment,
v2_batch2,train,Jessica Moreira,JESSICA MOREIRA 400000001641429690,50,debit,plaid,TRANSFER_OUT_INVESTMENT_AND_RETIREMENT_FUNDS,transfer_p2p,
v2_batch2,train,Warrens Bakery,Warrens Bakery,11.7,debit,plaid,DINING_OTHER_DINING,restaurant_cafe,
v2_batch2,train,Direct Line,Uki T/a Directline Direct Line,55.49,debit,plaid,INSURANCE_AND_TAX_INSURANCE,insurance_general,
v2_batch2,train,Boxpark,Boxpark Liverpool,5.7,debit,plaid,GENERAL_MERCHANDISE_OTHER_GENERAL_MERCHANDISE,eating_out_other,
v2_batch2,iter_eval,M News,CARD PAYMENT TO H M NEWS MARKET ON 26-07-2025,0.75,debit,plaid,GENERAL_MERCHANDISE_CONVENIENCE_STORES,convenience_store,
v2_batch2,iter_eval,Manzoor,MANZOOR N  RETURNING LOAN FT,-1300,credit,plaid,LOAN_DISBURSEMENTS_OTHER,transfer_p2p,Final human adjudication: transfer_p2p. The counterparty is a named person and the narrative is a bank transfer. Luna votes: transfer_p2p / loan_repayment_other / loan_disbursement.
v2_batch2,train,E Fuels,WWW.E.ORG,10,debit,plaid,RENT_AND_UTILITIES_OTHER_UTILITIES,energy,Final human adjudication: energy. E Fuels debit; gas/electricity supplier payment. Narrative: WWW.E.ORG. Native category: RENT_AND_UTILITIES_OTHER_UTILITIES. Provider: plaid. Merchant identity was checked against the linked source. Luna votes: energy / energy / fuel. Sources: https://e.org/
v2_batch2,iter_eval,Bigdug,BiGDUG Ltd CD 7516    29JUN25,166.61,debit,plaid,GENERAL_MERCHANDISE_DEPARTMENT_STORES,home_improvement,"Final human adjudication: home_improvement. Merchant evidence identifies building, plumbing, hardware, or home-improvement goods. Luna votes: tools / home_accessories / home_improvement."
v2_batch2,train,Snap Finance,Snap Finance Limited,-0.01,credit,plaid,LOAN_DISBURSEMENTS_BNPL_AND_EWA,loan_disbursement,Final human adjudication: loan_disbursement. Credit from a lender/finance provider is money received rather than a repayment debit. Luna votes: loan_disbursement / bnpl / loan_disbursement.
v2_batch2,iter_eval,Tiki Chichester Gb,CRV*Tiki Chicheste CD 3551,20.3,debit,plaid,DINING_DINING,restaurant_cafe,
v2_batch2,train,Iris Software,CG97MBM Iris Software,26.02,debit,plaid,GENERAL_SERVICES_OTHER_SERVICES,software,
v2_batch2,train,Miss S Hodds Ticket,miss s hodds                             ticket,35,debit,plaid,ENTERTAINMENT_EVENTS_AND_TICKETS,transfer_p2p,Final human adjudication: transfer_p2p. The counterparty is a named person and the narrative is a bank transfer. Luna votes: sports_tickets / sports_tickets / transfer_p2p.
v2_batch2,train,Lancashire Competition,LANCASHIRE COMPETI,5,debit,plaid,GENERAL_MERCHANDISE_FURNITURE_AND_HARDWARE,prize_competitions,
v2_batch2,train,Gills Superstore,Crv*gills Superstore,4,debit,plaid,GENERAL_MERCHANDISE_SUPERSTORES,groceries,
v2_batch2,train,Dcblegal.co.uk,5381 11AUG25      DCBLEGAL.CO.UK    02032 980201 GB   REFUND,-35,credit,plaid,LOAN_DISBURSEMENTS_BNPL_AND_EWA,refund_received,
v2_batch2,train,Alphera Financial,REVERSAL OF 15-08 ALPHERA FINANCIAL,-9838,credit,plaid,LOAN_DISBURSEMENTS_OTHER,returned_payment,
v2_batch2,iter_eval,Delta Force Paintball,DELTA FORCE PAINTB  ON 13 JUL CPM DELTA FORCE PAINTBALL,2.5,debit,plaid,TRAVEL_AND_TRANSPORTATION_FLIGHTS,sports_participation,
v2_batch2,train,Cash Convert Ers Yorksh,CASH CONVERTERS YORKSH Cash Converters Yorksh,48,debit,plaid,BANK_FEES_ATM,pawnbroker,
v2_batch2,iter_eval,Puccino's,Puccino's Willesden Ju,5.43,debit,plaid,DINING_COFFEE,restaurant_cafe,
v2_batch2,iter_eval,Platinum Mastercar,PLATINUM MASTERCAR,89.86,debit,plaid,TRANSFER_OUT_INVESTMENT_AND_RETIREMENT_FUNDS,unclassified_other,Final human adjudication: unclassified_other. Platinum Mastercar debit; merchant/function is not identifiable from the available evidence.. Native category: TRANSFER_OUT_INVESTMENT_AND_RETIREMENT_FUNDS. Provider: plaid. Luna votes: unclassified_other / unclassified_other / credit_card_repayment.
v2_batch2,train,Mangopay,Mangopay S.a. MGP Vinted,-2,credit,plaid,TRANSFER_IN_TRANSFER_IN_FROM_APPS,income_other_unspecified,"Final human adjudication: income_other_unspecified. This is incoming money, but the precise income/refund purpose is not evidenced. Luna votes: marketplace_general / payment_intermediary / payment_intermediary."
v2_batch2,iter_eval,Wescot Credit Services,WESCOT CREDIT SVS DM/289447757,20,debit,plaid,LOAN_PAYMENTS_OTHER,debt_collection,
v2_batch2,iter_eval,United Utilities W United Utilities,United Utilities W United Utilities,62.51,debit,plaid,RENT_AND_UTILITIES_WATER,water,
v2_batch2,train,Taxassist Accounts,REVERSAL OF 26-08 TAXASSIST ACCOUNTS,-52.5,credit,plaid,TAX_REFUND_TAX_REFUND,returned_payment,Final human adjudication: returned_payment. The narrative explicitly identifies a returned or reversed payment. Luna votes: returned_payment / returned_payment / accountancy.
v2_batch2,iter_eval,The Park Hair Stu,THE PARK HAIR STUDRESERVE CASH,120,debit,plaid,PERSONAL_CARE_HAIR_AND_BEAUTY,beauty_treatment,
v2_batch2,iter_eval,Humble Coffi Ll,HUMBLE COFFI      LLANELLI,3.6,debit,plaid,TRANSFER_OUT_OTHER,restaurant_cafe,
v2_batch2,train,Carbon,"CARBON NEUTRAL VENDING (VIA GOOGLE PAY), ON 12-09-2025",0.4,debit,plaid,FOOD_RETAIL_OTHER,confectionary,Final human adjudication: confectionary. The small vending transaction is for snacks/confectionery. Luna votes: confectionary / groceries / convenience_store.
v2_batch2,train,Diana Matze,United Kingdom Account - lowe diana matze - SortCodeAccountNumber: 77915646686062,60,debit,plaid,GENERAL_SERVICES_RELIGIOUS_SERVICES,transfer_p2p,Final human adjudication: transfer_p2p. The counterparty is a named person and the narrative is a bank transfer. Luna votes: transfer_p2p / transfer_p2p / unclassified_other.
v2_batch2,train,Specialis Motor Finance,SPECIALIS MOTOR FINANCE LIMITED          31104646610 Baryla,100,debit,plaid,LOAN_PAYMENTS_MORTGAGE_AND_AUTO,car_finance_repayment,
v2_batch2,iter_eval,Smyths,ZILCH SMYTHS TOYS,31.99,debit,plaid,LOAN_PAYMENTS_BNPL_AND_EWA,toys,
v2_batch2,iter_eval,Tm Legal Services Tmls,TM LEGAL SERVICES TMLS-841175-1,1,debit,plaid,GENERAL_SERVICES_CONSULTING_AND_LEGAL_SERVICES,debt_collection,Same TM Legal Services collector as row 641.
v2_batch2,iter_eval,Golden Sands,GOLDEN SANDS,10.65,debit,plaid,TRAVEL_AND_TRANSPORTATION_LODGING,holiday_uk,
v2_batch2,train,Help,INT'L 1698704146  Bumble help bumbleDublin,13.99,debit,plaid,PERSONAL_CARE_OTHER_PERSONAL_CARE,online_dating,
v2_batch2,train,Deposit With Dream Vegas,Deposit with Dream,20,debit,plaid,TRANSFER_OUT_CHECKS_AND_ATM,gambling_casino,
v2_batch2,train,Premier Corner Stores,VISA Debit Transaction PREMIER CORNER STORES,5.49,debit,plaid,GENERAL_MERCHANDISE_CONVENIENCE_STORES,groceries,Final human adjudication: groceries. The underlying merchant is a supermarket or symbol-group grocery retailer. Luna votes: convenience_store / convenience_store / convenience_store.
v2_batch2,iter_eval,Washco LTD,NYA*WashCo Ltd,1.4,debit,plaid,TRAVEL_AND_TRANSPORTATION_OTHER_TRAVEL_AND_TRANSPORTATION,carwash,
v2_batch2,train,Qualsafe,1001 02SEP25      QUALSAFE LIMITED  BRADFORD GB,540,debit,plaid,GENERAL_SERVICES_OTHER_SERVICES,education_general,
v2_batch2,train,Waitrose,WAITROSE 232  ON 01 AUG CPM,33.51,debit,plaid,FOOD_RETAIL_GROCERIES,groceries,
v2_batch2,train,Bees Coffee Pot,BEES COFFEE POT  ON 30 AUG CPM,9,debit,plaid,DINING_COFFEE,restaurant_cafe,
v2_batch2,iter_eval,Home Retail Group,HOME RETAIL GROUP  ON 13 AUG BCC Home Retail Group,14.56,debit,plaid,GENERAL_MERCHANDISE_OTHER_GENERAL_MERCHANDISE,retail_other,
v2_batch2,train,Jd Terrace,JD TERRACE,9.79,debit,plaid,RENT_AND_UTILITIES_RENT,rent,Final human adjudication: rent. Jd Terrace debit; housing/letting counterparty and direction indicate rent.. Native category: RENT_AND_UTILITIES_RENT. Provider: plaid. Luna votes: rent / rent / unclassified_other.
v2_batch2,iter_eval,The Farmer's Dog,THE FARM NUSA INDONESIA AMOUNT IN IDR 309000.00 ON 27 AUG VISA 21851.23678 FINAL GBP AMOUNT INCLUDES NON-STERLING TRANS FEE £0.42 ,14.56,debit,plaid,PET_CARE_AND_SUPPLIES_PET_SUPPLIES,foreign_spend_unspecified,"THE FARM NUSA INDONESIA, amount in IDR — Bali spend, not The Farmer’s Dog pet food."
v2_batch2,iter_eval,Kia Morgan,KIA MORGAN 300000001594185831,100,debit,plaid,TRAVEL_AND_TRANSPORTATION_AUTOMOTIVE,transfer_p2p,Final human adjudication: transfer_p2p. The counterparty is a named person and the narrative is a bank transfer. Luna votes: transfer_p2p / transfer_p2p / unclassified_other.
v2_batch2,train,Love And Liquor,Contactless Payment LOVE AND LIQUOR GOOGLE 6301,89.3,debit,plaid,FOOD_RETAIL_LIQUOR_STORES,pub_bar,"Love & Liquor Codsall is an on-licence micropub, not an off-licence."
v2_batch2,train,Morrisons,4761 10OCT25      ZILCH MORRISONS   DAILY             GB GB,10.36,debit,plaid,LOAN_PAYMENTS_BNPL_AND_EWA,groceries,Final human adjudication: groceries. The underlying merchant is a supermarket or symbol-group grocery retailer. Luna votes: bnpl / bnpl / groceries.
v2_batch2,iter_eval,Ltduk,NYX*LtdUK,1.6,debit,plaid,PERSONAL_CARE_HAIR_AND_BEAUTY,health_beauty_general,Final human adjudication: health_beauty_general. The descriptor identifies cosmetics/beauty retail rather than kitchen goods. Luna votes: health_beauty_general / skin_hair_care / health_beauty_general.
v2_batch2,train,Abbey Hotel,Abbey Hotel,3.6,debit,plaid,TRAVEL_AND_TRANSPORTATION_LODGING,accommodation,
v2_batch2,train,Chantelle Newland & Michael Potter,camping Chantelle Newland & Michael Potter,35,debit,plaid,GENERAL_MERCHANDISE_FURNITURE_AND_HARDWARE,transfer_p2p,
v2_batch2,iter_eval,Jd Glasgow,JD GLASGOW,27,debit,plaid,GENERAL_MERCHANDISE_APPAREL_AND_ACCESSORIES,sportswear,
v2_batch2,iter_eval,Supersave,Supersave,1.99,debit,plaid,TRANSFER_OUT_SAVINGS,savings_transfer,
v2_batch2,iter_eval,Samuel,Samuel AkinpeluDapSchool stipends,21,debit,plaid,CHILDCARE_AND_EDUCATION_CHILDCARE_AND_EDUCATION,transfer_p2p,Final human adjudication: transfer_p2p. The counterparty is a named person and the narrative is a bank transfer. Luna votes: transfer_p2p / transfer_p2p / transfer_p2p.
v2_batch2,train,Close Brothers,CLOSEBROSMOTFIN  51-825129 DDR Close Brothers,84.84,debit,plaid,LOAN_PAYMENTS_PERSONAL_LOAN_PAYMENT,car_finance_repayment,
v2_batch2,train,J D Sports,CREDIT FROM J D SPORTS (244) ON 26-09-2025,-55,credit,plaid,TRANSFER_IN_CHECKS_AND_ATM,refund_received,
v2_batch2,train,Orchards,ORCHARDS - RETAIL,2.25,debit,plaid,FOOD_RETAIL_GROCERIES,groceries,
v2_batch2,train,Hmrc Sdds,HMRC SDDS         0000388080,32806.75,debit,plaid,INSURANCE_AND_TAX_TAX_PAYMENT,tax_payment,
v2_batch2,train,Baby Sensory,FASTER PAYMENTS RECEIPT REF.BABY SENSORY FROM L CLARKE,-10,credit,plaid,CHILDCARE_AND_EDUCATION_CHILDCARE_AND_EDUCATION,refund_received,Final human adjudication: refund_received. Credit direction and merchant/refund evidence indicate money returned to the customer. Luna votes: refund_received / refund_received / childcare.
v2_batch2,iter_eval,Umair Hassan,UMAIR HASSAN 500000001648926660,5,debit,plaid,TRAVEL_AND_TRANSPORTATION_FLIGHTS,transfer_p2p,
v2_batch2,train,Cd Ush Events Bar,5027 07SEP25 CD   USH EVENTS BAR    UNIVERSAL CIT US  USD          68.28VRATE       1.3425,50.86,debit,plaid,ENTERTAINMENT_EVENTS_AND_TICKETS,pub_bar,
v2_batch2,train,Moneyway,Returned direct debit MONEYWAY 070436 31743035,-240.55,credit,plaid,LOAN_DISBURSEMENTS_OTHER,returned_payment,
v2_batch2,train,Indresestak,PAYPAL *INDRESESTA,15,debit,plaid,TRANSFER_OUT_TRANSFER_OUT_FROM_APPS,payment_intermediary,
v2_batch2,iter_eval,Reading Transport,CARD PAYMENT TO READING TRANSPORT LIMI ON 26-07-2025,2.6,debit,plaid,TRAVEL_AND_TRANSPORTATION_PUBLIC_TRANSIT,public_transport_rail_coach,
v2_batch2,iter_eval,The Pokemon Pl,The Pokemon Pl,5,debit,plaid,ENTERTAINMENT_MUSIC_VIDEO_GAMES_TV_AND_MOVIES,gaming_mobile,
v2_batch2,train,Barclays Savings,208915 30178381  MINE FT Barclays savings,920,debit,plaid,TRANSFER_OUT_SAVINGS,savings_transfer,
v2_batch2,train,Jjs Pool,Jjs Pool,8,debit,plaid,GENERAL_SERVICES_HOME_IMPROVEMENT_SERVICES,sports_participation,Final human adjudication: sports_participation. The charge is for participation in a virtual/physical sport rather than passive media. Luna votes: sports_participation / sports_participation / unclassified_other. Sources: https://cuescore.com/jjspoolhall/tournaments
v2_batch2,iter_eval,Bushwackers,BUSHWACKERS       WORCESTER,5,debit,plaid,DINING_DINING,pub_bar,
v2_batch2,train,Kensington Mortgag,KENSINGTON MORTGAG,1358.66,debit,plaid,LOAN_PAYMENTS_MORTGAGE_AND_AUTO,mortgage,
v2_batch2,train,University Of East Anglia,University Of East Anglia 100202926,80,debit,plaid,CHILDCARE_AND_EDUCATION_CHILDCARE_AND_EDUCATION,education_general,
v2_batch2,train,Oakley Golden,OAKLEY GOLDEN 500000001631588933,20,debit,plaid,GENERAL_MERCHANDISE_SPORTING_GOODS,transfer_p2p,Final human adjudication: transfer_p2p. The counterparty is a named person and the narrative is a bank transfer. Luna votes: transfer_p2p / transfer_p2p / transfer_p2p.
v2_batch2,train,Mrslstanding Cd,PAYPAL *mrslstanding CD 3373,10,debit,plaid,TRANSFER_OUT_TRANSFER_OUT_FROM_APPS,payment_intermediary,Final human adjudication: payment_intermediary. Mrslstanding Cd debit; payment intermediary is the closest taxonomy fit. Narrative: PAYPAL *mrslstanding CD 3373. Native category: TRANSFER_OUT_TRANSFER_OUT_FROM_APPS. Provider: plaid. Luna votes: payment_intermediary / payment_intermediary / payment_intermediary.
v2_batch2,train,Ocean Holidays,OCEAN HOLIDAYS,100,debit,plaid,TRAVEL_AND_TRANSPORTATION_LODGING,holiday_package,
v2_batch2,train,Clair Sheridan,CLAIR SHERIDAN 300000001611440573,23,debit,plaid,LOAN_PAYMENTS_CREDIT_CARD_PAYMENT,transfer_p2p,Final human adjudication: transfer_p2p. The counterparty is a named person and the narrative is a bank transfer. Luna votes: transfer_p2p / transfer_p2p / transfer_p2p.
v2_batch2,train,Copeland Borough Council,Copeland Borough C,2.9,debit,plaid,GOVERNMENTS_AND_NON_PROFIT_GOVERNMENTS_AND_NON_PROFIT,council_tax,
v2_batch2,train,Shield LTD,PAYMENTSHIELD LTD,25.5,debit,plaid,INSURANCE_AND_TAX_INSURANCE,insurance_general,
v2_batch2,iter_eval,United Utilities Water,UNITED UTILITIES W,8.06,debit,plaid,RENT_AND_UTILITIES_WATER,water,
v2_batch2,train,River Island,ZILCH RIVER ISLAND,110.1,debit,plaid,LOAN_PAYMENTS_BNPL_AND_EWA,clothing_general,Final human adjudication: clothing_general. The visible underlying merchant is a clothing/accessories retailer. Luna votes: bnpl / bnpl / bnpl.
v2_batch2,iter_eval,Ubertrip Cd,PAYPAL *UBERTRIP CD 4839,4.99,debit,plaid,GOVERNMENTS_AND_NON_PROFIT_OTHER_GOVERNMENTS_AND_NON_PROFIT,taxi_rideshare,
v2_batch2,train,Wh Smith,WH Smith Victoria,17.97,debit,plaid,GENERAL_MERCHANDISE_OTHER_GENERAL_MERCHANDISE,books,
v2_batch2,train,Bazar Keylis,BAZAR KEYLIS SPAIN AMOUNT IN EUR 3.80 ON 20 AUG VISA 1.15571 FINAL GBP AMOUNT INCLUDES NON-STERLING TRANS FEE £0.10 ,3.39,debit,plaid,BANK_FEES_OTHER_BANK_FEES,foreign_spend_unspecified,
v2_batch2,iter_eval,Food Catering,Food Catering,8,debit,plaid,DINING_OTHER_DINING,catering,
v2_batch2,iter_eval,TSB Bank,TSB PLC,205.05,debit,plaid,GENERAL_SERVICES_ACCOUNTING_AND_FINANCIAL_SERVICES,financial_institution_unspecified,Final human adjudication: financial_institution_unspecified. TSB Bank debit; financial institution is named but product is not. Narrative: TSB PLC. Native category: GENERAL_SERVICES_ACCOUNTING_AND_FINANCIAL_SERVICES. Provider: plaid. Luna votes: financial_institution_unspecified / financial_institution_unspecified / financial_institution_unspecified.
v2_batch2,iter_eval,Nutravetukl,PAYPAL *NUTRAVETUK,25.63,debit,plaid,PET_CARE_AND_SUPPLIES_PET_SUPPLIES,pet_supplies,
v2_batch2,train,Refreshment System,Refreshment System,2.1,debit,plaid,FOOD_RETAIL_OTHER,convenience_store,
v2_batch2,iter_eval,Ee Device,EE DEVICE PAYMENT,6.36,debit,plaid,GENERAL_MERCHANDISE_COMPUTERS_AND_ELECTRONICS,mobile_handset,
v2_batch2,iter_eval,Bold Veterinary Clinic,Bold Veterinary Clinic,83.4,debit,plaid,PET_CARE_AND_SUPPLIES_VETERINARY_SERVICES,veterinary,
v2_batch2,train,Usworth Wash,Usworth   Wash,6.1,debit,plaid,TRAVEL_AND_TRANSPORTATION_AUTOMOTIVE,carwash,
v2_batch2,train,R Clarke & Sons,R CLARKE SONS  ON 22 JUL CPM R CLARKE & SONS,5.8,debit,plaid,FOOD_RETAIL_GROCERIES,groceries_specialist,Final human adjudication: groceries_specialist. Merchant evidence identifies a specialist or world-food grocery store. Luna votes: groceries_specialist / groceries / groceries_specialist. Sources: https://www.yell.com/biz/r-clarke-and-sons-butchers-billingham-5375899/
v2_batch2,train,Ring,CARD PAYMENT TO RING BASIC PLAN ON 23-07-2025,4.99,debit,plaid,GENERAL_SERVICES_OTHER_SERVICES,home_accessories,
v2_batch2,train,Fenham Stores LTD,Fenham Stores Ltd,10.68,debit,plaid,GENERAL_MERCHANDISE_CONVENIENCE_STORES,convenience_store,
v2_batch2,train,Snap Finance,FND 14/07/2025 SNAP FINANCE LIMIT,-5415,credit,plaid,LOAN_DISBURSEMENTS_BNPL_AND_EWA,loan_disbursement,
v2_batch2,train,Dvla-ym,DVLA-YM18NHZ  000000000072407953 DDR,17.06,debit,plaid,GOVERNMENTS_AND_NON_PROFIT_GOVERNMENTS_AND_NON_PROFIT,road_tax,
v2_batch2,train,Kadian S Lennard,KADIAN S LENNARD  Shopping,15,debit,plaid,GENERAL_MERCHANDISE_DEPARTMENT_STORES,transfer_p2p,Final human adjudication: transfer_p2p. The counterparty is a named person and the narrative is a bank transfer. Luna votes: transfer_p2p / transfer_p2p / unclassified_other.
v2_batch2,train,APCOA Parking,3539 06AUG25      ZILCH APCOA       PARKING           GB GB,3.4,debit,plaid,LOAN_PAYMENTS_BNPL_AND_EWA,car_parking,
v2_batch2,train,Phoenix Gym,Phoenix Gym,3,debit,plaid,PERSONAL_CARE_GYMS_AND_FITNESS_CENTERS,gym_fitness,
v2_batch2,train,Cd Mikes Pet Foods And,3530 20AUG25 CD   MIKES PET FOODS   AND AC            LIVERPOOL GB,2,debit,plaid,PET_CARE_AND_SUPPLIES_PET_SUPPLIES,pet_supplies,
v2_batch2,iter_eval,Market Sitges,MARKET SITGES SPAIN AMOUNT IN EUR 64.73 ON 23 AUG VISA 1.153079 FINAL GBP AMOUNT INCLUDES NON-STERLING TRANS FEE £1.68 ,57.82,debit,plaid,BANK_FEES_OTHER_BANK_FEES,foreign_spend_unspecified,
v2_batch2,iter_eval,Prime Video Add-on,Prime Video*RU1083  ON 21 AUG BCC PRIME  VIDEO ADD-ON,7.99,debit,plaid,ENTERTAINMENT_MUSIC_VIDEO_GAMES_TV_AND_MOVIES,streaming,
v2_batch2,train,Click Energy,CLICK ENERGY,20,debit,plaid,RENT_AND_UTILITIES_GAS_AND_ELECTRICITY,energy,
v2_batch2,iter_eval,Magazin Mixt,Magazin Mixt Vrm,0.17,debit,plaid,GENERAL_MERCHANDISE_OTHER_GENERAL_MERCHANDISE,convenience_store,
v2_batch2,iter_eval,Curaleafpharma-rokshaw,Curaleafpharma-Rokshaw,85,debit,plaid,MEDICAL_PHARMACIES_AND_SUPPLEMENTS,pharmacy,
v2_batch2,iter_eval,Angling Direct,2192 10AUG25 CD   ANGLING DIRECT    CANNOCK           CANNOCK GB,26.25,debit,plaid,GENERAL_MERCHANDISE_SPORTING_GOODS,sports_equipment,
v2_batch2,iter_eval,Omyco,CRV*WWWPARKONOMYCOCRV*,5.3,debit,plaid,ENTERTAINMENT_EVENTS_AND_TICKETS,car_parking,
v2_batch2,iter_eval,Collect,4519 18SEP25  D   COSTA COLLECT     DUNSTABLE GB,10.78,debit,plaid,DINING_COFFEE,restaurant_cafe,
v2_batch2,train,Sallins Pharmacy,SALLINS PHARMACY 01 Sallins Pharmacy 01,43.37,debit,plaid,MEDICAL_PHARMACIES_AND_SUPPLEMENTS,pharmacy,
v2_batch2,train,Peabody Rent Initial,PEABODY RENT      INITIAL PAYMENT,731.26,debit,plaid,RENT_AND_UTILITIES_RENT,rent,
v2_batch2,train,E Fuels,"Card 58, Www.E.Org",15,debit,plaid,RENT_AND_UTILITIES_OTHER_UTILITIES,energy,"Final human adjudication: energy. E Fuels debit; gas/electricity supplier payment. Narrative: Card 58, Www.E.Org. Native category: RENT_AND_UTILITIES_OTHER_UTILITIES. Provider: plaid. Merchant identity was checked against the linked source. Luna votes: energy / energy / unclassified_other. Sources: https://e.org/"
v2_batch2,train,Equans Ev,CARD PAYMENT TO EQUANS EV SOLUTIONS LI ON 17-06-2025,19.36,debit,plaid,GENERAL_SERVICES_CONSULTING_AND_LEGAL_SERVICES,fuel,"Final human adjudication: fuel. Equans Ev debit; forecourt, fuel, or EV charging transaction. Narrative: CARD PAYMENT TO EQUANS EV SOLUTIONS LI ON 17-06-2025. Native category: GENERAL_SERVICES_CONSULTING_AND_LEGAL_SERVICES. Provider: plaid. Luna votes: fuel / fuel / unclassified_other. Sources: https://equans.co.uk/what-we-do/ev-solutions"
v2_batch2,iter_eval,Beagle,Beagle Sheffield,4.8,debit,plaid,GENERAL_SERVICES_ACCOUNTING_AND_FINANCIAL_SERVICES,pub_bar,Final human adjudication: pub_bar. Beagle debit; pub or bar transaction. Narrative: Beagle Sheffield. Native category: GENERAL_SERVICES_ACCOUNTING_AND_FINANCIAL_SERVICES. Provider: plaid. Luna votes: pub_bar / pub_bar / unclassified_other.
v2_batch2,train,Mangopay,FASTER PAYMENTS RECEIPT REF.MGP VINTED FROM MANGOPAY S.A.,-10,credit,plaid,TRANSFER_IN_TRANSFER_IN_FROM_APPS,income_other_unspecified,"Final human adjudication: income_other_unspecified. This is incoming money, but the precise income/refund purpose is not evidenced. Luna votes: marketplace_general / payment_intermediary / payment_intermediary."
v2_batch2,train,Hpincuklimi,4254 20AUG25      PAYPAL            *HPINCUKLIMI      35314369001 GB,4.49,debit,plaid,TRANSFER_OUT_TRANSFER_OUT_FROM_APPS,printing_supplies,PAYPAL *HPINCUKLIMI is HP Instant Ink. Label the underlying merchant.
v2_batch2,train,Cd P,1422 28AUG25 CD   PLOUGH            BLOOMSBURY GB,32.3,debit,plaid,TRANSFER_OUT_CHECKS_AND_ATM,pub_bar,
v2_batch2,train,Best Of The Best,4440 29SEP25      BEST OF THE BEST  LONDON GB,0.5,debit,plaid,TRAVEL_AND_TRANSPORTATION_LODGING,prize_competitions,
v2_batch2,iter_eval,Amber Pool & Sports,Amber Pool & Sports,4.6,debit,plaid,GENERAL_MERCHANDISE_SPORTING_GOODS,sports_participation,
v2_batch2,train,MDU Services,Pc/mdu Services Mdu Services,69.6,debit,plaid,GENERAL_SERVICES_CONSULTING_AND_LEGAL_SERVICES,insurance_other,
v2_batch2,iter_eval,Peacock,PEACOCK STORES Peacocks,6,debit,plaid,ENTERTAINMENT_MUSIC_VIDEO_GAMES_TV_AND_MOVIES,clothing_general,
v2_batch2,iter_eval,F Tait,F Tait Refunded,-60,credit,plaid,INCOME_SALARY,refund_received,
v2_batch2,iter_eval,YouTube,2936 12JUL25      GOOGLE *YOUTUBE   VIDEOS            G.CO/HELPPAY# GB,13.99,debit,plaid,ENTERTAINMENT_MUSIC_VIDEO_GAMES_TV_AND_MOVIES,streaming,
v2_batch2,iter_eval,Spotless Water,8907 08SEP25      SPOTLESS WATER LTDSURREY GB,8.73,debit,plaid,RENT_AND_UTILITIES_WATER,water,
v2_batch2,train,Freeprints,CREDIT FROM FREEPRINTS ON 22-08-2025,-13.98,credit,plaid,TRANSFER_IN_CHECKS_AND_ATM,refund_received,
v2_batch2,train,Luton Town Fc Match Day,Visa purchase LUTON TOWN FC (MATCH DAY,10,debit,plaid,GOVERNMENTS_AND_NON_PROFIT_OTHER_GOVERNMENTS_AND_NON_PROFIT,sports_tickets,
v2_batch2,train,5 Mandate No,"DIRECT DEBIT REVERSAL REF 867707085/5, MANDATE NO 0096",-19.21,credit,plaid,TRANSFER_IN_OTHER,returned_payment,
v2_batch2,train,E Fuels,6956 26AUG25      WWW.E.ORG         B'HAM B37 GB,20,debit,plaid,RENT_AND_UTILITIES_OTHER_UTILITIES,energy,Final human adjudication: energy. E Fuels debit; gas/electricity supplier payment. Narrative: 6956 26AUG25 WWW.E.ORG B'HAM B37 GB. Native category: RENT_AND_UTILITIES_OTHER_UTILITIES. Provider: plaid. Merchant identity was checked against the linked source. Luna votes: energy / energy / fuel. Sources: https://e.org/
v2_batch2,iter_eval,Aqua,AQUA  000001MAFPI43HLH FT,140,debit,plaid,LOAN_PAYMENTS_CREDIT_CARD_PAYMENT,credit_card_repayment,
v2_batch2,train,Campeggio Gasparina Ri,CAMPEGGIO GASPARIN ITALY AMOUNT IN EUR 53.00 ON 10 AUG VISA 1.15142 FINAL GBP AMOUNT INCLUDES NON-STERLING TRANS FEE £1.38 CAMPEGGIO GASPARINA RI,47.41,debit,plaid,BANK_FEES_ATM,camping_holiday,
v2_batch2,train,Park Xmas Savgs First,PARK XMAS SAVGS   FIRST PAYMENT,115.62,debit,plaid,LOAN_PAYMENTS_CREDIT_CARD_PAYMENT,savings_transfer,
v2_batch2,train,Brownhills Cafe,BROWNHILLS CAFE       Brownhills Cafe,10.3,debit,plaid,DINING_COFFEE,restaurant_cafe,
v2_batch2,iter_eval,August Bakery, August Bakery,3.7,debit,plaid,DINING_OTHER_DINING,restaurant_cafe,
v2_batch2,iter_eval,K Smith,K SMITH 110001 13701463,50,debit,plaid,TRAVEL_AND_TRANSPORTATION_AUTOMOTIVE,transfer_p2p,Final human adjudication: transfer_p2p. The counterparty is a named person and the narrative is a bank transfer. Luna votes: transfer_p2p / transfer_p2p / unclassified_other.
v2_batch2,iter_eval,Wombwell Main Barnsley Gb,WOMBWELL MAIN BARN,3.3,debit,plaid,GENERAL_MERCHANDISE_DEPARTMENT_STORES,unclassified_other,Final human adjudication: unclassified_other. Wombwell Main Barnsley Gb debit; merchant/function is not identifiable from the available evidence. Narrative: WOMBWELL MAIN BARN. Native category: GENERAL_MERCHANDISE_DEPARTMENT_STORES. Provider: plaid. Luna votes: unclassified_other / unclassified_other / unclassified_other.
v2_batch2,iter_eval,E Scarezzati,E SCAREZZATI 110576 15221960,100,debit,plaid,MEDICAL_PRIMARY_CARE,transfer_p2p,Final human adjudication: transfer_p2p. The counterparty is a named person and the narrative is a bank transfer. Luna votes: transfer_p2p / transfer_p2p / unclassified_other.
v2_batch2,iter_eval,Pfplm,Returned direct debit PFPLM MEMBERSHIP A 070436 25981978,-31,credit,plaid,INCOME_OTHER,returned_payment,
v2_batch2,train,National Trust,NATIONAL TRUST  N1R1ZEA DDR,3.8,debit,plaid,GOVERNMENTS_AND_NON_PROFIT_DONATIONS,memberships,
v2_batch2,iter_eval,Ee Device,EE DEVICE PAYMENT,10,debit,plaid,GENERAL_MERCHANDISE_COMPUTERS_AND_ELECTRONICS,mobile_handset,
v2_batch2,train,Gracie Egan,GRACIE EGAN 600000001622426712,15,debit,plaid,MEDICAL_OTHER_MEDICAL,transfer_p2p,Final human adjudication: transfer_p2p. The counterparty is a named person and the narrative is a bank transfer. Luna votes: transfer_p2p / transfer_p2p / unclassified_other.
v2_batch2,train,Mostab B,Contactless Payment MOSTAB* TAXIMOSTAB GOOGLE 1204,4.4,debit,plaid,TRAVEL_AND_TRANSPORTATION_TAXIS_AND_RIDE_SHARES,taxi_rideshare,
v2_batch2,train,Ch&co Catering Sutton,CH&CO CATERING    SUTTON-IN-ASH,1.55,debit,plaid,DINING_OTHER_DINING,catering,
v2_batch2,train,Youfibre,Returned direct debit YOUFIBRE 070246 39945641,-64.99,credit,plaid,TRANSFER_IN_OTHER,returned_payment,
v2_batch2,iter_eval,Ad Free For Primevideo,Ad free for PrimeV,2.99,debit,plaid,GENERAL_MERCHANDISE_ONLINE_MARKETPLACES,streaming,
v2_batch2,train,Morrisons,MORRISONS DAILY McColl's,4.65,debit,plaid,FOOD_RETAIL_GROCERIES,groceries,Final human adjudication: groceries. The underlying merchant is a supermarket or symbol-group grocery retailer. Luna votes: convenience_store / convenience_store / groceries.
v2_batch2,train,Dumfries & Gallowa,DUMFRIES & GALLOWA  8104484293 DDR,31.97,debit,plaid,DINING_DINING,council_tax,
v2_batch2,train,Armley Discount Store Lee,ARMLEY DISCOUNT ST,8.5,debit,plaid,GENERAL_MERCHANDISE_DISCOUNT_STORES,discount_store,
v2_batch2,train,Blackpool Pleasure Beach,BLACKPOOL PLEASURE BEA Blackpool Pleasure Beach,17.9,debit,plaid,ENTERTAINMENT_OTHER_ENTERTAINMENT,days_out,
v2_batch2,train,Alehop,ALEHOP 169 PUERTO SPAIN AMOUNT IN EUR 24.00 ON 11 OCT VISA 1.14604 FINAL GBP AMOUNT INCLUDES NON-STERLING TRANS FEE £0.63 ALEHOP 169 PUERTO LA C,21.57,debit,plaid,BANK_FEES_ATM,retail_other,
v2_batch2,train,Morr Liverpool Speke,MORR LIVERPOOL SPE,20.01,debit,plaid,GENERAL_SERVICES_HOME_IMPROVEMENT_SERVICES,groceries,
v2_batch2,train,EAT.,Zilch Just Eat.,9.22,debit,plaid,LOAN_PAYMENTS_BNPL_AND_EWA,takeaway,
v2_batch2,train,Axseuropel,PAYPAL *AXSEUROPEL02034815506,147.5,debit,plaid,TRANSFER_OUT_TRANSFER_OUT_FROM_APPS,payment_intermediary,
v2_batch2,iter_eval,Cd Afro,4488 14AUG25 CD   AFROCREST         LIVINGSTON GB,12.7,debit,plaid,ENTERTAINMENT_EVENTS_AND_TICKETS,groceries_specialist,Final human adjudication: groceries_specialist. Merchant evidence identifies a specialist or world-food grocery store. Luna votes: groceries_specialist / health_beauty_general / restaurant_cafe. Sources: https://blocl.uk/eats/afrocrest-afro-caribean-and-asian-store-1766619
v2_batch2,train,Bounceworld,BOUNCEWORLD.NET,3.59,debit,plaid,BANK_PENALTIES_INSUFFICIENT_AND_LATE_FEES,days_out,
v2_batch2,iter_eval,Zable Cards London,Zable Cards       LONDON,145,debit,plaid,LOAN_PAYMENTS_CREDIT_CARD_PAYMENT,credit_card_repayment,
v2_batch2,train,Talk Talk,TalkTalk,2.3,debit,plaid,RENT_AND_UTILITIES_TELECOMMUNICATIONS,broadband_tv_phone,
v2_batch2,iter_eval,Cash Convert Ers Stratford,CASH CONVERTERS ST,28.75,debit,plaid,BANK_FEES_ATM,pawnbroker,
v2_batch2,iter_eval,The Courier,The Courier,1,debit,plaid,ENTERTAINMENT_CASINOS_AND_GAMBLING,newspapers,Final human adjudication: newspapers. The Courier debit; newspapers is the closest taxonomy fit.. Native category: ENTERTAINMENT_CASINOS_AND_GAMBLING. Provider: plaid. Luna votes: newspapers / newspapers / unclassified_other. Sources: https://help.dcthomson.co.uk/when-will-i-be-charged-for-my-digital-news-subscription
v2_batch2,train,Roma,Roma Jukneviciute - SortCodeAccountNumber: 20626873295834,2,debit,plaid,GENERAL_MERCHANDISE_APPAREL_AND_ACCESSORIES,transfer_p2p,Final human adjudication: transfer_p2p. The counterparty is a named person and the narrative is a bank transfer. Luna votes: transfer_p2p / transfer_p2p / unclassified_other.
v2_batch2,train,PET,PET514569202      RBC21075E9II4GN4,6,debit,plaid,PET_CARE_AND_SUPPLIES_PET_SUPPLIES,pet_supplies,
v2_batch2,train,Zooplus,3618 17JUL25  D   ZOOPLUS UK        401622875         MUNCHEN DE,65.36,debit,plaid,PET_CARE_AND_SUPPLIES_PET_SUPPLIES,pet_supplies,
v2_batch2,train,Boots Chesterfield,"BOOTS,CHESTERFIELD",6.49,debit,plaid,MEDICAL_PHARMACIES_AND_SUPPLEMENTS,pharmacy,
v2_batch2,train,Bbm Bargains,Bbm Bargains,11.2,debit,plaid,GENERAL_MERCHANDISE_DISCOUNT_STORES,discount_store,
v2_batch2,train,Planet Nightclub,PLANET NIGHTCLUB      Planet Nightclub,3,debit,plaid,ENTERTAINMENT_OTHER_ENTERTAINMENT,night_club,
v2_batch2,iter_eval,Samuel,Samuel AkinpeluDapSchool stipends,10,debit,plaid,CHILDCARE_AND_EDUCATION_CHILDCARE_AND_EDUCATION,transfer_p2p,Final human adjudication: transfer_p2p. The counterparty is a named person and the narrative is a bank transfer. Luna votes: transfer_p2p / transfer_p2p / unclassified_other.
v2_batch2,train,Trident Supplements,Trident supplement  ON 15 SEP CPM TRIDENT SUPPLEMENTS,1,debit,plaid,MEDICAL_PRIMARY_CARE,supplements,
v2_batch2,train,Rss Greyhound Cd,RSS GREYHOUND CD 1974,10.88,debit,plaid,TRAVEL_AND_TRANSPORTATION_PUBLIC_TRANSIT,gambling_betting,Final human adjudication: gambling_betting. Rss Greyhound Cd debit; betting-operator transaction. Narrative: RSS GREYHOUND CD 1974. Native category: TRAVEL_AND_TRANSPORTATION_PUBLIC_TRANSIT. Provider: plaid. Luna votes: gambling_betting / gambling_betting / public_transport_rail_coach.
v2_batch2,iter_eval,Waveney Gymnastics Clu,Waveney Gymnastics Clu,57,debit,plaid,PERSONAL_CARE_GYMS_AND_FITNESS_CENTERS,sports_participation,
v2_batch2,train,Stepchange,REVERSAL OF 11-08 STEPCHANGE,-119,credit,plaid,TRANSFER_IN_SAVINGS,returned_payment,Final human adjudication: returned_payment. The narrative explicitly identifies a returned or reversed payment. Luna votes: returned_payment / returned_payment / debt_management_plan.
v2_batch2,train,Hampshire County Counc,HAMPSHIRE COUNTY C,5,debit,plaid,GOVERNMENTS_AND_NON_PROFIT_OTHER_GOVERNMENTS_AND_NON_PROFIT,government_services,"Hampshire County Council does not bill council tax (districts do). £5 is a county service fee, not a CT instalment."
v2_batch2,train,Jade Bentwood,United Kingdom Account - Cleaner Jade Bentwood - SortCodeAccountNumber: 60153067510027,190,debit,plaid,PERSONAL_CARE_OTHER_PERSONAL_CARE,cleaning_services,
v2_batch2,iter_eval,Poole Waite & Co LTD,Poole Waite & Co Ltd,26.22,debit,plaid,GENERAL_MERCHANDISE_FURNITURE_AND_HARDWARE,home_improvement,"Final human adjudication: home_improvement. Merchant evidence identifies building, plumbing, hardware, or home-improvement goods. Luna votes: home_improvement / home_improvement / unclassified_other."
v2_batch2,train,Starship Technologies LTD,Visa purchase Starship Technologies Ltd APPLEPAY 5564,4.07,debit,plaid,GENERAL_MERCHANDISE_ONLINE_MARKETPLACES,delivery_courier,
v2_batch2,train,Step,Returned direct debit STEPCHANGE 070436 11268527,-45,credit,plaid,TRANSFER_IN_SAVINGS,returned_payment,Final human adjudication: returned_payment. The narrative explicitly identifies a returned or reversed payment. Luna votes: returned_payment / returned_payment / debt_management_plan.
v2_batch2,train,Best One,"BEST ONE - 78-80 DYMCHURCH ROAD, HYTHE",3.99,debit,plaid,GENERAL_MERCHANDISE_COMPUTERS_AND_ELECTRONICS,convenience_store,
v2_batch2,iter_eval,D Ag Communications,0018 13OCT25  D   AG COMMUNICATIONS LONDON GB,10,debit,plaid,RENT_AND_UTILITIES_INTERNET_AND_CABLE,gambling_unspecified,
v2_batch2,iter_eval,Victorian Plumbing,Victorian Plumbing,1259.97,debit,plaid,GENERAL_SERVICES_HOME_IMPROVEMENT_SERVICES,bathroom,
v2_batch2,train,Bread And Wine,BREAD AND WINE    SAINT HELENS,2.58,debit,plaid,FOOD_RETAIL_LIQUOR_STORES,alcohol_wine,
v2_batch2,train,Morrison Ck Of Bills,MORRISON CK       Refund of bills   VIA MOBILE - PYMT,-123.5,credit,plaid,TRANSFER_IN_CHECKING,refund_received,
v2_batch2,iter_eval,Party Bar Folkestone,PARTY BAR FOLKESTO,6,debit,plaid,DINING_WINE_BARS_AND_PUBS,pub_bar,
v2_batch2,train,Pixelpay Solutions LTD,Visa purchase PIXELPAY SOLUTIONS LTD 2025-07-27,25,debit,plaid,GENERAL_SERVICES_CONSULTING_AND_LEGAL_SERVICES,payment_intermediary,
v2_batch2,train,Uk Fab New,UK Fab New        614642,249.48,debit,plaid,TRAVEL_AND_TRANSPORTATION_FLIGHTS,unclassified_other,Final human adjudication: unclassified_other. Uk Fab New debit; merchant/function is not identifiable from the available evidence. Narrative: UK Fab New 614642. Native category: TRAVEL_AND_TRANSPORTATION_FLIGHTS. Provider: plaid. Luna votes: unclassified_other / unclassified_other / unclassified_other.
v2_batch2,train,Kidspass,KidsPass  ON 21 OCT CPM KIDSPASS,1.99,debit,plaid,TRAVEL_AND_TRANSPORTATION_FLIGHTS,memberships,
v2_batch2,iter_eval,Old Farmhouse,OLD FARMHOUSE  ON 12 SEP CPM Old Farmhouse,30.48,debit,plaid,TRAVEL_AND_TRANSPORTATION_LODGING,accommodation,
v2_batch2,train,Cd Aylesbury,5448 19JUL25 CD   AYLESBURY FOOTBALLCLU               AYLESBURY HP1 GB,1.5,debit,plaid,ENTERTAINMENT_EVENTS_AND_TICKETS,sports_participation,Final human adjudication: sports_participation. The charge is for participation in a virtual/physical sport rather than passive media. Luna votes: sports_participation / sports_participation / sports_tickets.
v2_batch2,iter_eval,Third Eye,"THIRD EYE (VIA APPLE PAY), ON 05-08-2025",6.99,debit,plaid,MEDICAL_DENTAL_AND_VISION,clothing_general,Final human adjudication: clothing_general. The visible underlying merchant is a clothing/accessories retailer. Luna votes: clothing_general / unclassified_other / beauty_treatment. Sources: https://thirdeyeclothing.co/
v2_batch2,iter_eval,Manzoor,MANZOOR N  RETURNING LOAN FT,-200,credit,plaid,LOAN_DISBURSEMENTS_OTHER,transfer_p2p,
v2_batch2,iter_eval,Devinexl Afro Shop LTD,DevineXL Afro shop,9,debit,plaid,GENERAL_MERCHANDISE_APPAREL_AND_ACCESSORIES,skin_hair_care,
v2_batch2,train,Lauren Simpkins Sports Massage,LAUREN SIMPKINS   SPORTS MASSAGE    VIA MOBILE - PYMT FP 15/09/25 10    04113424452771000N,40,debit,plaid,PERSONAL_CARE_OTHER_PERSONAL_CARE,beauty_treatment,
v2_batch2,train,C Tap And Run,7055 07SEP25 C    TAP AND RUN       MELTON MOWBRA GB,90.5,debit,plaid,DINING_WINE_BARS_AND_PUBS,pub_bar,
v2_batch2,train,Artur Albiniak,ARTUR ALBINIAK  TAX FT,329,debit,plaid,INSURANCE_AND_TAX_TAX_PAYMENT,transfer_p2p,Final human adjudication: transfer_p2p. The counterparty is a named person and the narrative is a bank transfer. Luna votes: tax_payment / tax_payment / tax_payment.
v2_batch2,train,Proper Job,PROPER JOB BRIDGWA,10,debit,plaid,GENERAL_MERCHANDISE_FURNITURE_AND_HARDWARE,discount_store,
v2_batch2,train,Manager Training Limited,MANAGER TRAINING L,149.62,debit,plaid,PERSONAL_CARE_GYMS_AND_FITNESS_CENTERS,education_general,
v2_batch2,train,Zara,CREDIT FROM ZARA INTERNET UK ON 18-07-2025,-131.97,credit,plaid,TRANSFER_IN_CHECKS_AND_ATM,refund_received,
v2_batch2,train,Priory Rise School,PRIORY RISE SCHOOL  ON 22 SEP CPM,11.5,debit,plaid,CHILDCARE_AND_EDUCATION_CHILDCARE_AND_EDUCATION,school_fees,
v2_batch2,train,Optic,Sent HYPEROPTIC LTD,35,debit,plaid,RENT_AND_UTILITIES_GAS_AND_ELECTRICITY,broadband_tv_phone,
v2_batch2,iter_eval,Kingsbury Food & Wine,KINGSBURY FOOD & W,2,debit,plaid,FOOD_RETAIL_GROCERIES,convenience_store,
v2_batch2,iter_eval,Yolo Lounge Albufeira,YOLO LOUNGE ALBUFE PORTUGAL AMOUNT IN EUR 30.00 ON 29 JUN VISA 1.16907 FINAL GBP AMOUNT INCLUDES NON-STERLING TRANS FEE £0.77 YOLO LOUNGE ALBUFEIRA,26.43,debit,plaid,BANK_FEES_FOREIGN_TRANSACTION_FEES,pub_bar,
v2_batch2,train,Harland Group,Harlands Services The Zinc Group,26,debit,plaid,GENERAL_SERVICES_ACCOUNTING_AND_FINANCIAL_SERVICES,gym_fitness,
v2_batch2,iter_eval,Northridge,011201571557 Northridge,608.61,debit,plaid,TRANSFER_OUT_OTHER,car_finance_repayment,Final human adjudication: car_finance_repayment. Merchant evidence identifies a vehicle-finance lender and the debit is a repayment. Luna votes: loan_repayment_other / transfer_bank_unspecified / transfer_bank_unspecified. Sources: https://www.northridgefinance.com/faqs1/
v2_batch2,iter_eval,Kmmassage.co.uk,kmmassage.co.uk,25,debit,plaid,PERSONAL_CARE_OTHER_PERSONAL_CARE,beauty_treatment,
v2_batch2,train,Bradley Harris,United Kingdom Account - Dividends Bradley Harris - SortCodeAccountNumber: 09012722077943,4000,debit,plaid,GENERAL_SERVICES_RELIGIOUS_SERVICES,transfer_p2p,
v2_batch2,iter_eval,Blackpool And Fylde Colle,Blackpool and Fyld,7.5,debit,plaid,GENERAL_SERVICES_HOME_IMPROVEMENT_SERVICES,education_general,
v2_batch2,iter_eval,Longchamp,Zilch Longchamp,30.75,debit,plaid,LOAN_PAYMENTS_BNPL_AND_EWA,clothing_general,Final human adjudication: clothing_general. The visible underlying merchant is a clothing/accessories retailer. Luna votes: bnpl / bnpl / bnpl.
v2_batch2,iter_eval,Tesla West,Tesla             West Drayton,9.99,debit,plaid,TRAVEL_AND_TRANSPORTATION_AUTOMOTIVE,fuel,
v2_batch2,train,Essex & Suffolk Water,WWW.ESWATER.CO.UK Essex & Suffolk Water,17.71,debit,plaid,RENT_AND_UTILITIES_WATER,water,
v2_batch2,train,Natalie Ostrowka,NATALIE OSTROWKA  MAINTENANCE       VIA MOBILE - PYMT,70,debit,plaid,TRANSFER_OUT_OTHER,transfer_p2p,
v2_batch2,train,Dudley Mbc,DUDLEY MBC HOUSING 30203152702,25,debit,plaid,LOAN_PAYMENTS_MORTGAGE_AND_AUTO,rent,
v2_batch2,train,Accord Mortgages,ACCORD MORTGAGES 1960696180,280.07,debit,plaid,LOAN_PAYMENTS_MORTGAGE_AND_AUTO,mortgage,
v2_batch2,train,Siobhan Naughton,SIOBHAN NAUGHTON,200,debit,plaid,GENERAL_MERCHANDISE_FURNITURE_AND_HARDWARE,transfer_p2p,Final human adjudication: transfer_p2p. The counterparty is a named person and the narrative is a bank transfer. Luna votes: transfer_p2p / transfer_p2p / unclassified_other.
v2_batch2,train,Lexham Insurance,WWW.LEXHAMINSURANCE.CO Lexham Insurance,83.06,debit,plaid,INSURANCE_AND_TAX_INSURANCE,insurance_general,
v2_batch2,train,Adobe,Adobe Systems ,23.99,debit,plaid,GENERAL_SERVICES_OTHER_SERVICES,software,
v2_batch2,iter_eval,MY.,https://my.northtynesi,35,debit,plaid,ENTERTAINMENT_EVENTS_AND_TICKETS,government_services,"Final human adjudication: government_services. The payee is a government court/service body, not a private law firm. Luna votes: government_services / government_services / unclassified_other. Sources: https://my.northtyneside.gov.uk/taxonomy/term/355"
v2_batch2,iter_eval,Go-rrito Sask,Go-Rrito Sask,9,debit,plaid,GOVERNMENTS_AND_NON_PROFIT_GOVERNMENTS_AND_NON_PROFIT,takeaway,
v2_batch2,train,Bodycare,BODYCARE311,10.8,debit,plaid,MEDICAL_OTHER_MEDICAL,health_beauty_general,
v2_batch2,iter_eval,Jade Linney Save,Jade linney       Save,60,debit,plaid,TRANSFER_OUT_SAVINGS,savings_transfer,
v2_batch2,train,Wenzels The Ba,ZETTLE_*WENZELS TH,9.05,debit,plaid,LOAN_PAYMENTS_PERSONAL_LOAN_PAYMENT,restaurant_cafe,
v2_batch2,train,English Heritage,REVERSAL OF 30-09 ENGLISH HERITAGE T,-12,credit,plaid,INCOME_OTHER,returned_payment,"REVERSAL OF English Heritage is an unpaid DD coming back, not a visitor-attraction refund."
v2_batch2,train,Millcroft Veterina,MILLCROFT VETERINA,18,debit,plaid,PET_CARE_AND_SUPPLIES_VETERINARY_SERVICES,veterinary,
v2_batch2,train,Broxtowe,BROXTOWE BOROUGH  20006169TAX STO,155,debit,plaid,INSURANCE_AND_TAX_TAX_PAYMENT,council_tax,
v2_batch2,iter_eval,White Lion Cd,White Lion CD 2413,5.1,debit,plaid,DINING_WINE_BARS_AND_PUBS,pub_bar,
v2_batch2,iter_eval,Csc Pcn,CSC PCN,25,debit,plaid,PERSONAL_CARE_OTHER_PERSONAL_CARE,car_parking,
v2_batch2,train,E Fuels,WWW.E.ORG  ON 21 JUL BCC,5,debit,plaid,RENT_AND_UTILITIES_OTHER_UTILITIES,energy,Final human adjudication: energy. E Fuels debit; gas/electricity supplier payment. Narrative: WWW.E.ORG ON 21 JUL BCC. Native category: RENT_AND_UTILITIES_OTHER_UTILITIES. Provider: plaid. Merchant identity was checked against the linked source. Luna votes: energy / energy / fuel. Sources: https://e.org/
v2_batch2,iter_eval,Indigo Sun Partner,INDIGO SUN PARTNERINVERNESS,10,debit,plaid,TRAVEL_AND_TRANSPORTATION_FLIGHTS,beauty_treatment,
v2_batch2,iter_eval,Paul Jepson,Contactless Payment ZETTLE_*PAUL JEPSON APPLEPAY 6727,8.3,debit,plaid,DINING_OTHER_DINING,restaurant_cafe,"Final human adjudication: restaurant_cafe. Merchant evidence identifies a cafe, restaurant, or food venue. Luna votes: transfer_p2p / transfer_p2p / unclassified_other."
v2_batch2,train,Turtle Bay,Turtle Bay,11.2,debit,plaid,DINING_DINING,restaurant_cafe,
v2_batch2,train,Dargan,Dargan Childcare lVincent,200,debit,plaid,CHILDCARE_AND_EDUCATION_CHILDCARE_AND_EDUCATION,childcare,
v2_batch2,train,The British Diabet Iop,THE BRITISH DIABET IOP-001889 FIRST DDR PAYMENT DDR,3,debit,plaid,GENERAL_SERVICES_RELIGIOUS_SERVICES,charitable_donation,
v2_batch2,train,John The Handyman,JOHN THE HANDYMAN,5.99,debit,plaid,GENERAL_MERCHANDISE_FURNITURE_AND_HARDWARE,tradesmen,
v2_batch2,train,Cash Convert Ers Whitehal,CASH CONVERTERS (W,46.38,debit,plaid,BANK_FEES_ATM,pawnbroker,
v2_batch2,iter_eval,Csc Pcn,CSC PCN  ON 26 AUG BDC,25,debit,plaid,PERSONAL_CARE_OTHER_PERSONAL_CARE,car_parking,
v2_batch2,iter_eval,Eurl Cristal,NYA*EURL CRISTAL,1.3,debit,plaid,GENERAL_SERVICES_OTHER_SERVICES,unclassified_other,Final human adjudication: unclassified_other. Eurl Cristal debit; merchant/function is not identifiable from the available evidence. Narrative: NYA*EURL CRISTAL. Native category: GENERAL_SERVICES_OTHER_SERVICES. Provider: plaid. Luna votes: unclassified_other / unclassified_other / unclassified_other.
v2_batch2,train,J D Sports Plc,Jd Sports,12.4,debit,plaid,GENERAL_MERCHANDISE_SPORTING_GOODS,sportswear,
v2_batch2,train,Al Fateh Superstore,Al Fateh Superstor,3,debit,plaid,GENERAL_MERCHANDISE_SUPERSTORES,groceries_specialist,Final human adjudication: groceries_specialist. Merchant evidence identifies a specialist or world-food grocery store. Luna votes: groceries_specialist / groceries_specialist / groceries.
v2_batch2,train,Snap Finance,RTN 14/07/2025 SNAP FINANCE LIMIT,-50,credit,plaid,LOAN_DISBURSEMENTS_BNPL_AND_EWA,returned_payment,
v2_batch2,iter_eval,Premier Vet Allian,PREMIER VET ALLIAN UK010902830OZZY,24,debit,plaid,PET_CARE_AND_SUPPLIES_VETERINARY_SERVICES,veterinary,
v2_batch2,train,Euro Car Parks,0134 07JUL25      ZILCH EURO CAR    PARKS L           GB GB,1.5,debit,plaid,LOAN_PAYMENTS_BNPL_AND_EWA,car_parking,
v2_batch2,train,Carolann Curran,CAROLANN CURRAN,400,debit,plaid,GENERAL_MERCHANDISE_DEPARTMENT_STORES,transfer_p2p,Final human adjudication: transfer_p2p. The counterparty is a named person and the narrative is a bank transfer. Luna votes: transfer_p2p / transfer_p2p / unclassified_other.
v2_batch2,train,Ripple Dental,Ripple Dental,15.04,debit,plaid,MEDICAL_DENTAL_AND_VISION,dentist,
v2_batch2,iter_eval,Hartlepool United,HARTLEPOOL UNITED,3,debit,plaid,GENERAL_SERVICES_HOME_IMPROVEMENT_SERVICES,sports_tickets,
v2_batch2,train,Home Appliance Guard,HOME APPLIANCE GUA  SHP12411/32 DDR Home Appliance Guard,41.5,debit,plaid,GENERAL_MERCHANDISE_FURNITURE_AND_HARDWARE,insurance_home,
v2_batch2,train,Onestopvendingltd,Nyx*onestopvendingltd,1.7,debit,plaid,FOOD_RETAIL_OTHER,confectionary,Final human adjudication: confectionary. The small vending transaction is for snacks/confectionery. Luna votes: confectionary / convenience_store / confectionary.
v2_batch2,iter_eval,Angel Hill,"ANGEL HILL 1084 (VIA APPLE PAY), ON 17-09-2025",2,debit,plaid,ENTERTAINMENT_MUSIC_VIDEO_GAMES_TV_AND_MOVIES,restaurant_cafe,"Final human adjudication: restaurant_cafe. Merchant evidence identifies a cafe, restaurant, or food venue. Luna votes: restaurant_cafe / restaurant_cafe / unclassified_other."
v2_batch2,train,Vortex Competition,Vortex Competition from Hidey Pot Pot,1.98,debit,plaid,DINING_OTHER_DINING,prize_competitions,
v2_batch2,iter_eval,The Paper Shop,VER*THE PAPER SHOP,2.64,debit,plaid,GENERAL_MERCHANDISE_OTHER_GENERAL_MERCHANDISE,stationery,
v2_batch2,iter_eval,Complet,7469 25SEP25      WLY*COMPLET       ESAVE.CO.UK       08003896960 CH,18,debit,plaid,TRANSFER_OUT_SAVINGS,memberships,"WLY*COMPLET ESAVE.CO.UK £18 is Complete Savings (Webloyalty cashback membership), not a savings pot. Batch 1 used memberships for this merchant."
v2_batch2,train,MARTA,Marta  ON 08 JUL CLP MARTA,99,debit,plaid,OTHER_OTHER,unclassified_other,Final human adjudication: unclassified_other. MARTA debit; merchant/function is not identifiable from the available evidence. Narrative: Marta ON 08 JUL CLP MARTA. Native category: OTHER_OTHER. Provider: plaid. Luna votes: unclassified_other / unclassified_other / unclassified_other.
v2_batch2,train,Morgan S Cafe,MORGAN S CAFE  ON 10 SEP CLP,10.5,debit,plaid,DINING_COFFEE,restaurant_cafe,
v2_batch2,iter_eval,Cd Boots,2595 19JUL25 CD   BOOTS 1815        CHELMSFORD GB,1.75,debit,plaid,MEDICAL_PHARMACIES_AND_SUPPLEMENTS,pharmacy,
v2_batch2,train,United Airlines,United Kingdom Account - From Dad Isabella Pearce - SortCodeAccountNumber: 11011411772163,50,debit,plaid,TRAVEL_AND_TRANSPORTATION_FLIGHTS,transfer_p2p,
v2_batch2,iter_eval,Weezevent,6779 27AUG25  D   WEEZEVENT UK LTD  BRIGHTON GB       REFUND,-0.6,credit,plaid,TRANSFER_IN_OTHER,refund_received,
v2_batch2,train,Worby M,WORBY M     *OBS  HAIR,15,debit,plaid,PERSONAL_CARE_HAIR_AND_BEAUTY,beauty_treatment,
v2_batch2,train,Harry's,HARRYS 08081648618  ON 07 AUG CPM Harry's,15.5,debit,plaid,PERSONAL_CARE_HAIR_AND_BEAUTY,beauty_treatment,
v2_batch2,iter_eval,Flip Out,"Flip Out Uk - Chester - Chester Gates Business Park, Chester",2,debit,plaid,ENTERTAINMENT_OTHER_ENTERTAINMENT,days_out,
v2_batch2,train,Mangopay,Bank credit Mangopay S.A.,-9,credit,plaid,TRANSFER_IN_TRANSFER_IN_FROM_APPS,payment_intermediary,Final human adjudication: payment_intermediary. Mangopay credit; payment intermediary is the closest taxonomy fit. Narrative: Bank credit Mangopay S.A.. Native category: TRANSFER_IN_TRANSFER_IN_FROM_APPS. Provider: plaid. Luna votes: payment_intermediary / payment_intermediary / payment_intermediary.
v2_batch2,train,Pending,UBER* TRIP  ON 08 AUG BCC UBER* PENDING,22.23,debit,plaid,TRAVEL_AND_TRANSPORTATION_TAXIS_AND_RIDE_SHARES,taxi_rideshare,
v2_batch2,train,Tesco Mobile,Direct debit TESCO MOBILE 070806 09663204,48.49,debit,plaid,RENT_AND_UTILITIES_TELECOMMUNICATIONS,mobile_phone_contract,
v2_batch2,train,Cd Lavazza Professional,5930 18AUG25 CD   LAVAZZA           PROFESSIONAL U    SWINDON GB,1.1,debit,plaid,DINING_COFFEE,confectionary,
v2_batch2,train,Sumup,7157 17JUL25 CD   SUMUP  *THE ROYAL ORTH              BIRMINGHAM GB,1.2,debit,plaid,MEDICAL_DENTAL_AND_VISION,hospital,Final human adjudication: hospital. The underlying merchant is the Royal Orthopaedic Hospital. Luna votes: dentist / hospital / dentist. Sources: https://roh.nhs.uk/
v2_batch2,train,Think,THINK CREAT       INV 22204/22258,100,debit,plaid,GENERAL_SERVICES_OTHER_SERVICES,business_services,Final human adjudication: business_services. Think debit; professional/business service or registration. Narrative: THINK CREAT INV 22204/22258. Native category: GENERAL_SERVICES_OTHER_SERVICES. Provider: plaid. Luna votes: business_services / business_services / unclassified_other.
v2_batch2,iter_eval,M. Afzaal,SumUp  *M. Afzaal,6.5,debit,plaid,TRANSFER_OUT_TRANSFER_OUT_FROM_APPS,transfer_p2p,
v2_batch2,iter_eval,In Hand,CARD PAYMENT TO BOWL IN HAND MANSFIELD ON 06-07-2025,7.45,debit,plaid,ENTERTAINMENT_EVENTS_AND_TICKETS,pub_bar,"BOWL IN HAND MANSFIELD is a Phoenix/Marston’s pub, not bowling."
v2_batch2,iter_eval,Cd Thomsonfly,0899 10SEP25 CD   THOMSONFLY HANGER 61                LUTON GB,4.35,debit,plaid,MEDICAL_OTHER_MEDICAL,restaurant_cafe,"THOMSONFLY HANGER 61 LUTON £4.35 is workplace/canteen card spend, not airfare."
v2_batch2,iter_eval,Sprucefield,679 - Sprucefield,29.75,debit,plaid,ENTERTAINMENT_EVENTS_AND_TICKETS,discount_store,679 - Sprucefield is B&M store 679 at Sprucefield. B&M is discount_store.
v2_batch2,train,Burberry,S Cumming BABY BURBERRY,-1,credit,plaid,GENERAL_MERCHANDISE_APPAREL_AND_ACCESSORIES,refund_received,
v2_batch2,train,Budgetenergy,WWW.BUDGETENERGY.C,20,debit,plaid,RENT_AND_UTILITIES_GAS_AND_ELECTRICITY,energy,
v2_batch2,train,James Lavender,Returned 👍🏻 James Lavender,100,debit,plaid,BANK_PENALTIES_INSUFFICIENT_AND_LATE_FEES,transfer_p2p,"Debit to James Lavender; “Returned” is the customer’s FPS reference, not a bank UNP credit."
v2_batch2,iter_eval,Home Super Store,HOME SUPER STORE,1,debit,plaid,GENERAL_MERCHANDISE_DISCOUNT_STORES,discount_store,
v2_batch2,iter_eval,C B&m,3551 15AUG25 C    B&M 809 MARSH     MILLS             PLYMOUTH GB,7.2,debit,plaid,GENERAL_MERCHANDISE_DISCOUNT_STORES,discount_store,
v2_batch2,train,Morrisons,Visa purchase ZILCH W M MORRISONS,9.7,debit,plaid,LOAN_PAYMENTS_BNPL_AND_EWA,groceries,
v2_batch2,train,Msc Cruises,7958 08SEP25      MSC CRUISES       SOUTHAMPTON GB,118.81,debit,plaid,TRAVEL_AND_TRANSPORTATION_OTHER_TRAVEL_AND_TRANSPORTATION,holiday_package,
v2_batch2,iter_eval,John Radcliff Hospital,JOHN RADCLIFF HOSP  ON 23 SEP CPM JOHN RADCLIFF HOSPITAL,6,debit,plaid,MEDICAL_OTHER_MEDICAL,hospital,
v2_batch2,train,Mangopay,Mangopay S.a. MGP Vinted,-12.5,credit,plaid,INCOME_SALARY,income_other_unspecified,"Final human adjudication: income_other_unspecified. This is incoming money, but the precise income/refund purpose is not evidenced. Luna votes: marketplace_general / payment_intermediary / payment_intermediary."
v2_batch2,train,Marsh Wren Dunefi,MARSH WREN DUNEFI  PAULKICKSHORSE STO,84,debit,plaid,GENERAL_MERCHANDISE_APPAREL_AND_ACCESSORIES,unclassified_other,Final human adjudication: unclassified_other. Marsh Wren Dunefi debit; merchant/function is not identifiable from the available evidence. Narrative: MARSH WREN DUNEFI PAULKICKSHORSE STO. Native category: GENERAL_MERCHANDISE_APPAREL_AND_ACCESSORIES. Provider: plaid. Luna votes: unclassified_other / unclassified_other / unclassified_other.
v2_batch2,iter_eval,Hh Golf LTD,HH Golf Ltd  ON 18 SEP CPM HH GOLF LTD,5.19,debit,plaid,GENERAL_MERCHANDISE_SPORTING_GOODS,sports_equipment,
v2_batch2,iter_eval,Mr J D Murrell,MR J D MURRELL 200000001627168408,3,debit,plaid,LOAN_PAYMENTS_PERSONAL_LOAN_PAYMENT,transfer_p2p,Final human adjudication: transfer_p2p. The counterparty is a named person and the narrative is a bank transfer. Luna votes: transfer_p2p / transfer_p2p / unclassified_other.
v2_batch2,train,Gabryszak Wm,GABRYSZAK WM 300000001638631134,10,debit,plaid,GENERAL_MERCHANDISE_SUPERSTORES,transfer_p2p,Final human adjudication: transfer_p2p. The counterparty is a named person and the narrative is a bank transfer. Luna votes: transfer_p2p / transfer_p2p / unclassified_other.
v2_batch2,train,Hot Food Etc Etc,SUMUP  *HOT FOOD E,4,debit,plaid,DINING_DINING,takeaway,
v2_batch2,iter_eval,Cvrplan,CVRPLAN 9121954714,2.7,debit,plaid,INSURANCE_AND_TAX_INSURANCE,insurance_general,
v2_batch2,train,Iris Pimlico London,IRIS PIMLICO      London,19.4,debit,plaid,FOOD_RETAIL_LIQUOR_STORES,restaurant_cafe,"Final human adjudication: restaurant_cafe. Merchant evidence identifies a cafe, restaurant, or food venue. Luna votes: restaurant_cafe / convenience_store / restaurant_cafe. Sources: https://www.warwicksquarepimlico.co.uk/restaurant-reviews/ https://www.tripadvisor.co.uk/Restaurant_Review-g186338-d24058876-Reviews-Iris-London_England.html"
v2_batch2,iter_eval,Brokersure LTD,Brokersure Ltd,12.46,debit,plaid,TRANSFER_OUT_INVESTMENT_AND_RETIREMENT_FUNDS,insurance_general,
v2_batch2,iter_eval,Matchbook,Matchbook,20,debit,plaid,ENTERTAINMENT_CASINOS_AND_GAMBLING,gambling_betting,
v2_batch2,iter_eval,Axe Convenienc,Axe Convenienc,2.65,debit,plaid,GENERAL_MERCHANDISE_CONVENIENCE_STORES,convenience_store,
v2_batch2,train,Nya Certas Energy,NYA Certas Energy,2,debit,plaid,RENT_AND_UTILITIES_GAS_AND_ELECTRICITY,energy,
v2_batch2,train,Spar Grand Street,Spar Grand Street    )))),6.9,debit,plaid,BANK_FEES_OTHER_BANK_FEES,groceries,
v2_batch2,train,Plum Fintech,Plum Fintech XqS4w5NYRzKh9aU97r,10,debit,plaid,GENERAL_SERVICES_ACCOUNTING_AND_FINANCIAL_SERVICES,savings_transfer,
v2_batch2,iter_eval,New Street Hco,NEW STREET HCO,11.99,debit,plaid,GENERAL_MERCHANDISE_APPAREL_AND_ACCESSORIES,unclassified_other,Final human adjudication: unclassified_other. New Street Hco debit; merchant/function is not identifiable from the available evidence.. Native category: GENERAL_MERCHANDISE_APPAREL_AND_ACCESSORIES. Provider: plaid. Luna votes: unclassified_other / unclassified_other / unclassified_other.
v2_batch2,train,Queen Street Store,Contactless Payment QUEEN STREET STORE APPLEPAY 4851,6.99,debit,plaid,GENERAL_MERCHANDISE_CONVENIENCE_STORES,convenience_store,
v2_batch2,train,Jack Puzey,United Kingdom Account - Work Jack Puzey - SortCodeAccountNumber: 60060635223820,150,debit,plaid,GENERAL_SERVICES_RELIGIOUS_SERVICES,transfer_p2p,
v2_batch2,iter_eval,Premier Store,PREMIER STORE,2.6,debit,plaid,GENERAL_MERCHANDISE_COMPUTERS_AND_ELECTRONICS,groceries,Final human adjudication: groceries. The underlying merchant is a supermarket or symbol-group grocery retailer. Luna votes: groceries / convenience_store / convenience_store.
v2_batch2,train,The Village Store,THE VILLAGE STORE,2.52,debit,plaid,GENERAL_MERCHANDISE_CONVENIENCE_STORES,convenience_store,
v2_batch2,train,LEGO,Payment from Morgan Suter - LEGO,-23,credit,plaid,GENERAL_MERCHANDISE_OTHER_GENERAL_MERCHANDISE,transfer_p2p,
v2_batch2,iter_eval,Ad Free For Primevideo,3551 30JUN25      AD FREE FOR       PRIMEVIDEO        353-12477661 GB,2.99,debit,plaid,ENTERTAINMENT_MUSIC_VIDEO_GAMES_TV_AND_MOVIES,streaming,
v2_batch2,iter_eval,Tj Hughes,6490 16AUG25 C    TJ HUGHES         LIVERPOOL GB,8.75,debit,plaid,GENERAL_MERCHANDISE_DEPARTMENT_STORES,department_store,
v2_batch2,train,Glasgo Cabs,Glasgo Cabs,9.3,debit,plaid,TRAVEL_AND_TRANSPORTATION_PUBLIC_TRANSIT,taxi_rideshare,
v2_batch2,train,Mansfield St Car Park,MANSFIELD ST CAR P,2.8,debit,plaid,TRAVEL_AND_TRANSPORTATION_AUTOMOTIVE,car_parking,
v2_batch2,train,E Fuels,WWW.E.ORG         B'HAM B37,20,debit,plaid,RENT_AND_UTILITIES_OTHER_UTILITIES,energy,Final human adjudication: energy. E Fuels debit; gas/electricity supplier payment. Narrative: WWW.E.ORG B'HAM B37. Native category: RENT_AND_UTILITIES_OTHER_UTILITIES. Provider: plaid. Merchant identity was checked against the linked source. Luna votes: energy / energy / fuel. Sources: https://e.org/
v2_batch2,train,Liverpool Victoria Insurance,LVIC,38.63,debit,plaid,INSURANCE_AND_TAX_INSURANCE,insurance_general,
v2_batch2,iter_eval,Vodafone Topup,VESTA  *VODAFONE T,5,debit,plaid,RENT_AND_UTILITIES_TELECOMMUNICATIONS,mobile_phone_contract,
v2_batch2,train,Mangopay,FASTER PAYMENTS RECEIPT REF.MGP VINTED FROM MANGOPAY S.A.,-11,credit,plaid,TRANSFER_IN_TRANSFER_IN_FROM_APPS,income_other_unspecified,"Final human adjudication: income_other_unspecified. This is incoming money, but the precise income/refund purpose is not evidenced. Luna votes: marketplace_general / payment_intermediary / payment_intermediary."
v2_batch2,iter_eval,Motonovo Finance,MotoNovo Finance L  23021023 X23SWC BGC,-486.09,credit,plaid,LOAN_DISBURSEMENTS_OTHER,loan_disbursement,
v2_batch2,train,Jacqui Creighyon,JACQUI CREIGHYON 500000001581291989,20,debit,plaid,GENERAL_MERCHANDISE_APPAREL_AND_ACCESSORIES,transfer_p2p,Final human adjudication: transfer_p2p. The counterparty is a named person and the narrative is a bank transfer. Luna votes: transfer_p2p / transfer_p2p / unclassified_other.
v2_batch2,train,Standing Order Bassetlaw,Standing order BASSETLAW DISTRICT 205570 93367584,10,debit,plaid,GENERAL_SERVICES_CONSULTING_AND_LEGAL_SERVICES,council_tax,
v2_batch2,train,Hame,WREXHAMECOM CD 9418,550,debit,plaid,TRANSFER_OUT_INVESTMENT_AND_RETIREMENT_FUNDS,unclassified_other,Final human adjudication: unclassified_other. Hame debit; merchant/function is not identifiable from the available evidence. Narrative: WREXHAMECOM CD 9418. Native category: TRANSFER_OUT_INVESTMENT_AND_RETIREMENT_FUNDS. Provider: plaid. Luna votes: unclassified_other / unclassified_other / unclassified_other.
v2_batch2,train,Adobe,CREDIT FROM ADOBE *ADOBE ON 01-09-2025,-13.55,credit,plaid,TRANSFER_IN_CHECKS_AND_ATM,refund_received,
v2_batch2,train,Bristol City Council,Bristol City Council-c Tax Bristol City Council,198.78,debit,plaid,GOVERNMENTS_AND_NON_PROFIT_GOVERNMENTS_AND_NON_PROFIT,council_tax,
v2_batch2,train,I E Springer M Clea Mama,I E SPRINGER-MCLEA  MAMA FT,5,debit,plaid,PERSONAL_CARE_OTHER_PERSONAL_CARE,transfer_p2p,Final human adjudication: transfer_p2p. The counterparty is a named person and the narrative is a bank transfer. Luna votes: transfer_p2p / transfer_p2p / unclassified_other.
v2_batch2,iter_eval,Aspitgenova Ovest,ASPIT VILLANOVA B. ITALY AMOUNT IN EUR 13.80 ON 20 AUG VISA 1.15571 FINAL GBP AMOUNT INCLUDES NON-STERLING TRANS FEE £0.36 ASPITGENOVA OVEST,12.3,debit,plaid,BANK_FEES_ATM,foreign_spend_unspecified,
v2_batch2,iter_eval,Justpark,ZILCH JUSTPARK,1.1,debit,plaid,LOAN_PAYMENTS_BNPL_AND_EWA,car_parking,
v2_batch2,train,Sephora,Sephora UK,21.35,debit,plaid,PERSONAL_CARE_HAIR_AND_BEAUTY,health_beauty_general,
v2_batch2,iter_eval,Bloomandwild,Visa purchase WWW.BLOOMANDWILD.COM GOOGLE 5929,19,debit,plaid,GENERAL_SERVICES_OTHER_SERVICES,gifts_flowers,
v2_batch2,train,Onebeyond,OneBeyond,9.65,debit,plaid,ENTERTAINMENT_EVENTS_AND_TICKETS,discount_store,Final human adjudication: discount_store. Onebeyond debit; general-merchandise discount retailer.. Native category: ENTERTAINMENT_EVENTS_AND_TICKETS. Provider: plaid. Luna votes: discount_store / discount_store / unclassified_other.
v2_batch2,train,TPE,TPE MOBILE EPOS 807152 CD 5384,3.9,debit,plaid,RENT_AND_UTILITIES_INTERNET_AND_CABLE,public_transport_rail_coach,Final human adjudication: public_transport_rail_coach. The descriptor identifies a public transport operator or rail ePOS transaction. Luna votes: unclassified_card_spend / unclassified_card_spend / unclassified_card_spend.
v2_batch2,train,Klic Lpm,KLIC LPM LTD 200000001600691522,334.6,debit,plaid,GENERAL_MERCHANDISE_CONVENIENCE_STORES,property_management,"KLIC LPM Ltd is a Rochdale lettings/property-management firm (SIC 68320), not a convenience shop. £334.60 FPS. If this customer is the tenant, rent is the alternative."
v2_batch2,train,Millcroft Veterina,REVERSAL OF 01-09 MILLCROFT VETERINA,-18,credit,plaid,PET_CARE_AND_SUPPLIES_VETERINARY_SERVICES,returned_payment,"REVERSAL OF Millcroft Veterinary is an unpaid DD credit, not a vet refund."
v2_batch2,train,Taximal,MALACHI SO* TAXIMA,12.1,debit,plaid,INSURANCE_AND_TAX_TAX_PAYMENT,taxi_rideshare,
v2_batch2,train,The Vending People LTD,THE VENDING PEOPLE  ON 26 JUN CPM THE VENDING PEOPLE LTD,2.2,debit,plaid,FOOD_RETAIL_OTHER,confectionary,Final human adjudication: confectionary. The small vending transaction is for snacks/confectionery. Luna votes: confectionary / convenience_store / confectionary.
v2_batch2,train,National Trust,National Trust  pot transfer,-15.32,credit,plaid,TRANSFER_IN_SAVINGS,savings_transfer,
v2_batch2,train,Amazonslots,8037 07SEP25      AMAZONSLOTS.COM   GUERNSEY GB,20,debit,plaid,GENERAL_MERCHANDISE_ONLINE_MARKETPLACES,gambling_casino,
v2_batch2,train,Allo Taxi,Allo Taxi  ON 30 JUN CPM ALLO TAXI,4.08,debit,plaid,TRAVEL_AND_TRANSPORTATION_TAXIS_AND_RIDE_SHARES,taxi_rideshare,
v2_batch2,train,Cd London,1109 12JUL25 CD   LONDON BOROUGH OF HILL              UXBRIDGE GB,2.3,debit,plaid,GOVERNMENTS_AND_NON_PROFIT_GOVERNMENTS_AND_NON_PROFIT,council_tax,
v2_batch2,train,Cricketers,CRICKETERS,2.05,debit,plaid,RENT_AND_UTILITIES_INTERNET_AND_CABLE,pub_bar,
v2_batch2,iter_eval,Masters,0303 24JUL25      WWW.MASTERS       HOE-SPORTSH       TROWBRIDGE GB,124.47,debit,plaid,GENERAL_MERCHANDISE_SPORTING_GOODS,sports_equipment,
v2_batch2,train,Blackpool Pleasure Be,BLACKPOOL PLEASURE,3.95,debit,plaid,GENERAL_SERVICES_HOME_IMPROVEMENT_SERVICES,days_out,
v2_batch2,iter_eval,Wescot Credit Services,"DIRECT DEBIT PAYMENT TO WESCOT CREDIT SVS REF DM/820651370, MANDATE NO 0200",25,debit,plaid,LOAN_PAYMENTS_OTHER,debt_collection,
v2_batch2,iter_eval,Ajet,AJET - ajet.com CD 5833    27JUL25,922.8,debit,plaid,TRAVEL_AND_TRANSPORTATION_FLIGHTS,flights,
v2_batch2,iter_eval,Dwr Cymru Welsh Water,DWR CYMRU WELSH WA  847415480060 DDR DWR CYMRU WELSH WATER,44.5,debit,plaid,RENT_AND_UTILITIES_WATER,water,
v2_batch2,train,Kirklees Council,KIRKLEES COUNCIL -,3.3,debit,plaid,GOVERNMENTS_AND_NON_PROFIT_GOVERNMENTS_AND_NON_PROFIT,council_tax,
v2_batch2,train,Grosvenor Casino,Grosvenor Casino Sheff,-150,credit,plaid,INCOME_SALARY,gambling_casino,
v2_batch2,iter_eval,Early To Late,Early To Late,2.29,debit,plaid,LOAN_PAYMENTS_PERSONAL_LOAN_PAYMENT,convenience_store,Final human adjudication: convenience_store. Early To Late debit; corner-shop/newsagent/convenience purchase.. Native category: LOAN_PAYMENTS_PERSONAL_LOAN_PAYMENT. Provider: plaid. Luna votes: convenience_store / convenience_store / unclassified_other. Sources: https://www.premier-stores.co.uk/index.php/our-stores/early-late
v2_batch2,train,Oak Street Health,"DIRECT DEBIT PAYMENT TO PET HEALTH CLUB REF MND0065MNYRKVM, MANDATE NO 0017",27.99,debit,plaid,MEDICAL_PRIMARY_CARE,insurance_pet,
v2_batch2,iter_eval,Sally Offen,Nationwide Building Society account - Paid with Starling Sally Offen - SortCodeAccountNumber: 07003063183303,40,debit,plaid,INSURANCE_AND_TAX_INSURANCE,transfer_p2p,Final human adjudication: transfer_p2p. The counterparty is a named person and the narrative is a bank transfer. Luna votes: transfer_p2p / transfer_p2p / transfer_p2p.
v2_batch2,train,Tesco Mobile,Tesco Mobile £106 pot transfer,-46,credit,plaid,TRANSFER_IN_SAVINGS,savings_transfer,
v2_batch2,iter_eval,Fearns,Sq *fearns,6.75,debit,plaid,GENERAL_MERCHANDISE_FURNITURE_AND_HARDWARE,unclassified_other,Final human adjudication: unclassified_other. Fearns debit; merchant/function is not identifiable from the available evidence. Narrative: Sq *fearns. Native category: GENERAL_MERCHANDISE_FURNITURE_AND_HARDWARE. Provider: plaid. Luna votes: unclassified_other / unclassified_other / unclassified_other.
v2_batch2,iter_eval,Rooster Money Pocket Money Sto,ROOSTER MONEY  POCKET MONEY STO,10,debit,plaid,LOAN_PAYMENTS_PERSONAL_LOAN_PAYMENT,prepaid_card,
v2_batch2,train,Lee Dent,LEE DENT 100000001631319036,40,debit,plaid,MEDICAL_DENTAL_AND_VISION,transfer_p2p,Final human adjudication: transfer_p2p. The counterparty is a named person and the narrative is a bank transfer. Luna votes: dentist / dentist / transfer_p2p.
v2_batch2,train,Christ Embassy,CHRIST EMBASSY 200000001628756729,10,debit,plaid,GOVERNMENTS_AND_NON_PROFIT_DONATIONS,charitable_donation,
v2_batch2,iter_eval,Petplan,Petplan pot transfer,-108,credit,plaid,TRANSFER_IN_SAVINGS,savings_transfer,
v2_batch2,train,Ck Cities Cd,CK CITIES CD 9552,5,debit,plaid,TRANSFER_OUT_CHECKING,unclassified_card_spend,Final human adjudication: unclassified_card_spend. The record is a card purchase but the merchant purpose is not identifiable. Luna votes: unclassified_card_spend / unclassified_card_spend / unclassified_other.
v2_batch2,iter_eval,Ar Foods And Wine,Ar Foods And Wine,1.69,debit,plaid,FOOD_RETAIL_LIQUOR_STORES,alcohol_wine,
v2_batch2,train,Mangopay,FASTER PAYMENTS RECEIPT REF.MGP VINTED FROM MANGOPAY S.A.,-9,credit,plaid,TRANSFER_IN_TRANSFER_IN_FROM_APPS,income_other_unspecified,"Final human adjudication: income_other_unspecified. This is incoming money, but the precise income/refund purpose is not evidenced. Luna votes: marketplace_general / payment_intermediary / payment_intermediary."
v2_batch2,train,Puttshack,Visa purchase Puttshack Bank 2025-07-06,50.5,debit,plaid,ENTERTAINMENT_OTHER_ENTERTAINMENT,days_out,
v2_batch2,train,Proper Job,Proper Job Newbridge,29.48,debit,plaid,GENERAL_MERCHANDISE_FURNITURE_AND_HARDWARE,discount_store,
v2_batch2,iter_eval,Hutchison 3G UK,To Hutchison 3g UK Limited,16.62,debit,plaid,RENT_AND_UTILITIES_TELECOMMUNICATIONS,mobile_phone_contract,
v2_batch2,iter_eval,Portland Wines,Portland Wines,2.15,debit,plaid,FOOD_RETAIL_LIQUOR_STORES,alcohol_wine,
v2_batch2,iter_eval,Pass Jkpy,LIME*PASS JKPY  ON 30 AUG BCC,3.99,debit,plaid,TRAVEL_AND_TRANSPORTATION_OTHER_TRAVEL_AND_TRANSPORTATION,public_transport_rail_coach,
v2_batch2,train,Cox,L COX      10AUG25 777220 23999568,1.08,debit,plaid,RENT_AND_UTILITIES_INTERNET_AND_CABLE,transfer_p2p,Final human adjudication: transfer_p2p. The counterparty is a named person and the narrative is a bank transfer. Luna votes: transfer_p2p / transfer_p2p / unclassified_other.
v2_batch2,iter_eval,StepChange Debt Charity,4023947 Stepchange Debt Charity,70,debit,plaid,LOAN_PAYMENTS_OTHER,debt_management_plan,
v2_batch2,train,Edinburgh Council,Direct debit EDINBURGH COUNCIL 830608 00740589,22,debit,plaid,LOAN_PAYMENTS_STUDENT_LOAN_PAYMENT,council_tax,
v2_batch2,iter_eval,Saver,REVERSAL OF 24-10 SAVER             1400005176216,-25,credit,plaid,TRANSFER_IN_SAVINGS,returned_payment,Final human adjudication: returned_payment. The narrative explicitly identifies a returned or reversed payment. Luna votes: returned_payment / savings_transfer / savings_transfer.
v2_batch2,train,Ck Cities Cd,CK CITIES CD 9552,10,debit,plaid,TRANSFER_OUT_CHECKING,unclassified_card_spend,Final human adjudication: unclassified_card_spend. The record is a card purchase but the merchant purpose is not identifiable. Luna votes: unclassified_transfer / unclassified_transfer / unclassified_other.
v2_batch2,train,Premier Gurnos,Contactless Payment Premier Gurnos APPLEPAY 7834 2025-08-17,1.5,debit,plaid,DINING_DINING,groceries,Final human adjudication: groceries. The underlying merchant is a supermarket or symbol-group grocery retailer. Luna votes: groceries / convenience_store / convenience_store.
v2_batch2,train,Game Stalls,6611 19JUL25 CD   SQ *GAME STALLS   BEACON GB,6,debit,plaid,ENTERTAINMENT_EVENTS_AND_TICKETS,entertainment_other,
v2_batch2,train,S N Bethell Owner,S n bethell       Owner,10,debit,plaid,MEDICAL_DENTAL_AND_VISION,transfer_p2p,Final human adjudication: transfer_p2p. The counterparty is a named person and the narrative is a bank transfer. Luna votes: transfer_p2p / transfer_p2p / unclassified_other.
v2_batch2,train,Aci Uk,TRRK6KN Aci Uk,10,debit,plaid,LOAN_PAYMENTS_OTHER,debt_collection,Final human adjudication: debt_collection. Aci Uk debit; debt collection is the closest taxonomy fit. Narrative: TRRK6KN Aci Uk. Native category: LOAN_PAYMENTS_OTHER. Provider: plaid. Luna votes: debt_collection / debt_collection / unclassified_other. Sources: https://www.aciuk.co.uk/
v2_batch2,train,Sturry Road Post Office,Sturry Road Post O,8.99,debit,plaid,GENERAL_SERVICES_OTHER_SERVICES,government_services,
v2_batch2,iter_eval,Ref Rc,HELLINGLY PRESCHOOL Ref Rc2911,59.85,debit,plaid,CHILDCARE_AND_EDUCATION_CHILDCARE_AND_EDUCATION,childcare,
v2_batch2,train,Cash Convert Ers,CASH CONVERTERS  ON 29 JUN CLP,9.99,debit,plaid,BANK_FEES_ATM,pawnbroker,
v2_batch2,train,Ck Cendrawasih Bal,CK CENDRAWASIH BAL INDONESIA AMOUNT IN IDR 935000.00 ON 01 AUG VISA 21647.833052 FINAL GBP AMOUNT INCLUDES NON-STERLING TRANS FEE £1.29 CK CENDRAWASIH BAL0604,44.48,debit,plaid,TRANSFER_OUT_CHECKING,foreign_spend_unspecified,
v2_batch2,train,Uber Uk Rides,Ubr* Pending.uber.com,11.83,debit,plaid,TRAVEL_AND_TRANSPORTATION_TAXIS_AND_RIDE_SHARES,taxi_rideshare,
v2_batch2,train,Snack-drink Hotel Col,SNACK-DRINK HOTEL,2.17,debit,plaid,FOOD_RETAIL_OTHER,convenience_store,
v2_batch2,train,Webull Financial,Webull Sec Uk WebullPayoutRef,-2,credit,plaid,TRANSFER_IN_INVESTMENT_AND_RETIREMENT_FUNDS,investment_trading,
v2_batch2,iter_eval,Newquay Bay Resort,NEWQUAY  ON 04 JUL CLP NEWQUAY BAY RESORT,5.45,debit,plaid,TRAVEL_AND_TRANSPORTATION_LODGING,holiday_uk,
v2_batch2,iter_eval,Agp La Manon,AGP LA MANON 5211 SPAIN AMOUNT IN EUR 5.15 ON 25 JUL VISA 1.14817 FINAL GBP AMOUNT INCLUDES NON-STERLING TRANS FEE £0.13 ,4.62,debit,plaid,BANK_FEES_OTHER_BANK_FEES,foreign_spend_unspecified,Final human adjudication: foreign_spend_unspecified. Agp La Manon debit; foreign spend unspecified is the best matching transaction function. Narrative: AGP LA MANON 5211 SPAIN AMOUNT IN EUR 5.15 ON 25 JUL VISA 1.14817 FINAL GBP AMOUNT INCLUDES NON-STERLING TRANS FEE £0.13. Luna votes: restaurant_cafe / foreign_spend_unspecified / foreign_spend_unspecified.
v2_batch2,train,Uno Bus,Uno bus,2.5,debit,plaid,TRAVEL_AND_TRANSPORTATION_OTHER_TRAVEL_AND_TRANSPORTATION,public_transport_rail_coach,
v2_batch2,train,Spend,TO Spend & Save Plus Account 779111-00114198,50,debit,plaid,TRANSFER_OUT_SAVINGS,savings_transfer,
v2_batch2,train,Child Maintenance,Child Maintenance,105,debit,plaid,BANK_FEES_OTHER_BANK_FEES,family_services,Final human adjudication: family_services. Child Maintenance debit; family services is the closest taxonomy fit.. Native category: BANK_FEES_OTHER_BANK_FEES. Provider: plaid. Luna votes: family_services / family_services / family_services.
v2_batch2,train,The Fleece,The Fleece Country,11.8,debit,plaid,ENTERTAINMENT_OTHER_ENTERTAINMENT,pub_bar,
v2_batch2,iter_eval,Baby Fair,SP BABY FAIR,90.73,debit,plaid,GENERAL_MERCHANDISE_OTHER_GENERAL_MERCHANDISE,baby_products,
v2_batch2,iter_eval,Elite Competition,elitecompetitions,2.9,debit,plaid,ENTERTAINMENT_EVENTS_AND_TICKETS,prize_competitions,
v2_batch2,iter_eval,Imperial Mojacar Be,Imperial Mojacar B SPAIN AMOUNT IN EUR 52.50 ON 13 SEP VISA 1.15393 FINAL GBP AMOUNT INCLUDES NON-STERLING TRANS FEE £1.36 IMPERIAL MOJACAR BEACH,46.86,debit,plaid,TRAVEL_AND_TRANSPORTATION_OTHER_TRAVEL_AND_TRANSPORTATION,accommodation,
v2_batch2,iter_eval,Boston Cafe,BOSTON CAFE  ON 25 JUL CPM Boston Cafe,5.7,debit,plaid,DINING_COFFEE,restaurant_cafe,
v2_batch2,iter_eval,Patrol Base,ZILCH Patrol Base  ON 26 SEP BCC ZILCH PATROL BASE,-87.53,credit,plaid,LOAN_DISBURSEMENTS_OTHER,refund_received,Final human adjudication: refund_received. Credit direction and merchant/refund evidence indicate money returned to the customer. Luna votes: refund_received / refund_received / bnpl.
v2_batch2,train,Curve,Crv*curve Subscription,17.99,debit,plaid,LOAN_PAYMENTS_PERSONAL_LOAN_PAYMENT,financial_services_other,Final human adjudication: financial_services_other. The merchant is a financial service and the transaction is not merely a payment rail. Luna votes: financial_services_other / payment_intermediary / payment_intermediary. Sources: https://www.curve.com/en-gb/
v2_batch2,iter_eval,Cd Selecta,8990 04AUG25 CD   SELECTA U.K.      LIMITED           SOUTH RUISLIP GB,2.7,debit,plaid,FOOD_RETAIL_OTHER,confectionary,
v2_batch2,train,Amelie Morgan,AMELIE MORGAN JOIN 300000001611749498,252.54,debit,plaid,TRANSFER_OUT_INVESTMENT_AND_RETIREMENT_FUNDS,transfer_p2p,Final human adjudication: transfer_p2p. The counterparty is a named person and the narrative is a bank transfer. Luna votes: transfer_p2p / transfer_p2p / unclassified_other.
v2_batch2,train,Morrisons,NYX*Morrisons  ON 23 JUN CPM NYX*MORRISONS,2,debit,plaid,FOOD_RETAIL_GROCERIES,groceries,
v2_batch2,train,Stopps,GB Account - From J Stopps T W Fellas Barbers Ltd - SortCodeAccountNumber: 20881363003590,15,debit,plaid,PERSONAL_CARE_HAIR_AND_BEAUTY,beauty_treatment,
v2_batch2,train,Central,Contactless Payment SumUp *Central cars,5.8,debit,plaid,TRAVEL_AND_TRANSPORTATION_AUTOMOTIVE,taxi_rideshare,
v2_batch2,iter_eval,Medivet-knypersley,MEDIVET-KNYPERSLEY  ON 20 JUN CLP,57,debit,plaid,PET_CARE_AND_SUPPLIES_VETERINARY_SERVICES,veterinary,
v2_batch2,train,EDF Energy,EDF ENERGY A-ABDB95E6-003,120,debit,plaid,RENT_AND_UTILITIES_GAS_AND_ELECTRICITY,energy,
v2_batch2,train,Premier Shop,6843 04JUL25 CD   SUMUP  *PREMIER   SHOP M            BLACKPOOL GB,3.53,debit,plaid,GENERAL_MERCHANDISE_ONLINE_MARKETPLACES,groceries,Final human adjudication: groceries. The underlying merchant is a supermarket or symbol-group grocery retailer. Luna votes: convenience_store / convenience_store / convenience_store.
v2_batch2,iter_eval,Cancer Research U Rfr,CANCER RESEARCH U RFR25330438,10,debit,plaid,GOVERNMENTS_AND_NON_PROFIT_DONATIONS,charitable_donation,
v2_batch2,train,Dormers Well,SCHOOLGATEWA*DORME,5,debit,plaid,ENTERTAINMENT_OTHER_ENTERTAINMENT,school_fees,
v2_batch2,train,GWR,Bank credit GWR 151000 23118850,-2153.67,credit,plaid,INCOME_SALARY,salary,
v2_batch2,train,Biscoes Legal,BISCOES LEGAL SERV 300000001650507515,25000,debit,plaid,GENERAL_SERVICES_CONSULTING_AND_LEGAL_SERVICES,legal_services,
v2_batch2,train,Super Pound Store,SUPER POUND STORE CALDERDALE HD,2.5,debit,plaid,GENERAL_MERCHANDISE_DISCOUNT_STORES,discount_store,
v2_batch2,iter_eval,Bargain Booze,BARGAIN BOOZE 1499,6.48,debit,plaid,FOOD_RETAIL_LIQUOR_STORES,alcohol_beer_spirits,
v2_batch2,iter_eval,Wescot Credit Services,WESCOT CREDIT SVS,5,debit,plaid,LOAN_PAYMENTS_OTHER,debt_collection,
v2_batch2,train,Kmc Council Tax,KMC COUNCIL TAX,211,debit,plaid,INSURANCE_AND_TAX_TAX_PAYMENT,council_tax,
v2_batch2,train,Vortex Compet,2315 09AUG25      VORTEX COMPETITIONCARDIFF GB,1.58,debit,plaid,ENTERTAINMENT_OTHER_ENTERTAINMENT,prize_competitions,
v2_batch2,train,Niall Drummond Rees,NIALL DRUMMOND REES - Spare change refund - IBAN: GB41REVO00997005792760,-0.02,credit,plaid,TRANSFER_IN_OTHER,savings_transfer,Final human adjudication: savings_transfer. The narrative identifies an internal pot/savings movement. Luna votes: refund_received / savings_transfer / savings_transfer.
v2_batch2,train,Commsave Cu,REVERSAL OF 28-10 COMMSAVE CU,-80,credit,plaid,TRANSFER_IN_SAVINGS,returned_payment,Final human adjudication: returned_payment. The narrative explicitly identifies a returned or reversed payment. Luna votes: returned_payment / returned_payment / credit_union_repayment.
v2_batch2,iter_eval,Eui LTD Pet,REVERSAL OF 03-09 EUI LTD PET,-16.14,credit,plaid,INCOME_GOVERNMENT_INCOME,returned_payment,Final human adjudication: returned_payment. The narrative explicitly identifies a returned or reversed payment. Luna votes: returned_payment / returned_payment / insurance_pet.
v2_batch2,iter_eval,Streamline Taxis,"STREAMLINE TAXIS* CPT (VIA APPLE PAY), ON 19-07-2025",15.61,debit,plaid,TRAVEL_AND_TRANSPORTATION_TAXIS_AND_RIDE_SHARES,taxi_rideshare,
v2_batch2,train,Butterbeer,BUTTERBEER 6913       Butterbeer,7.58,debit,plaid,FOOD_RETAIL_LIQUOR_STORES,alcohol_beer_spirits,
v2_batch2,train,Fraud,FR-5614609 FRAUD REFUND,-135.8,credit,plaid,TRANSFER_IN_OTHER,refund_received,
v2_batch2,iter_eval,ITVX,ITVX PREMIUM,5.99,debit,plaid,ENTERTAINMENT_MUSIC_VIDEO_GAMES_TV_AND_MOVIES,streaming,
v2_batch2,train,Liv Station Tvm,Liv Station Tvm,6.4,debit,plaid,TRAVEL_AND_TRANSPORTATION_PUBLIC_TRANSIT,public_transport_rail_coach,
v2_batch2,iter_eval,David Lloyd,4127 22AUG25 C    DAVID LLOYD       NOTTINGHAM GB,3.85,debit,plaid,PERSONAL_CARE_GYMS_AND_FITNESS_CENTERS,gym_fitness,
v2_batch2,iter_eval,Dean Holden MD,CARD PAYMENT TO COLDEAN CONVENIENCE 0 ON 15-08-2025,45.4,debit,plaid,MEDICAL_PRIMARY_CARE,convenience_store,
v2_batch2,iter_eval,The Albion,THE ALBION The Albion,3.4,debit,plaid,DINING_DINING,pub_bar,
v2_batch2,iter_eval,Barnardo's,Contactless Payment BARNARDO'S 55362,1,debit,plaid,GOVERNMENTS_AND_NON_PROFIT_DONATIONS,charity_shop,"Final human adjudication: charity_shop. This is a card purchase at a charity's retail operation, not a donation instruction. Luna votes: charitable_donation / charitable_donation / charitable_donation."
v2_batch2,train,Barclays Tech Pack Lite,TECH PCK LTE FEE  Ref 1202756094 PDP Barclays Tech Pack Lite,9,debit,plaid,BANK_FEES_OTHER_BANK_FEES,account_charge,
v2_batch2,iter_eval,Serhat Off License,Serhat Off License,1.5,debit,plaid,GOVERNMENTS_AND_NON_PROFIT_GOVERNMENTS_AND_NON_PROFIT,alcohol_beer_spirits,
v2_batch2,train,Dixons Travel,0134 22JUN25      ZILCH DIXONS      FAMILY BU         GB GB,2.5,debit,plaid,LOAN_PAYMENTS_BNPL_AND_EWA,electrical_goods,Final human adjudication: electrical_goods. The visible underlying merchant is an electronics retailer. Luna votes: bnpl / bnpl / bnpl.
v2_batch2,train,Morrisons,MORRISONS DAILY,51,debit,plaid,FOOD_RETAIL_GROCERIES,groceries,
v2_batch2,iter_eval,Medexpress,MedExpress,138.94,debit,plaid,MEDICAL_OTHER_MEDICAL,pharmacy,
v2_batch2,train,Hsamuel,2422 14JUL25  D   WWW.HSAMUEL.CO.UK BIRMINGHAM GB     REFUND,-40.95,credit,plaid,TRANSFER_IN_OTHER,refund_received,Final human adjudication: refund_received. Credit direction and merchant/refund evidence indicate money returned to the customer. Luna votes: refund_received / refund_received / refund_received.
v2_batch2,train,Gbp Teeth,To GBP Teeth,0.08,debit,plaid,MEDICAL_DENTAL_AND_VISION,dentist,
v2_batch2,iter_eval,The Gym,THE GYM LTD,38.59,debit,plaid,PERSONAL_CARE_GYMS_AND_FITNESS_CENTERS,gym_fitness,
v2_batch2,iter_eval,Uw Utility Wareho,UW (UTILITY WAREHO,47.83,debit,plaid,RENT_AND_UTILITIES_WATER,utility_other,
v2_batch2,train,World Duty Free,1565 17JUL25 CD   WDFG PALMA        MALLORCA 2        PALMA ES,41.65,debit,plaid,GENERAL_MERCHANDISE_OTHER_GENERAL_MERCHANDISE,airport_spend,
v2_batch2,train,Lola Nolan Hi Ft,LOLA NOLAN  HI FT,3,debit,plaid,DINING_WINE_BARS_AND_PUBS,transfer_p2p,Final human adjudication: transfer_p2p. The counterparty is a named person and the narrative is a bank transfer. Luna votes: pub_bar / pub_bar / pub_bar.
v2_batch2,train,Billericay Town Girls,Billericay Town Girls,100,debit,plaid,GOVERNMENTS_AND_NON_PROFIT_OTHER_GOVERNMENTS_AND_NON_PROFIT,sports_participation,
v2_batch2,iter_eval,Wellness Communica,Payment to WELLNESS COMMUNICA 087199 10176657,2,debit,plaid,MEDICAL_PRIMARY_CARE,unclassified_other,Final human adjudication: unclassified_other. Wellness Communica debit; merchant/function is not identifiable from the available evidence. Narrative: Payment to WELLNESS COMMUNICA 087199 10176657. Native category: MEDICAL_PRIMARY_CARE. Provider: plaid. Luna votes: unclassified_other / unclassified_other / unclassified_other.
v2_batch2,train,St Barbers,SQ *ST BARBERS,16,debit,plaid,PERSONAL_CARE_HAIR_AND_BEAUTY,beauty_treatment,
v2_batch2,iter_eval,Lets Win,"LETS WIN (VIA APPLE PAY), ON 27-06-2025",0.47,debit,plaid,RENT_AND_UTILITIES_RENT,prize_competitions,
v2_batch2,train,Keita Mertena,KEITA MERTENA 500000001615443583,150,debit,plaid,GENERAL_MERCHANDISE_DEPARTMENT_STORES,transfer_p2p,Final human adjudication: transfer_p2p. The counterparty is a named person and the narrative is a bank transfer. Luna votes: transfer_p2p / transfer_p2p / unclassified_other.
v2_batch2,iter_eval,Slugandlett,STONEGATE* SLUGANDLETT Stonegate* Slugandlett,60,debit,plaid,RENT_AND_UTILITIES_RENT,pub_bar,
v2_batch2,train,Little Bells Dividends,LITTLE BELLS DIVIDENDS RETURNED,2500,debit,plaid,INTEREST_PAYMENTS_INTEREST_CHARGED,returned_payment,Final human adjudication: returned_payment. The narrative explicitly identifies a returned or reversed payment. Luna votes: returned_payment / returned_payment / unclassified_other.
v2_batch2,train,Talktalk Telecom,TALKTALK TELECOM T,27.72,debit,plaid,RENT_AND_UTILITIES_TELECOMMUNICATIONS,broadband_tv_phone,
v2_batch2,iter_eval,Aruk Ac Amp Ap,PAYPAL *ARUK AC AM  ON 22 JUN BCC PAYPAL *ARUK AC AMP AP,3.99,debit,plaid,TRANSFER_OUT_TRANSFER_OUT_FROM_APPS,charitable_donation,
v2_batch2,train,Pure Beak,Pure Beak,1,debit,plaid,DINING_OTHER_DINING,unclassified_other,Final human adjudication: unclassified_other. Pure Beak debit; merchant/function is not identifiable from the available evidence.. Native category: DINING_OTHER_DINING. Provider: plaid. Luna votes: unclassified_other / unclassified_other / unclassified_other.
v2_batch2,iter_eval,Ajb Plumbing And H,AJB PLUMBING AND H 600000001632093125 KINGSLEIGH 301816     10 19SEP25 21:22,2557.5,debit,plaid,GENERAL_SERVICES_HOME_IMPROVEMENT_SERVICES,tradesmen,
v2_batch2,train,Premier Kilmaurs Till,Premier Kilmaurs Till,12.99,debit,plaid,GENERAL_MERCHANDISE_DEPARTMENT_STORES,groceries,Final human adjudication: groceries. The underlying merchant is a supermarket or symbol-group grocery retailer. Luna votes: convenience_store / convenience_store / convenience_store.
v2_batch2,train,Barclays Savings,202003 43689859  SAVE FT Barclays savings,20,debit,plaid,TRANSFER_OUT_SAVINGS,savings_transfer,
v2_batch2,train,Morrisons,WM MORRISONS STORE CD 7296,1.98,debit,plaid,FOOD_RETAIL_GROCERIES,groceries,
v2_batch2,train,Finio Loans,Returned direct debit FINIO LOANS 070246 27847393,-151.29,credit,plaid,LOAN_DISBURSEMENTS_OTHER,returned_payment,
v2_batch2,iter_eval,Ajjb Law,AJJB LAW  ON 13 SEP BCC,10,debit,plaid,GENERAL_SERVICES_CONSULTING_AND_LEGAL_SERVICES,debt_collection,
v2_batch2,train,TAX,4571 20AUG25 C    DR066@247*        TAXIDR06624       ST. LEONARDS- GB,7.4,debit,plaid,INSURANCE_AND_TAX_TAX_PAYMENT,taxi_rideshare,
v2_batch2,iter_eval,Duelz,duelz.com Duelz,25.63,debit,plaid,ENTERTAINMENT_CASINOS_AND_GAMBLING,gambling_casino,
v2_batch2,iter_eval,Bmac Nicholls Limavady,"BMAC NICHOLLS LIMAVADY,
E070504 -511567",180,debit,plaid,TRANSFER_OUT_CHECKS_AND_ATM,unclassified_other,"Final human adjudication: unclassified_other. Bmac Nicholls Limavady debit; merchant/function is not identifiable from the available evidence. Narrative: BMAC NICHOLLS LIMAVADY, E070504 -511567. Native category: TRANSFER_OUT_CHECKS_AND_ATM. Provider: plaid. Luna votes: unclassified_other / unclassified_other / unclassified_other."
v2_batch2,iter_eval,Nando's,NANDOS CHICKENLAND BGC  NANDOS CHICKENLAND BGC ,-359.04,credit,plaid,INCOME_SALARY,salary,
v2_batch2,train,Blind Pig Tattoo,Blind Pig Tattoo C,9,debit,plaid,PERSONAL_CARE_HAIR_AND_BEAUTY,beauty_treatment,
v2_batch2,iter_eval,United Utilities W United Utilities,United Utilities W United Utilities,48.84,debit,plaid,RENT_AND_UTILITIES_WATER,water,
v2_batch2,train,Gold Cape,Gold Cape,3.88,debit,plaid,ENTERTAINMENT_CASINOS_AND_GAMBLING,gambling_casino,
v2_batch2,iter_eval,National Education First,NATIONAL EDUCATIONFIRST PAYMENT,65.68,debit,plaid,LOAN_PAYMENTS_STUDENT_LOAN_PAYMENT,education_general,
v2_batch2,iter_eval,Douglas Hughes Dividends Sto,DOUGLAS HUGHES  DIVIDENDS STO,15000,debit,plaid,INTEREST_PAYMENTS_INTEREST_CHARGED,transfer_p2p,Final human adjudication: transfer_p2p. The counterparty is a named person and the narrative is a bank transfer. Luna votes: transfer_p2p / unclassified_other / unclassified_transfer.
v2_batch2,train,Mbna Loans,Returned direct debit MBNA LOANS 074456 37879688,-388.53,credit,plaid,LOAN_DISBURSEMENTS_OTHER,returned_payment,
v2_batch2,iter_eval,Cricut,Cricut,7.49,debit,plaid,GENERAL_MERCHANDISE_COMPUTERS_AND_ELECTRONICS,arts_crafts,
v2_batch2,train,Beamish Museum LTD,BEAMISH MUSEUM LTD,5.9,debit,plaid,ENTERTAINMENT_OTHER_ENTERTAINMENT,days_out,
v2_batch2,iter_eval,Elaine Conroy,United Kingdom Account - Full payment villa Elaine Conroy - SortCodeAccountNumber: 40478360299952,950,debit,plaid,GENERAL_SERVICES_RELIGIOUS_SERVICES,holiday_rental,
v2_batch2,iter_eval,Cd Big Saver,1177 30JUN25 CD   BIG SAVER         STOCKPORT GB,6.1,debit,plaid,TRANSFER_OUT_SAVINGS,convenience_store,convenience_store
v2_batch2,train,Franklyn Bar,Franklyn Bar,7,debit,plaid,DINING_WINE_BARS_AND_PUBS,pub_bar,
v2_batch2,train,Cliffs,Cliffs Hotel,14.55,debit,plaid,TRAVEL_AND_TRANSPORTATION_LODGING,accommodation,
v2_batch2,iter_eval,Charity Donation,CHARITY DONATION  1241752 DDR,10,debit,plaid,GOVERNMENTS_AND_NON_PROFIT_DONATIONS,charitable_donation,
v2_batch2,iter_eval,M & S Blackpool Royal,M & S BLACKPOOL RO,2.1,debit,plaid,GENERAL_MERCHANDISE_FURNITURE_AND_HARDWARE,department_store,
v2_batch2,train,Ricky Scanlon Tys Rent,Ricky Scanlon Tys Rent,550,debit,plaid,RENT_AND_UTILITIES_RENT,rent,
v2_batch2,iter_eval,Nwl & Esw,Direct debit NWL & ESW WATER 601508 63586428,29,debit,plaid,RENT_AND_UTILITIES_WATER,water,
v2_batch2,iter_eval,Cash Convert Ers Grays,CASH CONVERTERS GR  ON 17 JUL BCC CASH CONVERTERS GRAYS,596.25,debit,plaid,BANK_FEES_ATM,pawnbroker,
v2_batch2,train,Gophr,gophr.com,46.44,debit,plaid,MEDICAL_PHARMACIES_AND_SUPPLEMENTS,delivery_courier,
v2_batch2,train,Centrica,CARD PAYMENT TO CENTRICA HIVE ON 16-07-2025,3.99,debit,plaid,RENT_AND_UTILITIES_OTHER_UTILITIES,energy,
v2_batch2,iter_eval,Www.amazon.uk.co,WWW.AMAZON.* RM0IN  ON 14 AUG BCC WWW.AMAZON.UK.CO,16.99,debit,plaid,GENERAL_SERVICES_OTHER_SERVICES,marketplace_amazon,
v2_batch2,iter_eval,Electraworks,"ELECTRAWORKS LTD (VIA APPLE PAY), ON 24-08-2025",59,debit,plaid,ENTERTAINMENT_CASINOS_AND_GAMBLING,gambling_casino,
v2_batch2,iter_eval,Moorcroft Group,"DIRECT DEBIT PAYMENT TO MOORCROFT GROUP REF 004298478838, MANDATE NO 0027",1,debit,plaid,GENERAL_SERVICES_CONSULTING_AND_LEGAL_SERVICES,debt_collection,
v2_batch2,iter_eval,Pure Barber,Pure Barber,18.5,debit,plaid,PERSONAL_CARE_HAIR_AND_BEAUTY,beauty_treatment,
v2_batch2,train,Venda Valet,VENDA VALET,1.1,debit,plaid,FOOD_RETAIL_OTHER,carwash,
v2_batch2,train,H&M,1737 11SEP25 CD   H & M             H M CARDIFF GB,27.97,debit,plaid,GENERAL_MERCHANDISE_APPAREL_AND_ACCESSORIES,clothing_general,
v2_batch2,iter_eval,Ovoenergy,WWW.OVOENERGY.COM,20,debit,plaid,RENT_AND_UTILITIES_GAS_AND_ELECTRICITY,energy,
v2_batch2,train,Mobile & Computer Vap,"Mobile & Computer,  ON 02 AUG CPM MOBILE & COMPUTER, VAP",80,debit,plaid,GENERAL_MERCHANDISE_COMPUTERS_AND_ELECTRONICS,vaping,
v2_batch2,train,Aldos,Aldos                )))),23.2,debit,plaid,BANK_FEES_OTHER_BANK_FEES,unclassified_other,Final human adjudication: unclassified_other. Aldos debit; merchant/function is not identifiable from the available evidence. Narrative: Aldos )))). Native category: BANK_FEES_OTHER_BANK_FEES. Provider: plaid. Luna votes: unclassified_other / unclassified_other / unclassified_other.
v2_batch2,train,Oodle Car Finance,REVERSAL OF 18-08 OODLE CAR FINANCE,-336.32,credit,plaid,LOAN_DISBURSEMENTS_OTHER,returned_payment,Final human adjudication: returned_payment. The narrative explicitly identifies a returned or reversed payment. Luna votes: returned_payment / returned_payment / car_finance_repayment.
v2_batch2,iter_eval,Larches Dog Fields,Larches Dog Fields,33,debit,plaid,PET_CARE_AND_SUPPLIES_PET_SUPPLIES,pet_other,
v3,train,Betfair,2161 02NOV24      BETFAIR           WWW.PADDYPOWE GB,245.0,debit,equifax,Gambling and Betting | Betting,gambling_betting,Betfair/Paddy Power debit; licensed bookmaker stake.
v3,iter_eval,Tesco,TESCO STORES SACAT,39.72,debit,equifax,Shopping (Household Essentials) | General Groceries,groceries,Tesco supermarket self-checkout (SACAT) debit.
v3,train,Nandos,3478 25JUN24 CD   NANDOS            PRESTON DEEP GB,3.75,debit,equifax,"Restaurants and takeaway | Restaurants, Cafes and Bistros",restaurant_cafe,Nando's debit; fast-casual restaurant per brief.
v3,train,Apple App Store,8256 05OCT24  D   APPLE.COM/BILL    APPLE.COM/BIL IE,5.49,debit,equifax,Shopping (Discretionary) | Music and Downloads,software,Apple.com/bill debit; App Store bill with no media-product cue.
v3,iter_eval,Child Benefits,HMRC CHILD BENEFIT,76.45,credit,equifax,,benefits_state,HMRC Child Benefit credit.
v3,iter_eval,Admiral Insurance,P7333499601 Admiral Insurance,86.2,debit,equifax,Insurance | Motor Insurance,insurance_general,Admiral is multi-line; insurance_general not motor-only.
v3,train,B&M,B&M 065 - INSHES  ON 07 FEB CLP,5.0,debit,equifax,Shopping (Home) | Home Improvements,discount_store,B&M variety discounter debit.
v3,train,HMRC,Hmrc Gov.uk Sa,1920.81,debit,equifax,,tax_payment,HMRC Self Assessment debit.
v3,iter_eval,Playstation,PlaystationNetwork  ON 24 DEC BCC,8.99,debit,equifax,Shopping (Discretionary) | PC and Console Games,gaming_console_pc,PlayStation Network debit; console gaming.
v3,train,eDreams,EDREAMS CD 1636,913.03,credit,equifax,Refund | Holidays,refund_received,"Override prefill holiday_package: eDreams CREDIT £913 with native Refund | Holidays; retailer credit is a refund, not spend."
v3,train,Lidl,Lidl Gb  High Wycombe,16.96,debit,equifax,Shopping (Household Essentials) | General Groceries,groceries,Lidl food discounter debit.
v3,train,NetFlix,Netflix NETFLIX.COM            18665797172   GBR,4.99,debit,equifax,"Utilities | Internet, TV and Phone",streaming,Netflix subscription debit.
v3,train,O2,O2,34.33,debit,equifax,Utilities | Mobile Phone Contracts,mobile_phone_contract,O2 mobile contract debit.
v3,iter_eval,Deliveroo,"DELIVEROO (VIA APPLE PAY), ON 05-01-2024",32.63,debit,equifax,Restaurants and takeaway | Take Away,takeaway,Deliveroo app debit.
v3,train,Londis,LONDIS,5.28,debit,equifax,Shopping (Discretionary) | Newsagents and Convenience Stores,groceries,Londis is a symbol-group grocer; brief maps Spar/Nisa/Costcutter/Londis/Premier to groceries not convenience_store.
v3,train,Sainsbury's,SAINSBURYS S/MKTS,12.55,debit,equifax,Shopping (Household Essentials) | General Groceries,groceries,Sainsbury's supermarket debit.
v3,train,Sky,SKY DIGITAL,169.49,debit,equifax,"Utilities | Internet, TV and Phone",broadband_tv_phone,Sky Digital debit; TV/broadband bundle not insurance.
v3,train,Play.com,"SUMUP *PLAY BASE LTD (VIA APPLE PAY), ON 23-08-2024",1.44,debit,equifax,Shopping (Discretionary) | TV and Online Shopping,entertainment_other,Override prefill software: narrative is SUMUP *PLAY BASE LTD not Play.com/Google Play. Playbase Ltd (Dover) is amusement/recreation; £1.44 card via SumUp.
v3,train,Depop,DEPOP LIMITED DEPOP /PAYER ACC/E PH737VTI1HMGKO8300,34.67,credit,equifax,Transfers / Other | General Fashion,income_other_unspecified,"Depop seller-account credit; non-Amazon marketplace payout. Parent check: Depop CREDIT /PAYER ACC is marketplace proceeds, not spend. income_other_unspecified."
v3,train,Uber,UBER   *TRIP,16.9,debit,equifax,Commuting and travel | Taxis,taxi_rideshare,Uber *TRIP debit.
v3,train,DVLA,DVLA-RL64KEL,16.62,debit,equifax,Automotive | Road Tax,road_tax,DVLA debit with vehicle registration; VED.
v3,iter_eval,OVO Energy,OVO Energy OVO ENERGY             BRISTOL       GBR,10.0,debit,equifax,Utilities | Energy Providers,energy,OVO Energy debit.
v3,train,Paypal,PAYPAL PAYMENT,3.99,debit,equifax,Shopping (Discretionary) | E-Commerce Payment System,payment_intermediary,Bare PayPal payment; underlying merchant not identifiable.
v3,train,Uber,Uber UBER   * PENDING       London        GBR,5.93,debit,equifax,Commuting and travel | Taxis,taxi_rideshare,Uber pending trip debit.
v3,iter_eval,Tesco,Contactless Payment TESCO STORES 5138 APPLEPAY 0699 2024-12-01,21.7,debit,equifax,Shopping (Household Essentials) | General Groceries,groceries,Tesco supermarket debit.
v3,train,Just Eat,Just Eat Just Eat               London        GBR,23.84,debit,equifax,Restaurants and takeaway | Take Away,takeaway,Just Eat debit.
v3,train,Merkur Slots,VISA DIRECT PAYMENT MERKUR SLOTS ON 04 SEP CRE,25.0,credit,equifax,Gambling and Betting | Poker and Casino Games,gambling_unspecified,Merkur Slots credit; casino winnings stay on the casino leaf. Parent check: Merkur Slots VISA DIRECT CREDIT is winnings. T1 gambling_unspecified.
v3,train,Shell,SHELL U.K. OIL PRO  ON 25 DEC CPM SHELL U.K. OIL PRODUCT,29.4,debit,equifax,Commuting and travel | Fuel,fuel,Shell UK oil products debit; forecourt fuel.
v3,train,Sky Bet,Visa credit Sky Betting Gaming,23.2,credit,equifax,Gambling and Betting | Betting,gambling_unspecified,Sky Bet credit; bookmaker winnings. Parent check: Sky Bet visa credit is winnings. T1 gambling_unspecified.
v3,train,B&M,B&M 505 - CASTLEFO B&M 505 - CASTLEFORD,6.75,debit,equifax,Shopping (Home) | Home Improvements,discount_store,B&M debit.
v3,train,ASDA,ASDA STORES,18.79,debit,equifax,Shopping (Household Essentials) | General Groceries,groceries,Asda supermarket debit.
v3,train,EDF,1013 22JUN24      EDF UK CARD       PAYMENTS          LONDON GB,10.0,debit,equifax,Utilities | Energy Providers,energy,EDF card payment debit.
v3,train,Resolvecall,"DIRECT DEBIT PAYMENT TO RESOLVECALL LIMITE REF 59367165, MANDATE NO 0088",6.0,debit,equifax,Financial Services | Debt Collection,debt_collection,Resolvecall Limited direct debit; DCA.
v3,train,Paypal,PAYPAL PAYMENT,13.59,debit,equifax,Shopping (Discretionary) | E-Commerce Payment System,payment_intermediary,Bare PayPal payment; underlying merchant not identifiable.
v3,train,Subway,SUBWAY,8.09,debit,equifax,Restaurants and takeaway | Take Away,takeaway,Subway fast-food debit.
v3,train,Prime,Amazon Prime*TQ64F Amazon Prime*TQ64F31C4,8.99,debit,equifax,Amazon All | Amazon,streaming,Amazon Prime debit; consumer media streaming.
v3,iter_eval,Bet365,BET365,25.0,debit,equifax,Gambling and Betting | Betting,gambling_betting,Bet365 stake debit.
v3,train,Argos,ARGOS LTD         NEWCASTLE UPO,0.3,debit,equifax,Shopping (Discretionary) | General Catalogues,catalogue_retail,Argos Ltd in-store debit.
v3,iter_eval,Employment and Support Allowance,JA702052A DWP EESA  000000001525469903 BGC,360.36,credit,equifax,,benefits_state,DWP ESA (Employment and Support Allowance) credit.
v3,train,TheTrainLine,Trainline Trainline.com Ltd\120 Holburn Road\London\EC1N 2TD  GBRGBR,6.7,debit,equifax,Commuting and travel | Trains and Coaches,public_transport_rail_coach,Trainline debit.
v3,train,Sony,6220 07JAN24      PLAYSTATION       NETWORK           SONY PSN GB,17.49,debit,equifax,Shopping (Discretionary) | Audio Equipment,gaming_console_pc,PlayStation Network debit.
v3,iter_eval,musicMagpie,WWW.MUSICMAGPIE.CO.UK CD 6654,16.19,debit,equifax,Shopping (Discretionary) | General Electrical,marketplace_refurbished,musicMagpie debit; refurbished-device marketplace.
v3,iter_eval,Dobbies Garden Centre,Dobbies,8.55,debit,equifax,Shopping (Home) | Garden Accessories,garden,Dobbies garden centre debit.
v3,iter_eval,GoHenry ,GoHenry MembershipLYMINGTON,4.49,debit,equifax,Financial Services | Prepaid Cards,prepaid_card,GoHenry membership fee for a children's prepaid card.
v3,train,George at Asda,CARD PAYMENT TO ASDA GEORGE COM LEEDS ON 26-11-2023,98.25,debit,equifax,Shopping (Fashion) | General Fashion,clothing_general,George at Asda clothing debit.
v3,train,Apple App Store,APPLE.COM/BILL IRELAND ON 13 NOV BCC,1.99,debit,equifax,Shopping (Discretionary) | Music and Downloads,software,Apple.com/bill debit; no media-product cue.
v3,iter_eval,Child Benefits,Child Benefit HMRC CHILD BENEFIT,55.8,credit,equifax,,benefits_state,HMRC Child Benefit credit.
v3,iter_eval,Domestic and General,Direct debit D&G APPLIANCE CARE ************0692,9.85,debit,equifax,Insurance | General Insurance,insurance_general,Domestic & General appliance-care insurance debit.
v3,train,Greggs,GREGGS,5.0,debit,equifax,"Restaurants and takeaway | Restaurants, Cafes and Bistros",restaurant_cafe,Greggs debit; cafe/bakery per brief.
v3,train,Co-op,"CO-OP GROUP 310531 (VIA APPLE PAY), ON 13-12-2024",2.1,debit,equifax,Shopping (Household Essentials) | General Groceries,groceries,Co-op food retail debit.
v3,train,Lavazza Professional,Lavazza Professional Uk O,1.1,debit,equifax,Shopping (Discretionary) | Confectionary,confectionary,Lavazza Professional £1.10; workplace coffee/vending.
v3,iter_eval,Uber Eats,0073 10SEP24  D   UBER   * EATS     PENDING           LONDON GB,50.28,debit,equifax,Restaurants and takeaway | Take Away,takeaway,Uber Eats debit.
v3,train,E,WWW.E.ORG  ON 07 NOV BCC,30.0,debit,equifax,Utilities | Energy Providers,energy,www.e.org energy supplier debit.
v3,train,Dunelm,Dunelm SoftFurnish  ON 15 OCT BCC,40.0,debit,equifax,Shopping (Home) | Home Accessories,home_accessories,Dunelm debit.
v3,train,Just Eat,Visa purchase Just Eat APPLEPAY 5411,10.58,debit,equifax,Restaurants and takeaway | Take Away,takeaway,Just Eat debit.
v3,iter_eval,Starbucks,(2550)STARBUCKS B (2550)STARBUCKS B HOTEL,7.95,debit,equifax,"Restaurants and takeaway | Restaurants, Cafes and Bistros",restaurant_cafe,Starbucks debit.
v3,train,Home Bargains,HOME BARGAINS,29.62,debit,equifax,Shopping (Home) | Home Accessories,discount_store,Home Bargains debit.
v3,train,Uber,Visa purchase UBR* PENDING.UBER.COM APPLEPAY 5865,5.99,debit,equifax,Commuting and travel | Taxis,taxi_rideshare,Uber pending trip debit.
v3,iter_eval,PayPal Credit,CARD PAYMENT TO PAYPAL *PYPL PAYIN3 ON 27-08-2024,10.32,debit,equifax,Financial Services | BNPL,bnpl,"PayPal Pay in 3 debit; BNPL product, no underlying shop."
v3,iter_eval,Aldi,ALDI 112 775,9.18,debit,equifax,Shopping (Household Essentials) | General Groceries,groceries,Aldi food discounter debit.
v3,train,Motor Fuel Group,6682 25FEB24 CD   MFG PENCOED       PENCOED GB,44.15,debit,equifax,Commuting and travel | Fuel,fuel,Motor Fuel Group (MFG) Pencoed forecourt debit.
v3,iter_eval,E.On,E.ON NEXT  ON 06 DEC BCC,24.87,debit,equifax,Utilities | Energy Providers,energy,E.ON Next debit.
v3,train,Select & Save,Select And Save SELECT AND SAVE        SUTTONINASHFI GBR,2.64,debit,equifax,Shopping (Discretionary) | Newsagents and Convenience Stores,convenience_store,"Select & Save is an independent convenience fascia, not a listed symbol-group grocer."
v3,train,ASDA,CARD PAYMENT TO ASDA STORES ON 25-10-2023,17.49,debit,equifax,Shopping (Household Essentials) | General Groceries,groceries,Asda supermarket debit.
v3,train,KFC,1079 27AUG23 CD   KFC - DUMFRIES    DUMFRIES GB,10.98,debit,equifax,Restaurants and takeaway | Take Away,takeaway,KFC debit.
v3,iter_eval,Royal London Pensions,ROYAL LONDON,38.21,debit,equifax,,pension_contribution,Royal London pensions debit.
v3,train,Ladbrokes,LC INTERNATIONAL L LC INTERNATIONAL LTD,5.0,debit,equifax,Gambling and Betting | Betting,gambling_betting,Ladbrokes (LC International) stake debit.
v3,train,ASDA,Contactless Payment ASDA SUPERSTORE 2024-12-22,26.93,debit,equifax,Shopping (Household Essentials) | General Groceries,groceries,Asda supermarket debit.
v3,train,Clearpay,Visa purchase Clearpay 3992,18.0,debit,equifax,Financial Services | BNPL,bnpl,Clearpay debit; no underlying merchant.
v3,train,M and M Direct,M AND M DIRECT LIMLEOMINSTER,1.7,debit,equifax,Shopping (Fashion) | General Fashion,clothing_general,M&M Direct fashion debit.
v3,train,Scoffable,Scoffable SCOFFABLE              +441312082230 GBR,14.15,debit,equifax,Restaurants and takeaway | Take Away,takeaway,Scoffable is a Scottish takeaway-ordering platform.
v3,train,Revolut,JULIE ASHTON SENT FROM REVOLUT REV************9563,30.0,credit,equifax,Own Transfers | Bank Transfer,transfer_p2p,Credit SENT FROM REVOLUT by named person Julie Ashton; not own-account without pot evidence.
v3,train,Apple App Store,APPLE.COM/BILL,9.99,debit,equifax,Shopping (Discretionary) | Music and Downloads,software,Apple.com/bill debit.
v3,iter_eval,Uber Eats,3295 06AUG24      UBER   *EATS      HELP.UBER.COM GB  REFUND,2.43,credit,equifax,Refund | Take Away,refund_received,Override prefill takeaway: Uber Eats CREDIT with REFUND in the narrative.
v3,train,Marston's Plc,MARSTON'S PLC,5.5,debit,equifax,Restaurants and takeaway | Pubs and Bars,pub_bar,Marston's pub debit.
v3,train,Next,Contactless Payment NEXT RETAIL LTD,35.15,debit,equifax,Shopping (Fashion) | General Fashion,clothing_general,Next retail debit.
v3,train,FarmFoods,FARMFOODS 401     STOKE-ON-TREN,70.6,debit,equifax,Shopping (Household Essentials) | General Groceries,groceries,Farmfoods food discounter debit.
v3,train,Bolt,BOLT.EU/O/24091520  ON 15 SEP CPM BOLT.EU/O/2409152055,24.2,debit,equifax,Commuting and travel | Taxis,taxi_rideshare,"Override prefill salary_gig: Bolt.eu debit £24.20 is a ride, not gig income (established-leaf trap)."
v3,iter_eval,Anglian Water,ANGLIAN WATER,13.0,debit,equifax,Utilities | Water Companies,water,Anglian Water debit.
v3,train,Zilch,ZILCH INSTALMENT,3.75,debit,equifax,Financial Services | BNPL,bnpl,Zilch instalment; no underlying shop.
v3,train,Parent Pay,PARENTPAY E-COM R  ON 14 SEP BCC,20.0,debit,equifax,Services | Childcare,school_fees,ParentPay school payment platform debit.
v3,train,Boots,BOOTS 1490  ON 09 MAR CLP,20.11,debit,equifax,Personal Healthcare | General Health and Beauty,pharmacy,Boots debit.
v3,train,Disability Living Allowance,PP069164A DWP DLA  000000002163804355 BGC,524.6,credit,equifax,,benefits_state,DWP DLA credit.
v3,iter_eval,TFL,2011 16NOV23 CD   TFL TRAVEL CH     TFL.GOV.UK/CP GB,1.75,debit,equifax,Commuting and travel | Trains and Coaches,public_transport_rail_coach,TfL travel charge debit.
v3,train,NetFlix,Netflix.com  ON 28 JUL BCC,17.99,debit,equifax,"Utilities | Internet, TV and Phone",streaming,Netflix debit.
v3,train,Lidl,LIDL GB  ON 25 NOV CPM,10.4,debit,equifax,Shopping (Household Essentials) | General Groceries,groceries,Lidl debit.
v3,train,Shell,8355 11DEC24 C    SHELL DOVER       DOVER GB,6.4,debit,equifax,Commuting and travel | Fuel,fuel,Shell Dover forecourt debit.
v3,train,The Kings Head,Kings Head  ON 26 AUG CLP,10.6,debit,equifax,Restaurants and takeaway | Pubs and Bars,pub_bar,Kings Head pub debit.
v3,train,The Red Lion,Red Lion Cromer  ON 14 JAN CLP RED LION CROMER,5.0,debit,equifax,Restaurants and takeaway | Pubs and Bars,pub_bar,Red Lion Cromer pub debit.
v3,train,Homebase,Homebase HOMEBASE               NEWCASTLE     GBR,8.0,debit,equifax,Shopping (Home) | Home Accessories,home_improvement,Homebase debit.
v3,train,Apple App Store,Visa purchase APPLE.COM/BILL 2023-08-06,0.99,debit,equifax,Shopping (Discretionary) | Music and Downloads,software,Apple.com/bill debit.
v3,train,McDonalds,0902 04OCT24 C    MCDONALDS 39      LONDON GB,3.68,debit,equifax,Restaurants and takeaway | Take Away,takeaway,McDonald's debit.
v3,iter_eval,adidas,adidaswww.adidas.co.uk Adidaswww.adidas.co.uk,33.0,debit,equifax,Shopping (Fashion) | Sportswear,sportswear,adidas.co.uk debit.
v3,train,BPO Collections,BPO COLLECTIONS LT  6032240PD179820I30 DDR,2.0,debit,equifax,Financial Services | Debt Collection,debt_collection,BPO Collections Ltd DCA debit.
v3,iter_eval,Playstation,PlayStation Networ PlayStation Network,3.29,debit,equifax,Shopping (Discretionary) | PC and Console Games,gaming_console_pc,PlayStation Network debit.
v3,iter_eval,SPAR,SPAR STORE  ON 02 APR CLP,6.02,debit,equifax,Shopping (Household Essentials) | General Groceries,groceries,SPAR symbol-group grocer debit.
v3,train,Sky Bet,Visa purchase SKY BET,10.0,debit,equifax,Gambling and Betting | Betting,gambling_betting,Sky Bet stake debit.
v3,iter_eval,Aldi,Contactless Payment ALDI 38 780 GOOGLE 9738,13.62,debit,equifax,Shopping (Household Essentials) | General Groceries,groceries,Aldi debit.
v3,train,LiveScore Bet,Visa purchase livescorebet.com,10.0,debit,equifax,Gambling and Betting | Betting,gambling_betting,LiveScore Bet stake debit.
v3,train,Esso,ESSO BARTON UPON HUMBE Esso Barton Upon Humbe,16.99,debit,equifax,Commuting and travel | Fuel,fuel,Override prefill salary: Esso Barton-upon-Humber debit is forecourt fuel (known established-leaf trap).
v3,train,Vendmaster Ltd ,VENDMASTER LTD  ON 10 SEP CLP,0.8,debit,equifax,Shopping (Discretionary) | Confectionary,confectionary,Vendmaster Ltd vending-machine debit.
v3,train,The Range,THE RANGE,10.98,credit,equifax,Transfers / Other | Home Accessories,refund_received,"Override prefill home_accessories: The Range CREDIT is a retailer refund, not spend."
v3,train,Lowell Financial,LOWELL PORTFOLIO I                    REFERENCE:   ************3904,5.0,debit,equifax,Financial Services | Debt Collection,debt_collection,Lowell Portfolio debit.
v3,train,Iceland,5029 02OCT24      ICELAND FOODS     FLINTSHIRE GB     REFUND,1.85,credit,equifax,Refund | General Groceries,refund_received,Override prefill groceries: Iceland CREDIT with REFUND in the narrative.
v3,train,The Red Lion,Red Lion Cromer  ON 22 DEC BCC RED LION CROMER,5.0,debit,equifax,Restaurants and takeaway | Pubs and Bars,pub_bar,Red Lion Cromer pub debit.
v3,train,Marketplace,CARD PAYMENT TO AMZNMKTPLACE*082IQ6VF5 ON 11-12-2024,81.56,debit,equifax,Amazon All | Amazon,marketplace_amazon,Amazon Marketplace debit.
v3,train,Co-op,Co-op CO-OP GROUP FOOD RETAI LONDON        GBR,14.35,debit,equifax,Shopping (Household Essentials) | General Groceries,groceries,Co-op food retail debit.
v3,iter_eval,XBOX,Visa purchase Microsoft*Xbox 9978,2.15,debit,equifax,Shopping (Discretionary) | PC and Console Games,gaming_console_pc,Microsoft Xbox debit.
v3,train,Capital One,CAPITAL ONE  PBB00009965217 FT,5.0,debit,equifax,Financial Services | Credit Cards,credit_card_repayment,Capital One debit.
v3,train,Just Eat,Visa purchase Just Eat 2069,11.86,debit,equifax,Restaurants and takeaway | Take Away,takeaway,Just Eat debit.
v3,train,Stagecoach,"WLT 92, Stagecoach",2.0,debit,equifax,Commuting and travel | Trains and Coaches,public_transport_rail_coach,Stagecoach bus debit.
v3,iter_eval,W.H.Smith,WH Smith Papworth Hosp Wh Smith Papwor,11.61,debit,equifax,"Books, Newspapers and Magazines | General Books",books,WH Smith at Papworth Hospital; WH Smith identity is books/news even in a hospital shop.
v3,train,RAC,RAC MOTORING SERVI,11.7,debit,equifax,Automotive | Breakdown Cover,breakdown_cover,RAC motoring services debit.
v3,train,McDonalds,Contactless Payment MCDONALDS 1519,11.98,debit,equifax,Restaurants and takeaway | Take Away,takeaway,McDonald's debit.
v3,train,Abbey Inn,Abbey Inn,9.9,debit,equifax,Flights and Holidays | Hotels and Accommodation,unclassified_other,Abbey Inn £9.90: many UK pubs and at least one hotel share the string; narrative does not disambiguate (name-collision rule).
v3,train,McDonalds,MCDONALDS 1244,9.18,debit,equifax,Restaurants and takeaway | Take Away,takeaway,McDonald's debit.
v3,train,Virgin Media,VIRGIN MEDIA PYMTS,55.48,debit,equifax,"Utilities | Internet, TV and Phone",broadband_tv_phone,Virgin Media debit.
v3,iter_eval,Tesco,TESCO STORES 6056 Tesco,2.97,debit,equifax,Shopping (Household Essentials) | General Groceries,groceries,Tesco supermarket debit.
v3,train,Sky,Direct debit SKY DIGITAL ************7095,149.67,debit,equifax,"Utilities | Internet, TV and Phone",broadband_tv_phone,Sky Digital direct debit.
v3,train,Capital One,CARD PAYMENT TO CAPITAL ONE ON 31-10-2024,10.42,debit,equifax,Financial Services | Credit Cards,credit_card_repayment,Capital One debit.
v3,train,Londis,LONDIS  ON 16 DEC CLP,4.84,debit,equifax,Shopping (Discretionary) | Newsagents and Convenience Stores,groceries,Londis symbol-group grocer debit.
v3,iter_eval,Child Benefits,HMRC CHILD BENEFIT,102.4,credit,equifax,,benefits_state,HMRC Child Benefit credit.
v3,train,McDonalds,McDonald?s MCDONALDS              GLASGOW       GBR,4.89,debit,equifax,Restaurants and takeaway | Take Away,takeaway,McDonald's debit.
v3,iter_eval,Pay By Phone,Paybyphone Re Spare 3,0.0,debit,equifax,Commuting and travel | Car Parking,car_parking,PayByPhone parking debit (zero-value capture).
v3,train,National Express,NX Bus NX Bus Contactless     Birmingham    GBR,4.0,debit,equifax,Commuting and travel | Trains and Coaches,public_transport_rail_coach,National Express bus debit.
v3,train,Vinted,MANGOPAY S. A.    MGP VINTED-FR     FP 14/08/24 1934  010F215242280F4C,28.5,credit,equifax,Transfers / Other | General Fashion,income_other_unspecified,"Vinted/Mangopay seller credit. Parent check: Mangopay Vinted CREDIT is seller proceeds, not marketplace spend."
v3,train,Gleneagles Hotels,Contactless Payment GLENEAGLES HOTELS LIMITED APPLEPAY 7004,1.9,debit,equifax,Flights and Holidays | Holidays UK,restaurant_cafe,"Gleneagles Hotels Limited £1.90; identifiable hotel, incidental F&B still filed as accommodation. Adversarial: £1.90 contactless at Gleneagles is hotel F&B, not a room night."
v3,iter_eval,HSBC,RYAN HSBC,12.0,debit,equifax,Financial Services | Banks And Building Societies,financial_institution_unspecified,Ryan HSBC debit; could be a named person or an HSBC product — keep FI unspecified rather than force P2P.
v3,train,Iceland,1762 11DEC24      ICELAND FOODS     FLINTSHIRE GB     REFUND,1.62,credit,equifax,Refund | General Groceries,refund_received,Override prefill groceries: Iceland CREDIT with REFUND in the narrative.
v3,iter_eval,Bet365,BET365,6.0,credit,equifax,Gambling and Betting | Betting,gambling_unspecified,Bet365 credit; bookmaker winnings. Parent check: Bet365 CREDIT is winnings. T1 gambling_unspecified.
v3,train,Greggs,GREGGS PLC,7.15,debit,equifax,"Restaurants and takeaway | Restaurants, Cafes and Bistros",restaurant_cafe,Greggs debit.
v3,train,Co-op,CO-OP GROUP PETROLPOUNDS HILL,2.5,debit,equifax,Shopping (Household Essentials) | General Groceries,fuel,"Override prefill groceries: CO-OP GROUP PETROL Pounds Hill; named petrol forecourt, small amount still fuel per brief."
v3,iter_eval,Voxi,WWW.VOXI.CO.UK,20.0,debit,equifax,Utilities | Mobile Phone Contracts,mobile_phone_contract,Voxi mobile debit.
v3,train,Waitrose,WAITROSE CD 8906,5.0,debit,equifax,Shopping (Household Essentials) | General Groceries,groceries,Waitrose debit.
v3,train,Morrisons,MORRISONS DAILY  ON 05 NOV CLP,10.1,debit,equifax,Shopping (Household Essentials) | General Groceries,groceries,"Morrisons Daily is a Morrisons food shop (convenience format, still groceries)."
v3,train,Uber,UBR* PENDING.UBER. UBR* PENDING.UBER.COM,7.9,debit,equifax,Commuting and travel | Taxis,taxi_rideshare,Uber pending trip debit.
v3,train,Save The Change,SAVETHECHANGE-4268,0.62,debit,equifax,,savings_transfer,Save the Change round-up debit.
v3,iter_eval,Tesco,TESCO STORES 2877 MARTLESHAM,67.97,debit,equifax,Shopping (Household Essentials) | General Groceries,groceries,Tesco supermarket debit.
v3,train,Lowell Financial,Direct debit LOWELL PORTFOLIO I ************6682,4.65,debit,equifax,Financial Services | Debt Collection,debt_collection,Lowell Portfolio direct debit.
v3,train,BetFred,BETFRED GIBRALTAR ON 08 OCT BCC Betfred,5.0,debit,equifax,Gambling and Betting | Betting,gambling_betting,Betfred stake debit.
v3,train,Just Eat,Just Eat Just Eat               London        GBR,11.08,debit,equifax,Restaurants and takeaway | Take Away,takeaway,Just Eat debit.
v3,train,EE Mobile,CARD PAYMENT TO EE TOPUP VESTA ON 19-07-2024,18.0,debit,equifax,Utilities | Mobile Phone Contracts,mobile_phone_contract,EE top-up debit.
v3,train,Just Eat,Just Eat Just Eat               London        GBR,24.71,debit,equifax,Restaurants and takeaway | Take Away,takeaway,Just Eat debit.
v3,train,Lidl,LIDL GB FAKENHAM  FAKENHAM,18.89,debit,equifax,Shopping (Household Essentials) | General Groceries,groceries,Lidl debit.
v3,train,Intrum,Direct debit INTRUM UK ************4639,10.0,debit,equifax,Financial Services | Debt Collection,debt_collection,Intrum UK direct debit.
v3,train,Translink,TRANSLINK FARE CHA TRANSLINK FARE CHARGE,4.0,debit,equifax,Commuting and travel | Trains and Coaches,public_transport_rail_coach,Translink NI fare debit.
v3,train,Play.com,my play play account to chidera's Account,2.0,credit,equifax,Transfers / Other | TV and Online Shopping,transfer_p2p,"Override prefill software: credit 'play account to chidera's Account' names a person; P2P memo, not Play.com/Google Play."
v3,iter_eval,Aldi,ALDI,8.23,debit,equifax,Shopping (Household Essentials) | General Groceries,groceries,Aldi debit.
v3,train,Sky Bet,CARD PAYMENT TO SKY BET ON 29-07-2023,5.0,debit,equifax,Gambling and Betting | Betting,gambling_betting,Sky Bet stake debit.
v3,iter_eval,Superdrug,SUPERDRUG STORES PLC CD 2390,2.49,debit,equifax,Personal Healthcare | General Health and Beauty,pharmacy,Superdrug debit.
v3,train,Revolut,BRADLEY AUSTIN    SENT FROM REVOLUT FP 02/12/24 1513  REV************1724,4.0,credit,equifax,Own Transfers | Bank Transfer,transfer_p2p,Credit SENT FROM REVOLUT by named person Bradley Austin; not own-account.
v3,train,Wetherspoon,Wetherspoon JD WETHERSPOON         Watford       GBR,13.29,debit,equifax,Restaurants and takeaway | Pubs and Bars,pub_bar,Wetherspoon debit.
v3,train,Lowell Financial,LOWELL PORTFOLIO 1,40.0,debit,equifax,Financial Services | Debt Collection,debt_collection,Lowell Portfolio debit.
v3,train,OneBelow,"ONE BELOW (VIA APPLE PAY), ON 30-01-2025",1.0,debit,equifax,Shopping (Household Essentials) | Discount Stores,discount_store,OneBelow discounter debit.
v3,iter_eval,TFL,Contactless Payment TFL TRAVEL CH,9.6,debit,equifax,Commuting and travel | Trains and Coaches,public_transport_rail_coach,TfL travel charge debit.
v3,train,McDonalds,MCDONALDS  ON 07 DEC CLP McDonald's,23.23,debit,equifax,Restaurants and takeaway | Take Away,takeaway,McDonald's debit.
v3,iter_eval,eBay,CARD PAYMENT TO EBAY O*02-10644-23339 ON 09-10-2023,5.44,debit,equifax,Shopping (Discretionary) | TV and Online Shopping,marketplace_general,eBay purchase debit.
v3,iter_eval,Tesco,CARD PAYMENT TO TESCO STORES 2742 ON 05-12-2023,33.75,debit,equifax,Shopping (Household Essentials) | General Groceries,groceries,Tesco supermarket debit.
v3,train,Bamboo Loans,"STANDING ORDER VIA FASTER PAYMENT TO BAMBOO LTD REFERENCE GCTB58LEATHER , MANDATE NO 0036",10.0,debit,equifax,Financial Services | Personal Loans,personal_loan_repayment,Bamboo Ltd standing order; unsecured personal lender.
v3,train,Post Office,POST OFFICE  08NOV,70.0,debit,equifax,Services | Delivery,unclassified_other,Override prefill government_services: Post Office £70 debit with no cash/bill/postage cue; do not guess.
v3,train,Competition Fox,COMPETITION FOX,6.0,debit,equifax,Gambling and Betting | Lottery,prize_competitions,"Competition Fox prize-draw platform, not licensed lottery."
v3,iter_eval,TFL,2224 03JUL24 C    TFL TRAVEL CH     TFL.GOV.UK/CP GB,3.5,debit,equifax,Commuting and travel | Trains and Coaches,public_transport_rail_coach,TfL travel charge debit.
v3,train,Co-op,CO-OP GROUP 010467,6.45,debit,equifax,Shopping (Household Essentials) | General Groceries,groceries,Co-op food debit.
v3,iter_eval,Cineworld,0004529903 4529903 Cineworld,10.99,debit,equifax,Entertainment | Cinema,cinema,Cineworld debit.
v3,train,Transferwise,Wise  ON 02 NOV BCC,995.69,debit,equifax,Transfers / Other | International Transfer,transfer_international,Wise debit £995.69.
v3,train,Esure Motor Insurance,ESURE MOTOR  P************1124 DDR,84.36,debit,equifax,Insurance | Motor Insurance,insurance_motor,Esure Motor Insurance debit; motor-only brand.
v3,iter_eval,United Utilities,UNITED UTILITIES W,18.17,debit,equifax,Utilities | Water Companies,water,United Utilities water debit.
v3,iter_eval,Ann Summers,ANN SUMMERS LTD  ON 27 FEB CLP,13.0,debit,equifax,Shopping (Household Essentials) | Gifts Flowers and Parties,adult_products,Ann Summers debit.
v3,train,ASDA,ASDA GROCERIES ONL ASDA GROCERIES ONLINE,3.07,credit,equifax,Transfers / Other | General Groceries,refund_received,Override prefill groceries: Asda Groceries Online CREDIT.
v3,iter_eval,Universal Credit,205G5270L DWP UC,809.64,credit,equifax,,benefits_state,DWP Universal Credit credit.
v3,iter_eval,Barclaycard,MR KRZYSZTOF DARDZ  ************7004 BBP Barclaycard,50.0,debit,equifax,Financial Services | Credit Cards,credit_card_repayment,Barclaycard debit (named cardholder).
v3,train,First South Yorkshire,FIRST SOUTH YORKSH FIRST SOUTH YORKSHIRE,2.0,debit,equifax,Commuting and travel | Trains and Coaches,public_transport_rail_coach,First South Yorkshire bus debit.
v3,train,McDonalds,0192 26NOV24 C    MCDONALDS 1100    SOUTHAMPTON GB,2.29,debit,equifax,Restaurants and takeaway | Take Away,takeaway,McDonald's debit.
v3,iter_eval,Tesco,Tesco Stores 5660,8.9,debit,equifax,Shopping (Household Essentials) | General Groceries,groceries,Tesco supermarket debit.
v3,train,Uber,UBER   *TRIP           Uber Uk Rides,16.95,debit,equifax,Commuting and travel | Taxis,taxi_rideshare,Uber *TRIP debit.
v3,train,tiktok,TikTok TikTok                 DUBLIN        IRL,4.32,debit,equifax,Services | Web Services,online_services,TikTok Dublin in-app debit; platform not shop.
v3,train,stripe,From Stripe Payments UK Ltd,23.7,credit,equifax,Transfers / Other | International Transfer,unclassified_other,Override prefill software: Stripe Payments UK Ltd CREDIT; processor payout vs refund not uniquely identifiable.
v3,iter_eval,TFL,TFL TRAVEL CH     TFL.GOV.UK/CP,1.75,debit,equifax,Commuting and travel | Trains and Coaches,public_transport_rail_coach,TfL travel charge debit.
v3,train,Elderbridge,2732 13SEP24      ELDERBRIDGE 8     NEWPORT GB,10.76,debit,equifax,Financial Services | Personal Loans,debt_collection,"Elderbridge Ltd card debit £10.76; Target Group loan-servicer/collector on legacy books, not a high-street lender origination."
v3,iter_eval,Which?,W1016052041 Which?,10.99,debit,equifax,"Books, Newspapers and Magazines | Magazines",magazines,Which? subscription debit.
v3,train,Rebtel,Rebtel SWEDEN ON 21 JAN CPM,10.0,debit,equifax,Shopping (Discretionary) | Mobile Handsets and Accessories,mobile_phone_contract,Rebtel is international calling / VoIP.
v3,train,Hewlett Packard (HP),PAYPAL *HPINCUKLIM PAYPAL *HPINCUKLIMI,3.99,debit,equifax,Shopping (Discretionary) | Computer Peripherals and Accessories,printing_supplies,PayPal *HP Instant Ink; underlying merchant is HP ink.
v3,iter_eval,adidas,ADIDASWWW.ADIDAS.C ADIDASWWW.ADIDAS.CO.UK,42.35,debit,equifax,Shopping (Fashion) | Sportswear,sportswear,adidas.co.uk debit.
v3,train,Tesco Fuel,6710 10NOV24 CD   TESCO PFS 4036    BROADSTAIRS GB,8.15,debit,equifax,Commuting and travel | Fuel,fuel,Tesco PFS (petrol filling station) debit.
v3,train,Discovery+,CARD PAYMENT TO DISCOVERY+ BASIC ON 28-11-2024,3.99,debit,equifax,"Utilities | Internet, TV and Phone",streaming,Discovery+ subscription debit.
v3,train,McDonalds,MCDONALDS McDonald's,2.19,debit,equifax,Restaurants and takeaway | Take Away,takeaway,McDonald's debit.
v3,train,Marks and Spencer,MARKS&SPENCER PLC,25.0,debit,equifax,Shopping (Fashion) | General Fashion,department_store,Marks & Spencer PLC debit (not Foodhall).
v3,train,Cornish Pasty Co.,Cornish Pasty Shop Cornish Pasty Shop     Brighton      GBR,6.8,debit,equifax,Restaurants and takeaway | Take Away,takeaway,Cornish Pasty Shop debit.
v3,train,Just Eat,Just Eat,18.58,debit,equifax,Restaurants and takeaway | Take Away,takeaway,Just Eat debit.
v3,train,ASDA,ASDA SUPERSTORE CD 1134,57.57,debit,equifax,Shopping (Household Essentials) | General Groceries,groceries,Asda supermarket debit.
v3,iter_eval,Costa,Contactless Payment COSTA COFFEE 43011762 GOOGLE 3899,6.5,debit,equifax,"Restaurants and takeaway | Restaurants, Cafes and Bistros",restaurant_cafe,Costa Coffee debit.
v3,train,Merkur Slots,MERKUR SLOTS  ON 03 NOV BCC,10.0,debit,equifax,Gambling and Betting | Poker and Casino Games,gambling_casino,Merkur Slots debit.
v3,train,Post Office,Post Office 19NOV,680.0,credit,equifax,Transfers / Other | Delivery,cash_deposit,Large Post Office credit with no postage/bill cue; treat as cash deposit.
v3,iter_eval,Hotel Chocolat,HOTEL CHOCOLAT,52.45,debit,equifax,"Restaurants and takeaway | Restaurants, Cafes and Bistros",confectionary,Hotel Chocolat debit; chocolate retail not a restaurant.
v3,iter_eval,Save the Pennies,SAVE THE PENNIES ************3360,2.31,debit,equifax,,savings_transfer,Save the Pennies round-up debit.
v3,train,William Hill,9756 14AUG24      WHO INTERNET      INTERNET GI,5.0,debit,equifax,Gambling and Betting | Betting,gambling_betting,William Hill (WHO Internet) stake debit.
v3,train,Post Office,Cash Deposit at Townhead Street Stevenston KA20 3AF GB Post Office Banking Services,20.0,credit,equifax,Cash Deposit | Delivery,cash_deposit,Narrative is Cash Deposit at a named Post Office.
v3,train,McDonalds,"WLT 77, Mcdonalds",7.21,debit,equifax,Restaurants and takeaway | Take Away,takeaway,McDonald's debit.
v3,train,Too Good To Go,"WLT 17, Toogoodtog Vc1Qppg5Z2S",5.98,debit,equifax,Shopping (Household Essentials) | Fairtrade and ethical products,takeaway,Too Good To Go surplus-meal debit; brief maps TGTG to takeaway not groceries.
v3,iter_eval,SPAR,SPAR STORE  ON 18 MAR CLP,5.08,debit,equifax,Shopping (Household Essentials) | General Groceries,groceries,SPAR symbol-group grocer debit.
v3,train,The Southern CO-OP,SOUTHERN CO-OP RET SOUTHERN CO-OP RETAIL,2.55,debit,equifax,Shopping (Household Essentials) | General Groceries,groceries,Southern Co-op retail food debit.
v3,train,EDF,Visa purchase EDF UK CARD PAYMENTS 2024-09-29,10.0,debit,equifax,Utilities | Energy Providers,energy,EDF debit.
v3,iter_eval,Playstation,CARD PAYMENT TO PLAYSTATIONNETWORK ON 07-12-2024,6.99,debit,equifax,Shopping (Discretionary) | PC and Console Games,gaming_console_pc,PlayStation Network debit.
v3,iter_eval,Bet365,BET365 CD 8137,5.0,debit,equifax,Gambling and Betting | Betting,gambling_betting,Bet365 stake debit.
v3,train,Morrisons,WM MORRISONS STORE  ON 27 FEB CLP,23.0,debit,equifax,Shopping (Household Essentials) | General Groceries,groceries,Morrisons supermarket debit.
v3,iter_eval,NISA,NISA,11.68,debit,equifax,Shopping (Household Essentials) | General Groceries,groceries,Nisa symbol-group grocer debit.
v3,iter_eval,Halifax,Paid with Starling Halifax account Wassim Hales,5.59,debit,equifax,Financial Services | Banks And Building Societies,transfer_p2p,"Override prefill mortgage: 'Paid with Starling Halifax account Wassim Hales' is a named-person transfer, not a Halifax mortgage."
v3,train,Link Financial,Direct debit LINK FINANCIAL ************2761,14.0,debit,equifax,Financial Services | Debt Collection,debt_collection,"Link Financial direct debit; collector, not LINK ATM."
v3,train,Premier Stores,Premier Shop Express Premier Shop Express   Blackpool     GBR,1.98,debit,equifax,Shopping (Discretionary) | Newsagents and Convenience Stores,groceries,Premier Shop Express; Premier is a listed symbol-group grocer.
v3,train,ASDA,Asda ASDA FULWOOD           PRESTON       GBR,17.48,debit,equifax,Shopping (Household Essentials) | General Groceries,groceries,Asda supermarket debit.
v3,iter_eval,Deliveroo,Visa purchase DELIVEROO 4516,16.69,debit,equifax,Restaurants and takeaway | Take Away,takeaway,Deliveroo debit.
v3,train,Blackpool Transport,Contactless Payment BLACKPOOL TRANSPORT SERVI,2.0,debit,equifax,Commuting and travel | Trains and Coaches,public_transport_rail_coach,Blackpool Transport debit.
v3,train,Co-op,CO-OP GROUP  FOOD CD 1934,3.66,debit,equifax,Shopping (Household Essentials) | General Groceries,groceries,Co-op food debit.
v3,train,tiktok,TIKTOK SHOP SELLER  ON 22 JUL CRM,8.02,credit,equifax,Transfers / Other | Web Services,income_other_unspecified,"TikTok Shop Seller CREDIT; seller payout on a non-Amazon marketplace (shop is in the narrative). Parent check: TIKTOK SHOP SELLER CREDIT is seller proceeds, not spend."
v3,train,Greggs,GREGGS PLC  ON 20 SEP CLP Greggs,2.6,debit,equifax,"Restaurants and takeaway | Restaurants, Cafes and Bistros",restaurant_cafe,Greggs debit.
v3,train,Iceland,3903 02NOV24      ICELAND FOODS     FLINTSHIRE GB     REFUND,5.69,credit,equifax,Refund | General Groceries,refund_received,Override prefill groceries: Iceland CREDIT with REFUND in the narrative.
v3,train,Ladbrokes,LC International L  ON 12 OCT BCC LC INTERNATIONAL LTD,10.0,debit,equifax,Gambling and Betting | Betting,gambling_betting,Ladbrokes (LC International) stake debit.
v3,train,Tesco Fuel,4200 22OCT24 CD   TESCO PFS 5570    SHROPSHIRE GB,4.5,debit,equifax,Commuting and travel | Fuel,fuel,Tesco PFS debit.
v3,train,E,WWW.E.ORG CD 1464,10.0,debit,equifax,Utilities | Energy Providers,energy,www.e.org energy debit.
v3,train,Marks and Spencer,M&S PLC - TRAFFORD CEN CD 2880,6.5,debit,equifax,Shopping (Fashion) | General Fashion,department_store,M&S Trafford Centre debit.
v3,train,Lowell Financial,LOWELL PORTFOLIO 1  ************8504 DDR Lowell Group,2.0,debit,equifax,Financial Services | Debt Collection,debt_collection,Lowell Group debit.
v3,train,Cabot,Standing order CABOT FINANCIAL EU ************8018,5.0,debit,equifax,Financial Services | Debt Collection,debt_collection,Cabot Financial standing order.
v3,train,Green Man,The Green Man CD 2323,13.75,debit,equifax,Restaurants and takeaway | Pubs and Bars,pub_bar,The Green Man pub debit.
v3,train,Revolut,Sent from Revolut,100.0,credit,equifax,Transfers / Other | Bank Transfer,transfer_bank_unspecified,Override prefill transfer_own_account: 'Sent from Revolut' CREDIT with no named person and no own-pot evidence; brief forbids assuming Revolut pots.
v3,iter_eval,Lebara,Lebara Mobile Limi  ON 12 AUG BCC LEBARA MOBILE LIMITED,1.99,debit,equifax,Utilities | Mobile Phone Contracts,mobile_phone_contract,Lebara Mobile debit.
v3,iter_eval,The National Lottery,CARD PAYMENT TO NATIONAL LOTTERY INTE ON 12-01-2024,6.0,debit,equifax,Gambling and Betting | Lottery,gambling_lottery,National Lottery debit.
v3,train,Currys,CURRYS RETAIL LTD,0.01,credit,equifax,Transfers / Other | General Electrical,refund_received,Override prefill electrical_goods: Currys CREDIT £0.01 is a retailer refund/adjustment.
v3,train,AliExpress,Aliexpress.com London GBR 2159,5.46,debit,equifax,Shopping (Discretionary) | TV and Online Shopping,marketplace_general,AliExpress debit; non-Amazon marketplace.
v3,iter_eval,Shoe Zone,SHOE ZONE  ON 09 JUL CLP Shoe Zone,12.99,debit,equifax,Shopping (Fashion) | Footwear,footwear,Shoe Zone debit.
v3,iter_eval,Pets at Home,PETS AT HOME LTD,15.0,debit,equifax,Pets | Pet Accessories,pet_supplies,Pets at Home debit.
v3,train,Uber,Uber UBR* PENDING.UBER.COM  London        GBR,8.75,credit,equifax,Identified Salary | Taxis,refund_received,"Uber CREDIT; native Identified Salary | Taxis and brief maps courier/taxi platform income to salary_gig (could be a pending-trip refund). Adversarial: UBR* PENDING.UBER.COM credit is a released rider auth, not driver pay. Identified Salary native is a known false positive here."
v3,train,SSE Airtricity,Visa purchase SSE AIRTRICITY,50.0,debit,equifax,Utilities | Energy Providers,energy,SSE Airtricity energy debit.
v3,train,Monzo,Sent from Monzo Megan Hancock,40.0,debit,equifax,Transfers / Other | Bank Transfer,transfer_p2p,Debit Sent from Monzo to named person Megan Hancock; not own-account.
v3,iter_eval,TFL,Transport for London TFL TRAVEL CH\VICTORIA STREET\TFL.GOV.UK/CP\SW1H 0TL     GBR,1.75,debit,equifax,Commuting and travel | Trains and Coaches,public_transport_rail_coach,TfL travel charge debit.
v3,train,B&M,5201 22JAN25 CD   B&M 092 - SWANSEA SWANSEA GB,2.0,debit,equifax,Shopping (Home) | Home Improvements,discount_store,B&M debit.
v3,train,Iceland,ICELAND,8.5,debit,equifax,Shopping (Household Essentials) | General Groceries,groceries,Iceland debit.
v3,iter_eval,eBay,FASTER PAYMENTS RECEIPT REF.EBAY P5660127888 T FROM ADYEN N.V.,9.29,credit,equifax,Transfers / Other | TV and Online Shopping,income_other_unspecified,"eBay seller payout via Adyen FPS credit. Parent check: eBay FPS receipt FROM ADYEN is seller payout, not marketplace spend."
v3,train,LTT Vending,LTT Vending Ltd LTT VENDING LIMITED    LEEDS         GBR,1.0,debit,equifax,Shopping (Discretionary) | Confectionary,confectionary,LTT Vending Ltd debit.
v3,train,Vodafone,"DIRECT DEBIT PAYMENT TO VODAFONE LTDDEVICE REF 1003551045, MANDATE NO 0059",21.0,debit,equifax,Utilities | Mobile Phone Contracts,mobile_handset,"Override prefill savings_transfer: Vodafone Ltd Device DD is the EVO handset loan, not savings."
v3,train,Ladbrokes,LC International L  ON 12 AUG BCC LC INTERNATIONAL LTD,7.6,debit,equifax,Gambling and Betting | Betting,gambling_betting,Ladbrokes stake debit.
v3,iter_eval,eBay,eBay O*22-12187-70 eBay O*22-12187-70566,32.99,debit,equifax,Shopping (Discretionary) | TV and Online Shopping,marketplace_general,eBay purchase debit.
v3,train,TK Maxx,Contactless Payment TK MAXX APPLEPAY 2568 2023-12-17,24.99,debit,equifax,Shopping (Fashion) | General Fashion,department_store,TK Maxx is an off-price department store.
v3,train,Zara,ZARA VIVO CLUJ C8 RON         199.90 VISAXR   5.74590 CD 1636 08SEP23,34.79,debit,equifax,Shopping (Fashion) | General Fashion,clothing_general,"Zara Cluj (RON) converted debit; identifiable clothing merchant, not foreign_spend_unspecified."
v3,iter_eval,Deliveroo,DELIVEROO  ON 10 DEC CPM,18.78,debit,equifax,Restaurants and takeaway | Take Away,takeaway,Deliveroo debit.
v3,train,McDonalds,MCDONALDS,14.26,debit,equifax,Restaurants and takeaway | Take Away,takeaway,McDonald's debit.
v3,train,Allpay,ALLPAY *THE RIVERSLIVERPOOL,22.0,debit,equifax,,rent,Allpay *THE RIVERS Liverpool; The Riverside Group is a Liverpool housing association.
v3,train,Home Bargains,Home Bargains HOME BARGAINS          CLEVELYS      GBR,6.58,debit,equifax,Shopping (Home) | Home Accessories,discount_store,Home Bargains debit.
v3,train,Play.com,my play play account to chidera's Account,1.0,credit,equifax,Transfers / Other | TV and Online Shopping,transfer_p2p,Override prefill software: credit to chidera's Account; named-person P2P memo.
v3,iter_eval,Universal Credit,"BANK GIRO CREDIT REF 202F44E3D DWP UC, ************7866",1494.85,credit,equifax,,benefits_state,DWP Universal Credit credit.
v3,train,Marketplace,Visa purchase AMZNMktplace*5H99N9I05 2306,11.94,debit,equifax,Amazon All | Amazon,marketplace_amazon,Amazon Marketplace debit.
v3,iter_eval,Tesco,TESCO STORES 2964 CARLTON,12.09,debit,equifax,Shopping (Household Essentials) | General Groceries,groceries,Tesco supermarket debit.
v3,iter_eval,Uber Eats,Uber Eats UBER   * EATS PENDING  London        GBR,13.56,debit,equifax,Restaurants and takeaway | Take Away,takeaway,Uber Eats debit.
v3,train,ASDA,9675 20DEC24 CD   ASDA STORES       MANCHESTER GB,6.15,debit,equifax,Shopping (Household Essentials) | General Groceries,groceries,Asda supermarket debit.
v3,train,Poundland,Poundland LTD - 1760 from AVAILABLE  Pot POUNDLAND LTD - 1760   SOUTHEND      GBR,8.3,debit,equifax,Shopping (Household Essentials) | Discount Stores,discount_store,Poundland debit.
v3,iter_eval,Uber Eats,UBER   *EATS,15.58,debit,equifax,Restaurants and takeaway | Take Away,takeaway,Uber Eats debit.
v3,train,Paddy Power,Paddy Power,10.0,debit,equifax,Gambling and Betting | Betting,gambling_betting,Paddy Power stake debit.
v3,iter_eval,Child Benefits,"BANK GIRO CREDIT REF DWPCMSGB2012SCHEME, 710035310200",29.46,credit,equifax,,income_other_unspecified,"Override prefill benefits_state: DWPCMSGB2012SCHEME is Child Maintenance Service 2012, a credit of maintenance received (R15), not HMRC Child Benefit."
v3,iter_eval,Deliveroo,Deliveroo         LONDON,12.69,debit,equifax,Restaurants and takeaway | Take Away,takeaway,Deliveroo debit.
v3,train,Greggs,GREGGS PLC  ON 10 SEP CPM Greggs,2.5,debit,equifax,"Restaurants and takeaway | Restaurants, Cafes and Bistros",restaurant_cafe,Greggs debit.
v3,train,EE Mobile,EE LIMITED,97.11,debit,equifax,Utilities | Mobile Phone Contracts,mobile_phone_contract,EE Limited debit.
v3,iter_eval,Child Benefits,HMRC CHILD BENEFIT,170.2,credit,equifax,,benefits_state,HMRC Child Benefit credit.
v3,iter_eval,Costa,COSTA COFFEE 43011 COSTA COFFEE 43011438,4.5,debit,equifax,"Restaurants and takeaway | Restaurants, Cafes and Bistros",restaurant_cafe,Costa Coffee debit.
v3,train,British Gas,"BRITISH GAS TRADING LT (VIA APPLE PAY), ON 13-11-2023",5.0,debit,equifax,Utilities | Energy Providers,energy,British Gas debit.
v3,train,Boots,BOOTS 1014  ON 18 SEP CLP,1.65,debit,equifax,Personal Healthcare | General Health and Beauty,pharmacy,Boots debit.
v3,iter_eval,TV Licensing ,"DIRECT DEBIT PAYMENT TO TV LICENCE MBP REF 3874296499, MANDATE NO 0051",13.25,debit,equifax,Utilities | TV Licences,tv_licence,TV Licence MBP direct debit.
v3,train,Savers Health,SAVERS HEALTH & BE SAVERS HEALTH & BEAUTY,2.25,debit,equifax,Personal Healthcare | Skin and Hair Care,health_beauty_general,"Savers Health & Beauty; beauty-led, not pharmacy."
v3,train,McDonalds,MCDONALDS McDonald's,3.98,debit,equifax,Restaurants and takeaway | Take Away,takeaway,McDonald's debit.
v3,iter_eval,Burger King,BURGER KING CD 1213,10.98,debit,equifax,Restaurants and takeaway | Take Away,takeaway,Override prefill refund_received: Burger King debit cannot be a refund.
v3,train,Uber,Uber UBER   *TRIP           London        GBR,8.95,debit,equifax,Commuting and travel | Taxis,taxi_rideshare,Uber *TRIP debit.
v3,train,SAAS Payments,Scot Exec Saas SCOT EXEC SAAS,200.0,credit,equifax,,income_other_unspecified,"Override prefill education_general: Scot Exec SAAS CREDIT is a Student Awards Agency Scotland bursary inflow, not education spend. Adversarial: SAAS student funding is not DWP/HMRC benefits_state. Honest income residual."
v3,iter_eval,Home Retail,HOME RETAIL GROUP CD 8726,150.0,debit,equifax,Shopping (Home) | Home Accessories,catalogue_retail,"Override prefill home_accessories: Home Retail Group is Argos Card / HRG Card Services; £150 round debit is store-card repayment. Adversarial: HOME RETAIL GROUP with shopping native and no Card Services/DDR cue is Argos spend, not store-card repayment. Aligned with rows 426 and 1332."
v3,iter_eval,Costcutter,PPOINT_*COSTCUTTER PPOINT_*COSTCUTTER (DUNST,6.43,debit,equifax,Shopping (Household Essentials) | General Groceries,groceries,Costcutter symbol-group grocer (via PayPoint) debit.
v3,iter_eval,Tesco,NYA*Tesco Nya*tesco,1.0,debit,equifax,Shopping (Household Essentials) | General Groceries,unclassified_other,Override prefill groceries: NYA*Tesco is Nayax unattended (vending or Tesco-garage air/jetwash); narrative does not pick one.
v3,train,Moriarty Law Limited,MORIARTY LAW - VT  ON 17 DEC BCC,9.81,debit,equifax,Financial Services | Debt Collection,debt_collection,Moriarty Law VT debit; debt-recovery practice not generic legal.
v3,train,Vanquis Bank,************1128 ************1128 Vanquis Bank Ltd,20.0,debit,equifax,Financial Services | Credit Cards,credit_card_repayment,Vanquis Bank debit.
v3,train,Mircosoft,Microsoft*Ultimate Microsoft*Ultimate 1 Mont,12.99,debit,equifax,Shopping (Discretionary) | Software,gaming_console_pc,Override prefill software: Microsoft*Ultimate is Xbox Game Pass Ultimate.
v3,iter_eval,SPAR,SPAR TRINITY,6.33,debit,equifax,Shopping (Household Essentials) | General Groceries,groceries,SPAR Trinity symbol-group grocer debit.
v3,iter_eval,The National Lottery,The National Lottery NATIONAL LOTTERY       LONDON        GBR,15.0,debit,equifax,Gambling and Betting | Lottery,gambling_lottery,National Lottery debit.
v3,train,Barclays,WEI CHUA  FROM MY BARCLAYS STO,150.0,debit,equifax,Financial Services | Banks And Building Societies,transfer_p2p,"Override prefill mortgage: WEI CHUA FROM MY BARCLAYS STO is a named-person transfer, not a mortgage."
v3,iter_eval,TFL,Transport for London TFL TRAVEL CH\VICTORIA STREET\TFL.GOV.UK/CP\SW1H 0TL     GBR,8.5,debit,equifax,Commuting and travel | Trains and Coaches,public_transport_rail_coach,TfL travel charge debit.
v3,train,Certas Energy,Certas Energy,1.5,debit,equifax,Utilities | Energy Providers,fuel,Certas Energy £1.50 debit; brief: Certas at a pump is fuel (too small for a heating-oil delivery).
v3,iter_eval,Aqua,To Aqua,136.47,debit,equifax,Financial Services | Credit Cards,credit_card_repayment,Aqua (NewDay) credit-card debit.
v3,train,Specsavers,SPECSAVERS,18.0,debit,equifax,Personal Healthcare | Glasses and Contact Lenses,optician,Specsavers debit.
v3,train,McDonalds,2011 12DEC23 CD   MCDONALDS 429     LONDON GB,6.88,debit,equifax,Restaurants and takeaway | Take Away,takeaway,McDonald's debit.
v3,train,Clearpay,CLEARPAY,6.06,debit,equifax,Financial Services | BNPL,bnpl,Clearpay debit; no underlying shop.
v3,iter_eval,Dominos Pizza,DOMINO S PIZZA,27.95,debit,equifax,Restaurants and takeaway | Take Away,takeaway,Domino's Pizza debit.
v3,train,Morrisons,WM MORRISONS STORE373 COLINDALE,22.04,debit,equifax,Shopping (Household Essentials) | General Groceries,groceries,Morrisons supermarket debit.
v3,train,TheTrainLine,Trainline Trainline.Com          London        GBR,12.0,debit,equifax,Commuting and travel | Trains and Coaches,public_transport_rail_coach,Trainline debit.
v3,train,Marks and Spencer Food,MARKS&SPENCER PLC MARKS&SPENCER PLC SACA,13.37,debit,equifax,Shopping (Household Essentials) | General Groceries,groceries,M&S Foodhall (SACAT) debit.
v3,train,Arriva,CARD PAYMENT TO ARRIVA DURHAM COUNTY L ON 14-07-2024,2.0,debit,equifax,Commuting and travel | Trains and Coaches,public_transport_rail_coach,Arriva Durham County bus debit.
v3,train,Vodafone,0133 19JUL24      VODAFONE LTD      DEVICE            VODAFONE.COM GB,27.0,debit,equifax,Utilities | Mobile Phone Contracts,mobile_handset,Override prefill savings_transfer: Vodafone Ltd Device is the handset loan DD.
v3,train,Paypal,Direct debit PAYPAL PAYMENT 609242 40317401,26.33,debit,equifax,Shopping (Discretionary) | E-Commerce Payment System,payment_intermediary,PayPal direct debit; underlying merchant not identifiable.
v3,train,GiffGaff.com,Visa purchase giffgaff 1929,12.0,debit,equifax,Utilities | Mobile Phone Contracts,mobile_phone_contract,giffgaff debit.
v3,train,Clearpay,CLEARPAY,8.96,debit,equifax,Financial Services | BNPL,bnpl,Clearpay debit.
v3,iter_eval,Uber Eats,Visa purchase UBER *EATS,23.77,debit,equifax,Restaurants and takeaway | Take Away,takeaway,Uber Eats debit.
v3,train,Seasons Kitchen,SEASONS KITCHEN AN SEASONS KITCHEN AND FA,2.9,debit,equifax,"Restaurants and takeaway | Restaurants, Cafes and Bistros",restaurant_cafe,Seasons Kitchen and Farm Shop £2.90; amount is cafe-like rather than a grocery shop.
v3,train,ASDA,ASDA STORES 4430  ON 22 SEP CLP,24.84,debit,equifax,Shopping (Household Essentials) | General Groceries,groceries,Asda supermarket debit.
v3,train,BP,BP CLEVEDON SF CON  ON 19 NOV CPM BP CLEVEDON SF CONNECT,20.58,debit,equifax,Commuting and travel | Fuel,fuel,BP Clevedon SF Connect forecourt debit.
v3,train,Clearpay,Clearpay Clearpay\125 Kingsway\clearpay.co.u\WC2B 6NH  GBRGBR,4.57,credit,equifax,Financial Services | BNPL,refund_received,"Override prefill bnpl: Clearpay CREDIT is a BNPL refund, not a repayment."
v3,train,Revolut,REVOLUT *SHREY ASH REVOLUT *SHREY ASHOK CHAK,50.0,credit,equifax,Transfers / Other | Bank Transfer,transfer_p2p,"Revolut *SHREY ASHOK CHAK CREDIT; named person, not own-account."
v3,train,Sky Bet,WWW.SKYBET.COM  ON 01 DEC BCC,10.0,debit,equifax,Gambling and Betting | Betting,gambling_betting,Sky Bet stake debit.
v3,train,tiktok,"TIKTOK SHOP SELLER (VIA APPLE PAY), ON 30-10-2024",2.99,debit,equifax,Services | Web Services,marketplace_general,Override prefill online_services: TikTok Shop Seller debit; shop is in the narrative so marketplace_general.
v3,train,Texaco,TEXACO DINAS POWYS,3.35,debit,equifax,Commuting and travel | Fuel,fuel,Texaco Dinas Powys forecourt debit.
v3,iter_eval,Tesco,9156 20FEB25 C    TESCO STORES 3377 WESTON FAVELL GB,1.95,debit,equifax,Shopping (Household Essentials) | General Groceries,groceries,Tesco supermarket debit.
v3,iter_eval,FoodHub,FoodHub,50.6,debit,equifax,Restaurants and takeaway | Take Away,takeaway,FoodHub takeaway-ordering debit.
v3,iter_eval,Uber Eats,PAYPAL *UBER EATS EndToEndID: NOTPROVIDED,16.88,debit,equifax,Restaurants and takeaway | Take Away,takeaway,PayPal *Uber Eats; underlying is Uber Eats.
v3,iter_eval,Aldi,CARD PAYMENT TO ALDI 54 778 ON 14-10-2024,10.34,debit,equifax,Shopping (Household Essentials) | General Groceries,groceries,Aldi debit.
v3,train,Lidl,Contactless Payment LIDL GB STOKE GIFFORD APPLEPAY 8175,10.76,debit,equifax,Shopping (Household Essentials) | General Groceries,groceries,Lidl debit.
v3,train,Co-op,CO-OP GROUP 070724HOVE (SF),3.0,debit,equifax,Shopping (Household Essentials) | General Groceries,groceries,Co-op Hove food debit.
v3,train,tiktok,4551 06SEP24  D   TIKTOK SHOP SELLERLONDON GB,14.6,debit,equifax,Services | Web Services,marketplace_general,Override prefill online_services: TikTok Shop Seller debit; marketplace not the TikTok app.
v3,iter_eval,Tesco,TESCO STORES 5936  ON 28 MAR BCC Tesco,1.15,credit,equifax,Transfers / Other | General Groceries,refund_received,Override prefill groceries: Tesco CREDIT.
v3,train,Yates,Vicki Yates Shania Yates,30.0,credit,equifax,Transfers / Other | Pubs and Bars,transfer_p2p,"Vicki Yates / Shania Yates credit; named people, not Yates's pub."
v3,train,Scotmid Co-Op,Scotmid Co-operative SCOTMID COOP           NORTH EDINBUR GBR,14.45,debit,equifax,Shopping (Household Essentials) | General Groceries,groceries,Scotmid Co-op food debit.
v3,train,Apple App Store,APPLE.COM/BILL,1.99,debit,equifax,Shopping (Discretionary) | Music and Downloads,software,Apple.com/bill debit.
v3,iter_eval,Child Tax Credit,ISOBEL CARSON CHILD TAX CREDIT EndToEndID: NOTPROVIDED,344.51,credit,equifax,,benefits_state,Child Tax Credit credit £344.51; Isoebel Carson is the claimant name on a CTC payment.
v3,train,Play.com,Visa purchase GOOGLE *Google Play Ap,4.49,debit,equifax,Shopping (Discretionary) | TV and Online Shopping,software,Google Play Apps debit (Equifax merchant Play.com).
v3,train,One Stop,"ONE STOP 6416 (VIA APPLE PAY), ON 20-10-2024",4.4,debit,equifax,Shopping (Discretionary) | Newsagents and Convenience Stores,convenience_store,One Stop convenience chain debit.
v3,train,ASDA,Asda Store 4733,7.1,debit,equifax,Shopping (Household Essentials) | General Groceries,groceries,Asda supermarket debit.
v3,train,Play.com,GOOGLE Google Play  ON 20 OCT BCC,1.99,debit,equifax,Shopping (Discretionary) | TV and Online Shopping,software,Google Play debit.
v3,train,Topshop,TOP SHOP,7.2,debit,equifax,Shopping (Fashion) | General Fashion,clothing_womens,Topshop debit.
v3,iter_eval,Playstation,PLAYSTATIONNETWORK  ON 22 DEC BCC,44.99,debit,equifax,Shopping (Discretionary) | PC and Console Games,gaming_console_pc,PlayStation Network debit.
v3,iter_eval,NISA,NISA LOCAL  ON 13 NOV CLP Nisa,11.0,debit,equifax,Shopping (Household Essentials) | General Groceries,groceries,Nisa Local symbol-group grocer debit.
v3,train,Save The Change,SAVE THE CHANGE,1.91,debit,equifax,,savings_transfer,Save the Change round-up debit.
v3,iter_eval,Deliveroo, Roofoods Limited,51.64,credit,equifax,Transfers / Other | Take Away,unclassified_other,"Override prefill takeaway: Roofoods Limited (Deliveroo) CREDIT could be order refund, rider pay, or restaurant settlement; not unique."
v3,train,One Stop,CARD PAYMENT TO ONE STOP 6416 ON 14-10-2024,7.95,debit,equifax,Shopping (Discretionary) | Newsagents and Convenience Stores,convenience_store,One Stop debit.
v3,iter_eval,TFL,TFL TRAVEL CH  ON 04 NOV CLP,3.6,debit,equifax,Commuting and travel | Trains and Coaches,public_transport_rail_coach,TfL travel charge debit.
v3,train,ASDA,NYA*Asda  ON 15 DEC CLP,3.0,debit,equifax,Shopping (Household Essentials) | General Groceries,unclassified_other,Override prefill groceries: NYA*Asda is Nayax unattended (vending vs air/jetwash); do not rubber-stamp Asda groceries.
v3,iter_eval,Child Tax Credit,CHILD TAX CREDIT,135.41,credit,equifax,,benefits_state,Child Tax Credit credit.
v3,train,Sainsbury's,Contactless Payment SAINSBURYS S/MKTS 2024-07-14,13.0,debit,equifax,Shopping (Household Essentials) | General Groceries,groceries,Sainsbury's supermarket debit.
v3,iter_eval,Home Retail,HOME RETAIL GROUP,18.13,debit,equifax,Shopping (Home) | Home Accessories,catalogue_retail,Override prefill home_accessories: Home Retail Group is Argos Card / HRG Card Services. Adversarial: same Home Retail Group shopping debit as row 426 → catalogue_retail.
v3,train,Morrisons,W M MORRISON STORE,6.75,debit,equifax,Shopping (Household Essentials) | General Groceries,groceries,Morrisons supermarket debit.
v3,train,Morrisons,WM MORRISONS STORE,34.2,debit,equifax,Shopping (Household Essentials) | General Groceries,groceries,Morrisons supermarket debit.
v3,train,Apple App Store,PAYPAL *APPLE.COM/  ON 26 NOV BCC,2.99,debit,equifax,Shopping (Discretionary) | Music and Downloads,software,PayPal *Apple.com/bill; underlying is Apple.
v3,iter_eval,Remitly,THIRD PARTY PAYMENT MADE VIA FASTER PAYMENT TO REMITLY UK REFERENCE R15637552497 SANTANDER REFERENCE R15637552497,60.0,debit,equifax,Transfers / Other | International Transfer,transfer_international,Remitly UK faster payment debit.
v3,train,Leo Vegas Casino,LeoVegas,10.0,debit,equifax,Gambling and Betting | Poker and Casino Games,gambling_casino,LeoVegas casino debit.
v3,iter_eval,eBay,eBay O*11-12272-23 eBay O*11-12272-23789,9.0,credit,equifax,Transfers / Other | TV and Online Shopping,refund_received,"Override prefill marketplace_general: eBay O* CREDIT uses the same purchase descriptor as card spend, so a purchase refund not a seller payout."
v3,train,McDonalds,PAYPAL *MCDONALDS  ON 10 NOV BCC PAYPAL *MCDONALDS 8260,1.49,debit,equifax,Restaurants and takeaway | Take Away,takeaway,PayPal *McDonald's debit.
v3,iter_eval,Tesco,TESCO STORES 6452    )))) EndToEndID: NOTPROVIDED,16.5,debit,equifax,Shopping (Household Essentials) | General Groceries,groceries,Tesco supermarket debit.
v3,iter_eval,Matalan,CARD PAYMENT TO MATALAN STORE 271 ON 29-10-2024,35.0,debit,equifax,Shopping (Discretionary) | Department Stores,clothing_general,Matalan store debit; clothing not a department store.
v3,iter_eval,Bet365,BET365  ON 10 JAN BCC bet365,10.0,debit,equifax,Gambling and Betting | Betting,gambling_betting,Bet365 stake debit.
v3,train,Sky,SKY TV  ************5744 DDR,56.0,debit,equifax,"Utilities | Internet, TV and Phone",broadband_tv_phone,Sky TV direct debit.
v3,train,Greggs,"GREGGS PLC (VIA APPLE PAY), ON 15-09-2023",4.25,debit,equifax,"Restaurants and takeaway | Restaurants, Cafes and Bistros",restaurant_cafe,Greggs debit.
v3,train,Motor Fuel Group,"MFG NETHERTON (VIA APPLE PAY), ON 05-10-2024",12.65,debit,equifax,Commuting and travel | Fuel,fuel,MFG Netherton forecourt debit.
v3,train,Paddy Power,PP ONLINE  ON 30 AUG BCC,10.0,debit,equifax,Gambling and Betting | Betting,gambling_betting,Paddy Power Online stake debit.
v3,train,Three,H3G,22.0,debit,equifax,Utilities | Mobile Phone Contracts,mobile_phone_contract,Three (H3G) debit.
v3,train,The Southern CO-OP,SOUTHERN CO-OP RET  ON 28 FEB CLP,3.5,debit,equifax,Shopping (Household Essentials) | General Groceries,groceries,Southern Co-op food debit.
v3,train,Revolut,RIZWAAN SHARIFI SENT FROM REVOLUT REV************5120,25.0,credit,equifax,Transfers / Other | Bank Transfer,transfer_p2p,Credit SENT FROM REVOLUT by named person Rizwaan Sharifi; not own-account.
v3,train,Smarty,5029 29JAN25      SMARTY CO UK      MAIDENHEAD GB,16.0,debit,equifax,Utilities | Mobile Phone Contracts,mobile_phone_contract,Smarty mobile debit.
v3,train,Uber,Uber UBR* PENDING.UBER.COM \Aldgate Tower First Floor                    \LONDON       \E1 8FA    ENGGBR,9.94,debit,equifax,Commuting and travel | Taxis,taxi_rideshare,Uber pending trip debit.
v3,train,DVLA,DVLA-SN03DCN  ************8930 DDR,15.75,debit,equifax,Automotive | Road Tax,road_tax,DVLA vehicle-reg direct debit; VED instalment.
v3,train,Virgin Active,To Virgin Active,78.0,debit,equifax,Personal Healthcare | Gyms And Health Clubs,gym_fitness,Virgin Active debit.
v3,iter_eval,Tesco,TESCO STORES 5437,58.47,debit,equifax,Shopping (Household Essentials) | General Groceries,groceries,Tesco supermarket debit.
v3,train,Heron Foods,HERON FOODS GATESH HERON FOODS GATESHEAD,3.84,debit,equifax,Shopping (Household Essentials) | General Groceries,groceries,Heron Foods food discounter debit.
v3,train,Sainsbury's Petrol,"SAINSBURYS PETROL (VIA APPLE PAY), ON 07-08-2024",42.17,debit,equifax,Commuting and travel | Fuel,fuel,Sainsbury's Petrol forecourt debit.
v3,iter_eval,Deliveroo,4337 02NOV24  D   DELIVEROO         LONDON GB,15.39,debit,equifax,Restaurants and takeaway | Take Away,takeaway,Deliveroo debit.
v3,iter_eval,HSBC,RYAN HSBC,20.0,debit,equifax,Financial Services | Banks And Building Societies,financial_institution_unspecified,Ryan HSBC debit; person vs HSBC product not unique — same pattern as idx 127.
v3,train,Prime,Amazon Prime*MP9VE  ON 13 AUG BCC,0.99,debit,equifax,Amazon All | Amazon,streaming,Amazon Prime debit.
v3,train,Lidl,LIDL GB  NORMANTON CD 2880,5.04,debit,equifax,Shopping (Household Essentials) | General Groceries,groceries,Lidl debit.
v3,train,studio.co.uk,Studio WWW.STUDIO.CO.UK       ACCRINGTON    GBR,67.63,debit,equifax,Financial Services | Retail Finance,retail_finance_repayment,studio.co.uk Accrington debit; native Retail Finance and Studio is catalogue credit (Freemans-style).
v3,train,Capital One,Transfer to Capital One,50.0,debit,equifax,Financial Services | Credit Cards,credit_card_repayment,Capital One transfer debit.
v3,iter_eval,Bet365,BET365 CD 8137,8.03,debit,equifax,Gambling and Betting | Betting,gambling_betting,Bet365 stake debit.
v3,train,Co-op,CO-OP GROUP 108034  ON 26 APR CLP,11.1,debit,equifax,Shopping (Household Essentials) | General Groceries,groceries,Co-op food debit.
v3,train,Sainsbury's,4267 01NOV24 CD   SAINSBURY'S S/MKT DENTON GB,12.0,debit,equifax,Shopping (Household Essentials) | General Groceries,groceries,Sainsbury's supermarket debit.
v3,iter_eval,TFL,Tfl Travel Charge,1.75,debit,equifax,Commuting and travel | Trains and Coaches,public_transport_rail_coach,TfL travel charge debit.
v3,train,Argos,Klarna*argos  ON 20 DEC BCC KLARNA*ARGOS,13.65,debit,equifax,Shopping (Discretionary) | General Catalogues,catalogue_retail,"Klarna*Argos debit; underlying merchant is Argos, not BNPL."
v3,iter_eval,NatWest,From N Layadi Natwest account Savanah Scozzai,20.0,debit,equifax,Financial Services | Banks And Building Societies,transfer_p2p,"Override prefill mortgage: From N Layadi NatWest account Savanah Scozzai — named people, not a NatWest mortgage."
v3,iter_eval,BetVictor,BETVICTOR LTD GIBRALTAR ON 21 SEP BCC,5.0,debit,equifax,Gambling and Betting | Betting,gambling_betting,BetVictor stake debit.
v3,train,Marketplace,AMZNMktplace*T971K  ON 19 NOV BCC AMZNMKTPLACE,15.65,debit,equifax,Amazon All | Amazon,marketplace_amazon,Amazon Marketplace debit.
v3,train,Zilch,ZILCH *      INSTALMEN Zilch.,3.01,debit,equifax,Financial Services | BNPL,bnpl,Zilch instalment; no underlying shop.
v3,train,Co-op,CENTRAL ENGLAND CO OPE Central Co-op Food,2.0,debit,equifax,Shopping (Household Essentials) | General Groceries,groceries,Central England Co-op Food debit.
v3,iter_eval,Tesco,TESCO STORES 3333 CD 1636,52.0,debit,equifax,Shopping (Household Essentials) | General Groceries,groceries,Tesco supermarket debit.
v3,train,Morrisons,MORRISONS DAILY CD 6080,8.6,debit,equifax,Shopping (Household Essentials) | General Groceries,groceries,Morrisons Daily food-shop debit.
v3,train,Zilch,ZILCH INSTALMENT,9.99,debit,equifax,Financial Services | BNPL,bnpl,Zilch instalment.
v3,train,Lidl,LIDL GB DERBY  ON 29 JAN CPM Lidl,9.74,debit,equifax,Shopping (Household Essentials) | General Groceries,groceries,Lidl debit.
v3,train,Simply Local,SIMPLY LOCAL CD 1134,6.03,debit,equifax,Shopping (Discretionary) | Newsagents and Convenience Stores,convenience_store,Simply Local is an independent convenience fascia (Nisa/Premier affiliates and unaffiliated corner shops); native newsagents/convenience; not a named supermarket.
v3,train,Just Eat,Just Eat,13.34,debit,equifax,Restaurants and takeaway | Take Away,takeaway,Just Eat takeaway order.
v3,train,Ladbrokes,LC INTERNATIONAL L LC INTERNATIONAL LTD,20.0,debit,equifax,Gambling and Betting | Betting,gambling_betting,LC International is Ladbrokes Coral online betting.
v3,train,Clearpay,Clearpay,12.5,debit,equifax,Financial Services | BNPL,bnpl,Clearpay instalment; no underlying shop in the narrative.
v3,train,Play.com,RACHELLE DAWSON  SOFT PLAY FT,20.0,debit,equifax,Shopping (Discretionary) | TV and Online Shopping,transfer_p2p,"Override prefill software. Merchant token Play.com is a collision; narrative is a faster payment to named person Rachelle Dawson for soft play, not the defunct retailer."
v3,train,Paddy Power,Paddy Power,50.0,debit,equifax,Gambling and Betting | Betting,gambling_betting,Paddy Power bookmaker debit.
v3,train,Clearpay,CARD PAYMENT TO CLEARPAY ON 01-01-2025,10.98,debit,equifax,Financial Services | BNPL,bnpl,Clearpay card payment; no underlying shop.
v3,train,Marks and Spencer Food,M&S MARKS&SPENCER PLC SF   NANTWICH      GBR,55.95,debit,equifax,Shopping (Household Essentials) | General Groceries,groceries,M&S Food supermarket grocery spend.
v3,train,Uber,Uber UBER   * PENDING       London        GBR,4.99,debit,equifax,Commuting and travel | Taxis,taxi_rideshare,Uber trip pending; not Eats.
v3,train,PayL8r,PAYL8R.COM CD 2390,49.8,debit,equifax,Financial Services | BNPL,bnpl,Payl8r BNPL; no identifiable shop.
v3,train,Krispy Kreme,Contactless Payment Krispy Kreme Doughnuts KK,8.65,debit,equifax,Shopping (Discretionary) | Confectionary,restaurant_cafe,"Krispy Kreme is a doughnut cafe chain (eat-in/counter), closer to restaurant_cafe than a confectionery shop."
v3,train,Apple App Store,2011 31OCT23  D   APPLE.COM/BILL    APPLE.COM/BIL IE,6.99,debit,equifax,Shopping (Discretionary) | Music and Downloads,software,Apple.com/bill in-app/subscription charge; product not distinguishable.
v3,iter_eval,Deliveroo,DELIVEROO,15.83,debit,equifax,Restaurants and takeaway | Take Away,takeaway,Deliveroo takeaway order.
v3,train,Lidl,Contactless Payment LIDL GB NEW STEVENSTON GOOGLE 3793,33.3,debit,equifax,Shopping (Household Essentials) | General Groceries,groceries,Lidl food discounter grocery spend.
v3,train,Stagecoach,7707 08DEC23 CD   STAGECOACH        SERVICES          STOCKPORT GB,1.1,debit,equifax,Commuting and travel | Trains and Coaches,public_transport_rail_coach,Stagecoach bus fare.
v3,iter_eval,Child Benefits,DWPCMSGB2012SCHEME,19.18,credit,equifax,,income_other_unspecified,"Override prefill benefits_state. DWPCMSGB2012SCHEME is Child Maintenance Service Collect & Pay received, not Child Benefit. CMS credit → income_other_unspecified (R15)."
v3,train,Currys,7536 30NOV24      CURRYS ONLINE     HEMEL HEMPSTE GB,388.99,debit,equifax,Shopping (Discretionary) | General Electrical,electrical_goods,Currys Online electrical purchase.
v3,train,Trading 212,4DpM1pBOY3c Trading Twoonetwo,3.0,debit,equifax,Investments and Trading | Trading,investment_trading,Trading 212 investment platform debit.
v3,iter_eval,TFL,TFL TRAVEL CH  ON 25 JAN CLP,3.3,debit,equifax,Commuting and travel | Trains and Coaches,public_transport_rail_coach,TfL travel charge.
v3,train,ASDA,Asda ASDA SUPERSTORE        GOVAN         GBR,12.9,debit,equifax,Shopping (Household Essentials) | General Groceries,groceries,Asda superstore grocery spend.
v3,train,Post Office,ST HELENS POST OFF ST HELENS POST OFFICE,3.73,debit,equifax,Services | Delivery,delivery_courier,"Override prefill government_services. Post Office counter purchase is postage/parcels, not a government service."
v3,train,Chopstix,CHOPSTIX  ON 29 JAN CLP,8.0,debit,equifax,Restaurants and takeaway | Take Away,takeaway,Chopstix noodle takeaway.
v3,train,Savers Health,SAVERS HEALTH & BE SAVERS HEALTH & BEAUTY,12.17,debit,equifax,Personal Healthcare | Skin and Hair Care,health_beauty_general,"Savers is beauty-led health retail, not a pharmacy."
v3,iter_eval,Universal Credit,201444S39 DWP UC,1230.22,credit,equifax,,benefits_state,DWP Universal Credit credit.
v3,iter_eval,Moonpig,Visa purchase MOONPIG,7.98,debit,equifax,Shopping (Household Essentials) | Gifts Flowers and Parties,gifts_flowers,Moonpig personalised cards/gifts.
v3,iter_eval,Asda (Petrol),ASDA PETROL 5131,2.94,debit,equifax,Commuting and travel | Fuel,fuel,Asda Petrol forecourt; tiny amount still fuel.
v3,train,Capital One,To Capital One,189.57,debit,equifax,Financial Services | Credit Cards,credit_card_repayment,Capital One credit-card repayment.
v3,train,Stoke on Trent City Council,STOKE-ON-TRENT CIT  ************0320 DDR Stoke-On-Trent City Council,7.6,debit,equifax,Utilities | Council,council_tax,Stoke-on-Trent City Council direct debit.
v3,train,Apple App Store,Apple APPLE.COM/BILL         APPLE.COM/BIL IRL,2.99,debit,equifax,Shopping (Discretionary) | Music and Downloads,software,Apple.com/bill subscription/IAP.
v3,train,Home Bargains,CARD PAYMENT TO HOME BARGAINS IRVINE ON 30-03-2024,10.54,debit,equifax,Shopping (Home) | Home Accessories,discount_store,Home Bargains variety discounter.
v3,train,The Salisbury Pub,The Salisbury The Salisbury          Manchester    GBR,9.3,debit,equifax,Restaurants and takeaway | Pubs and Bars,pub_bar,The Salisbury pub.
v3,train,Londis,Londis Bracknell LTD LONDIS BRACKNELL LTD    GREAT BRITAI GBR,2.85,debit,equifax,Shopping (Discretionary) | Newsagents and Convenience Stores,groceries,Londis symbol-group grocer.
v3,train,Shein,ZILCH SHEIN.COM,11.82,debit,equifax,Shopping (Fashion) | Womens Fashion,clothing_general,"Zilch*Shein: underlying merchant is Shein clothing, not BNPL."
v3,train,Zable Credit Card,2732 27NOV24      ZABLE             LONDON GB,30.0,debit,equifax,Financial Services | Credit Cards,credit_card_repayment,Zable credit-card repayment.
v3,train,Mircosoft,PAYPAL *MICROSOFT,16.99,debit,equifax,Shopping (Discretionary) | Software,software,PayPal*Microsoft; identifiable software billing.
v3,train,Carers Allowance,Bank credit JP839856A DWP CA ************5723,81.9,credit,equifax,,benefits_state,DWP Carer's Allowance credit.
v3,train,Zego,ZEGO UK Zego,5.0,debit,equifax,Insurance | Motor Insurance,insurance_motor,Zego is gig/motor-only insurance.
v3,train,Toby Carvery,Toby Carvery CS*TOBYCARVERY         Hemel Hempste GBR,50.0,debit,equifax,"Restaurants and takeaway | Restaurants, Cafes and Bistros",restaurant_cafe,Toby Carvery restaurant.
v3,train,Clearpay,Clearpay,14.5,debit,equifax,Financial Services | BNPL,bnpl,Clearpay; no underlying shop.
v3,iter_eval,PayPal Credit,PAYPAL *PYPL PAYIN PAYPAL *PYPL PAYIN3,28.73,debit,equifax,Financial Services | BNPL,bnpl,PayPal Pay in 3 (PYPL PAYIN3) is BNPL.
v3,train,Sky,DGI SKY PROTECT  DVSU0000025 DDR Domestic & General,14.98,debit,equifax,"Utilities | Internet, TV and Phone",insurance_other,"Sky Protect / DGI is device cover (insurance_other), not multi-line general."
v3,train,Boylesports,Contactless Payment BOYLESPORTS 2024-12-08,2.0,debit,equifax,Gambling and Betting | Betting,gambling_betting,Boylesports bookmaker.
v3,train,Ladbrokes,LC International L LC International Ltd,56.0,debit,equifax,Gambling and Betting | Betting,gambling_betting,LC International = Ladbrokes Coral betting.
v3,iter_eval,Matalan,"MATALAN STORE 260 (VIA APPLE PAY), ON 13-10-2024",76.0,debit,equifax,Shopping (Discretionary) | Department Stores,clothing_general,Matalan clothing retailer.
v3,iter_eval,Wayfair,Klarna*wayfair uk  ON 13 OCT BCC KLARNA*WAYFAIR UK,26.4,debit,equifax,Shopping (Home) | Home Accessories,home_accessories,Klarna*Wayfair: underlying merchant is Wayfair home goods.
v3,train,Just Eat,Just Eat  ON 24 NOV CPM JUST EAT,21.15,debit,equifax,Restaurants and takeaway | Take Away,takeaway,Just Eat takeaway.
v3,train,Novotel,Contactless Payment NOVOTEL HOTELS APPLEPAY ************0-20,19.69,debit,equifax,Flights and Holidays | Hotels and Accommodation,accommodation,Novotel hotel spend.
v3,train,Smyths Toys,"SMYTHS TOYS (VIA APPLE PAY), ON 16-09-2024",32.99,debit,equifax,Shopping (Discretionary) | Toy Stores,toys,Smyths Toys.
v3,iter_eval,Home Retail,HOME RETAIL GROUP,40.01,debit,equifax,Shopping (Home) | Home Accessories,catalogue_retail,Override prefill home_accessories. Home Retail Group is the Argos/Homebase parent used on statements for Argos purchases.
v3,iter_eval,Uber Eats,Uber Eats UBER   * EATS PENDING  London        GBR,29.78,debit,equifax,Restaurants and takeaway | Take Away,takeaway,Uber Eats delivery.
v3,train,Beauty Bay,7084 04AUG24  D   BEAUTY BAY LTD    MANCHESTER GB,26.75,debit,equifax,Personal Healthcare | General Health and Beauty,health_beauty_general,Beauty Bay cosmetics retailer.
v3,iter_eval,Tesco,TESCO STORES 2101,39.09,debit,equifax,Shopping (Household Essentials) | General Groceries,groceries,Tesco supermarket.
v3,train,Paypal,PAYPAL *DREAMCARGI PAYPAL *DREAMCARGIV,2.46,debit,equifax,Shopping (Discretionary) | E-Commerce Payment System,prize_competitions,"Override prefill payment_intermediary. PayPal*DREAMCARGI is Dream Car Giveaways, a prize-draw platform."
v3,train,ASDA,9156 15DEC24 C    ASDA FAR COTTON   NORTHAMPTON GB,35.55,debit,equifax,Shopping (Household Essentials) | General Groceries,groceries,Asda Far Cotton grocery spend.
v3,iter_eval,Deliveroo,Visa purchase DELIVEROO APPLEPAY 1557,10.88,debit,equifax,Restaurants and takeaway | Take Away,takeaway,Deliveroo takeaway.
v3,train,William Hill,CARD PAYMENT TO WILLIAMHILL*INTERNET ON 25-09-2024,100.0,debit,equifax,Gambling and Betting | Betting,gambling_betting,William Hill internet betting.
v3,train,Paddy Power,Paddy Power,15.0,debit,equifax,Gambling and Betting | Betting,gambling_betting,Paddy Power bookmaker.
v3,iter_eval,XBOX,3199 18OCT24      MICROSOFT*XBOX    MSBILL.INFO GB,7.19,debit,equifax,Shopping (Discretionary) | PC and Console Games,gaming_console_pc,Xbox/Microsoft console gaming.
v3,train,Clearpay,Clearpay CLEARPAY               MANCHESTER    GBR,4.9,debit,equifax,Financial Services | BNPL,bnpl,Clearpay; no underlying shop.
v3,train,William Hill,WHO INTERNET William Hill,50.0,debit,equifax,Gambling and Betting | Betting,gambling_betting,William Hill internet betting.
v3,train,Apple App Store,Apple APPLE.COM/BILL         APPLE.COM/BIL IRL,9.99,debit,equifax,Shopping (Discretionary) | Music and Downloads,software,Apple.com/bill.
v3,train,Tesco Fuel,"TESCO PFS 2475 (VIA APPLE PAY), ON 10-01-2025",12.25,debit,equifax,Commuting and travel | Fuel,fuel,Tesco PFS (petrol filling station).
v3,train,Apple App Store,Visa purchase APPLE.COM/BILL,2.99,debit,equifax,Shopping (Discretionary) | Music and Downloads,software,Apple.com/bill.
v3,train,Seasons Kitchen,SEASONS KITCHEN AN SEASONS KITCHEN AND FA,2.96,debit,equifax,"Restaurants and takeaway | Restaurants, Cafes and Bistros",restaurant_cafe,Seasons Kitchen & Farm Shop; native restaurants and cafe/farm-shop mix; amount fits cafe spend.
v3,train,Co-op,Contactless Payment CO-OP GROUP 500593 APPLEPAY 1726 2025-01-05,9.22,debit,equifax,Shopping (Household Essentials) | General Groceries,groceries,Co-op grocery spend.
v3,iter_eval,eBay,eBay O*27-12709-59LONDON,12.69,debit,equifax,Shopping (Discretionary) | TV and Online Shopping,marketplace_general,eBay marketplace (not Amazon).
v3,iter_eval,TFL,4890 04MAR24 CD   TFL TRAVEL CH     TFL.GOV.UK/CP GB,1.75,debit,equifax,Commuting and travel | Trains and Coaches,public_transport_rail_coach,TfL travel charge.
v3,train,ASDA,Contactless Payment ASDA SUPERSTORE APPLEPAY 5865,88.84,debit,equifax,Shopping (Household Essentials) | General Groceries,groceries,Asda superstore.
v3,train,DVSA,DVSA GEN F M,2632.31,credit,equifax,Identified Salary | Driving Tuition,salary,"Override prefill driving_tuition. Large DVSA credit with Identified Salary native is employer pay, not a driving-test fee."
v3,iter_eval,TFL,Tfl Travel Charge,0.0,debit,equifax,Commuting and travel | Trains and Coaches,public_transport_rail_coach,TfL travel charge (zero-value still TfL).
v3,train,Ladbrokes,Ladbrokes LC INTERNATIONAL LTD   GIBRALTAR     GIB,5.0,debit,equifax,Gambling and Betting | Betting,gambling_betting,"Ladbrokes Coral (LC International, Gibraltar)."
v3,train,ASDA,Asda Store 5828,15.0,debit,equifax,Shopping (Household Essentials) | General Groceries,groceries,Asda store grocery spend.
v3,train,Id Mobile,ID MOBILE LIMITED,18.99,debit,equifax,Utilities | Mobile Phone Contracts,mobile_phone_contract,iD Mobile contract.
v3,train,Co-op,CO-OP GROUP 070157,2.6,debit,equifax,Shopping (Household Essentials) | General Groceries,groceries,Co-op grocery spend.
v3,train,HMV,Hmv EndToEndID: NOTPROVIDED,43.97,debit,equifax,Shopping (Discretionary) | Music and Downloads,physical_media,HMV physical media/entertainment retail.
v3,train,The Range,8511 14FEB25 CD   THE RANGE         FALKIRK GB,14.26,debit,equifax,Shopping (Home) | Home Accessories,home_accessories,The Range home/garden variety store.
v3,train,Vanquis Bank,************2896 Vanquis Bank,50.0,debit,equifax,Financial Services | Credit Cards,credit_card_repayment,Vanquis Bank credit-card repayment.
v3,train,Monzo,Sent from Monzo Andrew Clowes,30.0,debit,equifax,Transfers / Other | Bank Transfer,transfer_p2p,Monzo debit to named person Andrew Clowes; no own-account evidence.
v3,iter_eval,Aldi,Contactless Payment ALDI 49 773,44.07,debit,equifax,Shopping (Household Essentials) | General Groceries,groceries,Aldi food discounter.
v3,iter_eval,Animed,ANIMED DIRECT,185.99,debit,equifax,Pets | Pet Accessories,pet_supplies,Animed Direct pet-medicine/supplies retailer.
v3,iter_eval,Aldi,"ALDI 49 779 (VIA GOOGLE PAY), ON 19-12-2024",17.73,debit,equifax,Shopping (Household Essentials) | General Groceries,groceries,Aldi grocery spend.
v3,iter_eval,Aldi,ALDI,2.28,debit,equifax,Shopping (Household Essentials) | General Groceries,groceries,Aldi grocery spend.
v3,train,Paddy Power,Visa purchase 011311261 PP ONLINE,5.0,debit,equifax,Gambling and Betting | Betting,gambling_betting,Paddy Power online betting.
v3,train,RingGo Parking,RINGGO PARKING,7.7,debit,equifax,Commuting and travel | Car Parking,car_parking,RingGo parking.
v3,train,Uber,UBER *TRIP  ON 31 AUG BCC Uber,7.92,debit,equifax,Commuting and travel | Taxis,taxi_rideshare,Uber trip.
v3,train,Marks and Spencer,MARKS&SPENCER PLC,7.8,debit,equifax,Shopping (Fashion) | General Fashion,department_store,Marks & Spencer (not the Foodhall token).
v3,iter_eval,NISA,NISA UOS,3.0,debit,equifax,Shopping (Household Essentials) | General Groceries,groceries,Nisa symbol-group grocer.
v3,train,One Stop,"ONE STOP 6416 (VIA APPLE PAY), ON 10-09-2024",2.9,debit,equifax,Shopping (Discretionary) | Newsagents and Convenience Stores,convenience_store,"One Stop is Tesco's newsagent-style convenience chain, not a listed symbol-group grocer."
v3,train,Starling Bank,Amit Starling Emma Horrocks & Amit Madhar,30.0,debit,equifax,Financial Services | Banks And Building Societies,transfer_p2p,Override prefill transfer_own_account. Debit via Starling to named pair Emma Horrocks & Amit Madhar; no own-account/pot evidence.
v3,train,Ladbrokes,LC International L  ON 26 OCT BCC LC INTERNATIONAL LTD,5.0,debit,equifax,Gambling and Betting | Betting,gambling_betting,Ladbrokes Coral betting.
v3,train,Post Office,POST OFFICE COUNTE POST OFFICE COUNTER,14.0,debit,equifax,Services | Delivery,delivery_courier,Override prefill government_services. Post Office counter purchase is postage.
v3,iter_eval,Tesco,TESCO STORES 6696,2.55,debit,equifax,Shopping (Household Essentials) | General Groceries,groceries,Tesco supermarket.
v3,train,tiktok,TIKTOK SHOP SELLERLONDON,12.78,credit,equifax,Transfers / Other | Web Services,income_other_unspecified,"Override prefill online_services. Credit from TikTok Shop Seller is marketplace payout, not a TikTok subscription. Parent check: TIKTOK SHOP SELLER CREDIT is seller proceeds, not spend."
v3,train,Zilch,CARD PAYMENT TO ZILCH INSTALMENT ON 21-01-2025,3.81,debit,equifax,Financial Services | BNPL,bnpl,Zilch instalment; no shop in the narrative.
v3,train,Broxbourne Borough,BROXBOURNE BOROUGH,116.0,debit,equifax,Utilities | Council,council_tax,Broxbourne Borough Council debit.
v3,train,Capital One,CAPITAL ONE,46.51,debit,equifax,Financial Services | Credit Cards,credit_card_repayment,Capital One card repayment.
v3,train,Sainsbury's,Sainsbury?s SAINSBURYS             NEWCASTLE     GBR,40.0,debit,equifax,Shopping (Household Essentials) | General Groceries,groceries,Sainsbury's supermarket debit.
v3,train,One Stop,"WLT 60, One Stop 6432",3.49,debit,equifax,Shopping (Discretionary) | Newsagents and Convenience Stores,convenience_store,One Stop convenience store.
v3,iter_eval,Lothian Buses,LOTHIAN BUSES LIMI  ON 06 DEC CLP Lothian Buses,2.0,debit,equifax,Commuting and travel | Trains and Coaches,public_transport_rail_coach,Lothian Buses fare.
v3,train,Prime,Visa purchase Amazon Prime*E19QX0UD5 5814,8.99,debit,equifax,Amazon All | Amazon,streaming,Amazon Prime membership (includes Prime Video).
v3,train,BP,BP PELICAN SELF SE BP PELICAN SELF SERVE,2.49,debit,equifax,Commuting and travel | Fuel,fuel,BP Pelican self-serve forecourt; small amount still fuel.
v3,train,Clearpay,CLEARPAY,9.75,debit,equifax,Financial Services | BNPL,bnpl,Clearpay; no underlying shop.
v3,train,Apple App Store,Apple APPLE.COM/BILL         APPLE.COM/BIL IRL,0.29,debit,equifax,Shopping (Discretionary) | Music and Downloads,software,Apple.com/bill micro-charge.
v3,train,British Gas,BRITISH GAS TRADINLEEDS,15.0,debit,equifax,Utilities | Energy Providers,energy,British Gas energy bill.
v3,train,Apple App Store,APPLE.COM/BILL,0.29,debit,equifax,Shopping (Discretionary) | Music and Downloads,software,Apple.com/bill.
v3,iter_eval,The National Lottery,4280 18JUL24      NATIONAL LOTTERY  LONDON GB,10.0,debit,equifax,Gambling and Betting | Lottery,gambling_lottery,National Lottery licensed lottery.
v3,train,DVLA,Driver & Vehicle Licensing Agency DVLA-N11LHP Dvla-n11lhp,16.62,debit,equifax,Automotive | Road Tax,road_tax,"DVLA vehicle-reg reference N11LHP is VED, not a document fee."
v3,train,Uber,Uber UBR* PENDING.UBER.COM  London        GBR,19.9,debit,equifax,Commuting and travel | Taxis,taxi_rideshare,Uber trip pending.
v3,train,Lidl,LIDL GB BILLINGSHU  ON 21 DEC CLP LIDL GB BILLINGSHURST,23.26,debit,equifax,Shopping (Household Essentials) | General Groceries,groceries,Lidl grocery spend.
v3,train,Ladbrokes,LC INTERNATIONAL LTD Lc International,10.0,debit,equifax,Gambling and Betting | Betting,gambling_betting,Ladbrokes Coral betting.
v3,train,Co-op,CO-OP GROUP 070261  ON 14 AUG CPM The Co-Operative,2.5,debit,equifax,Shopping (Household Essentials) | General Groceries,groceries,Co-op grocery spend.
v3,train,NetFlix,NETFLIX.COM CD 9679,4.99,debit,equifax,"Utilities | Internet, TV and Phone",streaming,Netflix streaming subscription.
v3,train,Virgin Media,4108 30AUG24      VIRGIN MEDIA PYMTSREADING GB,23.0,debit,equifax,"Utilities | Internet, TV and Phone",broadband_tv_phone,Virgin Media broadband/TV.
v3,train,LTT Vending,LTT Vending Ltd LTT VENDING LIMITED    LEEDS         GBR,1.8,credit,equifax,Transfers / Other | Confectionary,refund_received,"Override prefill confectionary. LTT Vending credit is a refund, not spend."
v3,iter_eval,TACO BELL,TACO BELL DRAGON R TACO BELL DRAGON RETAIL P,16.27,debit,equifax,"Restaurants and takeaway | Restaurants, Cafes and Bistros",takeaway,Taco Bell fast food.
v3,train,Budgens,WILKS BUDGENS STON WILKS BUDGENS STONY STRAT,1.25,debit,equifax,Shopping (Discretionary) | Newsagents and Convenience Stores,groceries,"Override prefill convenience_store. Budgens is a Booker symbol food shop, treated like Londis."
v3,train,Lowell Financial,Lowell United Kingdom Account Edward Cockburn,15.0,debit,equifax,Financial Services | Debt Collection,debt_collection,Lowell Financial debt collection.
v3,train,McDonalds,PAYPAL *MCDONALDS  ON 14 AUG BCC PAYPAL *MCDONALDS 8260,7.48,debit,equifax,Restaurants and takeaway | Take Away,takeaway,PayPal*McDonald's takeaway.
v3,train,DVLA,5196 27AUG24      DVLA DUPLICATE V5CMID               DVLA GB,25.0,debit,equifax,Automotive | Road Tax,government_services,"Override prefill road_tax. Narrative is DVLA duplicate V5C document fee, not VED."
v3,train,Zilch,ZILCH *      INSTALMEN Zilch.,10.36,debit,equifax,Financial Services | BNPL,bnpl,Zilch instalment; no shop named.
v3,train,DVLA,"DIRECT DEBIT PAYMENT TO DVLA-KY60OJS REF ************2275, MANDATE NO 0059",21.0,debit,equifax,Automotive | Road Tax,road_tax,DVLA VED direct debit for KY60OJS.
v3,iter_eval,First Bus,First Bus FIRST GLASGOW          GLASGOW       GBR,2.1,debit,equifax,Commuting and travel | Trains and Coaches,public_transport_rail_coach,First Glasgow bus fare.
v3,train,Esso,RSS ALPHINGTON,30.54,debit,equifax,Commuting and travel | Fuel,fuel,Override prefill salary (known Esso trap). RSS Alphington is Esso Rontec Alphington petrol station.
v3,train,Clearpay,CLEARPAY  ON 13 NOV BCC Clearpay,13.88,debit,equifax,Financial Services | BNPL,bnpl,Clearpay; no underlying shop.
v3,train,Candy Store Express,CANDY STORE EXPRES CANDY STORE EXPRESS LT,2.34,debit,equifax,Shopping (Discretionary) | Confectionary,confectionary,Candy Store Express sweets shop.
v3,train,Thames Water,THAMES WATER,35.0,debit,equifax,Utilities | Water Companies,water,Thames Water bill.
v3,train,Lowell Financial,LOWELL PORTFOLIO I,5.0,debit,equifax,Financial Services | Debt Collection,debt_collection,Lowell Portfolio debt collection.
v3,train,Greggs,Greggs GREGGS                 LEEDS         GBR,2.0,debit,equifax,"Restaurants and takeaway | Restaurants, Cafes and Bistros",restaurant_cafe,Greggs bakery cafe.
v3,train,Amazon Prime Video,CARD PAYMENT TO PRIME VIDEO CHANNELS ON 06-01-2025,4.99,debit,equifax,Amazon All | Amazon,streaming,Prime Video Channels add-on.
v3,train,Subway,Subway 24892 Gateway Hous,9.51,debit,equifax,Restaurants and takeaway | Take Away,takeaway,Subway takeaway.
v3,iter_eval,SPAR,SPAR,16.58,debit,equifax,Shopping (Household Essentials) | General Groceries,groceries,SPAR symbol-group grocer.
v3,train,Seasons Kitchen,SEASONS KITCHEN AN SEASONS KITCHEN AND FA,10.35,debit,equifax,"Restaurants and takeaway | Restaurants, Cafes and Bistros",restaurant_cafe,Seasons Kitchen cafe/farm-shop; native restaurants.
v3,iter_eval,Tesco,TESCO STORES 6696,10.3,debit,equifax,Shopping (Household Essentials) | General Groceries,groceries,Tesco supermarket.
v3,train,Marketplace,Visa purchase AMZNMktplace*L37HS0NU5 2003,9.78,debit,equifax,Amazon All | Amazon,marketplace_amazon,Amazon Marketplace purchase.
v3,train,Tim Hortons,TIM HORTONS UK 807844 Tim Hortons,3.29,debit,equifax,"Restaurants and takeaway | Restaurants, Cafes and Bistros",restaurant_cafe,Tim Hortons coffee shop.
v3,train,Apple App Store,"APPLE.COM/BILL (VIA APPLE PAY), ON 29-09-2024",0.99,debit,equifax,Shopping (Discretionary) | Music and Downloads,software,Apple.com/bill.
v3,train,Sainsbury's,SAINSBURYS S/MKTS  ON 20 NOV CLP Sainsbury's,3.75,debit,equifax,Shopping (Household Essentials) | General Groceries,groceries,Sainsbury's supermarket.
v3,train,Mr Vegas Casino,mrvegas,50.0,debit,equifax,Gambling and Betting | Poker and Casino Games,gambling_casino,Mr Vegas online casino.
v3,train,Ladbrokes,LC International L  ON 21 JUL BCC LC INTERNATIONAL LTD,10.0,debit,equifax,Gambling and Betting | Betting,gambling_betting,Ladbrokes Coral betting.
v3,train,Clearpay,CARD PAYMENT TO CLEARPAY ON 29-12-2024,18.5,debit,equifax,Financial Services | BNPL,bnpl,Clearpay; no underlying shop.
v3,train,Apple App Store,APPLE.COM/BILL IRELAND ON 01 FEB BCC,0.99,debit,equifax,Shopping (Discretionary) | Music and Downloads,software,Apple.com/bill.
v3,train,Free Prints,Visa purchase FREEPRINTS APPLEPAY 1848,2.99,debit,equifax,"Shopping (Discretionary) | Printers, Printer Ink and Printer Toner",printing_services,FreePrints is a consumer photo-print-by-post service (not printer ink).
v3,train,Apple App Store,APPLE.COM/BILL CD 1464,1.59,debit,equifax,Shopping (Discretionary) | Music and Downloads,software,Apple.com/bill.
v3,train,Just Eat,Just Eat,21.41,debit,equifax,Restaurants and takeaway | Take Away,takeaway,Just Eat takeaway.
v3,train,The Cash Shop,Cash EndToEndID: Shop,5.0,debit,equifax,Financial Services | Payday Loans,pawnbroker,"The Cash Shop is a high-cost lender (payday), not pawnbroking on this evidence. Adversarial: The Cash Shop left payday lending in 2013; it now trades as a pawnbroker. Classify by current function."
v3,train,William Hill,WILLIAMHILL*INTERNET William Hill,20.0,debit,equifax,Gambling and Betting | Betting,gambling_betting,William Hill internet betting.
v3,iter_eval,Halifax,Nestle Halifax Vending NESTLE HALIFAX VENDING HALIFAX       GBR,1.1,debit,equifax,Financial Services | Banks And Building Societies,confectionary,"Override prefill mortgage. Nestlé Halifax Vending is a snack machine, not Halifax the bank."
v3,train,Ladbrokes,8517 15NOV24  D   LC INTERNATIONAL  LTD               GIBRALTAR GI,5.0,debit,equifax,Gambling and Betting | Betting,gambling_betting,Ladbrokes Coral Gibraltar betting.
v3,train,Revolut,BRADLEY AUSTIN    SENT FROM REVOLUT FP 30/11/24 1226  REV************4086,10.09,credit,equifax,Own Transfers | Bank Transfer,transfer_p2p,Revolut credit from named person Bradley Austin; not an own-account pot.
v3,train,Admiral Financial Services,"DIRECT DEBIT PAYMENT TO AFSL REF AFS001374052, MANDATE NO 0008",465.05,debit,equifax,Financial Services | Personal Loans,personal_loan_repayment,"Admiral Financial Services (AFSL) personal loan, not Admiral insurance."
v3,train,Apple App Store,APPLE.COM/BILL CD 1636,19.99,debit,equifax,Shopping (Discretionary) | Music and Downloads,software,Apple.com/bill.
v3,train,Revolut,TEK BAHADUR LAMA SENT FROM REVOLUT REV************8536,150.0,credit,equifax,Transfers / Other | Bank Transfer,transfer_p2p,Revolut credit from named person Tek Bahadur Lama.
v3,train,Home Bargains,T J MORRIS LTD  ON 05 NOV BCC,11.26,debit,equifax,Shopping (Home) | Home Accessories,discount_store,TJ Morris = Home Bargains discounter.
v3,train,Co-op,"CO-OP GROUP 700967 (VIA APPLE PAY), ON 18-01-2024",14.6,debit,equifax,Shopping (Household Essentials) | General Groceries,groceries,Co-op grocery spend.
v3,train,Royal Mail,UK  EXCL CM AND W,397.6,credit,equifax,Identified Salary | Delivery,salary,"Royal Mail credit of hundreds with Identified Salary native is PAYE, not agency/gig."
v3,train,Apple App Store,APPLE.COM/BILL,8.99,debit,equifax,Shopping (Discretionary) | Music and Downloads,software,Apple.com/bill.
v3,iter_eval,Tesco,Tesco TESCO STORES  2097     LONDON        GBR,10.0,debit,equifax,Shopping (Household Essentials) | General Groceries,groceries,Tesco supermarket.
v3,iter_eval,Haven Holidays,"Card 74, Haven Serve",21.15,debit,equifax,Flights and Holidays | Holidays UK,restaurant_cafe,"Override prefill unclassified_card_spend. Haven Serve is Haven Parks' on-site food-and-drink ordering app, not an unidentified SumUp seller."
v3,train,Zego,ZEGO UK  ON 17 OCT BCC,10.0,debit,equifax,Insurance | Motor Insurance,insurance_motor,Zego motor insurance.
v3,train,Trip.com,UBER *TRIP  ON 20 NOV BCC UBR* PENDING.UBER.COM,6.16,debit,equifax,Flights and Holidays | Holidays,taxi_rideshare,Merchant token Trip.com is wrong; narrative is UBER *TRIP.
v3,train,The Modern Milkman,THE MODERN MILKMAN,4.94,debit,equifax,Shopping (Household Essentials) | General Groceries,groceries_specialist,The Modern Milkman doorstep milk.
v3,train,Cabot,CABOT FINANCIAL E                     REFERENCE: CCMDD02616278/6,75.0,debit,equifax,Financial Services | Debt Collection,debt_collection,Cabot Financial debt collection.
v3,train,McDonalds,MCDONALDS  ON 15 NOV CLP,1.79,debit,equifax,Restaurants and takeaway | Take Away,takeaway,McDonald's takeaway.
v3,train,Clearpay,Clearpay,25.53,debit,equifax,Financial Services | BNPL,bnpl,Clearpay; no underlying shop.
v3,train,Poundland,Pound Land POUNDLAND LTD  - 1104  KENT          GBR,2.5,debit,equifax,Shopping (Household Essentials) | Discount Stores,discount_store,Poundland variety discounter.
v3,iter_eval,NatWest,JACKIE NATWEST,10.0,debit,equifax,Financial Services | Banks And Building Societies,transfer_p2p,"Override prefill mortgage. Jackie NatWest is a named-person bank transfer, not a Halifax/NatWest mortgage."
v3,train,E,WWW.E.ORG,10.0,debit,equifax,Utilities | Energy Providers,energy,www.e.org is E (E.ON Next/E Fuels) energy billing.
v3,train,Shein,Klarna*shein.co.uk,0.0,debit,equifax,Shopping (Fashion) | Womens Fashion,clothing_general,Klarna*Shein: underlying merchant is Shein (zero-value still the shop).
v3,iter_eval,Bet365,BET365,10.4,debit,equifax,Gambling and Betting | Betting,gambling_betting,Bet365 bookmaker.
v3,train,Portsmouth Water,PORTSMOUTH WATER L  9444727602 DDR,15.0,debit,equifax,Utilities | Water Companies,water,Portsmouth Water bill.
v3,train,Apple App Store,APPLE.COM/BILL IRELAND ON 11 NOV BCC,1.99,debit,equifax,Shopping (Discretionary) | Music and Downloads,software,Apple.com/bill.
v3,train,Personal Independence Payment ,PX861212A DWP PIP,405.4,credit,equifax,,benefits_state,DWP Personal Independence Payment credit.
v3,iter_eval,W.H.Smith,WH Smith Stansted,22.0,debit,equifax,"Books, Newspapers and Magazines | General Books",airport_spend,Override prefill books. WH Smith Stansted is airside retail at the airport.
v3,train,DVSA,DVSA,23.0,debit,equifax,Education and Learning | Driving Tuition,government_services,"Override prefill driving_tuition. DVSA debit of £23 is a theory/practical test fee, not a driving-school lesson."
v3,train,tiktok,4618 23OCT24      KLARNA*TIKTOK SHOPU                 LONDON GB,22.06,debit,equifax,Services | Web Services,marketplace_general,"Klarna*TikTok Shop: identifiable marketplace, not TikTok social/clothing guess."
v3,train,The Gym Website,THE GYM LTD,24.99,debit,equifax,Personal Healthcare | Gyms And Health Clubs,gym_fitness,The Gym Group membership.
v3,train,Just Eat,"WLT 77, Just Eat",16.77,debit,equifax,Restaurants and takeaway | Take Away,takeaway,Just Eat takeaway.
v3,train,McDonalds,3882 26OCT23 CD   MCDONALDS         HAMILTON GB,9.96,debit,equifax,Restaurants and takeaway | Take Away,takeaway,McDonald's takeaway.
v3,train,Co-op,Co-op CO-OP GROUP FOOD RETAI GLASGOW       GBR,7.85,debit,equifax,Shopping (Household Essentials) | General Groceries,groceries,Co-op food retail.
v3,train,Greggs,EDLINGTON GREGGS  ON 18 FEB CPM,9.6,debit,equifax,"Restaurants and takeaway | Restaurants, Cafes and Bistros",restaurant_cafe,Greggs bakery cafe.
v3,iter_eval,Deliveroo,DELIVEROO Deliveroo,46.48,debit,equifax,Restaurants and takeaway | Take Away,takeaway,Deliveroo takeaway.
v3,train,Apple App Store,Visa purchase APPLE.COM/BILL,0.99,debit,equifax,Shopping (Discretionary) | Music and Downloads,software,Apple.com/bill.
v3,train,Co-op,CO-OP GROUP 010461Mapperley,22.2,debit,equifax,Shopping (Household Essentials) | General Groceries,groceries,Co-op grocery spend.
v3,train,Shell,SHELL JUNCTION OF SHELL JUNCTION OF A331,0.53,debit,equifax,Commuting and travel | Fuel,fuel,Shell forecourt; tiny amount still fuel.
v3,train,ASDA,Contactless Payment ASDA SUPERSTORE,17.81,debit,equifax,Shopping (Household Essentials) | General Groceries,groceries,Asda superstore.
v3,train,Shein,SHEIN MWALE,260.0,debit,equifax,Shopping (Fashion) | Womens Fashion,clothing_general,"Equifax resolved vendor Shein plus fashion native; MWALE treated as a reference, not a separate person."
v3,train,Transdev Blazefield Limited,Contactless Payment TRANSDEV BLAZEFIELD LIMIT GOOGLE 1086 2024-12-15,1.7,debit,equifax,Commuting and travel | Trains and Coaches,public_transport_rail_coach,Transdev Blazefield bus operator.
v3,train,Savers Health,SAVERS HEALTH & BE SAVERS HEALTH & BEAUTY,25.8,debit,equifax,Personal Healthcare | Skin and Hair Care,health_beauty_general,Savers health-and-beauty retail.
v3,train,Zilch,ZILCH INSTALMENT,5.32,debit,equifax,Financial Services | BNPL,bnpl,Zilch instalment; no shop named.
v3,train,Revolut,Revolut**7042*  ON 20 DEC CPM REVOLUT**7042*,33.0,debit,equifax,Transfers / Other | Bank Transfer,transfer_bank_unspecified,Override prefill transfer_own_account. Revolut debit with only a masked reference; no own-account evidence so not a pot.
v3,train,Clearpay,CARD PAYMENT TO CLEARPAY ON 03-01-2025,24.42,debit,equifax,Financial Services | BNPL,bnpl,Clearpay; no underlying shop.
v3,train,Greggs,GREGGS PLC Greggs,5.85,debit,equifax,"Restaurants and takeaway | Restaurants, Cafes and Bistros",restaurant_cafe,Greggs bakery cafe.
v3,iter_eval,NISA,Nisa Your Local Nisa Your Local        Wickford      GBR,7.9,debit,equifax,Shopping (Household Essentials) | General Groceries,groceries,Nisa symbol-group grocer.
v3,train,Sainsbury's,SAINSBURY'S Mum,10.0,credit,equifax,Transfers / Other | General Groceries,transfer_p2p,"Override prefill groceries. Credit with memo Mum is family P2P, not a Sainsbury's shop."
v3,train,Uber,Visa purchase UBR* PENDING.UBER.COM APPLEPAY 8005,15.7,debit,equifax,Commuting and travel | Taxis,taxi_rideshare,Uber trip pending.
v3,iter_eval,Deliveroo,DELIVEROO CD 4121,31.28,debit,equifax,Restaurants and takeaway | Take Away,takeaway,Deliveroo takeaway.
v3,train,McDonalds,Contactless Payment MCDONALDS 770,12.22,debit,equifax,Restaurants and takeaway | Take Away,takeaway,McDonald's takeaway.
v3,iter_eval,TFL,6813 10OCT24 C    TFL TRAVEL CH     TFL.GOV.UK/CP GB,1.75,debit,equifax,Commuting and travel | Trains and Coaches,public_transport_rail_coach,TfL travel charge.
v3,train,Depop,DEPOP             LONDON,50.34,debit,equifax,Shopping (Fashion) | General Fashion,marketplace_general,Depop marketplace.
v3,train,Taptap Send Uk Limited,TapTap Send,4.05,debit,equifax,Transfers / Other | International Transfer,transfer_international,TapTap Send remittance.
v3,train,Personal Independence Payment ,Bank credit PC254756A SSA PIP ************0491,107.6,credit,equifax,,benefits_state,SSA PIP (Personal Independence Payment) credit.
v3,train,Co-op,CO-OP GROUP FOOD,4.0,debit,equifax,Shopping (Household Essentials) | General Groceries,groceries,Co-op food.
v3,train,Clearpay,2732 01AUG24      CLEARPAY          MANCHESTER GB,9.1,debit,equifax,Financial Services | BNPL,bnpl,Clearpay; no underlying shop.
v3,train,Uber,UBR* PENDING.UBER. UBR* PENDING.UBER.COM,5.99,debit,equifax,Commuting and travel | Taxis,taxi_rideshare,Uber trip pending.
v3,iter_eval,Tesco,Contactless Payment TESCO STORES 5480 GOOGLE 8272,13.8,debit,equifax,Shopping (Household Essentials) | General Groceries,groceries,Tesco supermarket.
v3,train,Specsavers,Direct debit SPECSAVERS ************0881,10.0,debit,equifax,Personal Healthcare | Glasses and Contact Lenses,optician,Specsavers direct debit (glasses/contacts plan).
v3,train,BT,BT.COM CONSUMER BP  ON 02 DEC BCC,42.31,debit,equifax,"Utilities | Internet, TV and Phone",broadband_tv_phone,BT consumer broadband/phone.
v3,train,KFC,KFC OXFORD ROAD,9.78,debit,equifax,Restaurants and takeaway | Take Away,takeaway,KFC takeaway.
v3,iter_eval,HSBC,Paid with Starling GB Account Andrei Bucur Hsbc,100.0,debit,equifax,Financial Services | Banks And Building Societies,transfer_p2p,Override prefill financial_institution_unspecified. Starling payment to named person Andrei Bucur at HSBC.
v3,train,Scotmid Co-Op,Scotmid Co-operative SCOTMID COOP           WEST LOTHIAN  GBR,24.25,debit,equifax,Shopping (Household Essentials) | General Groceries,groceries,Scotmid Co-op grocery spend.
v3,iter_eval,Shop Direct,"DIRECT DEBIT PAYMENT TO SHOP DIRECT GROUP REF 10099124, MANDATE NO 0004",282.79,debit,equifax,Shopping (Discretionary) | TV and Online Shopping,retail_finance_repayment,Override prefill catalogue_retail. Shop Direct Group direct debit with mandate is Very/Littlewoods catalogue credit repayment.
v3,iter_eval,Child Benefits,HMRC CHILD BENEFIT,25.6,credit,equifax,,benefits_state,HMRC Child Benefit credit.
v3,train,TheTrainLine,trainline,24.89,debit,equifax,Commuting and travel | Trains and Coaches,public_transport_rail_coach,Trainline rail tickets.
v3,iter_eval,Tesco,4337 23OCT24 CD   TESCO STORES 5908 MANCHESTER GB,34.2,debit,equifax,Shopping (Household Essentials) | General Groceries,groceries,Tesco supermarket.
v3,iter_eval,Tesco,Tesco,0.49,debit,equifax,Shopping (Household Essentials) | General Groceries,groceries,Tesco supermarket.
v3,train,LoveHoney,5029 21SEP24      KLARNA*LOVEHONEY  LONDON GB,21.66,debit,equifax,Shopping (Discretionary) | Over 18 Toys,adult_products,Klarna*Lovehoney; identifiable adult retailer.
v3,iter_eval,Playstation,PlayStation Networ  ON 01 DEC BCC PLAYSTATION NETWORK,0.36,debit,equifax,Shopping (Discretionary) | PC and Console Games,gaming_console_pc,PlayStation Network console gaming.
v3,train,Paypal,9034 08OCT24      PAYPAL            *MSAMIDLANDS      07861713815 GB,60.0,debit,equifax,Shopping (Discretionary) | E-Commerce Payment System,payment_intermediary,PayPal*MSAMIDLANDS: underlying payee not identifiable; do not guess a shop type.
v3,iter_eval,Tesco,Contactless Payment TESCO STORES 4423,30.06,debit,equifax,Shopping (Household Essentials) | General Groceries,groceries,Tesco supermarket.
v3,train,Premier Stores,Premier Shop Express Premier Shop Express   Blackpool     GBR,1.49,debit,equifax,Shopping (Discretionary) | Newsagents and Convenience Stores,groceries,Premier symbol-group grocer.
v3,train,Kickers,Kickers,59.95,debit,equifax,Shopping (Fashion) | General Fashion,footwear,Kickers shoe retailer.
v3,train,One Stop,One Stop ONE STOP 6325          STONEBURN     GBR,15.28,debit,equifax,Shopping (Discretionary) | Newsagents and Convenience Stores,convenience_store,One Stop convenience store.
v3,train,Uber,UBER   *TRIP,2.0,debit,equifax,Commuting and travel | Taxis,taxi_rideshare,Uber trip.
v3,train,Vinted,Visa purchase MGP*Vinted APPLEPAY 5968,14.89,debit,equifax,Shopping (Fashion) | General Fashion,marketplace_general,Vinted marketplace.
v3,train,Clearpay,Clearpay,5,debit,plaid,LOAN_PAYMENTS_BNPL_AND_EWA,bnpl,Clearpay BNPL.
v3,train,U.S. Post Office,LNK POST OFFICE,40,debit,plaid,TRANSFER_OUT_CHECKS_AND_ATM,cash_withdrawal,"Override prefill delivery_courier. LNK + Post Office debit is LINK ATM cash, not postage."
v3,train,Tesco Petrol,8839 14AUG25      TESCO PAY AT PUMP 3933              CLEETHORPES GB,10,debit,plaid,TRAVEL_AND_TRANSPORTATION_OTHER_TRAVEL_AND_TRANSPORTATION,fuel,Tesco pay-at-pump fuel.
v3,train,SkyBet,SKY BET,5,debit,plaid,ENTERTAINMENT_CASINOS_AND_GAMBLING,gambling_betting,Sky Bet bookmaker.
v3,train,Arriva,ARRIVA UK BUS,26.5,debit,plaid,TRAVEL_AND_TRANSPORTATION_PUBLIC_TRANSIT,public_transport_rail_coach,Arriva UK Bus.
v3,train,Sainsbury's,SAINSBURYS S/MKTS WEST PARK FAR,19.92,debit,plaid,FOOD_RETAIL_GROCERIES,groceries,Sainsbury's supermarket.
v3,iter_eval,eBay,eBay,6.28,debit,plaid,GENERAL_MERCHANDISE_ONLINE_MARKETPLACES,marketplace_general,eBay marketplace.
v3,iter_eval,Tesco,Tesco,10.04,debit,plaid,FOOD_RETAIL_GROCERIES,groceries,Tesco supermarket.
v3,train,Dirty Duck,Dirty Duck           )))),6.85,debit,plaid,FOOD_RETAIL_LIQUOR_STORES,pub_bar,Dirty Duck is a common UK pub name; liquor-store native is wrong.
v3,train,Morrisons,WM MORRISONS STORE,23.25,debit,plaid,FOOD_RETAIL_GROCERIES,groceries,Morrisons supermarket.
v3,train,McDonald's,MCDONALDS CD 3708,11.21,debit,plaid,DINING_DINING,takeaway,McDonald's takeaway.
v3,train,Anitta Kaur,ANITTA KAUR       X                 VIA MOBILE - PYMT,100,debit,plaid,TRANSFER_OUT_OTHER,transfer_p2p,Debit to named person Anitta Kaur via mobile payment.
v3,train,Todays,TODAYS Todays,15.75,debit,plaid,TRAVEL_AND_TRANSPORTATION_OTHER_TRAVEL_AND_TRANSPORTATION,groceries,Override prefill unclassified_other. Today's is a Unitas/Nisa-Today's symbol-group grocer (Today's Local/Express).
v3,train,Just Eat,Just Eat.Co.UK Ltd,20.53,debit,plaid,DINING_DINING,takeaway,Just Eat takeaway.
v3,train,Pubcasino.co.uk,PUBCASINO.CO.UK MALTA ON 16 AUG BCC,20,debit,plaid,ENTERTAINMENT_CASINOS_AND_GAMBLING,gambling_casino,Pubcasino.co.uk online casino (Malta).
v3,train,MRQ,CARD PAYMENT TO MRQ.COM ON 30-06-2025,20,debit,plaid,ENTERTAINMENT_CASINOS_AND_GAMBLING,gambling_casino,Override prefill gambling_bingo. MRQ.com is MrQ online casino; narrative does not say bingo.
v3,train,SkyBet,Sky Bet,30,debit,plaid,ENTERTAINMENT_CASINOS_AND_GAMBLING,gambling_betting,Sky Bet bookmaker.
v3,iter_eval,Pets At Home,PETS AT HOME LTD,11.99,debit,plaid,PET_CARE_AND_SUPPLIES_PET_SUPPLIES,pet_supplies,Pets at Home.
v3,train,KRS,KRS ELIZABETH STEVBACCO             VIA MOBILE - PYMT FP 18/07/25 10    45111354092054000N,86,debit,plaid,TRANSFER_OUT_OTHER,transfer_p2p,Mobile payment to named person Elizabeth Stev; KRS prefix does not identify a firm.
v3,iter_eval,eBay,EBAY Commerce UK LP*6999581839,-1622.99,credit,plaid,INCOME_SALARY,income_other_unspecified,"Large eBay credit; native income. Treated as marketplace seller proceeds rather than a shop refund. Parent check: large eBay Commerce CREDIT is seller payout, not spend."
v3,train,Sony Playstation,PlayStation,19.79,debit,plaid,ENTERTAINMENT_MUSIC_VIDEO_GAMES_TV_AND_MOVIES,gaming_console_pc,PlayStation console gaming.
v3,train,Klarna,Klarna*eBay,-115.21,credit,plaid,LOAN_DISBURSEMENTS_BNPL_AND_EWA,refund_received,"Klarna*eBay credit: retailer/Klarna refund of an eBay purchase, not a BNPL loan or fresh marketplace spend."
v3,train,Londis,Londis Harbour Stores,8.19,debit,plaid,GENERAL_MERCHANDISE_CONVENIENCE_STORES,groceries,Londis symbol-group grocer.
v3,iter_eval,Tesco,TESCO STORES 6781,23.06,debit,plaid,FOOD_RETAIL_GROCERIES,groceries,Tesco supermarket.
v3,train,Creation,CREATION.CO.UK  A/1016159734/11421 DDR CREATION FINANCIAL SERVICES,220.35,debit,plaid,LOAN_PAYMENTS_PERSONAL_LOAN_PAYMENT,retail_finance_repayment,Creation Financial Services store-card/retail finance.
v3,train,Hibbert Ap,To A/C 58330496   HIBBERT AP        Via Mobile Xfer,1,debit,plaid,TRANSFER_OUT_OTHER,transfer_p2p,Mobile transfer to named account Hibbert AP.
v3,train,Nval Limited,Nval Limited,23.39,debit,plaid,TRANSFER_OUT_OTHER,fuel,Override prefill unclassified_other. NVAL Limited is Denaby Service Station (SIC retail of automotive fuel).
v3,train,S Kiernan,S KIERNAN,100,debit,plaid,TRANSFER_OUT_OTHER,transfer_p2p,Debit to named person S Kiernan.
v3,iter_eval,Sainsbury's Petrol Station,SAINSBURYS PETROL,33.64,debit,plaid,TRAVEL_AND_TRANSPORTATION_OTHER_TRAVEL_AND_TRANSPORTATION,fuel,Sainsbury's petrol station.
v3,train,Raylo,Raylo - SortCodeAccountNumber: 16222410135836,30.71,debit,plaid,GENERAL_MERCHANDISE_ONLINE_MARKETPLACES,retail_finance_repayment,Raylo device finance repayment.
v3,train,Wh Smith New Southern Gen,WH Smith New South,9.76,debit,plaid,GENERAL_MERCHANDISE_OTHER_GENERAL_MERCHANDISE,books,"WH Smith (New Southern) is station/news books retail, not an airport token."
v3,train,Morrisons,Morrisons Daily ,5,debit,plaid,FOOD_RETAIL_GROCERIES,groceries,Morrisons Daily is a Morrisons food convenience shop.
v3,iter_eval,Tesco,Tesco,5.5,debit,plaid,FOOD_RETAIL_GROCERIES,groceries,Tesco supermarket.
v3,train,Semichem,SEMICHEM 3474,23.92,debit,plaid,PERSONAL_CARE_HAIR_AND_BEAUTY,health_beauty_general,"Semi-Chem is Savers-like health/beauty variety, not a pharmacy."
v3,train,Tesco Petrol,1548 16JUL25 CD   TESCO PFS 3730    HANDFORTH GB,41.42,debit,plaid,TRAVEL_AND_TRANSPORTATION_OTHER_TRAVEL_AND_TRANSPORTATION,fuel,Tesco PFS Handforth fuel.
v3,train,Side Street Burgers,SIDE STREET BURGER  ON 31 JUL CPM SIDE STREET BURGERS,14.97,debit,plaid,DINING_DINING,takeaway,Side Street Burgers takeaway.
v3,train,The Hare And Hounds,Contactless Payment THE HARE AND HOUNDS APPLEPAY 8194,11.95,debit,plaid,DINING_DINING,pub_bar,The Hare and Hounds pub.
v3,train,Klassic Pub Company,KLASSIC PUB COMPANY CD 5517,2.8,debit,plaid,DINING_DINING,pub_bar,Klassic Pub Company pub operator.
v3,train,Sam's Convenience Stor,Sam's Convenience sto Sam's Convenience Stor,2.8,debit,plaid,GENERAL_MERCHANDISE_CONVENIENCE_STORES,convenience_store,Sam's Convenience Store corner shop.
v3,train,Co Op Group Food,CO OP GROUP FOOD,31,debit,plaid,FOOD_RETAIL_GROCERIES,groceries,Co-op Group food.
v3,train,Karen Baker Food Ft,KAREN BAKER  FOOD FT,50,debit,plaid,TRANSFER_OUT_OTHER,transfer_p2p,"Override prefill unclassified_other. Named person Karen Baker; FOOD FT is a faster-payment memo, not a shop."
v3,train,Vinted,1748 25SEP25  D   VINTED            VILNIUS GB,24.19,debit,plaid,GENERAL_MERCHANDISE_ONLINE_MARKETPLACES,marketplace_general,Vinted marketplace.
v3,iter_eval,Icelandair,ICELAND FOODS,15,debit,plaid,FOOD_RETAIL_GROCERIES,groceries,"Narrative is Iceland Foods, not Icelandair."
v3,train,Apple,Visa purchase APPLE.COM/BILL,2.99,debit,plaid,GENERAL_MERCHANDISE_COMPUTERS_AND_ELECTRONICS,software,Apple.com/bill.
v3,train,Ki Tty,5639 20JUL25  D   ETSY.COM*KI       TTYLANECRAF       LONDON GB,8.69,debit,plaid,ENTERTAINMENT_EVENTS_AND_TICKETS,marketplace_general,"Etsy.com seller (Ki Tty / Kitty Lane Craft); Etsy is marketplace_general, not arts_crafts."
v3,iter_eval,Aldi,ALDI 17 780,34.51,debit,plaid,FOOD_RETAIL_GROCERIES,groceries,Aldi grocery spend.
v3,train,Heart Bingo,HEART BINGO GIBRALTAR ON 13 AUG CPM,25,debit,plaid,ENTERTAINMENT_CASINOS_AND_GAMBLING,gambling_bingo,Heart Bingo online bingo.
v3,iter_eval,UniBet,Unibet,80,debit,plaid,ENTERTAINMENT_CASINOS_AND_GAMBLING,gambling_betting,Unibet bookmaker.
v3,train,Newell Stores LTD,Newell Stores Ltd    )))),24.75,debit,plaid,GENERAL_SERVICES_OTHER_SERVICES,groceries,Override prefill unclassified_other. Newell Stores is an independent NI supermarket.
v3,train,Amazon,Amazon.co.uk*R72CL  ON 12 JUL BCC,8.99,debit,plaid,GENERAL_MERCHANDISE_ONLINE_MARKETPLACES,marketplace_amazon,Amazon.co.uk purchase.
v3,train,Wowcher,WOWCHER           LONDON,3.99,debit,plaid,GENERAL_MERCHANDISE_ONLINE_MARKETPLACES,marketplace_general,Wowcher deals marketplace.
v3,train,Amazon,amazon.co.uk Amazon,9.49,debit,plaid,GENERAL_MERCHANDISE_ONLINE_MARKETPLACES,marketplace_amazon,Amazon.co.uk purchase.
v3,iter_eval,Tesco,TESCO STORES 4357,10,debit,plaid,FOOD_RETAIL_GROCERIES,groceries,Tesco supermarket.
v3,train,Pizza Hut,CARD PAYMENT TO PIZZA HUT TRURO ON 30-07-2025,31.48,debit,plaid,DINING_DINING,takeaway,Pizza Hut (UK treated as takeaway/fast-casual pizza).
v3,train,Vinted,Vinted,4.9,debit,plaid,GENERAL_MERCHANDISE_ONLINE_MARKETPLACES,marketplace_general,Vinted marketplace.
v3,train,Zilch,Zilch,11.25,debit,plaid,LOAN_PAYMENTS_BNPL_AND_EWA,bnpl,Zilch instalment; no shop named.
v3,train,Shirehampton High Street,SHIREHAMPTON HIGH,14.19,debit,plaid,TRANSFER_OUT_OTHER,unclassified_other,Shirehampton High Street does not identify which shop on the street; do not guess.
v3,train,McDonald's,0278 05JUL25 CD   MCDONALDS         BRADFORD GB,7.61,debit,plaid,DINING_DINING,takeaway,McDonald's takeaway.
v3,train,Marks & Spencer,MARKS&SPENCER PLC  ON 05 AUG CLP M&S,7.3,debit,plaid,GENERAL_MERCHANDISE_DEPARTMENT_STORES,department_store,Marks & Spencer department store.
v3,train,Amazon,WWW.AMAZON.* RF4E26J74 Amazon,8.9,debit,plaid,GENERAL_MERCHANDISE_ONLINE_MARKETPLACES,marketplace_amazon,Amazon.co.uk purchase.
v3,train,Breeze Competition Cd,BREEZE COMPETITION CD 9575,24.8,debit,plaid,DINING_DINING,prize_competitions,Breeze Competitions prize-draw platform.
v3,train,Claire Boswell Fin,Claire Boswell    fin               VIA MOBILE - LVP  FP 11/07/25 10    19073241343529000N,160,debit,plaid,TRANSFER_OUT_OTHER,transfer_p2p,Mobile payment to named person Claire Boswell.
v3,train,South East Water,SOUTH EAST  WATER 313812895,26,debit,plaid,RENT_AND_UTILITIES_WATER,water,South East Water bill.
v3,train,Clearpay,CLEARPAY,4.71,debit,plaid,LOAN_PAYMENTS_BNPL_AND_EWA,bnpl,Clearpay; no underlying shop.
v3,train,Bpo Collections Ltfirst,REVERSAL OF 04-09 BPO COLLECTIONS LTFIRST PAYMENT,-35,credit,plaid,LOAN_PAYMENTS_CREDIT_CARD_PAYMENT,returned_payment,Override prefill debt_collection. Narrative is REVERSAL OF a BPO Collections debit; unpaid/returned payment.
v3,train,Revolut,"MICHELLE DUFFEY SENT FROM REVOLUT REV543379365828536 SENT FROM REVOLUT,REV543379365828536",-3.5,credit,plaid,TRANSFER_IN_TRANSFER_IN_FROM_APPS,transfer_p2p,Revolut credit from named person Michelle Duffey.
v3,train,Betfair,VISA Debit Transaction BETFAIR,20,debit,plaid,ENTERTAINMENT_CASINOS_AND_GAMBLING,gambling_betting,Betfair betting exchange/bookmaker.
v3,iter_eval,Bet365,5145 05OCT25      BET365            STOKE GB,20,debit,plaid,ENTERTAINMENT_CASINOS_AND_GAMBLING,gambling_betting,Bet365 bookmaker.
v3,train,Translink,"TRANSLINK MOBILE TICKE (VIA APPLE PAY), ON 16-07-2025",4.7,debit,plaid,TRAVEL_AND_TRANSPORTATION_PUBLIC_TRANSIT,public_transport_rail_coach,Translink NI mobile ticket.
v3,train,McDonald's,MCDONALDS CD 8152,19.32,debit,plaid,DINING_DINING,takeaway,McDonald's takeaway.
v3,iter_eval,Holland & Barrett,HOLLAND & BARRETT  ON 19 JUL CPM,5,debit,plaid,GENERAL_MERCHANDISE_OTHER_GENERAL_MERCHANDISE,supplements,Holland & Barrett health-food/supplements.
v3,train,Bath & N,Direct debit BATH & N EAST SOME 560034 57134510,55,debit,plaid,PERSONAL_CARE_HAIR_AND_BEAUTY,council_tax,"Bath & North East Somerset Council direct debit, not beauty."
v3,train,Rumbles Fish Bar,Rumbles Fish Bar,8.4,debit,plaid,DINING_DINING,takeaway,Rumbles Fish Bar chip shop.
v3,train,Apple,APPLE.COM/BILL CD 1273,2.99,debit,plaid,GENERAL_MERCHANDISE_COMPUTERS_AND_ELECTRONICS,software,Apple.com/bill.
v3,train,The Flowerpot,The Flowerpot,7.05,debit,plaid,GENERAL_MERCHANDISE_OTHER_GENERAL_MERCHANDISE,unclassified_card_spend,The Flowerpot collides: multiple UK pubs and florists share the name; narrative does not disambiguate.
v3,iter_eval,Ovo Energy,OVO Energy,20,debit,plaid,RENT_AND_UTILITIES_OTHER_UTILITIES,energy,OVO Energy bill.
v3,train,Clearpay,Clearpay,9.72,debit,plaid,LOAN_PAYMENTS_BNPL_AND_EWA,bnpl,Clearpay; no underlying shop.
v3,train,Tamesidesportstrus,www.tamesidesportstrus,35.99,debit,plaid,TRANSFER_OUT_OTHER,gym_fitness,Override prefill sports_participation. Tameside Sports Trust (Active Tameside) £35.99 is a leisure-centre gym membership.
v3,train,M Thompson,M THOMPSON 06SEP25 772233 73607468,5,debit,plaid,TRANSFER_OUT_OTHER,transfer_p2p,Override prefill unclassified_other. Debit to named person M Thompson.
v3,train,Village Store,VILLAGE STORE  ON 15 JUL CLP,0.79,debit,plaid,GENERAL_MERCHANDISE_CONVENIENCE_STORES,convenience_store,Village store corner shop.
v3,train,Ballerrs Ol,Ballerrs Ol12,14.5,debit,plaid,TRANSFER_OUT_OTHER,unclassified_other,"Ballerrs Ol12 collides (sports bar, streetwear, socks brand) and could be a person; do not pick one."
v3,train,Daniel Fahey Loan,DANIEL FAHEY  LOAN FT,27,debit,plaid,LOAN_PAYMENTS_PERSONAL_LOAN_PAYMENT,transfer_p2p,"Override prefill personal_loan_repayment. Named person Daniel Fahey with LOAN memo is informal P2P borrowing, not a licensed lender."
v3,train,Morr Airdrie Cd,MORR AIRDRIE CD 7396,20.13,debit,plaid,TRANSFER_OUT_OTHER,groceries,Override prefill unclassified_other. MORR AIRDRIE is Morrisons Airdrie supermarket.
v3,train,Amazon,CARD PAYMENT TO AMZNMKTPLACE*R47ZW5L94 ON 25-08-2025,5.99,debit,plaid,GENERAL_MERCHANDISE_ONLINE_MARKETPLACES,marketplace_amazon,Amazon Marketplace purchase.
v3,train,Lexi Simm Mum,Lexi Simm                                mum x,3,debit,plaid,TRANSFER_OUT_OTHER,transfer_p2p,Debit to named person Lexi Simm with mum memo.
v3,train,Wagamama,Wagamama Limited 2,29.15,debit,plaid,DINING_DINING,restaurant_cafe,Wagamama restaurant.
v3,train,Clearpay,0052 05SEP25      CLEARPAY          CLEARPAY.CO.U GB,26.73,debit,plaid,LOAN_PAYMENTS_BNPL_AND_EWA,bnpl,Clearpay; no underlying shop.
v3,train,Lowestoft Bowl,Lowestoft Bowl,21.05,debit,plaid,ENTERTAINMENT_EVENTS_AND_TICKETS,days_out,Lowestoft Bowl ten-pin bowling / family entertainment centre.
v3,train,Mr P J Hara Mr Peter,Mr P J Hara Mr Peter Hara,3.57,debit,plaid,TRANSFER_OUT_OTHER,transfer_p2p,Debit to named person Mr P J Hara / Peter Hara.
v3,train,SkyBet,Sky Bet,10,debit,plaid,ENTERTAINMENT_CASINOS_AND_GAMBLING,gambling_betting,Sky Bet bookmaker.
v3,iter_eval,Tesco,TESCO STORES 6460  ON 08 JUL CPM Tesco,29.2,debit,plaid,FOOD_RETAIL_GROCERIES,groceries,Tesco supermarket.
v3,train,Luke J Hills,Payment to LUKE J HILLS 601455 61069604,15,debit,plaid,RENT_AND_UTILITIES_GAS_AND_ELECTRICITY,transfer_p2p,Override prefill unclassified_other. Payment to named person Luke J Hills; gas/electric native is wrong.
v3,iter_eval,Tesco,Cash at Tesco Lodge Pk Exp,31,debit,plaid,TRANSFER_OUT_CHECKS_AND_ATM,cash_withdrawal,Override prefill groceries. Cash at Tesco Lodge Park Express is ATM cash withdrawal.
v3,train,Waitrose,WAITROSE 207,5.35,debit,plaid,FOOD_RETAIL_GROCERIES,groceries,Waitrose supermarket.
v3,train,Raylo,RAYLO 6XM3EXC,20.98,debit,plaid,GENERAL_MERCHANDISE_ONLINE_MARKETPLACES,retail_finance_repayment,Raylo device finance.
v3,train,Vinted,Visa purchase MGP*Vinted,5.45,debit,plaid,GENERAL_MERCHANDISE_ONLINE_MARKETPLACES,marketplace_general,Vinted marketplace.
v3,train,Zilch,ZILCH TEMU.COM,17.67,debit,plaid,LOAN_PAYMENTS_BNPL_AND_EWA,marketplace_general,Override prefill bnpl. Zilch*Temu: underlying merchant is Temu marketplace.
v3,train,Zopa,ZOPA CREDIT CARDS JFCGPS4-ZOPA,21.51,debit,plaid,LOAN_PAYMENTS_PERSONAL_LOAN_PAYMENT,credit_card_repayment,"Zopa Credit Cards repayment, not a Zopa personal loan."
v3,train,BetFred,8062 12AUG25      BETFRED           GIBRALTAR GI,50,debit,plaid,ENTERTAINMENT_CASINOS_AND_GAMBLING,gambling_betting,Betfred bookmaker.
v3,train,Dvla,DVLA-GK12VSN                          REFERENCE: 000000000062862804,22.31,debit,plaid,GOVERNMENTS_AND_NON_PROFIT_GOVERNMENTS_AND_NON_PROFIT,road_tax,DVLA VED for GK12VSN.
v3,iter_eval,tombola,TOMBOLA,10,debit,plaid,ENTERTAINMENT_CASINOS_AND_GAMBLING,gambling_bingo,Tombola online bingo.
v3,train,La Casa Caffe,LA CASA CAFFE LTD La Casa Caffe,3.2,debit,plaid,DINING_COFFEE,restaurant_cafe,La Casa Caffe coffee shop.
v3,train,Severn Trent,SEVERN TRENT WATER 7750071285,36.68,debit,plaid,RENT_AND_UTILITIES_WATER,water,Severn Trent Water bill.
v3,iter_eval,Deliveroo,Visa purchase DELIVEROO 0797,22.45,debit,plaid,DINING_DINING,takeaway,Deliveroo takeaway.
v3,train,Uber,UBER *TRIP HELP.UB,12.53,debit,plaid,TRAVEL_AND_TRANSPORTATION_TAXIS_AND_RIDE_SHARES,taxi_rideshare,Uber trip.
v3,train,Clearpay,CARD PAYMENT TO CLEARPAY ON 04-08-2025,25,debit,plaid,LOAN_PAYMENTS_BNPL_AND_EWA,bnpl,Clearpay; no underlying shop.
v3,iter_eval,Bet365,BET365,20,debit,plaid,ENTERTAINMENT_CASINOS_AND_GAMBLING,gambling_betting,Bet365 bookmaker.
v3,iter_eval,Bet365,BET365,40,debit,plaid,ENTERTAINMENT_CASINOS_AND_GAMBLING,gambling_betting,Bet365 bookmaker.
v3,train,CO-OP,CO-OP GROUP 010670  ON 02 SEP CPM The Co-Operative,8.65,debit,plaid,FOOD_RETAIL_GROCERIES,groceries,Co-op grocery spend.
v3,train,Home Bargains,HOME BARGAINS,18.26,debit,plaid,GENERAL_MERCHANDISE_OTHER_GENERAL_MERCHANDISE,discount_store,Home Bargains discounter.
v3,train,New Look,NEW LOOK MCOMM  ON 13 AUG CPM New Look,13.99,debit,plaid,GENERAL_MERCHANDISE_APPAREL_AND_ACCESSORIES,clothing_general,New Look clothing.
v3,iter_eval,Tesco,LNK TESCO TALBOT G,120,debit,plaid,TRANSFER_OUT_CHECKS_AND_ATM,cash_withdrawal,Override prefill groceries. LNK Tesco Talbot Green is LINK ATM cash.
v3,train,William Hill,WILLIAMHILL*INTERN,20,debit,plaid,ENTERTAINMENT_CASINOS_AND_GAMBLING,gambling_betting,William Hill internet betting.
v3,train,Miss Alice Edwards Jane,MISS ALICE EDWARDS  JANE FT,10,debit,plaid,TRANSFER_OUT_OTHER,transfer_p2p,Faster payment to named person Miss Alice Edwards Jane.
v3,train,Off Licence Gs Wi,PPOINT_*OFF LICENC,2.65,debit,plaid,TRAVEL_AND_TRANSPORTATION_OTHER_TRAVEL_AND_TRANSPORTATION,alcohol_beer_spirits,PayPoint off-licence purchase.
v3,iter_eval,Tesco,5853 09SEP25 C    TESCO STORES 6017 MANCHESTER GB,79.61,debit,plaid,FOOD_RETAIL_GROCERIES,groceries,Tesco supermarket.
v3,train,Hiren Kantilal,HIREN KANTILAL 400000001650113261,5,debit,plaid,TRANSFER_OUT_OTHER,transfer_p2p,Debit to named person Hiren Kantilal.
v3,train,Revolut,CHARLES DIGNEY SENT FROM REVOLUT REV604396849151053,-88,credit,plaid,TRANSFER_IN_TRANSFER_IN_FROM_APPS,transfer_p2p,Revolut credit from named person Charles Digney.
v3,train,Shell,SHELL MILTON,50.61,debit,plaid,TRAVEL_AND_TRANSPORTATION_OTHER_TRAVEL_AND_TRANSPORTATION,fuel,Shell Milton forecourt.
v3,iter_eval,Uber Eats,CARD PAYMENT TO UBER *EATS ON 05-07-2025,9.88,debit,plaid,DINING_DINING,takeaway,Uber Eats.
v3,train,Clearpay,PENDING CLEARPAY,12.38,debit,plaid,LOAN_PAYMENTS_BNPL_AND_EWA,bnpl,Clearpay pending; no shop named.
v3,iter_eval,Google,PAYPAL *GOOGLE GOO35314369001,1.59,debit,plaid,GENERAL_MERCHANDISE_OTHER_GENERAL_MERCHANDISE,web_services,PayPal*Google small consumer bill; product not distinguishable (Play vs cloud) so keep Google services/web.
v3,train,Morrisons,MORRISONS DAILY,19.04,debit,plaid,FOOD_RETAIL_GROCERIES,groceries,Morrisons Daily food shop.
v3,train,Lodos Food Centre,Lodos Food Centre,6.99,debit,plaid,FOOD_RETAIL_GROCERIES,groceries_specialist,"Lodos Food Centre is a halal/world-food specialist grocer, not a general supermarket."
v3,train,Amazon,CARD PAYMENT TO AMAZON UK* ZT7AF6RZ4 ON 08-09-2025,35.8,debit,plaid,GENERAL_MERCHANDISE_ONLINE_MARKETPLACES,marketplace_amazon,Amazon UK purchase.
v3,train,Lidl,LIDL BELFAST- SHOR,23.76,debit,plaid,FOOD_RETAIL_GROCERIES,groceries,Lidl Belfast grocery spend.
v3,train,Budgens,Contactless Payment BUDGENS WATTON AT STONE,18.14,debit,plaid,FOOD_RETAIL_GROCERIES,groceries,Override prefill convenience_store. Budgens Watton-at-Stone is a symbol food shop.
v3,train,Poundland,Poundland,2,debit,plaid,GENERAL_MERCHANDISE_OTHER_GENERAL_MERCHANDISE,discount_store,Poundland discounter.
v3,train,Scotlands Charity,SCOTLANDS CHARITY,4.34,debit,plaid,GOVERNMENTS_AND_NON_PROFIT_DONATIONS,charitable_donation,Scotland's Charity (Air Ambulance) payment; £4.34 is not a round lottery stake so donation not gambling_lottery.
v3,train,Amazon Prime Video,Prime  Video*RC1C2,0.99,debit,plaid,ENTERTAINMENT_MUSIC_VIDEO_GAMES_TV_AND_MOVIES,streaming,Prime Video streaming.
v3,iter_eval,COOP,CENTRAL ENG COOP RLE12 8DU,17.98,debit,plaid,FOOD_RETAIL_GROCERIES,groceries,Central England Co-op grocery spend.
v3,train,Motor Fuel Group,0285 26JUL25 C    MFG WATERLINKS    BIRMINGHAM GB,62.08,debit,plaid,TRAVEL_AND_TRANSPORTATION_OTHER_TRAVEL_AND_TRANSPORTATION,fuel,Motor Fuel Group (MFG Waterlinks) forecourt.
v3,train,Vodafone,1003809596 Vodafone,10.5,debit,plaid,RENT_AND_UTILITIES_TELECOMMUNICATIONS,mobile_phone_contract,"Override prefill savings_transfer. Vodafone is a mobile contract, not a savings product."
v3,iter_eval,Barclaycard,MRS CHRISTINA DYSO  XXXXXXXXXXXX3003 BBP Barclaycard,6.04,debit,plaid,LOAN_PAYMENTS_CREDIT_CARD_PAYMENT,credit_card_repayment,Barclaycard repayment (Christina Dyson is the cardholder name on the mandate).
v3,train,Midnite,MIDNITE.COM Midnite,10,debit,plaid,ENTERTAINMENT_CASINOS_AND_GAMBLING,gambling_betting,Midnite.com is a UKGC sportsbook (casino is secondary); label the betting product.
v3,train,Raka Lane News,RAKA LANE NEWS,17.73,debit,plaid,GENERAL_MERCHANDISE_CONVENIENCE_STORES,convenience_store,Raka Lane News newsagent.
v3,train,Klarna,KLARNA*MUSTHAVEIDE,11.32,debit,plaid,LOAN_PAYMENTS_BNPL_AND_EWA,retail_tv_online_shopping,"Override prefill bnpl. Klarna*MUSTHAVEIDE is Must Have Ideas, a TV/online gadget-home retailer."
v3,train,Lisa V,Payment to LISA VANDOME 040709 01076643,30,debit,plaid,TRANSFER_OUT_OTHER,transfer_p2p,Payment to named person Lisa Vandomé.
v3,train,Amazonslots,Visa purchase AMAZONSLOTS.COM,10,debit,plaid,GENERAL_MERCHANDISE_ONLINE_MARKETPLACES,gambling_casino,"amazonslots.com is Jumpman Gaming online casino, not Amazon retail."
v3,train,Mohammed Tareeq,MOHAMMED TAREEQ   RENT MUNAZZA KHAN VIA MOBILE - PYMT FP 21/08/25 10    05094013161462000N,925,debit,plaid,RENT_AND_UTILITIES_RENT,rent,Mobile payment to Mohammed Tareeq with explicit RENT memo for Munazza Khan.
v3,train,Greggs,GREGGS PLC Greggs,3.35,debit,plaid,DINING_DINING,restaurant_cafe,Greggs bakery cafe.
v3,train,Klarna,Klarna,5.66,debit,plaid,LOAN_PAYMENTS_BNPL_AND_EWA,bnpl,Klarna instalment; no underlying shop.
v3,train,JD Wetherspoon,Contactless Payment WETHERSPOONS APPLEPAY 9469,6.49,debit,plaid,DINING_DINING,pub_bar,JD Wetherspoon pub.
v3,train,Klarna,KLARNA*KLARNA,49.19,debit,plaid,LOAN_PAYMENTS_BNPL_AND_EWA,bnpl,Klarna*Klarna self-billed instalment; no shop.
v3,train,ChargePoint,Chargepoint Nl Gbp,10,debit,plaid,TRAVEL_AND_TRANSPORTATION_OTHER_TRAVEL_AND_TRANSPORTATION,fuel,ChargePoint EV charging treated as fuel analogue.
v3,train,McDonald's,3692 21SEP25  D   MCDONALDS 8260932 BLAYDON UPON GB,14.76,debit,plaid,DINING_DINING,takeaway,McDonald's takeaway.
v3,train,Win Bet Online LTD,WIN BET ONLINE LTD BULGARIA AMOUNT IN BGN 50.00 ON 22 JUL VISA 2.234692 FINAL GBP AMOUNT INCLUDES NON-STERLING TRANS FEE £0.67 ,23.04,debit,plaid,ENTERTAINMENT_CASINOS_AND_GAMBLING,gambling_betting,Win Bet Online Ltd (Bulgaria) bookmaker; FX fee is incidental.
v3,iter_eval,B & Q,B & Q 1346,4.5,debit,plaid,GENERAL_MERCHANDISE_FURNITURE_AND_HARDWARE,home_improvement,B&Q DIY/home improvement.
v3,train,Transport for London,Transport for London,17.7,debit,plaid,TRAVEL_AND_TRANSPORTATION_PUBLIC_TRANSIT,public_transport_rail_coach,Transport for London travel.
v3,train,McDonald's,McDonalds 8261501  ON 24 JUN CPM MCDONALDS 8261501,14.25,debit,plaid,DINING_DINING,takeaway,McDonald's takeaway.
v3,iter_eval,Tesco,TESCO STORES 2693,4.49,debit,plaid,FOOD_RETAIL_GROCERIES,groceries,Tesco supermarket debit.
v3,train,Zilch,ZILCH INSTALMENT,33.04,debit,plaid,LOAN_PAYMENTS_BNPL_AND_EWA,bnpl,Zilch instalment with no underlying merchant in the narrative.
v3,train,CO-OP,Contactless Payment CO-OPERATIVE FOOD,7.33,debit,plaid,FOOD_RETAIL_GROCERIES,groceries,Co-op Food contactless grocery debit.
v3,iter_eval,Tesco,LNK TESCO GRMBY RD,150,debit,plaid,TRANSFER_OUT_CHECKS_AND_ATM,cash_withdrawal,"Override groceries: LNK + ATM native and round £150 is a LINK cash withdrawal at Tesco Grimsby Road, not store spend."
v3,iter_eval,Medexpress,MedExpress,203.94,debit,plaid,MEDICAL_OTHER_MEDICAL,pharmacy,MedExpress is a UK online pharmacy (weight-loss/Rx).
v3,train,Sambuca Morpeth LTD,SAMBUCA MORPETH LT,35.4,debit,plaid,DINING_DINING,restaurant_cafe,"Sambuca Morpeth is a licensed Italian restaurant (SIC 56101), not a pub."
v3,train,Be.ev,Be.EV,1,debit,plaid,GENERAL_MERCHANDISE_OTHER_GENERAL_MERCHANDISE,fuel,Be.EV is a UK public EV charging network; £1 is a charge/session.
v3,train,Zable Card Zable,Zable Card Zable,47.55,debit,plaid,LOAN_PAYMENTS_CREDIT_CARD_PAYMENT,credit_card_repayment,Zable Card is a UK credit-building credit card; debit is card repayment.
v3,train,Current,208526 33066436  OPTIONAL FT Barclays current account,15,debit,plaid,TRANSFER_OUT_OTHER,transfer_bank_unspecified,Optional faster payment to a Barclays current account without own-account evidence (not 'to myself'/same name).
v3,train,Amazon,Amazon,48.7,debit,plaid,GENERAL_MERCHANDISE_ONLINE_MARKETPLACES,marketplace_amazon,Amazon debit.
v3,train,Lidl,LIDL GB LIVERPOOL,50.57,debit,plaid,FOOD_RETAIL_GROCERIES,groceries,Lidl supermarket debit.
v3,train,Sainsbury's,SAINSBURYS S/MKTS  ON 10 JUL BCC Sainsbury's - Fuel,10,debit,plaid,FOOD_RETAIL_GROCERIES,fuel,Override groceries: narrative explicitly says Sainsbury's - Fuel.
v3,train,Raylo,RAYLO BBJ92E9,28.99,debit,plaid,GENERAL_MERCHANDISE_ONLINE_MARKETPLACES,retail_finance_repayment,Raylo device-finance repayment.
v3,iter_eval,Tesco,TESCO CAFE LLANELLDYFED,3.4,debit,plaid,FOOD_RETAIL_GROCERIES,restaurant_cafe,"Override groceries: Tesco Cafe Llanelli is in-store cafe spend, not supermarket groceries."
v3,train,Wickes,Wickes,42.07,debit,plaid,GENERAL_MERCHANDISE_FURNITURE_AND_HARDWARE,home_improvement,Wickes DIY/home-improvement debit.
v3,train,Creditspring,CREDITSPRING,28,debit,plaid,LOAN_PAYMENTS_PERSONAL_LOAN_PAYMENT,personal_loan_repayment,"Creditspring £28 is the typical membership/loan collection; gold merchant leaf is personal_loan_repayment (subscription lender, not payday)."
v3,train,Primark,Primark,62.2,debit,plaid,GENERAL_MERCHANDISE_APPAREL_AND_ACCESSORIES,clothing_general,Primark clothing debit.
v3,train,Sports Direct,SPORTSDIRECT 217,8,debit,plaid,GENERAL_MERCHANDISE_SPORTING_GOODS,sportswear,Sports Direct debit.
v3,train,O2,O2 ONLINE NEW ORDEREADING,1,debit,plaid,RENT_AND_UTILITIES_TELECOMMUNICATIONS,mobile_phone_contract,O2 online order/top-up.
v3,train,Nh Linate,NH LINATE ITALY AMOUNT IN EUR 2.50 ON 09 OCT VISA 1.150861 FINAL GBP AMOUNT INCLUDES NON-STERLING TRANS FEE £0.06 ,2.23,debit,plaid,TRANSFER_OUT_OTHER,accommodation,NH Linate is an NH Hotel at Milan Linate; foreign amount is hotel spend (not generic foreign_spend).
v3,train,Asda Petrol,Asda Petrol,3.72,debit,plaid,TRAVEL_AND_TRANSPORTATION_OTHER_TRAVEL_AND_TRANSPORTATION,fuel,Asda Petrol forecourt debit.
v3,train,Harper Vending LTD,Harper Vending Ltd,1.65,debit,plaid,FOOD_RETAIL_OTHER,confectionary,Harper Vending is a vending-machine operator; £1.65 snack/drink.
v3,iter_eval,TV LICENSING,TV LICENCE MBP                        REFERENCE: 1553412763,9.75,debit,plaid,ENTERTAINMENT_OTHER_ENTERTAINMENT,tv_licence,TV Licensing instalment.
v3,train,Sarah,SARAH MCAVOY 100000001601082252,6,debit,plaid,TRANSFER_OUT_OTHER,transfer_p2p,Debit to named person Sarah McAvoy.
v3,train,LTD,EE LTD,40.99,debit,plaid,RENT_AND_UTILITIES_TELECOMMUNICATIONS,mobile_phone_contract,EE Ltd mobile bill.
v3,train,Market Vaggelis,MARKET VAGGELIS,9.61,debit,plaid,FOOD_RETAIL_GROCERIES,groceries_specialist,Market Vaggelis reads as a specialist/world-food grocer; models agreed.
v3,train,SkyBet,Visa purchase SKY BET 9967,18,debit,plaid,ENTERTAINMENT_CASINOS_AND_GAMBLING,gambling_betting,Sky Bet sportsbook debit.
v3,train,Osamu Edomwande,OSAMU EDOMWANDE  UH FT,12,debit,plaid,TRANSFER_OUT_OTHER,transfer_p2p,Debit to named person Osamu Edomwande.
v3,train,Halifax Barclays,HALIFAX  BARCLAYS FT,20,debit,plaid,TRANSFER_OUT_OTHER,financial_institution_unspecified,Override credit_card_repayment: HALIFAX BARCLAYS FT is a bank-to-bank faster payment with no product (card/mortgage/savings) in the narrative.
v3,train,Lidl,Lidl,25.09,debit,plaid,FOOD_RETAIL_GROCERIES,groceries,Lidl supermarket debit.
v3,train,Steven Roberts,STEVEN ROBERTS 500000001611621541,20,debit,plaid,TRANSFER_OUT_OTHER,transfer_p2p,Debit to named person Steven Roberts.
v3,train,Marks And Spencer,MARKS AND SPENCER  ON 29 JUL CPM,1.25,debit,plaid,FOOD_RETAIL_GROCERIES,department_store,Marks & Spencer debit; taxonomy treats M&S as department_store even at small ticket.
v3,train,Transport for London,TFL TRAVEL CH,7,debit,plaid,TRAVEL_AND_TRANSPORTATION_PUBLIC_TRANSIT,public_transport_rail_coach,TfL travel charge.
v3,train,Jessica Ruby,Jessica           Ruby,50,debit,plaid,TRANSFER_OUT_OTHER,transfer_p2p,Debit to named person Jessica Ruby.
v3,train,Sainsbury's,0162 09OCT25 C    SAINSBURYS S/MKTS BAMBER BRIDGE GB,2.71,debit,plaid,FOOD_RETAIL_GROCERIES,groceries,Sainsbury's supermarket debit.
v3,train,Best One,BEST ONE,4.63,debit,plaid,LOAN_PAYMENTS_PERSONAL_LOAN_PAYMENT,convenience_store,Best-One is a convenience fascia (not in the Spar/Nisa/Londis/Premier groceries list).
v3,train,Amazon,4476 02JUN25      AMAZON* SH3W07YL5 LONDON GB,50.66,debit,plaid,GENERAL_MERCHANDISE_ONLINE_MARKETPLACES,marketplace_amazon,Amazon debit.
v3,iter_eval,Tesco,CARD PAYMENT TO TESCO STORES 2179 ON 08-09-2025,126.95,debit,plaid,FOOD_RETAIL_GROCERIES,groceries,Tesco Stores debit.
v3,train,HM Revenue and Customs,HMRC CHILD BENEFIT,-104.2,credit,plaid,TAX_REFUND_TAX_REFUND,benefits_state,HMRC Child Benefit credit; not tax_refund and not council_tax.
v3,train,The Club Tropicana,The Club Tropicana,1.39,debit,plaid,ENTERTAINMENT_EVENTS_AND_TICKETS,unclassified_other,"Club Tropicana is a name collision (cocktail bar, 80s-night brand, song); £1.39 does not uniquely identify the payee."
v3,train,First West Yorkshire,FIRST WEST YORKSHI,3.2,debit,plaid,ENTERTAINMENT_MUSIC_VIDEO_GAMES_TV_AND_MOVIES,public_transport_rail_coach,First West Yorkshire bus operator.
v3,iter_eval,Tesco,Visa purchase TESCO STORES 2920,91.8,debit,plaid,FOOD_RETAIL_GROCERIES,groceries,Tesco supermarket debit.
v3,iter_eval,Castle Vending,Castle Vending       )))),1,debit,plaid,FOOD_RETAIL_OTHER,confectionary,Castle Vending vending-machine spend.
v3,train,Morr Leeds,Morr Leeds Yeadon,58.95,debit,plaid,TRAVEL_AND_TRANSPORTATION_OTHER_TRAVEL_AND_TRANSPORTATION,groceries,Morr Leeds Yeadon is Morrisons at Yeadon; native TRAVEL is wrong. £58.95 grocery basket.
v3,train,Just Eat,Just Eat,23.21,debit,plaid,DINING_DINING,takeaway,Just Eat delivery aggregator.
v3,train,Lowell Financial,LOWELL PORTFOLIO I 00015613056904,12.62,debit,plaid,GENERAL_SERVICES_ACCOUNTING_AND_FINANCIAL_SERVICES,debt_collection,Lowell Portfolio debt-collection debit.
v3,train,Asda,ZILCH ASDA STORES CD 3815,9.68,debit,plaid,LOAN_PAYMENTS_BNPL_AND_EWA,groceries,"Zilch+Asda: label the shop (Asda groceries), not BNPL."
v3,train,Just Eat,Just Eat,17.97,debit,plaid,DINING_DINING,takeaway,Just Eat delivery aggregator.
v3,train,Palace,Palace,6.35,debit,plaid,TRAVEL_AND_TRANSPORTATION_LODGING,unclassified_other,"Palace is a name collision (hotel, pub, football, other); £6.35 lodging native is not enough to pick accommodation."
v3,train,Motor Fuel Group,MFG GREAT BARR  ON 29 SEP CPM Motor Fuel Group,45.65,debit,plaid,TRAVEL_AND_TRANSPORTATION_OTHER_TRAVEL_AND_TRANSPORTATION,fuel,Motor Fuel Group Great Barr forecourt.
v3,iter_eval,Google Play,Google Play Apps,2.49,debit,plaid,ENTERTAINMENT_MUSIC_VIDEO_GAMES_TV_AND_MOVIES,software,Google Play Apps digital purchase; convention is software not gaming_mobile.
v3,train,Amazon,AMZNMktplace*RF94F2GQ4 CD 4710,10.98,debit,plaid,GENERAL_MERCHANDISE_ONLINE_MARKETPLACES,marketplace_amazon,Amazon Marketplace debit.
v3,train,Current,TRANSFER TO BASIC CURRENT ACCOUNT,2,debit,plaid,TRANSFER_OUT_OTHER,transfer_own_account,TRANSFER TO BASIC CURRENT ACCOUNT names the customer's own current-account product.
v3,train,Manishaa Jp Tradi,PPOINT_*MANISHAA J,1,debit,plaid,TRANSFER_OUT_OTHER,unclassified_other,PayPoint to truncated MANISHAA J trader; shop type not identifiable.
v3,iter_eval,Screwfix,SCREWFIX DIRECT CD 2016,32.97,debit,plaid,GENERAL_MERCHANDISE_FURNITURE_AND_HARDWARE,tools,Screwfix debit.
v3,train,Mid Devon District,MID DEVON DISTRICT,20,debit,plaid,DINING_DINING,council_tax,"Mid Devon District Council debit £20; typical council-tax instalment, though other council services are possible."
v3,train,Elite,SQ *ELITE 8 BALL L,4,debit,plaid,ENTERTAINMENT_EVENTS_AND_TICKETS,sports_participation,Square Elite 8 Ball is a pool-hall payment.
v3,train,Online Tuition & Accom,Visa purchase ONLINE TUITION & ACCOM,249.86,debit,plaid,CHILDCARE_AND_EDUCATION_CHILDCARE_AND_EDUCATION,education_general,Online tuition and accommodation billed together; education is the identifiable purpose.
v3,train,Sadegh Neissi,Sadegh Neissi,15,debit,plaid,TRANSFER_OUT_OTHER,transfer_p2p,Debit to named person Sadegh Neissi.
v3,train,Lidl,Contactless Payment LIDL BELFAST- CASTLEREAGH,2.09,debit,plaid,FOOD_RETAIL_GROCERIES,groceries,Lidl Belfast grocery debit.
v3,train,Rapanui Teemill,Rapanui / Teemill,21.41,debit,plaid,DINING_DINING,clothing_general,Rapanui/Teemill is an ethical clothing brand (not the water-bill collision).
v3,train,The Angel Oak,The Angel Oak,13.4,debit,plaid,DINING_DINING,pub_bar,The Angel Oak is a pub.
v3,train,Lee Lavick,LEE LAVICK 600000001631570925,15,debit,plaid,TRANSFER_OUT_OTHER,transfer_p2p,Debit to named person Lee Lavick.
v3,train,Octopus Energy,OCTOPUS ENERGY LTDLONDON,30,debit,plaid,RENT_AND_UTILITIES_OTHER_UTILITIES,energy,Octopus Energy debit.
v3,train,Doncaster Rovers Footb,DONCASTER ROVERS F,5.2,debit,plaid,DINING_DINING,restaurant_cafe,"Doncaster Rovers Football; £5.20 is consistent with a ticket/membership add-on rather than a meal. Adversarial: £5.20 with DINING native at a cashless stadium is concourse food, not a ticket."
v3,train,Stageco,STAGECOACH,2,debit,plaid,TRAVEL_AND_TRANSPORTATION_OTHER_TRAVEL_AND_TRANSPORTATION,public_transport_rail_coach,Stagecoach bus.
v3,train,Bocalto Tapas,Bocalto Tapas,17.38,debit,plaid,DINING_DINING,restaurant_cafe,Bocalto Tapas restaurant.
v3,train,Bustleholme Football,Bustleholme footba,1.5,debit,plaid,DINING_DINING,sports_participation,Grassroots Bustleholme football club £1.50.
v3,train,Transport for London,TfL Travel Charge,13.2,debit,plaid,TRAVEL_AND_TRANSPORTATION_PUBLIC_TRANSIT,public_transport_rail_coach,TfL travel charge.
v3,train,Amazon,AMZNMktplace*RU9LJ CD 3551,17.99,debit,plaid,GENERAL_MERCHANDISE_ONLINE_MARKETPLACES,marketplace_amazon,Amazon Marketplace debit.
v3,train,Current,TRANSFER TO EVERYDAY CURRENT ACCOUNT,200,debit,plaid,TRANSFER_OUT_OTHER,transfer_own_account,TRANSFER TO EVERYDAY CURRENT ACCOUNT is an own-account pot/product.
v3,train,Morrisons,MORRISONS DAILY  ON 30 OCT CPM,15.55,debit,plaid,FOOD_RETAIL_GROCERIES,groceries,"Morrisons Daily is a Morrisons food shop (convenience-format supermarket), so groceries not convenience_store."
v3,train,Klarna,KLARNA*KLARNA SHOP,15,debit,plaid,LOAN_PAYMENTS_BNPL_AND_EWA,bnpl,Klarna Shop with no other underlying retailer named.
v3,iter_eval,Screwfix,SCREWFIX DIRECT CD 9848,146.53,debit,plaid,GENERAL_MERCHANDISE_FURNITURE_AND_HARDWARE,tools,Screwfix debit.
v3,train,Tina Clark,Payment to TINA CLARK 040003 50901980,3.2,debit,plaid,DINING_WINE_BARS_AND_PUBS,transfer_p2p,Payment to named person Tina Clark.
v3,train,Next Leicester,NEXT              LEICESTER,20,debit,plaid,GENERAL_MERCHANDISE_FURNITURE_AND_HARDWARE,clothing_general,"NEXT LEICESTER is a Next store location, not Next Directory catalogue credit."
v3,train,Cd The,9436 22OCT25 CD   THE OLD FORT      SEAVIEW GB,9.7,debit,plaid,DINING_DINING,restaurant_cafe,The Old Fort Seaview hospitality debit.
v3,train,Apple,"APPLE.COM/BILL - Hollyhill Estate, APPLE.COM/BIL",0.99,debit,plaid,GENERAL_MERCHANDISE_COMPUTERS_AND_ELECTRONICS,software,APPLE.COM/BILL App Store/iCloud subscription.
v3,train,Greggs,GREGGS PLC,9.35,debit,plaid,DINING_DINING,restaurant_cafe,Greggs; taxonomy maps Greggs to restaurant_cafe not takeaway.
v3,train,Lewis Priest,Lewis Priest - SortCodeAccountNumber: 04000330422645,10,debit,plaid,TRANSFER_OUT_OTHER,transfer_p2p,Debit to named person Lewis Priest.
v3,train,Amazon,Visa purchase AMAZON* SZ7OC72Q5 8259,97,debit,plaid,GENERAL_MERCHANDISE_ONLINE_MARKETPLACES,marketplace_amazon,Amazon debit.
v3,train,Clearpay,5830 14AUG25      CLEARPAY          MANCHESTER GB,9.69,debit,plaid,LOAN_PAYMENTS_BNPL_AND_EWA,bnpl,Clearpay instalment; no underlying shop in the narrative.
v3,train,A Mussarat,A MUSSARAT 110068 12717668,20,debit,plaid,TRANSFER_OUT_OTHER,transfer_p2p,Debit to named person A Mussarat.
v3,iter_eval,Utility Warehouse,Utility Warehouse - SortCodeAccountNumber: 20000080256684,53.3,debit,plaid,RENT_AND_UTILITIES_OTHER_UTILITIES,utility_other,Utility Warehouse bundles energy/phone/broadband; product not specified.
v3,train,Asda,1424 24MAY25 C    ASDA STORES 4873  SUTTON STONEC GB,3.98,debit,plaid,FOOD_RETAIL_GROCERIES,groceries,Asda Stores grocery debit.
v3,train,Garthowen Store,Garthowen Store,16.09,debit,plaid,GENERAL_MERCHANDISE_CONVENIENCE_STORES,convenience_store,Garthowen Store independent convenience shop.
v3,iter_eval,Tesco,PENDING TESCO STORES 3304,29.4,debit,plaid,FOOD_RETAIL_GROCERIES,groceries,Tesco supermarket debit.
v3,train,Amazon,Amazon,14.38,debit,plaid,GENERAL_MERCHANDISE_ONLINE_MARKETPLACES,marketplace_amazon,Amazon debit.
v3,train,Sainsbury's,Visa purchase SAINSBURY'S S/MKT,20.7,debit,plaid,FOOD_RETAIL_GROCERIES,groceries,Sainsbury's supermarket debit.
v3,train,CO-OP,CO-OP GROUP 060739,3.5,debit,plaid,FOOD_RETAIL_GROCERIES,groceries,Co-op Group grocery debit.
v3,train,James O'donnell,JAMES O'DONNELL 600000001609121219,8,debit,plaid,TRANSFER_OUT_OTHER,transfer_p2p,Debit to named person James O'Donnell.
v3,train,Mr B Hawes-crad,MR B HAWES-CRADDOCBRAD              VIA MOBILE - PYMT FP 06/07/25 10    57124405829673000R,4.49,debit,plaid,TRANSFER_OUT_OTHER,transfer_p2p,Mobile payment to named person Mr B Hawes-Craddoc.
v3,train,Halfords,HALFORDS 0859,60.99,debit,plaid,GENERAL_MERCHANDISE_OTHER_GENERAL_MERCHANDISE,vehicle_maintenance,Halfords motoring/parts debit.
v3,train,Cd Co Op Group Food,3025 12JUN25 CD   CO OP GROUP FOOD  GLOUCESTER GB,3.5,debit,plaid,FOOD_RETAIL_GROCERIES,groceries,Co-op Group Food grocery debit.
v3,iter_eval,Tesco,Tesco,3.45,debit,plaid,FOOD_RETAIL_GROCERIES,groceries,Tesco supermarket debit.
v3,train,Monzo,Billy - Sent from Monzo - SortCodeAccountNumber: 04000401358206,10,debit,plaid,TRANSFER_OUT_OTHER,transfer_p2p,Monzo send to named person Billy; not own-account evidence.
v3,train,Cd Birdsfoot Food Andwin,8443 03JUL25 CD   BIRDSFOOT FOOD    ANDWIN            LUTON GB,2,debit,plaid,DINING_DINING,convenience_store,"Birdsfoot Food Luton is Birdsfoot Lane Food and Wine, a corner-shop/off-licence."
v3,iter_eval,Freemans,A & C FREEMAN LTD FREEMANS,10000,debit,plaid,GENERAL_MERCHANDISE_ONLINE_MARKETPLACES,unclassified_other,"Freemans catalogue-credit repayment (brief: Freemans bank payments are often retail finance); £10k is a settlement-sized debit. Adversarial: A & C FREEMAN LTD is a Peterborough quarrying/haulage firm (07627866), not Freemans catalogue credit. Name collision — do not force retail_finance_repayment."
v3,train,Klarna,KLARNA,6.06,debit,plaid,LOAN_PAYMENTS_BNPL_AND_EWA,bnpl,Klarna debit with no underlying merchant.
v3,train,Clearpay,Clearpay  ON 30 AUG BCC,16.99,debit,plaid,LOAN_PAYMENTS_BNPL_AND_EWA,bnpl,Clearpay instalment; no underlying shop.
v3,train,Apple,CARD PAYMENT TO APPLE.COM/BILL ON 01-08-2025,5.99,debit,plaid,GENERAL_MERCHANDISE_COMPUTERS_AND_ELECTRONICS,software,APPLE.COM/BILL subscription.
v3,train,Universal Square,UNIVERSAL SQUARE  MANCHESTER,7,debit,plaid,ENTERTAINMENT_EVENTS_AND_TICKETS,unclassified_other,"Universal Square Manchester is a mixed office campus (parking, cafe, events); £7 does not uniquely identify the product."
v3,train,Uber,UBER* TRIP Uber* Trip,5.41,debit,plaid,TRAVEL_AND_TRANSPORTATION_TAXIS_AND_RIDE_SHARES,taxi_rideshare,Uber trip (not Eats).
v3,iter_eval,eBay,eBay,4.99,debit,plaid,GENERAL_MERCHANDISE_ONLINE_MARKETPLACES,marketplace_general,eBay; not Amazon.
v3,train,Vinted,MGP*Vinted        London,5.97,debit,plaid,GENERAL_MERCHANDISE_ONLINE_MARKETPLACES,marketplace_general,Vinted via Mangopay; not Amazon.
v3,train,Thabisile A,THABISILE A MOYO 400000001586900353,20,debit,plaid,TRANSFER_OUT_OTHER,transfer_p2p,Debit to named person Thabisile A Moyo.
v3,train,Victoria Oxshott,Victoria Oxshott  Leatherhead,6,debit,plaid,TRANSFER_OUT_OTHER,pub_bar,"Victoria Oxshott Leatherhead reads as a named person plus place, not a shop. Adversarial: The Victoria, Oxshott (Leatherhead) is a pub, not a named person."
v3,train,HPI,5984 31AUG25      HPI INSTANT INK UKWWW.HP.COM GB,4.49,debit,plaid,GENERAL_MERCHANDISE_OTHER_GENERAL_MERCHANDISE,printing_supplies,HP Instant Ink subscription; label the underlying merchant.
v3,train,Easy Saver,TO Easy Saver 770104-00080833,30,debit,plaid,TRANSFER_OUT_SAVINGS,savings_transfer,Transfer to Easy Saver pot.
v3,train,SKY,"DIRECT DEBIT PAYMENT TO SKY TV REF 00624903820105, MANDATE NO 0080",110,debit,plaid,ENTERTAINMENT_MUSIC_VIDEO_GAMES_TV_AND_MOVIES,broadband_tv_phone,Sky TV direct debit.
v3,train,Trainline,Visa purchase trainline 4826,34.39,debit,plaid,TRAVEL_AND_TRANSPORTATION_PUBLIC_TRANSIT,public_transport_rail_coach,Trainline rail booking.
v3,train,Booking.com,Visa purchase BOOKING #35325437 GOOGLE 4220,5.2,debit,plaid,TRAVEL_AND_TRANSPORTATION_OTHER_TRAVEL_AND_TRANSPORTATION,accommodation,Booking.com hotel booking/fee.
v3,train,Circuit Go,Circuit Go,2.5,debit,plaid,FOOD_RETAIL_OTHER,laundry,Circuit Go is a managed laundry-payment platform.
v3,train,Bermondsey Bier,Bermondsey Bierkeller,55.3,debit,plaid,DINING_DINING,pub_bar,Bermondsey Bierkeller pub/bar.
v3,iter_eval,Tesco,TESCO TESCO DOWNLAND EXP 02SEP 18.01 ATM,25,debit,plaid,TRANSFER_OUT_CHECKS_AND_ATM,cash_withdrawal,Override groceries: narrative includes ATM and native is CHECKS_AND_ATM; Tesco Downland Express cash withdrawal.
v3,train,Laurentiu Robert,LAURENTIU ROBERT S  BARCA FT,3,debit,plaid,TRANSFER_OUT_OTHER,transfer_p2p,Debit to named person Laurentiu Robert.
v3,train,Mtcgame,Mtcgame,33.96,debit,plaid,LOAN_PAYMENTS_PERSONAL_LOAN_PAYMENT,gaming_online,"MTCGAME is a game gift-card/top-up store, not a gambling operator; native personal-loan is wrong."
v3,train,C Taylor Aa Ft,C TAYLOR  AA FT,20,debit,plaid,TRANSFER_OUT_OTHER,transfer_p2p,Debit to named person C Taylor.
v3,train,McDonald's,MCDONALDS         ROYSTON,6.98,debit,plaid,DINING_DINING,takeaway,McDonald's debit.
v3,train,Co-op,Co-op,32.85,debit,plaid,FOOD_RETAIL_GROCERIES,groceries,Co-op grocery debit.
v3,train,The Plough,THE PLOUGH INN The Plough Inn,10.55,debit,plaid,DINING_DINING,pub_bar,The Plough Inn.
v3,train,Klarna,KLARNA 2EKV5ZY-HALFORDS,64.67,debit,plaid,LOAN_PAYMENTS_BNPL_AND_EWA,vehicle_maintenance,Override bnpl: Klarna+Halfords — label the underlying Halfords motoring spend.
v3,train,Tesco Petrol,TESCO PFS 3718,14.19,debit,plaid,TRAVEL_AND_TRANSPORTATION_OTHER_TRAVEL_AND_TRANSPORTATION,fuel,Tesco PFS (petrol filling station).
v3,train,Scamp & Dude,Scamp & Dude,29.81,debit,plaid,TRAVEL_AND_TRANSPORTATION_LODGING,clothing_general,Scamp & Dude is a UK clothing brand.
v3,train,Amazon,Amazon.co.uk*R78WQ9X14 CD 4258,16.93,debit,plaid,GENERAL_MERCHANDISE_ONLINE_MARKETPLACES,marketplace_amazon,Amazon.co.uk debit.
v3,iter_eval,Burger King,Burger King Bromley,11.38,debit,plaid,DINING_DINING,takeaway,"Override refund_received: Burger King Bromley is a debit takeaway spend, not a credit/refund."
v3,train,Gbolade Design Stu,GBOLADE DESIGN STU 309391 52558968,4500,debit,plaid,ENTERTAINMENT_CASINOS_AND_GAMBLING,business_services,£4500 bank payment to Gbolade Design Studio; design-studio professional services rather than gambling (native is wrong).
v3,train,Raylo,RAYLO,36.45,debit,plaid,GENERAL_MERCHANDISE_ONLINE_MARKETPLACES,retail_finance_repayment,Raylo device-finance repayment.
v3,train,Monzo,Mr Brian Mccarthy Sent from Monzo,1,debit,plaid,TRANSFER_OUT_OTHER,transfer_p2p,Monzo send to named person Mr Brian McCarthy; not own-account.
v3,train,Co-op,Co-op,10.75,debit,plaid,FOOD_RETAIL_GROCERIES,groceries,Co-op grocery debit.
v3,train,Exchanged To Btc,Exchanged to BTC,30,debit,plaid,TRANSFER_OUT_INVESTMENT_AND_RETIREMENT_FUNDS,crypto,Exchanged to BTC is a crypto purchase.
v3,iter_eval,Uber Eats,UBER   *EATS,14.53,debit,plaid,DINING_DINING,takeaway,Uber Eats.
v3,train,SKY,Direct debit DGI SKY PROTECT 600001 36318515,15,debit,plaid,INSURANCE_AND_TAX_INSURANCE,insurance_other,"Sky Protect / DGI is device cover (insurance_other), not multi-line general."
v3,train,Giffgaff,CARD PAYMENT TO GIFFGAFF ON 06-06-2025,10,debit,plaid,RENT_AND_UTILITIES_TELECOMMUNICATIONS,mobile_phone_contract,giffgaff top-up/plan.
v3,train,Congleton Eats,CONGLETON EATS,35.85,debit,plaid,DINING_DINING,takeaway,Congleton Eats is a local takeaway-ordering platform.
v3,train,Just Eat,Just Eat          London,19.5,debit,plaid,DINING_DINING,takeaway,Just Eat.
v3,train,Thameslink,Thameslink,6.6,debit,plaid,GENERAL_SERVICES_OTHER_SERVICES,public_transport_rail_coach,Thameslink rail.
v3,train,McDonald's,MCDONALDS 1587 McDonald's,5,debit,plaid,DINING_DINING,takeaway,McDonald's debit.
v3,train,Miss Sam Denny Hi,miss Sam denny    hi,5,debit,plaid,TRANSFER_OUT_OTHER,transfer_p2p,Debit to named person Miss Sam Denny.
v3,iter_eval,Aldi,ALDI STORES LTD,62.86,debit,plaid,FOOD_RETAIL_GROCERIES,groceries,Aldi food discounter → groceries.
v3,iter_eval,Go Local Extra,Go Local Extra,2.44,debit,plaid,TRANSFER_OUT_OTHER,convenience_store,Go Local Extra convenience fascia.
v3,train,Rashids Convenien,PPOINT_*RASHIDS CO,9.5,debit,plaid,TRANSFER_OUT_OTHER,convenience_store,PayPoint Rashids Convenience.
v3,train,BetFred,Visa purchase BETFRED 2025-07-06,20,debit,plaid,ENTERTAINMENT_CASINOS_AND_GAMBLING,gambling_betting,Betfred bookmaker debit.
v3,train,Wc Rowe Mkt Jew St,WC ROWE MKT JEW ST,6.9,debit,plaid,FOOD_RETAIL_GROCERIES,restaurant_cafe,"W.C. Rowe Jew Street is Rowe's Cornish bakery (Greggs-like bakery/cafe), not a grocer."
v3,train,Cd Wc Billiard Room,0540 27JUL25 CD   WC BILLIARD ROOM  SHOP              WINDSOR GB,5,debit,plaid,ENTERTAINMENT_OTHER_ENTERTAINMENT,sports_participation,WC Billiard Room Windsor is a billiards/pool room; sports_participation over pub_bar.
v3,train,McDonald's,McDonald’s,23.82,debit,plaid,DINING_DINING,takeaway,McDonald's debit.
v3,iter_eval,M6 Toll,M6 Toll Charge,10.3,debit,plaid,TRAVEL_AND_TRANSPORTATION_OTHER_TRAVEL_AND_TRANSPORTATION,tolls,M6 Toll road charge.
v3,train,Virgin Games,Virgin Games,40,debit,plaid,ENTERTAINMENT_CASINOS_AND_GAMBLING,gambling_casino,Virgin Games online casino.
v3,iter_eval,Starbucks,4995 08JUL25 CD   STARBUCKS         HIGH WYCOMBE GB,4.45,debit,plaid,DINING_COFFEE,restaurant_cafe,Starbucks cafe.
v3,train,Goldwire Conve,PPOINT_*GOLDWIRE C  ON 12 JUL CLP PPOINT_*GOLDWIRE CONVE,18.34,debit,plaid,TRANSFER_OUT_OTHER,convenience_store,PayPoint Goldwire Convenience.
v3,train,Transport for London,TFL TRAVEL CH  ON 16 OCT CPM TFL TRAVEL CHARGE,4.4,debit,plaid,TRAVEL_AND_TRANSPORTATION_PUBLIC_TRANSIT,public_transport_rail_coach,TfL travel charge.
v3,train,Mark Afolabi,Mark Afolabi Inca Dinner,60,debit,plaid,DINING_DINING,transfer_p2p,"Named person Mark Afolabi; 'Inca Dinner' is a memo for splitting a meal, not restaurant spend."
v3,train,RingGo,Visa purchase RINGGO PARKING APPLEPAY 3292,0.2,debit,plaid,TRAVEL_AND_TRANSPORTATION_OTHER_TRAVEL_AND_TRANSPORTATION,car_parking,RingGo parking app.
v3,train,Ace Of Mansfield LTD,ACE OF MANSFIELD L  ON 16 OCT BCC ACE OF MANSFIELD LTD,5.8,debit,plaid,GENERAL_MERCHANDISE_FURNITURE_AND_HARDWARE,taxi_rideshare,Ace of Mansfield Ltd is a taxi operator (SIC 49320); native hardware is wrong.
v3,train,Amazon,AMAZON* RU2XE7MV4,25.34,debit,plaid,GENERAL_MERCHANDISE_ONLINE_MARKETPLACES,marketplace_amazon,Amazon debit.
v3,train,Transport for London,Transport for London,2.9,debit,plaid,TRAVEL_AND_TRANSPORTATION_PUBLIC_TRANSIT,public_transport_rail_coach,TfL.
v3,train,Rhys Eg,RHYS EGGLETON-HARR 400000001600885289,6.5,debit,plaid,TRANSFER_OUT_OTHER,transfer_p2p,Debit to named person Rhys Eggleton-Harr.
v3,train,Lidl,Lidl Gb Southampton,33.79,debit,plaid,FOOD_RETAIL_GROCERIES,groceries,Lidl Southampton.
v3,train,Ariana Mini Superstore,Ariana Mini Supers,1,debit,plaid,FOOD_RETAIL_GROCERIES,convenience_store,Ariana Mini Superstore is a mini-market/convenience shop.
v3,train,Zaap Thai Manchester,Zaap Thai Manchest,50.73,debit,plaid,DINING_DINING,restaurant_cafe,Zaap Thai Manchester restaurant.
v3,iter_eval,tombola,9285 06JUN25      TOMBOLA           TOMBOLA UK GI,5,debit,plaid,ENTERTAINMENT_CASINOS_AND_GAMBLING,gambling_bingo,tombola UK online bingo.
v3,train,Netflix,7704 28JUL25      NETFLIX.COM       18665797172 GB,24.98,debit,plaid,ENTERTAINMENT_MUSIC_VIDEO_GAMES_TV_AND_MOVIES,streaming,Netflix subscription.
v3,train,Amazon,amazon.co.uk*ZT6I2  ON 09 SEP BCC AMAZON.CO.UK,0.99,debit,plaid,GENERAL_MERCHANDISE_ONLINE_MARKETPLACES,marketplace_amazon,Amazon.co.uk debit.
v3,iter_eval,Bet365,5145 28SEP25      BET365            STOKE GB,20,debit,plaid,ENTERTAINMENT_CASINOS_AND_GAMBLING,gambling_betting,Bet365 sportsbook debit.
v3,train,Shell,SHELL,23,debit,plaid,TRAVEL_AND_TRANSPORTATION_OTHER_TRAVEL_AND_TRANSPORTATION,fuel,Shell forecourt.
v3,train,P.o.,P.O. 254 260 STONE,300,debit,plaid,GENERAL_SERVICES_OTHER_SERVICES,unclassified_other,"Post Office Stone £300 is multi-product (cash, bills, parcels); native is not ATM so cash_withdrawal is a guess."
v3,train,SkyBet,Sky Bet,5,debit,plaid,ENTERTAINMENT_CASINOS_AND_GAMBLING,gambling_betting,Sky Bet debit.
v3,train,Dukes Bailiffs,Visa purchase DUKES BAILIFFS,110,debit,plaid,DINING_DINING,debt_enforcement,"Dukes Bailiffs is a certificated enforcement/bailiff firm, more severe than collection."
v3,iter_eval,Burger King,0950 10JUL25 CD   BUTLINS BURGER    KING              SKEGNESS GB,22.65,debit,plaid,DINING_DINING,takeaway,Override refund_received: Butlins Burger King is a debit takeaway spend.
v3,train,Sony Playstation,PlayStation Networ,6.99,debit,plaid,ENTERTAINMENT_MUSIC_VIDEO_GAMES_TV_AND_MOVIES,gaming_console_pc,PlayStation Network subscription/content.
v3,train,Subway,SUBWAY 62318-0  ON 10 JUL CPM,7.19,debit,plaid,DINING_DINING,takeaway,Subway.
v3,train,Heron Foods,HERON FOODS       WALLASEY,9.18,debit,plaid,FOOD_RETAIL_GROCERIES,groceries,Heron Foods food discounter → groceries.
v3,train,Booze Store,MNK*Booze Store CD 0350,2.25,debit,plaid,FOOD_RETAIL_LIQUOR_STORES,alcohol_beer_spirits,Booze Store off-licence.
v3,iter_eval,Tesco,Tesco,3.05,debit,plaid,FOOD_RETAIL_GROCERIES,groceries,Tesco supermarket debit.
v3,iter_eval,Uber Eats,Uber Eats,41.89,debit,plaid,DINING_DINING,takeaway,Uber Eats.
v3,train,G Webb,G WEBB 774032 44203868,60,debit,plaid,TRANSFER_OUT_OTHER,transfer_p2p,Override unclassified: debit to named person G Webb.
v3,train,Gumtree Com,GUMTREE COM,10.99,debit,plaid,GENERAL_MERCHANDISE_OTHER_GENERAL_MERCHANDISE,marketplace_general,Gumtree classifieds marketplace; not Amazon.
v3,train,Transport for London,TFL TRAVEL CH  ON 19 SEP CLP Transport for London,1.75,debit,plaid,TRAVEL_AND_TRANSPORTATION_PUBLIC_TRANSIT,public_transport_rail_coach,TfL travel charge.
v3,train,Amazon,Visa purchase Amazon.co.uk*8D37V6RQ5 2417,2.6,debit,plaid,GENERAL_MERCHANDISE_ONLINE_MARKETPLACES,marketplace_amazon,Amazon.co.uk debit.
v3,train,Miss Michaela,MISS MICHAELA S SMITH                    underway chocolate,1.5,debit,plaid,DINING_OTHER_DINING,transfer_p2p,Override unclassified: debit to named person Miss Michaela S Smith; chocolate memo is P2P not dining.
v3,train,Express S Market & Con,Express S/market & Con,66.51,debit,plaid,FOOD_RETAIL_GROCERIES,groceries,Express supermarket & convenience; £66.51 supermarket-sized food shop → groceries.
v3,train,Apple,APPLE.COM/BILL,1.79,debit,plaid,GENERAL_MERCHANDISE_COMPUTERS_AND_ELECTRONICS,software,APPLE.COM/BILL.
v3,train,Sky Bet, SKY BET,5,debit,plaid,ENTERTAINMENT_CASINOS_AND_GAMBLING,gambling_betting,Sky Bet debit.
v3,iter_eval,Amazon Prime,CARD PAYMENT TO AMAZON PRIME*RK8XZ7R34 ON 03-09-2025,8.99,debit,plaid,GENERAL_SERVICES_OTHER_SERVICES,streaming,Amazon Prime subscription maps to streaming.
v3,train,Clearpay,Clearpay  ON 19 AUG BCC,16.54,debit,plaid,LOAN_PAYMENTS_BNPL_AND_EWA,bnpl,Clearpay instalment.
v3,train,Rishi Patel,RISHI PATEL 400000001595711435,780,debit,plaid,TRANSFER_OUT_OTHER,transfer_p2p,Debit to named person Rishi Patel.
v3,train,Lagoon Leisure Centre,LAGOON LEISURE CEN,5.3,debit,plaid,ENTERTAINMENT_EVENTS_AND_TICKETS,gym_fitness,Lagoon Leisure Centre swimming/gym session.
v3,train,Virgin Games,Virgin Games,10,debit,plaid,ENTERTAINMENT_CASINOS_AND_GAMBLING,gambling_casino,Virgin Games casino.
v3,train,Lansdowne Service Stat,LANSDOWNE SERVICE  ON 07 OCT CPM LANSDOWNE SERVICE STAT,2.22,debit,plaid,TRAVEL_AND_TRANSPORTATION_OTHER_TRAVEL_AND_TRANSPORTATION,fuel,Lansdowne Service Station forecourt.
v3,train,Clearpay,CLEARPAY          CLEARPAY.CO.U,2.61,debit,plaid,LOAN_PAYMENTS_BNPL_AND_EWA,bnpl,Clearpay instalment.
v3,train,Stephen Nolan,STEPHEN NOLAN 500000001592487293,15,debit,plaid,TRANSFER_OUT_OTHER,transfer_p2p,Debit to named person Stephen Nolan.
v3,train,Star,STAR              Star from mum,10,debit,plaid,TRANSFER_OUT_OTHER,transfer_p2p,"Star from mum is a P2P to/from family, not a shop."
v3,train,Tesco Petrol,Visa purchase TESCO PAY AT PUMP 3844,10,debit,plaid,TRAVEL_AND_TRANSPORTATION_OTHER_TRAVEL_AND_TRANSPORTATION,fuel,Tesco pay-at-pump.
v3,iter_eval,BetVictor,BETVICTOR LTD CD 1444,5,debit,plaid,ENTERTAINMENT_CASINOS_AND_GAMBLING,gambling_betting,BetVictor sportsbook.
v3,train,Admiral,ADMIRAL INSURANCE  P72552746010000026 DDR Admiral,67.08,debit,plaid,INSURANCE_AND_TAX_INSURANCE,insurance_general,"Override gambling_casino: ADMIRAL INSURANCE DDR is multi-line Admiral insurance, not Admiral Casino."
v3,train,HM Revenue and Customs,HMRC CHILD BENEFIT 02876712,-26.05,credit,plaid,INCOME_SALARY,benefits_state,HMRC Child Benefit credit.
v3,train,Paddy Power,2759 20SEP25  D   PADDY POWER       LONDON GB,10,debit,plaid,ENTERTAINMENT_CASINOS_AND_GAMBLING,gambling_betting,Paddy Power debit (spend).
v3,train,Cornwells Chemists Holm,CORNWELLS CHEMISTS,9.45,debit,plaid,FOOD_RETAIL_GROCERIES,pharmacy,Cornwells Chemists.
v3,train,Just Eat,Just Eat.Co.UK Ltd,9.93,debit,plaid,DINING_DINING,takeaway,Just Eat.
v3,iter_eval,A C,27AUG A/C 73511919,8.03,debit,plaid,INTEREST_PAYMENTS_INTEREST_CHARGED,transfer_bank_unspecified,A/C number-only transfer; purpose unknown.
v3,iter_eval,BetVictor,BETVICTOR LTD,10,debit,plaid,ENTERTAINMENT_CASINOS_AND_GAMBLING,gambling_betting,BetVictor debit.
v3,train,Cash Machine,E01374600000000 Cash Machine,20,debit,plaid,TRANSFER_OUT_CHECKS_AND_ATM,cash_withdrawal,Cash machine ATM debit.
v3,train,Transport for London,TFL TRAVEL CH,5.25,debit,plaid,TRAVEL_AND_TRANSPORTATION_PUBLIC_TRANSIT,public_transport_rail_coach,TfL travel charge.
v3,train,Revolut,DAVID BROWN       OBAIUUVOTM2MDWSWO TPP REVOLUT LTD   FP 07/08/25 10    52115214199410000J,340,debit,plaid,TRANSFER_OUT_TRANSFER_OUT_FROM_APPS,transfer_p2p,Revolut faster payment to named person David Brown; not own-account.
v3,train,Tt Hawkhill,"TT HAWKHILL - 16 HAWKHILL AVENUE, EDINBURGH",189.25,debit,plaid,ENTERTAINMENT_CASINOS_AND_GAMBLING,home_improvement,16 Hawkhill Avenue Edinburgh is Thornbridge/Rembrand Timber; TT Hawkhill is a timber merchant (native gambling is wrong).
v3,train,Ebar,EBAR,14.2,debit,plaid,DINING_DINING,restaurant_cafe,EBAR hospitality debit; models agreed restaurant_cafe.
v3,train,Cd Red Lion,2768 27JUN25 CD   RED LION          WOODBRIDGE GB,6.25,debit,plaid,DINING_DINING,pub_bar,Red Lion Woodbridge pub.
v3,train,Apple,APPLE.COM/BILL CD 8075,1.99,debit,plaid,GENERAL_MERCHANDISE_COMPUTERS_AND_ELECTRONICS,software,APPLE.COM/BILL.
v3,train,Lowell Financial,LOWELL PORTFOLIO I,2,debit,plaid,GENERAL_SERVICES_ACCOUNTING_AND_FINANCIAL_SERVICES,debt_collection,Lowell Portfolio.
v3,train,Clearpay,Visa purchase CLEARPAY APPLEPAY 2387,25,debit,plaid,LOAN_PAYMENTS_BNPL_AND_EWA,bnpl,Clearpay Apple Pay instalment.
v3,train,First Hampshire,Contactless Payment FIRST HAMPSHIRE,6,debit,plaid,GENERAL_MERCHANDISE_OTHER_GENERAL_MERCHANDISE,public_transport_rail_coach,First Hampshire is First Bus Hampshire.
v3,train,Klarna,2662 16JUN25      KLARNA*HALF       ORDS.COM          LONDON GB,37.97,debit,plaid,LOAN_PAYMENTS_BNPL_AND_EWA,vehicle_maintenance,Override bnpl: Klarna*Halfords.com — label Halfords.
v3,train,Amazon,1969 30JUN25      AMAZON* 583MR7UT5 LONDON GB,12.03,debit,plaid,GENERAL_MERCHANDISE_ONLINE_MARKETPLACES,marketplace_amazon,Amazon debit.
v3,train,B&M,Contactless Payment B&M 769 SOLIHULL,10,debit,plaid,FOOD_RETAIL_GROCERIES,discount_store,"B&M variety discounter, not groceries."
v3,iter_eval,Uber Eats,Uber   * Eats Pending,19.72,debit,plaid,DINING_DINING,takeaway,Uber Eats pending.
v3,train,Amazon,AMAZON* RS88G2X54,21.83,debit,plaid,GENERAL_MERCHANDISE_ONLINE_MARKETPLACES,marketplace_amazon,Amazon debit.
v3,train,Zilch,ZILCH INSTALMENT CD 3113,16.23,debit,plaid,LOAN_PAYMENTS_BNPL_AND_EWA,bnpl,Zilch instalment with no shop named.
v3,train,Uber,Uber,6.97,debit,plaid,TRAVEL_AND_TRANSPORTATION_TAXIS_AND_RIDE_SHARES,taxi_rideshare,Uber trip.
v3,iter_eval,Screwfix,SCREWFIX DIRECT  ON 06 JUL CPM Screwfix,37.98,debit,plaid,GENERAL_MERCHANDISE_FURNITURE_AND_HARDWARE,tools,Screwfix.
v3,train,Capital One,CAPITAL ONE       DE3E7B68-CA01-40B5TPP HSBC UK BANK PFP 18/06/25 10    19163057374134000N,59.99,debit,plaid,LOAN_PAYMENTS_CREDIT_CARD_PAYMENT,credit_card_repayment,Capital One card repayment.
v3,iter_eval,Aldi,Contactless Payment ALDI 22 772 APPLEPAY 8561,24.62,debit,plaid,FOOD_RETAIL_GROCERIES,groceries,Aldi grocery debit.
v3,train,Apple,7883 26SEP25      APPLE.COM/BILL    08001076285 IE,0.99,debit,plaid,GENERAL_MERCHANDISE_COMPUTERS_AND_ELECTRONICS,software,APPLE.COM/BILL.
v3,train,Cd Bob Shop 03a,5841 06AUG25 CD   BOB SHOP 03A      BIRMINGHAM GB,8.9,debit,plaid,DINING_OTHER_DINING,convenience_store,Bob Shop Birmingham convenience store.
v3,train,Ruhi Stores LTD,PPOINT_*RUHI STORE,2.79,debit,plaid,GENERAL_MERCHANDISE_CONVENIENCE_STORES,convenience_store,PayPoint Ruhi Stores convenience.
v3,train,O2,O2 D16281322,25.75,debit,plaid,RENT_AND_UTILITIES_TELECOMMUNICATIONS,mobile_phone_contract,O2 contract debit.
v3,train,White,White Horse Al - 20733,5.85,debit,plaid,DINING_DINING,pub_bar,White Horse Alton pub.
v3,train,K Steptoe,K STEPTOE  17AUG25 110666 12785562,15,debit,plaid,TRANSFER_OUT_OTHER,transfer_p2p,Override unclassified: debit to named person K Steptoe.
v3,train,Merseyside Entertainments,ARRIVA MERSEYSIDE,22,debit,plaid,ENTERTAINMENT_CASINOS_AND_GAMBLING,public_transport_rail_coach,Description is ARRIVA MERSEYSIDE bus; merchant string 'Entertainments' is a Plaid artefact.
v3,train,SkyBet,SKY BET,10,debit,plaid,ENTERTAINMENT_CASINOS_AND_GAMBLING,gambling_betting,Sky Bet.
v3,iter_eval,Beenetwork,BEENETWORK.COM/CHA  ON 15 JUL CPM BEENETWORK.COM/CHARGES,2.8,debit,plaid,RENT_AND_UTILITIES_RENT,public_transport_rail_coach,beenetwork.com is TfGM bus/tram fares.
v3,train,Smarkets,9696 23AUG25  D   SMARKETS          LONDON GB,20,debit,plaid,ENTERTAINMENT_CASINOS_AND_GAMBLING,gambling_betting,Smarkets betting exchange.
v3,train,Loqbox Grow,LOQBOX GROW       BRISTOL,16.96,debit,plaid,LOAN_PAYMENTS_CREDIT_CARD_PAYMENT,savings_transfer,Loqbox Grow is a savings-based credit-builder pot.
v3,train,Sieena Smith San,SIEENA SMITH  SAN ACC FT,26,debit,plaid,TRANSFER_OUT_OTHER,transfer_p2p,Override unclassified: debit to named person Sieena Smith (Santander account memo).
v3,train,Varinder Bali,VARINDER BALI 400000001646322035,1000,debit,plaid,TRANSFER_OUT_OTHER,transfer_p2p,Debit to named person Varinder Bali.
v3,train,Tate Members,Tate Members - SortCodeAccountNumber: 18000255405691,14.5,debit,plaid,TRANSFER_OUT_OTHER,memberships,Tate Members gallery membership.
v3,train,JD Wetherspoon,JD WETHERSPOON,12.63,debit,plaid,DINING_DINING,pub_bar,JD Wetherspoon.
v3,train,Oodle Car Finance,OODLE CAR FINANCE  250503110873645-01 DDR,210.71,debit,plaid,LOAN_PAYMENTS_MORTGAGE_AND_AUTO,car_finance_repayment,Override returned_payment: Oodle Car Finance DDR debit with no UNP/reversal language.
v3,train,Greggs,Greggs,3.35,debit,plaid,DINING_DINING,restaurant_cafe,Greggs.
v3,train,Clare Xx,CLARE  XX FT,60,debit,plaid,CHILDCARE_AND_EDUCATION_CHILDCARE_AND_EDUCATION,transfer_p2p,Named person Clare; native childcare is unsupported.
v3,train,Revolut,To Delaney Bowen manyonda - Sent from Revolut - SortCodeAccountNumber: 23147029606020,30,debit,plaid,TRANSFER_OUT_TRANSFER_OUT_FROM_APPS,transfer_p2p,Revolut send to named person Delaney Bowen Manyonda.
v3,iter_eval,Deliveroo,Deliveroo,25.85,debit,plaid,DINING_DINING,takeaway,Deliveroo.
v3,train,S Kenney,S KENNEY 200000001637103483,29.62,debit,plaid,FOOD_RETAIL_GROCERIES,transfer_p2p,Debit to named person S Kenney; native groceries is wrong.
v3,train,Revolut,Hamza Belamri Sent from Revolut,-1000,credit,plaid,TRANSFER_IN_TRANSFER_IN_FROM_APPS,transfer_p2p,Revolut credit from named person Hamza Belamri.
v3,train,Cd Lavazza Professional,4819 03OCT25 CD   LAVAZZA           PROFESSIONAL U    SWINDON GB,0.35,debit,plaid,DINING_COFFEE,confectionary,Lavazza Professional workplace coffee vending (£0.35).
v3,train,Rcn,RCN  0000476242-0011025 DDR,16.82,debit,plaid,RENT_AND_UTILITIES_INTERNET_AND_CABLE,trade_union,RCN (Royal College of Nursing) membership DD.
v3,train,Sky,SKY DIGITAL,50.25,debit,plaid,RENT_AND_UTILITIES_TELECOMMUNICATIONS,broadband_tv_phone,Sky Digital TV/broadband.
v3,train,Ascot Racecourse Betting & Gaming,Ascot Racecourse,79.4,debit,plaid,ENTERTAINMENT_CASINOS_AND_GAMBLING,gambling_betting,"Merchant is Ascot Racecourse Betting & Gaming, so on-course betting not tickets."
v3,train,Aaron Hall,Payment to AARON HALL 558104 24124443 2025-10-19,155,debit,plaid,TRANSFER_OUT_OTHER,transfer_p2p,Payment to named person Aaron Hall.
v3,train,Colchester Zoo,Colchester Zoo Commerc,6.5,debit,plaid,ENTERTAINMENT_OTHER_ENTERTAINMENT,days_out,Colchester Zoo admission/spend.
v3,train,Asda,ASDA STORES,7.31,debit,plaid,FOOD_RETAIL_GROCERIES,groceries,Asda Stores grocery debit.
v3,train,Monica Sundar Pv,MONICA SUNDAR PV6089138910136265,60,debit,plaid,TRANSFER_OUT_OTHER,transfer_p2p,Debit to named person Monica Sundar.
v3,train,BP,BP RIVINGTON NORTH CD 2811,2,debit,plaid,TRAVEL_AND_TRANSPORTATION_OTHER_TRAVEL_AND_TRANSPORTATION,fuel,BP Rivington North forecourt.
v3,train,Apple,APPLE.COM/BILL,2.99,debit,plaid,GENERAL_MERCHANDISE_COMPUTERS_AND_ELECTRONICS,software,APPLE.COM/BILL.
v3,train,TK Maxx,TK MAXX,30.19,debit,plaid,GENERAL_MERCHANDISE_APPAREL_AND_ACCESSORIES,department_store,TK Maxx is an off-price department store.
v3,train,Let Insurance Serv,LET INSURANCE SERV  SU6WMNFE2V DDR,17.29,debit,plaid,INSURANCE_AND_TAX_INSURANCE,insurance_home,"Let Insurance Services is landlord/let property insurance, closest to insurance_home not a generic other."
v3,train,Morrisons,Morrisons,15,debit,plaid,FOOD_RETAIL_GROCERIES,groceries,Morrisons supermarket.
v3,train,Xero,XERO UK LTD       PQATABF8W0DPLBL8NU,44.4,debit,plaid,GENERAL_SERVICES_ACCOUNTING_AND_FINANCIAL_SERVICES,software,Xero accounting software subscription.
v3,train,Current,202622 00905364  MOBILE-CHANNEL FT Barclays current account,440,debit,plaid,TRANSFER_OUT_OTHER,transfer_bank_unspecified,Mobile faster payment to a Barclays current account without own-account evidence.
v3,train,Imogen Carter & M,Imogen Carter & M Urbanavicius,80,debit,plaid,FOOD_RETAIL_GROCERIES,transfer_p2p,Debit to named people Imogen Carter and Urbanavicius; native groceries is wrong.
v3,train,Halfords,Halfords,66,debit,plaid,GENERAL_MERCHANDISE_OTHER_GENERAL_MERCHANDISE,vehicle_maintenance,Halfords.
v3,train,Sainsbury's,Sainsbury’s,2.38,debit,plaid,FOOD_RETAIL_GROCERIES,groceries,Sainsbury's supermarket.
v3,train,Westhill Golf Clu,CLR*WESTHILL GOLF,30,debit,plaid,PERSONAL_CARE_GYMS_AND_FITNESS_CENTERS,sports_participation,"Westhill Golf Club is golf participation, not a gym."
v3,train,Apple, Apple,0.29,debit,plaid,GENERAL_MERCHANDISE_OTHER_GENERAL_MERCHANDISE,software,Apple micro IAP/bill.
v3,train,Sujal Jasoliya,SUJAL JASOLIYA  SELF FT,10,debit,plaid,TRANSFER_OUT_OTHER,transfer_own_account,Sujal Jasoliya SELF FT: SELF memo is own-account evidence.
v3,train,Jasmin Tao Hughes,Jasmin Tao Hughes Miss J Hughes,20,debit,plaid,TRANSFER_OUT_OTHER,transfer_p2p,Debit to named person Jasmin Tao Hughes / Miss J Hughes.
v3,train,Tesla,Tesla Inc.,1.98,debit,plaid,TRAVEL_AND_TRANSPORTATION_AUTOMOTIVE,fuel,"Tesla Inc £1.98 automotive native is Supercharger/EV charging, labelled fuel like Be.EV."
v3,train,Aaliyah Hodgson,AALIYAH HODGSON  I LOVE YOU FT,15.4,debit,plaid,TRANSFER_OUT_OTHER,transfer_p2p,Debit to named person Aaliyah Hodgson.
v3,train,L Dykeman,L DYKEMAN 110620 12763960,20,debit,plaid,FOOD_RETAIL_GROCERIES,transfer_p2p,Named person L Dykeman; native groceries unsupported.
v3,train,Antony Adams,United Kingdom Account - Cash Antony Adams - SortCodeAccountNumber: 77580330981360,10,debit,plaid,TRANSFER_OUT_OTHER,transfer_p2p,Cash/send to named person Antony Adams.
v3,train,CO-OP,CO-OP GROUP 190338,34.95,debit,plaid,FOOD_RETAIL_GROCERIES,groceries,Co-op Group grocery.
v3,train,Brent Parking,Brent Parking,1.2,debit,plaid,TRAVEL_AND_TRANSPORTATION_OTHER_TRAVEL_AND_TRANSPORTATION,car_parking,Brent council parking.
v3,train,Amazon,AMZNMktplace*5V4P9 CD 9118,26.99,debit,plaid,GENERAL_MERCHANDISE_ONLINE_MARKETPLACES,marketplace_amazon,Amazon Marketplace.
v3,iter_eval,Tesco,"TESCO STORES 2773 (VIA APPLE PAY), ON 17-07-2025",4,debit,plaid,FOOD_RETAIL_GROCERIES,groceries,Tesco Stores Apple Pay.
v3,train,British Gas,BRITISH GAS,10,debit,plaid,RENT_AND_UTILITIES_GAS_AND_ELECTRICITY,energy,British Gas.
v3,train,National Express,NX BUS CONTACTLESS,3,debit,plaid,TRAVEL_AND_TRANSPORTATION_PUBLIC_TRANSIT,public_transport_rail_coach,National Express / NX bus contactless.
v3,train,jet2.com,JET2.COM ON-      LEEDS,158.4,debit,plaid,TRAVEL_AND_TRANSPORTATION_FLIGHTS,flights,Jet2.com flight booking.
v3,train,Klarna,Klarna*AliExpress,14.54,debit,plaid,LOAN_PAYMENTS_BNPL_AND_EWA,marketplace_general,Override bnpl: Klarna*AliExpress — AliExpress is a non-Amazon marketplace.
v3,train,CO-OP,8973 19JUL25 CD   CO-OP GROUP 070646STEVENAGE GB,5.35,debit,plaid,FOOD_RETAIL_GROCERIES,groceries,Co-op Group grocery.
v3,train,C Tsk Bread & Wine Limit,1030 01AUG25 C    TSK BREAD & WINE  LIMIT             SOUTHPORT GB,9.99,debit,plaid,DINING_DINING,alcohol_beer_spirits,TSK Bread & Wine Southport is a classic off-licence name; native dining is wrong.
v3,train,Thefamilytr,8099 20JUL25  D   THEFAMILYTR       AVELCLUB          DUBLIN 2 IE,12,debit,plaid,DINING_DINING,memberships,"THEFAMILYTR AVELCLUB Dublin £12 matches The Family Travel Club membership, not a holiday booking."
v3,train,U.S. Post Office,POST OFFICE 117 ROSE LANE 15SEP 13.08 ATM,-30,credit,plaid,TRANSFER_IN_CHECKS_AND_ATM,cash_deposit,Post Office Rose Lane ATM credit; ATM credit = cash_deposit (Plaid misnames UK PO as U.S. Post Office).
v3,train,Baby Kobin,To A/C 00675168   BABY KOBIN        Via Mobile Xfer,244.02,debit,plaid,TRANSFER_OUT_OTHER,transfer_p2p,Mobile transfer to Baby Kobin (named recipient).
v3,train,Lucky Bx,LUCKY BX,3,debit,plaid,ENTERTAINMENT_CASINOS_AND_GAMBLING,gambling_unspecified,Lucky BX gambling operator without a reliable subtype.
v3,train,O2,O2 - SortCodeAccountNumber: 40025081265075,65.94,debit,plaid,RENT_AND_UTILITIES_TELECOMMUNICATIONS,mobile_phone_contract,O2 contract.
v3,train,Amazon,Visa purchase Amazon.co.uk*RF1WH3RI4 2880,13.2,debit,plaid,GENERAL_MERCHANDISE_ONLINE_MARKETPLACES,marketplace_amazon,Amazon.co.uk.
v3,train,Hamilton Hall,Hamilton Hall,6.14,debit,plaid,DINING_DINING,pub_bar,Hamilton Hall is the JD Wetherspoon pub at Liverpool Street station.
v3,train,MetLife,METLIFE EUROPE DAC A7KTV000008FH1EMAQ,22,debit,plaid,INSURANCE_AND_TAX_INSURANCE,insurance_life,MetLife Europe life/protection insurer.
v3,train,Lowell Financial,LOWELL PORTFOLIO 1  00025060702504 DDR,8.54,debit,plaid,GENERAL_SERVICES_ACCOUNTING_AND_FINANCIAL_SERVICES,debt_collection,Lowell Portfolio DDR.
v3,train,Rocket Stores,CARD PAYMENT TO ROCKET STORES LTD ON 11-10-2025,21.65,debit,plaid,TRAVEL_AND_TRANSPORTATION_OTHER_TRAVEL_AND_TRANSPORTATION,convenience_store,"Rocket Stores Ltd convenience (sometimes forecourt shop); £21.65 shop-sized, not clearly pump fuel."
v3,train,McDonald's,MCDONALDS,8.49,debit,plaid,DINING_DINING,takeaway,McDonald's.
v3,train,Klarna,CARD PAYMENT TO KLARNA*EBAY ON 14-06-2025,8.72,debit,plaid,LOAN_PAYMENTS_BNPL_AND_EWA,marketplace_general,Override bnpl: Klarna*eBay — label eBay marketplace.
v3,train,Amazon,AMAZON* RM30K0US4  ON 17 AUG BCC AMAZON.CO.UK,40.17,debit,plaid,GENERAL_MERCHANDISE_ONLINE_MARKETPLACES,marketplace_amazon,Amazon.co.uk.
v3,train,Sean Bruton Sean,SEAN BRUTON       SEAN              VIA MOBILE - PYMT FP 11/06/25 10    18094806331336000N,90,debit,plaid,TRANSFER_OUT_OTHER,transfer_p2p,Mobile payment to named person Sean Bruton.
v3,train,Nicks Frui,SUMUP  *NICKS FRUI,3,debit,plaid,DINING_OTHER_DINING,groceries_specialist,SumUp Nicks Fruit is a greengrocer.
v3,train,Irene Ochieng,Payment to IRENE OCHIENG 202963 43721205,50,debit,plaid,TRANSFER_OUT_OTHER,transfer_p2p,Payment to named person Irene Ochieng.
v3,train,Emily Matkin,EMILY MATKIN 200000001643382332,20,debit,plaid,TRANSFER_OUT_OTHER,transfer_p2p,Debit to named person Emily Matkin.
v3,iter_eval,Mandate No,"DIRECT DEBIT REVERSAL REF 3M9GMZE, MANDATE NO 0025",-5.18,credit,plaid,TRANSFER_IN_OTHER,returned_payment,Override payment_intermediary: narrative is DIRECT DEBIT REVERSAL (UNP/reversal rule).
v3,train,A.rose Boutique,SQ *A.ROSE BOUTIQU,25,debit,plaid,GENERAL_MERCHANDISE_APPAREL_AND_ACCESSORIES,clothing_general,Square A.Rose Boutique clothing.
v3,train,Trainline,Visa purchase TRAINLINE APPLEPAY 9324,4.05,debit,plaid,TRAVEL_AND_TRANSPORTATION_PUBLIC_TRANSIT,public_transport_rail_coach,Trainline.
v3,train,HM Revenue and Customs,HMRC CHILD BENEFIT  KELLY00LAURA920227 BGC,-60.55,credit,plaid,TAX_REFUND_TAX_REFUND,benefits_state,HMRC Child Benefit credit.
v3,train,C Peacehaven,3916 27AUG25 C    PEACEHAVEN*       PEACEHAVEN        BRIGHTON GB,9.3,debit,plaid,GENERAL_MERCHANDISE_OTHER_GENERAL_MERCHANDISE,unclassified_other,PEACEHAVEN* Brighton is a truncated town-level merchant; multiple real payees possible.
v3,train,Poundland,7826 15AUG25 CD   POUNDLAND LTD -   1748              NEWCASTLE UPO GB,2,debit,plaid,GENERAL_MERCHANDISE_OTHER_GENERAL_MERCHANDISE,discount_store,Poundland.
v3,train,The Range,7778 30JUN25 C    THE RANGE         DERBY GB,10.48,debit,plaid,GENERAL_MERCHANDISE_FURNITURE_AND_HARDWARE,home_accessories,The Range home/garden general merchandise.
v3,iter_eval,Deliveroo,7294 28SEP25  D   DELIVEROO         LONDON GB,23.25,debit,plaid,DINING_DINING,takeaway,Deliveroo.
v3,train,Amazon,Visa purchase Amazon.co.uk 8543,19.89,debit,plaid,GENERAL_MERCHANDISE_ONLINE_MARKETPLACES,marketplace_amazon,Amazon.co.uk.
v3,train,McDonald's,McDonalds 8261672,5,debit,plaid,DINING_DINING,takeaway,McDonald's.
v3,iter_eval,Wise,Wise Payments Fee for 30.00 GBP Withdrawn BT Kiosk - ATM,0.5,debit,plaid,TRANSFER_OUT_CHECKS_AND_ATM,money_transfer_fee,"Wise fee for ATM withdrawal, not the cash itself."
v3,train,Londis,CARD PAYMENT TO BOURNES LOCAL LONDIS ON 12-07-2025,1.75,debit,plaid,GENERAL_MERCHANDISE_CONVENIENCE_STORES,groceries,Bournes Local Londis is a symbol-group grocer → groceries.
v3,iter_eval,Aldi,ALDI 28 772  ON 16 JUL CLP Aldi,7.51,debit,plaid,FOOD_RETAIL_GROCERIES,groceries,Aldi.
v3,train,S Harris,S HARRIS 110868 11538166,30,debit,plaid,TRANSFER_OUT_OTHER,transfer_p2p,Debit to named person S Harris.
v3,train,Sally Beauty,Sally Beauty,8,debit,plaid,PERSONAL_CARE_HAIR_AND_BEAUTY,health_beauty_general,Sally Beauty is beauty-led retail without a pharmacy identity (not skin_hair_care-only).
v3,train,Cd Oxford Food And Wine,6251 09AUG25 CD   OXFORD FOOD AND   WINE              READING GB,1.99,debit,plaid,FOOD_RETAIL_LIQUOR_STORES,alcohol_wine,Oxford Food and Wine Reading; liquor native and models agreed alcohol_wine off-licence.
v3,train,Spotify,CARD PAYMENT TO SPOTIFY ON 07-07-2025,5.99,debit,plaid,ENTERTAINMENT_MUSIC_VIDEO_GAMES_TV_AND_MOVIES,streaming,Spotify.
v3,train,Food Bazaar,FOOD BAZAAR,7.42,debit,plaid,FOOD_RETAIL_GROCERIES,groceries_specialist,"Food Bazaar is a world-food grocer, not a full supermarket."
v3,train,Wh Smith Whiston Hospital,Contactless Payment WH Smith Whiston Hospital APPLEPAY 2673,1.5,debit,plaid,DINING_OTHER_DINING,newspapers,WH Smith hospital kiosk is a newsagent; newspapers over books.
v3,train,Warren James,9571 01SEP25 CD   WARREN JAMES      SKEGNESS GB,48.9,debit,plaid,GENERAL_MERCHANDISE_APPAREL_AND_ACCESSORIES,jewellery,Warren James jeweller.
v3,train,Amazon,AMZNMktplace*X07XB  ON 16 SEP BCC AMZNMKTPLACE,10.99,debit,plaid,GENERAL_MERCHANDISE_ONLINE_MARKETPLACES,marketplace_amazon,Amazon Marketplace.
v3,train,Heron Foods,HERON FOODS CD 9172,24.57,debit,plaid,FOOD_RETAIL_GROCERIES,groceries,Heron Foods food discounter.
v3,train,Klarna,Klarna*eBay  ON 26 AUG BCC KLARNA*EBAY,9.33,debit,plaid,LOAN_PAYMENTS_BNPL_AND_EWA,marketplace_general,Override bnpl: Klarna*eBay — label eBay.
v3,train,Lowell Financial,LOWELL PORTFOLIO 1 00047373109904,20,debit,plaid,GENERAL_SERVICES_ACCOUNTING_AND_FINANCIAL_SERVICES,debt_collection,Lowell Portfolio.
v3,train,Mangopay,Payment from Mangopay S.a. - MGP Vinted,-17,credit,plaid,TRANSFER_IN_TRANSFER_IN_FROM_APPS,income_other_unspecified,"Mangopay credit from Vinted is identifiable Vinted marketplace proceeds (sale/refund on Vinted), not a bare intermediary. Adversarial direction fix: Mangopay/Vinted CREDIT cannot be marketplace spend. Seller payout vs buyer refund not unique; income_other_unspecified (v2 Vinted convention)."
v3,train,E.ON UK,1542 10OCT25  D   E.ON NEXT         COVENTRY GB,3.6,debit,plaid,RENT_AND_UTILITIES_GAS_AND_ELECTRICITY,energy,E.ON Next.
v3,train,Transport for London,TFL TRAVEL CH,1.75,debit,plaid,TRAVEL_AND_TRANSPORTATION_PUBLIC_TRANSIT,public_transport_rail_coach,TfL.
v3,train,Zippa Loans,ZIPPA LOANS,40.1,debit,plaid,LOAN_PAYMENTS_PERSONAL_LOAN_PAYMENT,payday_loan,Override personal_loan_repayment: Zippa Loans (Skyline Direct) is high-cost short-term credit.
v3,iter_eval,Petplan,PET PLAN LTD PREM  568779703 /39421 DDR Pet Plan,14.29,debit,plaid,INSURANCE_AND_TAX_INSURANCE,insurance_pet,Override savings_transfer: PET PLAN LTD PREM is Petplan pet-insurance premium.
v3,train,Vinted,9506 11JUL25      MGP*VINTED        LONDON GB,22.5,debit,plaid,GENERAL_MERCHANDISE_ONLINE_MARKETPLACES,marketplace_general,Vinted.
v3,iter_eval,Google Play,Google Play,1.99,debit,plaid,ENTERTAINMENT_MUSIC_VIDEO_GAMES_TV_AND_MOVIES,software,Google Play.
v3,iter_eval,Bet365,BET365,10,debit,plaid,ENTERTAINMENT_CASINOS_AND_GAMBLING,gambling_betting,Bet365.
v3,train,Clearpay,3642 29AUG25      CLEARPAY          CLEARPAY.CO.U GB,9.88,debit,plaid,LOAN_PAYMENTS_BNPL_AND_EWA,bnpl,Clearpay instalment.
v3,train,Foodhub Cd,Foodhub CD 2031,15.74,debit,plaid,FOOD_RETAIL_GROCERIES,takeaway,"Foodhub is a takeaway aggregator, not a grocer."
v3,train,Al Madina Naz,Al Madina Naz Cash And,17.95,debit,plaid,FOOD_RETAIL_GROCERIES,groceries,"Al Madina Naz Cash And — name flags cash-and-carry wholesale. Adversarial: Al Madina Naz is a high-street supermarket/halal grocer, not Booker-style cash-and-carry."
v3,train,Chaotic,CHAOTIC  ON 07 OCT BCC,2.7,debit,plaid,DINING_DINING,prize_competitions,Chaotic is a prize-draw/competition operator (v2 gold).
v3,train,Uber,1916 23SEP25      UBER   *TRIP      HELP.UBER.COM GB,17.05,debit,plaid,TRAVEL_AND_TRANSPORTATION_TAXIS_AND_RIDE_SHARES,taxi_rideshare,Uber trip.
v3,train,P Mackie,P MACKIE   31AUG25,1000,debit,plaid,TRANSFER_OUT_OTHER,transfer_p2p,Override unclassified: debit to named person P Mackie.
v3,train,Zilch,ZILCH SUNRISE KEBA,3.12,debit,plaid,LOAN_PAYMENTS_BNPL_AND_EWA,takeaway,Override bnpl: Zilch Sunrise Keba is Sunrise Kebab takeaway.
v3,train,Klarna,6342 28JUN25      KLARNA*SPIRALUK   LONDON GB,50.49,debit,plaid,LOAN_PAYMENTS_BNPL_AND_EWA,luggage_travel_goods,Override bnpl: Klarna*SPIRALUK is Spiral backpacks.
v3,train,Apple,8988 05AUG25  D   APPLE.COM/BILL    08001076285 IE,1.99,debit,plaid,GENERAL_MERCHANDISE_COMPUTERS_AND_ELECTRONICS,software,APPLE.COM/BILL.
v3,train,Novuna Personal Financ,PENDING NOVUNA PERSONAL FINANC,684.32,debit,plaid,LOAN_PAYMENTS_PERSONAL_LOAN_PAYMENT,personal_loan_repayment,Novuna Personal Finance is explicitly personal-loan repayment (not car finance).
v3,train,DDR,PAYPAL PAYMENT  5ZEJ222DTBTWW DDR PayPal,4.7,debit,plaid,TRANSFER_OUT_TRANSFER_OUT_FROM_APPS,payment_intermediary,PayPal DDR with no underlying merchant.
v3,iter_eval,Uber Eats,"UBER * EATS PENDING (VIA APPLE PAY), ON 09-09-2025",9.41,debit,plaid,DINING_DINING,takeaway,Uber Eats.
v3,train,Vinted,Vinted CD 4784,1.36,debit,plaid,GENERAL_MERCHANDISE_ONLINE_MARKETPLACES,marketplace_general,Vinted.
v3,iter_eval,Google Play,Google *google Play Ap,4.99,debit,plaid,ENTERTAINMENT_MUSIC_VIDEO_GAMES_TV_AND_MOVIES,software,Google Play.
v3,train,East Riding of Yorkshire Council,EAST RIDING OF YOR ERLC679372190 FIRST DDR PAYMENT DDR,63,debit,plaid,GOVERNMENTS_AND_NON_PROFIT_GOVERNMENTS_AND_NON_PROFIT,council_tax,East Riding of Yorkshire Council first DDR; council debit.
v3,iter_eval,Canva,Canva* 04549-58603,13,debit,plaid,GENERAL_MERCHANDISE_OTHER_GENERAL_MERCHANDISE,software,Canva subscription.
v3,iter_eval,Tesco,Tesco from Virtual Card Pot,23.8,debit,plaid,FOOD_RETAIL_GROCERIES,groceries,Tesco (virtual card pot still Tesco groceries).
v3,train,M O Hanif,m o hanif                                bill,15,debit,plaid,RENT_AND_UTILITIES_GAS_AND_ELECTRICITY,transfer_p2p,Named person M O Hanif with bill memo; person-to-person bill share not energy supplier.
v3,train,AviaGames,9282 27JUL25      AVIAGAMES         HONG KONG HK,5,debit,plaid,ENTERTAINMENT_CASINOS_AND_GAMBLING,gambling_unspecified,AviaGames Hong Kong runs real-money mobile competitions; gambling not ordinary gaming_mobile.
v3,train,Kwiff,Kwiff  ON 02 SEP BCC,100,debit,plaid,ENTERTAINMENT_CASINOS_AND_GAMBLING,gambling_betting,Kwiff sportsbook.
v3,train,By Rotation LTD,BY ROTATION LTD  ON 24 SEP BCC,47.15,debit,plaid,GENERAL_MERCHANDISE_APPAREL_AND_ACCESSORIES,clothing_general,By Rotation Ltd is a clothing-rental platform; clothing spend.
v3,train,Paddy Power,011311261 Paddy Power,-20,credit,plaid,INCOME_SALARY,gambling_unspecified,"Override gambling_betting: Paddy Power is a CREDIT (winnings); T1 gambling-credit leaf is gambling_unspecified, never spend."
v3,train,Crocseu,"CROCSEU (VIA APPLE PAY), ON 11-06-2025",63.73,debit,plaid,TRANSFER_OUT_OTHER,footwear,CROCSEU is Crocs EU footwear.
v3,train,Klarna,KLARNA FSUK,21,debit,plaid,LOAN_PAYMENTS_BNPL_AND_EWA,bnpl,"KLARNA FSUK is Klarna Financial Services UK (FCA entity; Emma lists 'KLARNA FSUK LONDON GBR' as a Klarna descriptor). No underlying shop in the narrative, so bnpl — same as bare Klarna / KLARNA*KLARNA in this file. FSUK-as-Frasers is a different descriptor; the Klarna prefix rules it out."
v3,iter_eval,Nisa,NISA LOCAL  DRIFT STAMFORD,4.89,debit,plaid,FOOD_RETAIL_GROCERIES,groceries,Nisa Local is a symbol-group grocer.
v3,train,Hollie Duff,Hollie Duff,8,debit,plaid,TRANSFER_OUT_OTHER,transfer_p2p,Debit to named person Hollie Duff.
v3,train,Shell,Shell,2.15,debit,plaid,TRAVEL_AND_TRANSPORTATION_OTHER_TRAVEL_AND_TRANSPORTATION,fuel,Shell forecourt.
v3,train,Clearpay,6458 14AUG25      CLEARPAY          MANCHESTER GB,11.18,debit,plaid,LOAN_PAYMENTS_BNPL_AND_EWA,bnpl,Clearpay instalment.
v3,train,Betfair,BETFAIR,50,debit,plaid,ENTERTAINMENT_CASINOS_AND_GAMBLING,gambling_betting,Betfair betting exchange.
v3,train,Scottish Power,SCOTTISH POWER CD 9924,3,debit,plaid,RENT_AND_UTILITIES_GAS_AND_ELECTRICITY,energy,Scottish Power.
v3,train,Thames Water,Thames Water,47.49,debit,plaid,RENT_AND_UTILITIES_WATER,water,Thames Water.
v3,train,Grabtaxi,Grabtaxi,10.28,debit,plaid,TRAVEL_AND_TRANSPORTATION_TAXIS_AND_RIDE_SHARES,taxi_rideshare,Grabtaxi is Grab ride-hailing.
v3,train,MRQ,MrQ.com,10,debit,plaid,ENTERTAINMENT_CASINOS_AND_GAMBLING,gambling_unspecified,Override gambling_bingo: MrQ.com offers bingo and casino; narrative does not pick a subtype.
v3,train,Sky,Zilch Sky Digital Inte,88.58,debit,plaid,LOAN_PAYMENTS_BNPL_AND_EWA,broadband_tv_phone,"Zilch Sky Digital — label Sky TV/broadband, not BNPL."
v3,train,T Collins,T COLLINS 300000001628062649,12,debit,plaid,TRANSFER_OUT_OTHER,transfer_p2p,Override unclassified: debit to named person T Collins.
v3,train,B&M,Contactless Payment B&M 606 - CROSS.HANDS APPLEPAY 1237,8.97,debit,plaid,GENERAL_MERCHANDISE_DISCOUNT_STORES,discount_store,B&M Cross Hands.
v3,train,Jaime Williams,Jaime Williams,62,debit,plaid,TRANSFER_OUT_OTHER,transfer_p2p,Override unclassified: debit to named person Jaime Williams.
v3,train,Clearpay,Clearpay  ON 08 AUG BCC,12.5,debit,plaid,LOAN_PAYMENTS_BNPL_AND_EWA,bnpl,Clearpay instalment.
v3,train,Asda,Asda Stores4394,25.67,debit,plaid,FOOD_RETAIL_GROCERIES,groceries,Asda Stores grocery.
v3,train,NCP,WWW.NCP.CO.UK,1.85,debit,plaid,ENTERTAINMENT_CASINOS_AND_GAMBLING,car_parking,NCP parking; native gambling is wrong.
v3,train,Ladislav Horvath,LADISLAV HORVATH  ME FT,100,debit,plaid,TRANSFER_OUT_OTHER,transfer_p2p,Override unclassified: debit to named person Ladislav Horvath.
v3,train,Two Thirds Beer Co,TWO THIRDS BEER COSHEFFIELD,23.8,debit,plaid,FOOD_RETAIL_LIQUOR_STORES,pub_bar,"Override alcohol_beer_spirits: Two Thirds Beer Co Sheffield is a brewery taproom/bar, not an off-licence."
v3,train,McDonald's,Mcdonalds,3.89,debit,plaid,DINING_DINING,takeaway,McDonald's.
v3,train,Mortimer S,Mortimer's,1.99,debit,plaid,FOOD_RETAIL_GROCERIES,unclassified_other,Mortimer's £1.99 groceries native but several UK Mortimer's payees exist; narrative does not uniquely identify a grocer vs other.
v3,iter_eval,Icelandair,Iceland,32.19,debit,plaid,FOOD_RETAIL_GROCERIES,groceries,"Plaid merchant Icelandair is a name collision; narrative is Iceland supermarket (FOOD_RETAIL_GROCERIES, £32.19)."
v3,train,Bazaar Food Hall,Bazaar Food Hall,43.5,debit,plaid,FOOD_RETAIL_GROCERIES,groceries_specialist,Bazaar Food Hall is a specialist/world-food hall.
v3,train,Hackney.gov.uk,HACKNEY.GOV.UK,50,debit,plaid,TRAVEL_AND_TRANSPORTATION_LODGING,government_services,"Hackney Council website payment; £50 could be parking, permit or other council charge, not uniquely council_tax."
v3,train,Savannah Hare Fags,Savannah hare                            fags,23,debit,plaid,TRANSFER_OUT_OTHER,transfer_p2p,"Narrative 'fags' is UK cigarettes. Adversarial: debit to named person Savannah Hare; ""fags"" is a customer memo, not a tobacconist."
v3,train,Vitas Vending Machines Lt,VITAS VENDING MACH,0.25,debit,plaid,FOOD_RETAIL_OTHER,confectionary,Vending-machine confectionery.
v3,train,SkyBet,SKY BET  ON 21 JUL BCC,60,debit,plaid,ENTERTAINMENT_CASINOS_AND_GAMBLING,gambling_betting,Sky Bet sportsbook debit.
v3,train,Clearpay,Clearpay,36.25,debit,plaid,LOAN_PAYMENTS_BNPL_AND_EWA,bnpl,Clearpay instalment; underlying shop not in narrative.
v3,train,Jigar Prajapati,Jigar Prajapati - SortCodeAccountNumber: 60840766881607,120,debit,plaid,TRANSFER_OUT_OTHER,transfer_p2p,Named-person Faster Payment; override unclassified_other.
v3,train,Premier Alder Stores,Premier Alder Stor  ON 25 JUL CPM PREMIER ALDER STORES,13,debit,plaid,TRAVEL_AND_TRANSPORTATION_OTHER_TRAVEL_AND_TRANSPORTATION,groceries,Premier is a symbol-group grocer (brief: Spar/Nisa/Costcutter/Londis/Premier).
v3,train,LC International,LC International L 0800440011      GB  ,10,debit,plaid,ENTERTAINMENT_CASINOS_AND_GAMBLING,gambling_betting,LC International is a sports-betting operator.
v3,train,Dilip Kumar Yadav,DILIP KUMAR YADAV  RENT FT,200,debit,plaid,RENT_AND_UTILITIES_RENT,rent,Named payee with explicit RENT memo.
v3,train,Birdwell Convenience Stor,BIRDWELL CONVENIEN,1,debit,plaid,GENERAL_MERCHANDISE_CONVENIENCE_STORES,convenience_store,Named convenience store.
v3,train,Klarna,KLARNA*SHEIN.CO.UK,4.46,debit,plaid,LOAN_PAYMENTS_BNPL_AND_EWA,clothing_general,Klarna*SHEIN: intermediary with identifiable merchant; Shein is clothing not bnpl.
v3,iter_eval,Tesco,LNK TESCO SH DI RD,110,debit,plaid,TRANSFER_OUT_CHECKS_AND_ATM,cash_withdrawal,LNK (LINK) ATM at Tesco; native CHECKS_AND_ATM; override established groceries.
v3,train,Netflix,4097 05AUG25      NETFLIX.COM       LOS GATOS GB,5.99,debit,plaid,ENTERTAINMENT_MUSIC_VIDEO_GAMES_TV_AND_MOVIES,streaming,Netflix subscription.
v3,train,Capital One,CAPITAL ONE,15,debit,plaid,LOAN_PAYMENTS_CREDIT_CARD_PAYMENT,credit_card_repayment,Capital One card repayment.
v3,train,Bpo Collections Ltfirst,REVERSAL OF 10-10 BPO COLLECTIONS LTFIRST PAYMENT,-6.5,credit,plaid,LOAN_PAYMENTS_CREDIT_CARD_PAYMENT,returned_payment,REVERSAL OF BPO Collections first payment; UNP/reversal rule. BPO is a debt collector but the txn is a reversal credit.
v3,iter_eval,BetVictor,BETVICTOR LIMITED,-20,credit,plaid,ENTERTAINMENT_CASINOS_AND_GAMBLING,gambling_unspecified,"BetVictor credit is betting winnings, not income. T1: bookmaker CREDIT is winnings → gambling_unspecified, not the spend subtype."
v3,train,Caddy Comps LTD,CADDY COMPS LTD,7.9,debit,plaid,GENERAL_MERCHANDISE_APPAREL_AND_ACCESSORIES,prize_competitions,Caddy Comps prize-draw platform.
v3,train,Klarna,2422 17SEP25  D   KLARNA*BAZAAR     GROUP             LONDON GB,16.66,debit,plaid,LOAN_PAYMENTS_BNPL_AND_EWA,bnpl,"Klarna*BAZAAR GROUP London; Bazaar Food Hall vs other Bazaar entities not unique, so do not force a shop leaf."
v3,train,The Dubliner,The Dubliner,12,debit,plaid,DINING_DINING,pub_bar,The Dubliner pub.
v3,train,HM Revenue and Customs,HMRC CHILD BENEFIT 08323226,-60.55,credit,plaid,INCOME_SALARY,benefits_state,HMRC Child Benefit credit.
v3,train,Sompting Convenience Stor,SOMPTING CONVENIEN,25.1,debit,plaid,TRAVEL_AND_TRANSPORTATION_OTHER_TRAVEL_AND_TRANSPORTATION,convenience_store,Named convenience store.
v3,train,Just Eat,CARD PAYMENT TO JUST EAT ON 12-06-2025,29.71,debit,plaid,DINING_DINING,takeaway,Just Eat delivery.
v3,iter_eval,eBay,eBay,53.65,debit,plaid,GENERAL_MERCHANDISE_ONLINE_MARKETPLACES,marketplace_general,eBay; not Amazon.
v3,train,Vinted,"VINTED (VIA APPLE PAY), ON 05-09-2025",46.6,debit,plaid,GENERAL_MERCHANDISE_ONLINE_MARKETPLACES,marketplace_general,Vinted; not Amazon.
v3,train,William Hill,Visa credit WILLIAMHILL*INTERNET,-50.67,credit,plaid,INCOME_SALARY,gambling_unspecified,William Hill credit is betting winnings; native INCOME_SALARY is wrong. T1: William Hill visa credit is winnings → gambling_unspecified.
v3,iter_eval,Aldi,ALDI 25 780       PLYMOUTH PL4,26.6,debit,plaid,FOOD_RETAIL_GROCERIES,groceries,Aldi food discounter.
v3,train,Audi,Solen Auto Point AUDI KEY,-250,credit,plaid,TRAVEL_AND_TRANSPORTATION_AUTOMOTIVE,refund_received,Credit from Solen Auto Point for an Audi key; retailer/garage credit is a refund not spend.
v3,train,Asda,VISA Debit Transaction ASDA LIVING PETERBOROU,7,debit,plaid,FOOD_RETAIL_GROCERIES,home_accessories,"ASDA LIVING is George clothing/homeware, not a food supermarket; override groceries."
v3,train,Klarna,KLARNA FSUK,42.99,debit,plaid,LOAN_PAYMENTS_BNPL_AND_EWA,bnpl,"KLARNA FSUK is Klarna Financial Services UK (FCA entity; Emma lists 'KLARNA FSUK LONDON GBR' as a Klarna descriptor). No underlying shop in the narrative, so bnpl — same as bare Klarna / KLARNA*KLARNA in this file. FSUK-as-Frasers is a different descriptor; the Klarna prefix rules it out."
v3,train,Sony Playstation,PlayStation Networ  ON 25 JUL BCC PLAYSTATION NETWORK,19.99,debit,plaid,ENTERTAINMENT_MUSIC_VIDEO_GAMES_TV_AND_MOVIES,gaming_console_pc,PlayStation Network.
v3,train,William Hill,William Hill,250,debit,plaid,ENTERTAINMENT_CASINOS_AND_GAMBLING,gambling_betting,William Hill debit.
v3,iter_eval,tombola,1630 08AUG25  D   TOMBOLA           TOMBOLA UK GI,5,debit,plaid,ENTERTAINMENT_CASINOS_AND_GAMBLING,gambling_bingo,tombola bingo.
v3,train,Morley's,Morley's  ON 25 JUL CPM MORLEY'S,6.79,debit,plaid,FOOD_RETAIL_GROCERIES,takeaway,Morley's fried-chicken takeaway.
v3,train,Exchanged To Sol,Exchanged to SOL,1,debit,plaid,TRANSFER_OUT_OTHER,crypto,Exchanged to SOL reads as a Solana crypto conversion.
v3,train,Cd Esso Creekmoor,4214 02OCT25 CD   ESSO CREEKMOOR    DORSET GB,50,debit,plaid,TRAVEL_AND_TRANSPORTATION_OTHER_TRAVEL_AND_TRANSPORTATION,fuel,Esso forecourt Creekmoor.
v3,iter_eval,Uber Eats,UBER   *EATS,20.22,debit,plaid,DINING_DINING,takeaway,Uber Eats.
v3,train,Uber,Visa purchase UBER *TRIP 7653 2025-06-01,4.98,debit,plaid,TRAVEL_AND_TRANSPORTATION_TAXIS_AND_RIDE_SHARES,taxi_rideshare,Uber trip.
v3,train,Dos Gr,6036 16SEP25 CD   ATLANTICA PRINCESSRODOS GR,125.36,debit,plaid,TRAVEL_AND_TRANSPORTATION_LODGING,accommodation,"Atlantica Princess hotel, Rhodes (GR)."
v3,train,118 118 Money,CARD PAYMENT TO 118 MONEY CREDIT ON 25-07-2025,105.08,debit,plaid,LOAN_PAYMENTS_PERSONAL_LOAN_PAYMENT,payday_loan,118 118 Money high-cost credit.
v3,train,CO-OP,CO-OP GROUP 017191,9.41,debit,plaid,FOOD_RETAIL_GROCERIES,groceries,Co-op food store.
v3,train,Oghale Olakpe,Payment to OGHALE OLAKPE 042909 13560735,200,debit,plaid,TRANSFER_OUT_OTHER,transfer_p2p,Named-person Faster Payment.
v3,train,Microsoft Xbox,MICROSOFT*ULTIMATE,14.99,debit,plaid,ENTERTAINMENT_MUSIC_VIDEO_GAMES_TV_AND_MOVIES,gaming_console_pc,Xbox Game Pass Ultimate.
v3,train,Turnpike Filling Stati,Turnpike Filling Stati,2.34,debit,plaid,TRAVEL_AND_TRANSPORTATION_OTHER_TRAVEL_AND_TRANSPORTATION,fuel,Turnpike filling station; tiny forecourt amount still fuel.
v3,train,Uber,"Card 53, Uber   *Trip",7.97,debit,plaid,TRAVEL_AND_TRANSPORTATION_TAXIS_AND_RIDE_SHARES,taxi_rideshare,Uber trip.
v3,iter_eval,Aldi,ALDI STORES  ON 18 AUG BCC Aldi,187.25,debit,plaid,FOOD_RETAIL_GROCERIES,groceries,Aldi.
v3,train,Tamar,Tamar Crownhill,5,debit,plaid,TRAVEL_AND_TRANSPORTATION_OTHER_TRAVEL_AND_TRANSPORTATION,pub_bar,"The Tamar, Crownhill Plymouth (Greene King pub); override unclassified."
v3,train,Transport for London,Transport for London,5,debit,plaid,TRAVEL_AND_TRANSPORTATION_PUBLIC_TRANSIT,public_transport_rail_coach,TfL travel.
v3,train,Taxi,Taxi 1079 Estacional,14.85,debit,plaid,TRAVEL_AND_TRANSPORTATION_TAXIS_AND_RIDE_SHARES,taxi_rideshare,Taxi.
v3,train,Zable,ZABLE CARD        3LTUOXOVA4A3EPWYDUSWP TRUELAYER LIMIFP 04/08/25 40    59195259280706000N,30,debit,plaid,LOAN_PAYMENTS_CREDIT_CARD_PAYMENT,credit_card_repayment,Zable is a UK credit-builder card; TrueLayer pay-in.
v3,iter_eval,Google Play,Google Play Apps,9.99,debit,plaid,ENTERTAINMENT_MUSIC_VIDEO_GAMES_TV_AND_MOVIES,software,Google Play app purchase.
v3,train,Current,208441 00943932  OPTIONAL FT Barclays current account,15,debit,plaid,TRANSFER_OUT_OTHER,transfer_bank_unspecified,Transfer labelled Barclays current account without own-account evidence (no 'to myself'/Own Transfers).
v3,train,Antonie,ANTONIE-ADRIAN TOM  TICKET FT,10,debit,plaid,TRANSFER_OUT_OTHER,transfer_p2p,Named person; TICKET memo is still P2P.
v3,iter_eval,Tesco,7886 31AUG25 CD   TESCO STORES 2799 LLANTRISANT GB,41.65,debit,plaid,FOOD_RETAIL_GROCERIES,groceries,Tesco store.
v3,train,Budgens,BUDGENS GALLOWGATE  ON 25 AUG CPM BUDGENS GALLOWGATE PHF,1,debit,plaid,FOOD_RETAIL_GROCERIES,convenience_store,Budgens neighbourhood convenience grocer (v2 gold convention).
v3,train,Mandate,"DIRECT DEBIT REVERSAL REF GB26314734-000011, MANDATE NO 0017",-66.95,credit,plaid,TRANSFER_IN_OTHER,returned_payment,DIRECT DEBIT REVERSAL.
v3,train,Transport for London,Contactless Payment TFL TRAVEL CH 5976,3.5,debit,plaid,TRAVEL_AND_TRANSPORTATION_PUBLIC_TRANSIT,public_transport_rail_coach,TfL contactless.
v3,train,Stephen Angela,STEPHEN           ANGELA            VIA MOBILE - PYMT FP 23/06/25 10    05114433905332000R,50,debit,plaid,TRANSFER_OUT_OTHER,transfer_p2p,Named-person mobile payment.
v3,train,Amazon,PENDING AMZNMKTPLACE,11.99,debit,plaid,GENERAL_MERCHANDISE_ONLINE_MARKETPLACES,marketplace_amazon,Amazon Marketplace.
v3,train,Outdoor,PYD*go4outdoor.com,16.75,debit,plaid,GENERAL_MERCHANDISE_SPORTING_GOODS,clothing_outdoor,PYD*go4outdoor.com is the go4outdoor.com outdoor-gear site (not GO Outdoors); camping/outdoor kit. Adversarial: go4outdoor.com is mixed outdoor clothing/kit; both models agreed clothing_outdoor. Do not force camping_equipment.
v3,train,Easy Saver,EASY SAVER,8,debit,plaid,TRANSFER_OUT_SAVINGS,savings_transfer,Easy Saver pot.
v3,train,Cd Ridgewood Stores,8213 15JUL25 CD   RIDGEWOOD STORES  LTD               UCKFIELD GB,6.55,debit,plaid,GENERAL_MERCHANDISE_APPAREL_AND_ACCESSORIES,convenience_store,Ridgewood Stores independent convenience.
v3,train,Coastfields Leisure,8481 20AUG25      COASTFIELDS       LEISURE LT        MABLETHORPE GB,6.24,debit,plaid,ENTERTAINMENT_EVENTS_AND_TICKETS,unclassified_card_spend,Coastfields Leisure is a Mablethorpe caravan/holiday park; £6.24 is on-park spend at that operator. Adversarial: £6.24 cannot be a holiday booking; unidentified on-park card spend.
v3,iter_eval,Tesco,3295 03AUG25 CD   TESCO STORES 6161 WEST MIDLANDS GB,26.98,debit,plaid,FOOD_RETAIL_GROCERIES,groceries,Tesco store.
v3,train,Marriott,MARRIOTT J F/CA LASHES 36135555553955000R,-30,credit,plaid,TRAVEL_AND_TRANSPORTATION_LODGING,transfer_p2p,Credit from person MARRIOTT J with memo F/CA LASHES; not a Marriott hotel refund.
v3,train,Savers Health & Beauty,Contactless Payment SAVERS HEALTH & BEAUTY,1.59,debit,plaid,PERSONAL_CARE_HAIR_AND_BEAUTY,health_beauty_general,"Savers is beauty-led, not pharmacy."
v3,train,Revolut,Asma  Alhamedi - To Asma Ali Mohammed Alhamedi - Sent from Revolut - IBAN: GB57REVO00997015270245,2,debit,plaid,TRANSFER_OUT_OTHER,transfer_p2p,Revolut send to named person Asma Alhamedi; not own-account.
v3,train,Funding Circle,FUNDING CIRCLE    3RJEPFN,184.16,debit,plaid,LOAN_PAYMENTS_PERSONAL_LOAN_PAYMENT,business_loan_repayment,"Funding Circle is SME lending, not a personal loan."
v3,iter_eval,Bb-samsung,BB-SAMSUNG,2.89,debit,plaid,GENERAL_MERCHANDISE_COMPUTERS_AND_ELECTRONICS,unclassified_other,BB-SAMSUNG cannot be resolved to a product (billing bureau vs device); do not guess.
v3,train,Transport for London,TFL TRAVEL CH,6.4,debit,plaid,TRAVEL_AND_TRANSPORTATION_PUBLIC_TRANSIT,public_transport_rail_coach,TfL.
v3,train,Monzo,Monzo account - Car expense 1 Amy Roeks - SortCodeAccountNumber: 04000454215445,260,debit,plaid,TRANSFER_OUT_OTHER,transfer_p2p,Monzo payment naming Amy Roeks; person named so not own-account.
v3,train,Lucifer Nagle,LUCIFER NAGLE 600000001654851641,1200,debit,plaid,TRAVEL_AND_TRANSPORTATION_OTHER_TRAVEL_AND_TRANSPORTATION,transfer_p2p,Named-person debit £1200; no rent memo so not rent.
v3,train,Transport for London,CARD PAYMENT TO TFL TRAVEL CH ON 27-08-2025,1.75,debit,plaid,TRAVEL_AND_TRANSPORTATION_PUBLIC_TRANSIT,public_transport_rail_coach,TfL.
v3,iter_eval,Pets At Home,PETS AT HOME LTD,30.53,debit,plaid,PET_CARE_AND_SUPPLIES_PET_SUPPLIES,pet_supplies,Pets at Home.
v3,train,Katarzyna Sutor Sebs,KATARZYNA SUTOR                          Sebs bills,100,debit,plaid,TRANSFER_OUT_OTHER,transfer_p2p,Named person; 'Sebs bills' is a memo.
v3,train,Zilch,Zilch,3.86,debit,plaid,LOAN_PAYMENTS_BNPL_AND_EWA,bnpl,Zilch; underlying shop not shown.
v3,train,Uber,Ubr* Pending.uber.com,13.65,debit,plaid,TRAVEL_AND_TRANSPORTATION_TAXIS_AND_RIDE_SHARES,taxi_rideshare,Uber pending.
v3,train,E.ON UK,E.ON NEXT,10,debit,plaid,RENT_AND_UTILITIES_GAS_AND_ELECTRICITY,energy,E.ON Next.
v3,train,Greggs,GREGGS PLC  ON 23 OCT CPM Greggs,1.3,debit,plaid,DINING_DINING,restaurant_cafe,Greggs.
v3,train,Promest,Promest,10.02,debit,plaid,MEDICAL_OTHER_MEDICAL,unclassified_other,Promest Ltd not uniquely identifiable as a medical product despite native MEDICAL.
v3,train,Halifax Loan,HALIFAX LOAN 100218114515,154.7,debit,plaid,LOAN_PAYMENTS_PERSONAL_LOAN_PAYMENT,personal_loan_repayment,Halifax Loan.
v3,train,Bolt,Bolt (by Stackblitz),88.77,debit,plaid,TRAVEL_AND_TRANSPORTATION_TAXIS_AND_RIDE_SHARES,software,"Bolt (by StackBlitz) is an AI coding product, not Bolt taxi; debit cannot be salary_gig."
v3,train,Mobilerecha,PAYPAL *MOBILERECH,8.67,debit,plaid,TRANSFER_OUT_TRANSFER_OUT_FROM_APPS,mobile_phone_contract,PayPal *MOBILERECH is a mobile top-up/recharge.
v3,train,Hastew,8133 19JUN25      PAYPAL *HASTEW6   35314369001 GB,3.89,debit,plaid,TRANSFER_OUT_TRANSFER_OUT_FROM_APPS,unclassified_other,PayPal *HASTEW6; do not guess shop type from unknown PayPal*NAME.
v3,iter_eval,Domestic & General,D&G APPLIANCE CARE,8.4,debit,plaid,INSURANCE_AND_TAX_INSURANCE,insurance_general,Domestic & General appliance-care insurance.
v3,iter_eval,Uber Eats,5327 24AUG25  D   UBER   * EATS     PENDING           LONDON GB,25.17,debit,plaid,DINING_DINING,takeaway,Uber Eats.
v3,train,Virgin Media,Visa purchase VIRGIN MEDIA PYMTS,50,debit,plaid,RENT_AND_UTILITIES_INTERNET_AND_CABLE,broadband_tv_phone,Virgin Media.
v3,train,MonopolyGO!,INT'L 0000702213  MONOPOLY CASINO   WWW.MONOPOLYC,10,debit,plaid,ENTERTAINMENT_CASINOS_AND_GAMBLING,gambling_casino,Narrative is MONOPOLY CASINO (not Monopoly GO the mobile game).
v3,train,Rimi Naujoji,Rimi Naujoji,57.01,debit,plaid,TRANSFER_OUT_OTHER,groceries,Rimi Naujoji is a Rimi Baltic supermarket (Lithuania).
v3,train,Churchills,Churchills Fish N Chip,18.29,debit,plaid,DINING_DINING,takeaway,Churchills fish and chips.
v3,train,SkyBet,Visa purchase SKY BET 4782,10,debit,plaid,ENTERTAINMENT_CASINOS_AND_GAMBLING,gambling_betting,Sky Bet.
v3,iter_eval,Uber Eats,UBER   * EATS PEND,24.8,debit,plaid,DINING_DINING,takeaway,Uber Eats.
v3,train,Summer Lane Service Stati,SUMMER LANE SERVIC,50,debit,plaid,GENERAL_SERVICES_OTHER_SERVICES,fuel,Summer Lane service station / filling station.
v3,train,Mr R Mckay Revolt,MR R MCKAY (REVOLT,10,debit,plaid,DINING_DINING,transfer_p2p,Mr R McKay via Revolut; named person.
v3,train,Dixy Chicken,Dixy Chicken Tottenha Dixy Chicken Tottenham,4,debit,plaid,DINING_DINING,takeaway,Dixy Chicken.
v3,train,CO-OP,CO-OP GROUP FOOD  UXBRIDGE,23.9,debit,plaid,FOOD_RETAIL_GROCERIES,groceries,Co-op food.
v3,train,My Starling,MY STARLING 100000001592143472,10.69,debit,plaid,TRANSFER_OUT_OTHER,transfer_own_account,MY STARLING is an own Starling account/pot.
v3,train,Ivy Casino,IVY CASINO,10,debit,plaid,ENTERTAINMENT_CASINOS_AND_GAMBLING,gambling_casino,Ivy Casino.
v3,train,Capital One,Account - PBB00016353862 Capital One - SortCodeAccountNumber: 40025081077082,50,debit,plaid,LOAN_PAYMENTS_CREDIT_CARD_PAYMENT,credit_card_repayment,Capital One.
v3,train,Klarna,Klarna,36.66,debit,plaid,LOAN_PAYMENTS_BNPL_AND_EWA,bnpl,Klarna; shop not shown.
v3,train,TSGN,TSGN SN SHOREHAM-B  ON 31 AUG CLP TSGN SN SHOREHAM-BY-SE,2.35,debit,plaid,TRAVEL_AND_TRANSPORTATION_OTHER_TRAVEL_AND_TRANSPORTATION,public_transport_rail_coach,TSGN SN Shoreham-by-Sea is Govia Thameslink/Southern rail.
v3,train,Premier Vet,PREMIER VET ALLIAN,21.5,debit,plaid,PET_CARE_AND_SUPPLIES_VETERINARY_SERVICES,veterinary,Premier Vet Alliance administers vet health plans (explicitly not insurance); v2 gold veterinary.
v3,train,Capital One,CAPITAL ONE XXXXXXXXXXXX0071,453.09,debit,plaid,LOAN_PAYMENTS_CREDIT_CARD_PAYMENT,credit_card_repayment,Capital One.
v3,train,Elvis Stoica,Elvis Stoica - To Elvis S - IBAN: GB09REVO00997031070372,10,debit,plaid,TRANSFER_OUT_OTHER,transfer_p2p,Named person via Revolut.
v3,train,Cd Harbour,1348 09AUG25 CD   HARBOUR ARMS      MARGATE GB,17.8,debit,plaid,DINING_DINING,pub_bar,"Harbour Arms, Margate."
v3,train,Covent Garden,Sq *covent Garden,3.5,debit,plaid,GENERAL_MERCHANDISE_OTHER_GENERAL_MERCHANDISE,unclassified_card_spend,"Square *Covent Garden; many possible payees, narrative does not disambiguate."
v3,train,Zilch,Zilch Selecta U.K. Lim,2.7,debit,plaid,LOAN_PAYMENTS_BNPL_AND_EWA,confectionary,"Zilch with Selecta UK; Selecta is vending, so label the shop not bnpl."
v3,train,Apple,APPLE.COM/BILL,0.99,debit,plaid,GENERAL_MERCHANDISE_COMPUTERS_AND_ELECTRONICS,software,Apple.com/bill App Store.
v3,iter_eval,Tesco,TESCO STORES 3113,12.07,debit,plaid,FOOD_RETAIL_GROCERIES,groceries,Tesco store.
v3,train,Apple,APPLE.COM/BILL IRELAND ON 28 AUG CPM,3.49,debit,plaid,GENERAL_MERCHANDISE_COMPUTERS_AND_ELECTRONICS,software,Apple App Store.
v3,train,Kurdistan Tand,Kurdistan Tand,2.2,debit,plaid,TRANSFER_OUT_OTHER,takeaway,Kurdistan Tandoori Naan is a takeaway/sandwich shop.
v3,train,Bolt,Bolt,7.2,debit,plaid,TRAVEL_AND_TRANSPORTATION_TAXIS_AND_RIDE_SHARES,taxi_rideshare,Bolt debit £7.20 is a taxi ride; established salary_gig is the Esso/salary-style trap (direction + product).
v3,train,Zilch,Zilch Instalment,48,debit,plaid,LOAN_PAYMENTS_BNPL_AND_EWA,bnpl,Zilch instalment; shop not shown.
v3,train,Temu,3551 31JUL25      TEMU.COM          LONDON GB,7.43,debit,plaid,GENERAL_MERCHANDISE_APPAREL_AND_ACCESSORIES,marketplace_general,Temu marketplace; not Amazon.
v3,train,Al-fatah,Al-Fatah,1.23,debit,plaid,TRANSFER_OUT_OTHER,groceries_specialist,Al-Fatah world-food grocer.
v3,iter_eval,TV LICENSING,TV LICENCE MBP,14.95,debit,plaid,ENTERTAINMENT_OTHER_ENTERTAINMENT,tv_licence,TV Licensing.
v3,train,First West Yorkshire,FIRST WEST YORKSHI,6,debit,plaid,ENTERTAINMENT_MUSIC_VIDEO_GAMES_TV_AND_MOVIES,public_transport_rail_coach,First West Yorkshire buses.
v3,train,Church,CARD PAYMENT TO CHURCH HOUSE ON 29-08-2025,17.25,debit,plaid,GOVERNMENTS_AND_NON_PROFIT_DONATIONS,unclassified_other,CHURCH HOUSE collides (many pubs named Church House vs church donation); native DONATIONS is not enough to pick one.
v3,train,One Stop,ONE STOP 2573,8.99,debit,plaid,GENERAL_MERCHANDISE_CONVENIENCE_STORES,convenience_store,One Stop.
v3,iter_eval,Bet365,BET365,150,debit,plaid,ENTERTAINMENT_CASINOS_AND_GAMBLING,gambling_betting,Bet365.
v3,train,Urquhart O,To A/C 00158140   URQUHART O        Via Mobile Xfer,2.2,debit,plaid,TRANSFER_OUT_OTHER,transfer_p2p,Named person URQUHART O.
v3,train,Mob Miss Caitlan Bywat,"MOB, Miss Caitlan Bywat",60,debit,plaid,GENERAL_MERCHANDISE_APPAREL_AND_ACCESSORIES,transfer_p2p,Miss Caitlan Bywat mobile payment.
v3,train,Zilch,Zilch Instalment,7.7,debit,plaid,LOAN_PAYMENTS_BNPL_AND_EWA,bnpl,Zilch instalment.
v3,train,The Ranya Cafe Sandwich,Contactless Payment The Ranya Cafe Sandwich APPLEPAY 6071,6,debit,plaid,DINING_DINING,restaurant_cafe,Ranya Cafe sandwich shop.
v3,train,Boylesports,"BOYLESPORTS (VIA GOOGLE PAY), ON 31-08-2025",10,debit,plaid,ENTERTAINMENT_CASINOS_AND_GAMBLING,gambling_betting,Boylesports.
v3,train,Nuffield Health,NUFFIELD HEALTH,45,debit,plaid,MEDICAL_OTHER_MEDICAL,gym_fitness,Nuffield Health gyms; £45 typical membership.
v3,train,Quidmarket,Quidmarket QuidMarket,30.46,debit,plaid,LOAN_PAYMENTS_PERSONAL_LOAN_PAYMENT,payday_loan,QuidMarket short-term lender.
v3,iter_eval,gohenry,Gohenry Topup,407.5,debit,plaid,TRANSFER_OUT_OTHER,prepaid_card,goHenry kids prepaid top-up.
v3,train,Charlotte Spencer Lou,CHARLOTTE SPENCER LOU               VIA MOBILE - PYMT FP 24/07/25 10    39160713141316000N,10,debit,plaid,TRANSFER_OUT_OTHER,transfer_p2p,Named person Charlotte Spencer.
v3,train,CO-OP,CO-OP GROUP 190322  ON 26 JUN CLP The Co-Operative,2.29,debit,plaid,FOOD_RETAIL_GROCERIES,groceries,Co-op.
v3,train,Laura Whitaker,"MOB, Mrs Laura Whitaker",1000,debit,plaid,TRANSFER_OUT_OTHER,transfer_p2p,Mrs Laura Whitaker.
v3,train,Tiktok Shop,TikTok Shop,39.12,debit,plaid,GENERAL_MERCHANDISE_ONLINE_MARKETPLACES,marketplace_general,TikTok Shop; not Amazon.
v3,train,Apple,APPLE.COM/BILL IRELAND ON 03 JUL CPM,11,debit,plaid,GENERAL_MERCHANDISE_COMPUTERS_AND_ELECTRONICS,software,Apple App Store.
v3,train,Molly Stone,Payment to MOLLY STONE 402812 81593242,12,debit,plaid,TRANSFER_OUT_OTHER,transfer_p2p,Named-person Faster Payment to Molly Stone.
v3,train,First Central Serv,FIRSTCENTRALSERV 30523508-01011010I,87.69,debit,plaid,LOAN_PAYMENTS_PERSONAL_LOAN_PAYMENT,insurance_motor,1st Central is a motor-insurance brand.
v3,train,Everyman Plymouth,Everyman Plymouth,14.65,debit,plaid,TRANSFER_OUT_OTHER,cinema,Everyman Plymouth.
v3,train,Cd Company Shop,2416 08AUG25 CD   COMPANY SHOP LTD  RENFREW GB,29.7,debit,plaid,GENERAL_MERCHANDISE_OTHER_GENERAL_MERCHANDISE,groceries,"Company Shop Renfrew is a surplus supermarket (food discounter-like), not a corner shop."
v3,train,Betfair,BETFAIR  ON 15 OCT CPM Betfair,5,debit,plaid,ENTERTAINMENT_CASINOS_AND_GAMBLING,gambling_betting,Betfair.
v3,train,Zilch,ZILCH INSTALMENT,22.52,debit,plaid,LOAN_PAYMENTS_BNPL_AND_EWA,bnpl,Zilch instalment.
v3,train,Muhtasim Ahmed Money,MUHTASIM AHMED    MONEY             VIA MOBILE - PYMT FP 19/07/25 10    41205410287676000N,50,debit,plaid,TRANSFER_OUT_OTHER,transfer_p2p,Named person Muhtasim Ahmed.
v3,iter_eval,Nisa,PENDING NISA,12.49,debit,plaid,FOOD_RETAIL_GROCERIES,groceries,Nisa symbol-group grocer.
v3,iter_eval,Bet365,Bet365,10,debit,plaid,ENTERTAINMENT_CASINOS_AND_GAMBLING,gambling_betting,Bet365.
v3,train,One Stop,ONE STOP 1511 CD 1175,9.73,debit,plaid,GENERAL_MERCHANDISE_CONVENIENCE_STORES,convenience_store,One Stop.
v3,train,Ladbrokes,Ladbrokes,5,debit,plaid,ENTERTAINMENT_CASINOS_AND_GAMBLING,gambling_betting,Ladbrokes.
v3,train,Awp P&c S.a.,Visa purchase AWP P&C S.A. - UK BRAN,10.5,debit,plaid,ENTERTAINMENT_MUSIC_VIDEO_GAMES_TV_AND_MOVIES,insurance_travel,AWP P&C S.A. UK Branch is Allianz Partners; typical travel-insurance underwriter charge.
v3,train,Revolut,Revolut account - Bus Rosemary Harvey - SortCodeAccountNumber: 23012017342875,2,debit,plaid,TRANSFER_OUT_TRANSFER_OUT_FROM_APPS,transfer_p2p,Revolut payment naming Rosemary Harvey; person named so not own-account.
v3,train,McDonald's,McDonalds 8260752,50.55,debit,plaid,DINING_DINING,takeaway,McDonald's.
v3,iter_eval,Icelandair,"ICELAND (VIA APPLE PAY), ON 23-08-2025",3.25,debit,plaid,FOOD_RETAIL_GROCERIES,groceries,"ICELAND via Apple Pay is the supermarket, not Icelandair."
v3,train,Parichstudio,Etsy.com*ParichStu,37.65,debit,plaid,GENERAL_MERCHANDISE_APPAREL_AND_ACCESSORIES,marketplace_general,Etsy.com* seller; all non-Amazon marketplaces are marketplace_general.
v3,iter_eval,Whatnot,WHATNOT IRELAND ON 06 OCT CPM,5.7,debit,plaid,GENERAL_MERCHANDISE_ONLINE_MARKETPLACES,marketplace_general,Whatnot livestream marketplace.
v3,train,Just Eat,Just Eat,24.18,debit,plaid,DINING_DINING,takeaway,Just Eat.
v3,train,Crieff Highland Gathering,Crieff Highland Ga,5,debit,plaid,TRANSFER_OUT_OTHER,days_out,Crieff Highland Gathering event.
v3,train,Christopher Clayton Leisure,Christopher Clayton Leisure,15,debit,plaid,ENTERTAINMENT_EVENTS_AND_TICKETS,unclassified_other,Cannot confirm a gym/leisure operator from public sources; leave unclassified.
v3,train,Barcl 24 Studio,BARCL-24STUDIO,71.45,debit,plaid,DINING_DINING,unclassified_other,BARCL-24STUDIO truncated; dining native but payee not uniquely identified.
v3,train,Clearpay,0959 14SEP25      CLEARPAY          CLEARPAY.CO.U GB,22.5,debit,plaid,LOAN_PAYMENTS_BNPL_AND_EWA,bnpl,Clearpay.
v3,train,Apple,APPLE.COM/BILL Apple App Store,4.99,debit,plaid,GENERAL_MERCHANDISE_COMPUTERS_AND_ELECTRONICS,software,Apple App Store.
v3,train,Safestore Chingford,SAFESTORE CHINGFOR  ON 27 AUG CLP SAFESTORE CHINGFORD,14.97,debit,plaid,GENERAL_MERCHANDISE_CONVENIENCE_STORES,storage,Safestore self-storage.
v3,train,Apple,apple.com/bill,1.99,debit,plaid,GENERAL_MERCHANDISE_COMPUTERS_AND_ELECTRONICS,software,Apple App Store.
v3,train,Ana Magro Ana,ANA MAGRO  ANA STERLING FT,257,debit,plaid,FOOD_RETAIL_GROCERIES,transfer_p2p,Named person ANA MAGRO sterling Faster Payment.
v3,train,Asda,Asda,-1.47,credit,plaid,FOOD_RETAIL_GROCERIES,refund_received,Asda credit is a retailer refund; never groceries on credit.
v3,train,Revolut,Revolut**1536*  ON 08 JUL BCC REVOLUT**1536*,10,debit,plaid,TRANSFER_OUT_TRANSFER_OUT_FROM_APPS,transfer_bank_unspecified,REVOLUT**1536* top-up/card to Revolut without own-account evidence.
v3,train,Asda,ASDA MOBILE 059555535273928344,20.52,debit,plaid,FOOD_RETAIL_GROCERIES,mobile_phone_contract,"ASDA MOBILE is the MVNO, not Asda groceries."
v3,train,Cd Roj Supermarket,0480 06SEP25 CD   ROJ SUPERMARKET   LONDON GB,4.8,debit,plaid,FOOD_RETAIL_GROCERIES,groceries,Roj Supermarket is a supermarket (food shop).
v3,iter_eval,Uber Eats,"UBER * EATS PENDING (VIA APPLE PAY), ON 29-09-2025",6.97,debit,plaid,DINING_DINING,takeaway,Uber Eats.
v3,train,Action Centres,Action Centres,12,debit,plaid,TRANSFER_OUT_OTHER,days_out,Action Centres UK outdoor activity/residential centres; £12 on-site/booking.
v3,train,C Open All,9644 07AUG25 C    OPEN ALL HOURS    MUSSELBURGH GB,1.65,debit,plaid,FOOD_RETAIL_OTHER,convenience_store,Open All Hours convenience.
v3,train,Resul Convenience Store,Resul Convenience,5.59,debit,plaid,GENERAL_MERCHANDISE_CONVENIENCE_STORES,convenience_store,Named convenience store.
v3,train,Lukes Cafe,Lukes Cafe,9,debit,plaid,DINING_COFFEE,restaurant_cafe,Luke's Cafe.
v3,train,Bodybuilding Warehouse,Bodybuilding Warehouse,29.4,debit,plaid,GENERAL_MERCHANDISE_DISCOUNT_STORES,supplements,Bodybuilding Warehouse is a sports-nutrition/supplements retailer.
v3,train,CO-OP,CO OP GROUP FOOD  ON 29 AUG CPM The Co-Operative,20.9,debit,plaid,FOOD_RETAIL_GROCERIES,groceries,Co-op food.
v3,train,S K Foods,S K foods,9.75,debit,plaid,FOOD_RETAIL_GROCERIES,groceries,"S K Foods with groceries native; independent food shop, not uniquely specialist."
v3,train,U.S. Post Office,ATM Withdrawal POST OFFICE LTD,35,debit,plaid,TRANSFER_OUT_CHECKS_AND_ATM,cash_withdrawal,ATM withdrawal at Post Office Ltd (Plaid maps as U.S. Post Office).
v3,train,LC International,LC INTERNATIONAL L,10,debit,plaid,ENTERTAINMENT_CASINOS_AND_GAMBLING,gambling_betting,LC International betting.
v3,train,Clearpay,Clearpay,9.82,debit,plaid,LOAN_PAYMENTS_BNPL_AND_EWA,bnpl,Clearpay.
v3,train,Fdn Coffee Whitwo,"SQ *FDN COFFEE, WHITWO CD 1432",13.2,debit,plaid,DINING_COFFEE,restaurant_cafe,FDN Coffee via Square.
v3,train,Yokuu,SP YOKUU,24.9,debit,plaid,GENERAL_MERCHANDISE_OTHER_GENERAL_MERCHANDISE,retail_other,Yokuu sells probiotic household cleaners (not a cleaning service).
v3,train,McDonald's,MCDONALDS 1376  ON 04 SEP BCC,4.99,debit,plaid,DINING_DINING,takeaway,McDonald's.
v3,train,McDonald's,McDonald’s,6.27,debit,plaid,DINING_DINING,takeaway,McDonald's.
v3,train,O2,MY O2 BILL PAYMENT,68.39,debit,plaid,RENT_AND_UTILITIES_TELECOMMUNICATIONS,mobile_phone_contract,O2 bill.
v3,train,Clearpay,Clearpay,36.99,debit,plaid,LOAN_PAYMENTS_BNPL_AND_EWA,bnpl,Clearpay.
v3,train,Electraworks LTD,ELECTRAWORKS LTD,5,debit,plaid,ENTERTAINMENT_CASINOS_AND_GAMBLING,gambling_casino,ElectraWorks Ltd is Kindred Group (Unibet/32Red) gambling operator.
v3,train,Jason Philo Xxx,JASON PHILO       XXX               VIA MOBILE - PYMT FP 20/06/25 10    30083910317035000N,200,debit,plaid,ENTERTAINMENT_MUSIC_VIDEO_GAMES_TV_AND_MOVIES,transfer_p2p,Named person Jason Philo.
v3,iter_eval,Tesco,3020 15JUN25 CD   TESCO STORES 6227 HOCKLEY GB,13.63,debit,plaid,FOOD_RETAIL_GROCERIES,groceries,Tesco store.
v3,train,M Chumber,M CHUMBER 778520 56093360,162,debit,plaid,TRANSFER_OUT_OTHER,transfer_p2p,Named-person debit M CHUMBER.
v3,train,Netflix,Netflix,12.99,debit,plaid,ENTERTAINMENT_MUSIC_VIDEO_GAMES_TV_AND_MOVIES,streaming,Netflix.
v3,train,Clearpay,CLEARPAY  ON 26 JUL BCC Clearpay,6.85,debit,plaid,LOAN_PAYMENTS_BNPL_AND_EWA,bnpl,Clearpay.
v3,train,Amazon,Amazon,54.86,debit,plaid,GENERAL_MERCHANDISE_ONLINE_MARKETPLACES,marketplace_amazon,Amazon.
v3,train,A R Dagnall,A R DAGNALL 300000001636047122,24,debit,plaid,TRANSFER_OUT_OTHER,transfer_p2p,Named person A R DAGNALL.
v3,train,LC International,INT'L 0074590053  LC INTERNATIONAL LWWW.SPORTS.CO,10,debit,plaid,ENTERTAINMENT_CASINOS_AND_GAMBLING,gambling_betting,LC International www.sports.co betting site.
v3,train,Creditspring,Creditspring - SortCodeAccountNumber: 16222410135836,10,debit,plaid,LOAN_PAYMENTS_PERSONAL_LOAN_PAYMENT,personal_loan_repayment,Creditspring credit-builder/loan membership; v2 gold personal_loan_repayment.
v3,train,Marks & Spencer,MARKS&SPENCER PLC Marks & Spencer,-68,credit,plaid,GENERAL_MERCHANDISE_DEPARTMENT_STORES,refund_received,M&S credit is a retailer refund; override department_store.
v3,train,Emily Matkin,EMILY MATKIN 500000001636090386,4,debit,plaid,TRANSFER_OUT_OTHER,transfer_p2p,Named person Emily Matkin.
v3,train,Raylo,Direct debit RAYLO 162224 10135836,18.97,debit,plaid,GENERAL_MERCHANDISE_ONLINE_MARKETPLACES,retail_finance_repayment,Raylo device finance.
v3,iter_eval,Uber Eats,Visa purchase UBER * EATS PENDING APPLEPAY 5361,38.99,debit,plaid,DINING_DINING,takeaway,Uber Eats.
v3,train,Clearpay,Clearpay,11.68,debit,plaid,LOAN_PAYMENTS_BNPL_AND_EWA,bnpl,Clearpay.
v3,train,Crane And Dragon,CRANE AND DRAGON,7.44,debit,plaid,DINING_DINING,pub_bar,"Crane and Dragon is The Crane Hungry Horse pub, Sheldon."
v3,train,V12 Retail Finance,V12 RETAIL FINANCE,35.78,debit,plaid,GENERAL_SERVICES_ACCOUNTING_AND_FINANCIAL_SERVICES,retail_finance_repayment,V12 Retail Finance.
v3,train,Uk Limited,888*uk Limited,10,debit,plaid,GENERAL_SERVICES_OTHER_SERVICES,gambling_casino,888*UK Limited is 888 casino/betting.
v3,train,Bisl Ta Lloyds,BISL TA LLOYDS 130411442398327601,21.62,debit,plaid,INSURANCE_AND_TAX_INSURANCE,insurance_motor,BISL Limited trading as Lloyds Bank motor insurance administrator.
v3,train,Tates Bar Northenden,Tates Bar Northend  ON 09 SEP CLP TATES BAR NORTHENDEN L,6,debit,plaid,DINING_DINING,pub_bar,Tates Bar Northenden.
v3,train,One Stop,"CASH WITHDRAWAL AT TESCO PERSONAL FINANCE ATM ONE STOP S ELMS, SOUTH ELMSALL,30.00 GBP , ON 09-08-2025",30,debit,plaid,TRANSFER_OUT_CHECKS_AND_ATM,cash_withdrawal,Narrative is CASH WITHDRAWAL at Tesco Personal Finance ATM at One Stop; override convenience_store.
v3,train,Klarna,7474 11JUL25      KLARNA*TEMU.COM   LONDON GB,22.63,debit,plaid,LOAN_PAYMENTS_BNPL_AND_EWA,marketplace_general,Klarna*TEMU.COM; Temu is identifiable so marketplace not bnpl.
v3,iter_eval,Home Retail Group,4109 01SEP25      HOME RETAIL GROUP LONDON GB,75,debit,plaid,GENERAL_MERCHANDISE_OTHER_GENERAL_MERCHANDISE,catalogue_retail,Home Retail Group is Argos (catalogue/online); better than generic retail_other.
v3,train,Temu,2611 13AUG25      TEMU.COM          LONDON GB,0.86,debit,plaid,GENERAL_MERCHANDISE_APPAREL_AND_ACCESSORIES,marketplace_general,Temu.
v3,train,Luxury Leisure, Luxury Leisure,20,debit,plaid,ENTERTAINMENT_EVENTS_AND_TICKETS,gambling_casino,Luxury Leisure trades as Admiral adult gaming centres/slots.
v3,train,Zopa,"SULTAN N ZOPA       19JUL25 RP4679965687125600 ZOPA       19JUL25,RP4679965687125600",-20,credit,plaid,LOAN_PAYMENTS_PERSONAL_LOAN_PAYMENT,returned_payment,"Zopa credit £20 with loan native; too small for disbursement, treat as returned/reversed loan payment not a repayment debit."
v3,train,One Stop,One Stop,17.05,debit,plaid,GENERAL_MERCHANDISE_CONVENIENCE_STORES,convenience_store,One Stop.
v3,train,Morrisons,WM MORRISONS STORESKIPTON,13.89,debit,plaid,FOOD_RETAIL_GROCERIES,groceries,Morrisons supermarket.
v3,train,HM Revenue and Customs,HMRC CHILD BENEFIT,-43.3,credit,plaid,INCOME_SALARY,benefits_state,HMRC Child Benefit.
v3,train,Christopher Robi,Payment to CHRISTOPHER ROBI 090129 79110491,5,debit,plaid,TRANSFER_OUT_OTHER,transfer_p2p,Named-person Faster Payment Christopher Robi.
v3,train,Tropical Heat,Tropical Heat,8.16,debit,plaid,DINING_DINING,restaurant_cafe,Tropical Heat dine-in/takeaway name; models agreed restaurant_cafe.
v3,iter_eval,Tesco,Tesco,3.85,debit,plaid,FOOD_RETAIL_GROCERIES,groceries,Tesco.
v3,train,Aviva,AVIVA RCPTS ACCOUN  MMV12874974611E005 DDR Aviva,68.55,debit,plaid,INSURANCE_AND_TAX_INSURANCE,insurance_general,Aviva multi-line insurer.
v3,train,Hope Garage,"CLS 67, Hope Garage",20,debit,plaid,TRAVEL_AND_TRANSPORTATION_OTHER_TRAVEL_AND_TRANSPORTATION,fuel,Hope Garage is a petrol filling station (Hope Valley).
v3,train,Holly Miller,Holly Miller,11,debit,plaid,TRAVEL_AND_TRANSPORTATION_AUTOMOTIVE,transfer_p2p,Named person Holly Miller; automotive native is noise.
v3,train,Premier Forres,PREMIER FORRES STORE CD 4563,8.2,debit,plaid,GENERAL_MERCHANDISE_FURNITURE_AND_HARDWARE,groceries,Premier Forres is a Premier symbol-group grocer.
v3,train,Andrea Tombolini,ANDREA TOMBOLINI 600000001636319353,70,debit,plaid,TRANSFER_OUT_OTHER,transfer_p2p,Named person Andrea Tombolini.
v3,train,Apple,3123 02JUL25  D   APPLE.COM/BILL    08001076285 IE,2.99,debit,plaid,GENERAL_MERCHANDISE_COMPUTERS_AND_ELECTRONICS,software,Apple App Store.
v3,train,Dispute,DI-3880349 DISPUTE REFUND,-14.99,credit,plaid,TRANSFER_IN_OTHER,refund_received,Dispute refund credit.
v3,iter_eval,Aldi,Aldi,3.96,debit,plaid,FOOD_RETAIL_GROCERIES,groceries,Aldi.
v3,train,Revolut,Visa purchase Revolut**5579* APPLEPAY 6071,27,debit,plaid,TRANSFER_OUT_TRANSFER_OUT_FROM_APPS,transfer_bank_unspecified,Visa/Apple Pay to Revolut**5579* without own-account evidence.
v3,train,Klarna,KLARNA*EBAY  ON 15 JUL BCC,28.32,debit,plaid,LOAN_PAYMENTS_BNPL_AND_EWA,marketplace_general,Klarna*EBAY; eBay identifiable.
v3,iter_eval,tombola,Tombola,6.76,debit,plaid,ENTERTAINMENT_CASINOS_AND_GAMBLING,gambling_bingo,tombola.
v3,train,Tesco Petrol,6255 12AUG25      TESCO PAYAT PUMP  5425              KIRKBY IN ASH GB,10,debit,plaid,TRAVEL_AND_TRANSPORTATION_OTHER_TRAVEL_AND_TRANSPORTATION,fuel,Tesco Pay at Pump.
v3,train,Loan,Loan,25,debit,plaid,LOAN_PAYMENTS_PERSONAL_LOAN_PAYMENT,unclassified_other,Merchant is only 'Loan'; cannot uniquely identify a regulated product vs informal lending.
v3,train,Jackpotjoy,JACKPOTJOY GIBRALTAR ON 31 AUG BCC,10,debit,plaid,ENTERTAINMENT_CASINOS_AND_GAMBLING,gambling_bingo,Jackpotjoy is a Gamesys bingo brand.
v3,train,Current,202524 10589306  MOBILE-CHANNEL FT Barclays current account,10,debit,plaid,TRANSFER_OUT_OTHER,transfer_bank_unspecified,Barclays current-account transfer without own-account evidence.
v3,train,T Hedger,T HEDGER 116434 11560360,40,debit,plaid,TRANSFER_OUT_OTHER,transfer_p2p,Named person T HEDGER.
v3,train,Squires Garden Cen,SQUIRES GARDEN CENFARNHAM,15.78,debit,plaid,FOOD_RETAIL_GROCERIES,garden,Squires Garden Centre.
v3,iter_eval,Amazon Prime,4254 23JUN25      AMAZON            PRIME*TP5TP1CZ5   AMZN.CO.UK/PM GB,8.99,debit,plaid,ENTERTAINMENT_MUSIC_VIDEO_GAMES_TV_AND_MOVIES,streaming,Amazon Prime.
v3,train,Zilch,Visa purchase ZILCH INSTALMENT,6.96,debit,plaid,LOAN_PAYMENTS_BNPL_AND_EWA,bnpl,Zilch instalment.
v3,train,ParentPay,"DIRECT DEBIT PAYMENT TO PARENTPAY REF PARENTPAYABAAWDUJH, MANDATE NO 0033",100,debit,plaid,CHILDCARE_AND_EDUCATION_CHILDCARE_AND_EDUCATION,school_fees,ParentPay school meals/trips/fees collection; closest honest leaf is school_fees.
v3,train,T J Morris LTD,T J MORRIS LTD,7.58,debit,plaid,GENERAL_MERCHANDISE_DEPARTMENT_STORES,discount_store,T J Morris is Home Bargains.
v3,train,P. Louise Cosmet,Sp P. Louise Cosmet,30,debit,plaid,PERSONAL_CARE_HAIR_AND_BEAUTY,health_beauty_general,P. Louise cosmetics.
v3,train,Hastings Insurance,HASTINGS INSURANCE                    REFERENCE: BC21993386,127.47,debit,plaid,INSURANCE_AND_TAX_INSURANCE,insurance_general,Hastings Insurance; brand now sells motor and home so multi-line general (v2 gold insurance_general).
v3,train,Tiktok Shop,TIKTOK SHOP  ON 09 JUL BCC,1.79,debit,plaid,GENERAL_MERCHANDISE_ONLINE_MARKETPLACES,marketplace_general,TikTok Shop.
v3,train,SkyBet,VISA DIRECT PAYMENT Sky Bet ON 26 JUL CRE,-145,credit,plaid,INCOME_SALARY,gambling_unspecified,Sky Bet credit is winnings; native INCOME_SALARY wrong. T1: Sky Bet credit is winnings → gambling_unspecified.
v3,train,Yeading Lane,YEADING LANE PHARM  ON 23 JUL CPM,19.8,debit,plaid,MEDICAL_PHARMACIES_AND_SUPPLEMENTS,pharmacy,Yeading Lane Pharmacy.
v3,train,Regal Gaming Technologies,Regal Gaming Technologies,1.5,debit,plaid,ENTERTAINMENT_MUSIC_VIDEO_GAMES_TV_AND_MOVIES,gambling_unspecified,Regal Gaming Technologies supplies pub/AGC fruit machines (NYX-style); do not pick a gambling subtype.
v3,iter_eval,Tesco,8877 13SEP25 CD   TESCO STORES 2850 LONGTON GB,16.74,debit,plaid,FOOD_RETAIL_GROCERIES,groceries,Tesco store.
v3,train,Molly Jouxson Daughter,MOLLY JOUXSON     DAUGHTER          VIA MOBILE - PYMT FP 30/06/25 10    47232054748293000N,50,debit,plaid,TRANSFER_OUT_OTHER,transfer_p2p,Named person Molly Jouxson (daughter memo).
v3,train,Farmfoods,FARMFOODS 386,125.3,debit,plaid,FOOD_RETAIL_GROCERIES,groceries,Farmfoods food discounter.
v3,train,Sainsbury's,SAINSBURYS S/MKTS,8.85,debit,plaid,FOOD_RETAIL_GROCERIES,groceries,Sainsbury's supermarket.
v3,train,Buckley Expres,Buckley Expres - Ppoint_,9.5,debit,plaid,TRANSFER_OUT_OTHER,convenience_store,Buckley Express convenience store (PayPoint).
v3,train,Too Good To Go,Too Good To Go,2.99,debit,plaid,DINING_OTHER_DINING,takeaway,Too Good To Go surplus meals.
v3,train,Cd T.e,4795 19JUL25 CD   T.E BETHEL        LEEDS GB,31,debit,plaid,FOOD_RETAIL_GROCERIES,unclassified_card_spend,T.E Bethel Leeds card spend; payee not uniquely identified.
v3,iter_eval,Bet365,PENDING BET365,10,debit,plaid,ENTERTAINMENT_CASINOS_AND_GAMBLING,gambling_betting,Bet365.
v3,iter_eval,Canva,Canva* 04571-8022018,10.99,debit,plaid,GENERAL_MERCHANDISE_OTHER_GENERAL_MERCHANDISE,software,Canva subscription.
v3,train,D Picture House Uckfield,8213 13SEP25  D   PICTURE HOUSE     UCKFIELD          EASTBOURNE GB,42,debit,plaid,ENTERTAINMENT_MUSIC_VIDEO_GAMES_TV_AND_MOVIES,cinema,Picture House Uckfield.
v3,train,Asda,Asda Superstore,29.47,debit,plaid,FOOD_RETAIL_GROCERIES,groceries,Asda Superstore.
v3,train,Puregym Limited,PureGym Limited,32.99,debit,plaid,TRANSFER_OUT_OTHER,gym_fitness,PureGym.
v3,train,Scottish Power,SCOTTISH POWER,17,debit,plaid,RENT_AND_UTILITIES_GAS_AND_ELECTRICITY,energy,Scottish Power.
v3,train,118 118 Money,118 MONEY CREDIT  ON 12 AUG BCC,5,debit,plaid,LOAN_PAYMENTS_PERSONAL_LOAN_PAYMENT,payday_loan,118 118 Money.
v3,train,Mrs S Hafiz,MRS S HAFIZ       MRS S HAFIZ       VIA MOBILE - PYMT FP 22/09/25 10    55061457598397000N,250,debit,plaid,TRANSFER_OUT_OTHER,transfer_p2p,Mrs S Hafiz mobile payment.
v3,train,KFC,KFC Anne Thomas,-10,credit,plaid,DINING_DINING,refund_received,KFC credit (Anne Thomas memo); retailer credit is a refund not takeaway spend.
v3,train,McDonald's,Visa purchase McDonalds 8260391 APPLEPAY 2818 2025-07-20,11.77,debit,plaid,DINING_DINING,takeaway,McDonald's.
v3,train,SkyBet,Sky Bet,40,debit,plaid,ENTERTAINMENT_CASINOS_AND_GAMBLING,gambling_betting,Sky Bet.
v3,train,Suzanne Draper Loan,Suzanne Draper    loan,50,debit,plaid,LOAN_PAYMENTS_PERSONAL_LOAN_PAYMENT,loan_repayment_manual,Named person with loan memo; informal manual loan repayment.
v3,train,Jack Nye Barcodes,Jack Nye          Barcodes,99.99,debit,plaid,DINING_DINING,transfer_p2p,Jack Nye with Barcodes memo; named person debit.
v3,iter_eval,Voxi,WWW.VOXI.CO.UK CD 1624,15,debit,plaid,RENT_AND_UTILITIES_TELECOMMUNICATIONS,mobile_phone_contract,VOXI.
v3,train,SkyBet,SKY BET CD 4563,5,debit,plaid,ENTERTAINMENT_CASINOS_AND_GAMBLING,gambling_betting,Sky Bet.
v3,train,boohoo,BooHoo,49.89,debit,plaid,GENERAL_MERCHANDISE_APPAREL_AND_ACCESSORIES,clothing_general,boohoo.
v3,train,Postcode Lottery,POSTCODE LOTTERY 05MATZ9KBB11UA005,12.25,debit,plaid,ENTERTAINMENT_CASINOS_AND_GAMBLING,gambling_lottery,People's Postcode Lottery.
v3,train,Mrs L Joseph,Mrs L Joseph      Payment,40,debit,plaid,LOAN_PAYMENTS_CREDIT_CARD_PAYMENT,transfer_p2p,Mrs L Joseph named-person payment.
v3,train,German Doner Keba,VER*GERMAN DONER K,11.37,debit,plaid,DINING_DINING,takeaway,German Doner Kebab fast-food chain.
v3,train,Shayan Food And Wine,SHAYAN FOOD AND WI,17.77,debit,plaid,FOOD_RETAIL_GROCERIES,convenience_store,"Shayan Food and Wine is an off-licence/convenience grocer, not a cafe."
v3,train,Ladbrokes,Ladbrokes,13,debit,plaid,ENTERTAINMENT_CASINOS_AND_GAMBLING,gambling_betting,Ladbrokes.
v3,train,Amazon,AMAZON* RS4R60ID4 Amazon,64.26,debit,plaid,GENERAL_MERCHANDISE_ONLINE_MARKETPLACES,marketplace_amazon,Amazon.
v3,train,Dawn Danskin,DAWN DANSKIN,9,debit,plaid,TRANSFER_OUT_OTHER,transfer_p2p,Named person Dawn Danskin.
v3,train,Lovisa,Contactless Payment Lovisa APPLEPAY 0752 2025-09-28,32,debit,plaid,GENERAL_MERCHANDISE_APPAREL_AND_ACCESSORIES,jewellery,Lovisa jewellery.
v3,train,Pizza Space Limite,7907 09SEP25 CD   SQ *PIZZA SPACE   LIMITE            WEMBLEY GB,6.5,debit,plaid,DINING_DINING,takeaway,Pizza Space.
v3,iter_eval,Very,VERY  ON 08 AUG BCC Very,47.71,debit,plaid,TRANSFER_OUT_OTHER,catalogue_retail,Very.co.uk card purchase (BCC); catalogue retail not a finance DD.
v3,train,Riot,Riot*,10.25,debit,plaid,ENTERTAINMENT_MUSIC_VIDEO_GAMES_TV_AND_MOVIES,gaming_online,"Riot* is Riot Games (League of Legends) PC/online, not mobile."
v3,train,Revolut,To Charles Suter - Sent from Revolut - SortCodeAccountNumber: 82197600396571,20,debit,plaid,TRANSFER_OUT_OTHER,transfer_p2p,Revolut send to Charles Suter; named person.
v3,train,Sainsburys S Mkts,Sainsburys- Bolton,10.62,debit,plaid,FOOD_RETAIL_GROCERIES,groceries,Sainsbury's Bolton.
v3,train,Cd Vg Store,9966 11SEP25 CD   VG STORE          PORT GLASGOW GB,4.5,debit,plaid,GENERAL_MERCHANDISE_CONVENIENCE_STORES,convenience_store,VG Store Port Glasgow convenience.
v3,train,Jhon,JHON CULLEN 500000001611936504,0.51,debit,plaid,TRANSFER_OUT_OTHER,transfer_p2p,Jhon Cullen named person.
v3,train,Paddy Power,Paddy Power,20,debit,plaid,ENTERTAINMENT_CASINOS_AND_GAMBLING,gambling_betting,Paddy Power.
v3,train,Chika Celestine,CHIKA CELESTINE   C                 VIA MOBILE - PYMT FP 29/08/25 10    29064340350322000N,4,debit,plaid,TRANSFER_OUT_OTHER,transfer_p2p,Named person Chika Celestine.
v3,train,Welcome Break,Contactless Payment WELCOME BREAK SOUTH MI APPLEPAY 9369,12.99,debit,plaid,TRAVEL_AND_TRANSPORTATION_OTHER_TRAVEL_AND_TRANSPORTATION,convenience_store,Welcome Break South Mimms motorway services.
v3,train,Shell,SHELL A19,3.75,debit,plaid,TRAVEL_AND_TRANSPORTATION_OTHER_TRAVEL_AND_TRANSPORTATION,fuel,Shell A19 forecourt; tiny amount still fuel.
v3,train,Morrisons,"WM MORRISONS STORE (VIA APPLE PAY), ON 12-07-2025",8.1,debit,plaid,FOOD_RETAIL_GROCERIES,groceries,Morrisons.
v3,train,Vanquis Bank,Vanquis Bank Ltd 050012124527251003,389.71,debit,plaid,LOAN_PAYMENTS_PERSONAL_LOAN_PAYMENT,credit_card_repayment,Vanquis is a credit-card issuer.
v3,iter_eval,Save The Pennies,SAVE THE PENNIES 771202-53542168,0.52,debit,plaid,TRANSFER_OUT_SAVINGS,savings_transfer,Save the Pennies round-up savings.
v3,train,Raylo,RAYLO,16.76,debit,plaid,GENERAL_MERCHANDISE_ONLINE_MARKETPLACES,retail_finance_repayment,Raylo.
v3,train,Amazon,AMZNMktplace*RF807,19.99,debit,plaid,GENERAL_MERCHANDISE_ONLINE_MARKETPLACES,marketplace_amazon,Amazon Marketplace.
v3,train,Christmas Bakery Limited,Contactless Payment CHRISTMAS BAKERY LIMITED,11.15,debit,plaid,GENERAL_MERCHANDISE_OTHER_GENERAL_MERCHANDISE,restaurant_cafe,Christmas Bakery cafe/bakery.
v3,train,Sky Mobile,REVERSAL OF 17-09 SKY MOBILE        FIRST PAYMENT,-78,credit,plaid,LOAN_PAYMENTS_CREDIT_CARD_PAYMENT,returned_payment,"REVERSAL OF Sky Mobile first payment; UNP/reversal rule, not a mobile bill."
v3,iter_eval,Icelandair,6363 18JUL25      ICELAND           ROCHDALE GB,73.51,debit,plaid,FOOD_RETAIL_GROCERIES,groceries,Iceland Rochdale supermarket (Plaid Icelandair collision).
v3,train,M Palmer,M PALMER   17AUG25 110030 11007967,28,debit,plaid,TRANSFER_OUT_INVESTMENT_AND_RETIREMENT_FUNDS,transfer_p2p,Named person M PALMER.
v3,train,Chaotic,Chaotic,3.96,debit,plaid,DINING_DINING,prize_competitions,"Chaotic (Chaoss Entertainment, Redhill) prize-draw comps."
v3,train,Smarty Co Uk,SMARTY CO UK,7,debit,plaid,GENERAL_SERVICES_OTHER_SERVICES,mobile_phone_contract,SMARTY MVNO.
v3,train,Donate.jw,DONATE.JW.ORG-IBSA Donate.Jw,5,debit,plaid,TRANSFER_OUT_OTHER,charitable_donation,donate.jw.org Jehovah's Witnesses.
v3,train,Grand Hotel Gosforth Park,GRAND HOTEL GOSFOR  ON 04 OCT CLP GRAND HOTEL GOSFORTH P,83.1,debit,plaid,TRAVEL_AND_TRANSPORTATION_LODGING,accommodation,Grand Hotel Gosforth Park.
v3,train,Lime Shop,Lime Shop,1.09,debit,plaid,TRAVEL_AND_TRANSPORTATION_OTHER_TRAVEL_AND_TRANSPORTATION,transport_other,Lime Shop £1.09 with travel native is a Lime e-scooter/bike ride; not uniquely bicycle vs scooter so transport_other.
v3,train,Sainsbury's,SAINSBURYS S/MKTS SYDENHAM 693,9.4,debit,plaid,FOOD_RETAIL_GROCERIES,groceries,Sainsbury's Sydenham.
v3,train,Lidl,LIDL GB  LUTON,20.21,debit,plaid,FOOD_RETAIL_GROCERIES,groceries,Lidl.
v3,train,McDonald's,CARD PAYMENT TO MCDONALDS ON 07-08-2025,3.19,debit,plaid,DINING_DINING,takeaway,McDonald's.
v3,iter_eval,The National Lottery,NATIONAL LOTTERY,12,debit,plaid,ENTERTAINMENT_CASINOS_AND_GAMBLING,gambling_lottery,National Lottery.
v3,iter_eval,Tesco,Tesco,1.62,debit,plaid,FOOD_RETAIL_GROCERIES,groceries,Tesco.
v3,iter_eval,Ovo Energy,OVO ENERGY  YKRVHFG DDR OVO Energy,119,debit,plaid,RENT_AND_UTILITIES_OTHER_UTILITIES,energy,OVO Energy.
v3,iter_eval,Google Play,Visa purchase Google Play Apps,1.49,debit,plaid,ENTERTAINMENT_MUSIC_VIDEO_GAMES_TV_AND_MOVIES,software,Google Play.
v3,train,Jade Wilson Jade,JADE WILSON       JADE              VIA MOBILE - PYMT FP 28/07/25 10    55023219268289000J,20,debit,plaid,TRANSFER_OUT_OTHER,transfer_p2p,Named person Jade Wilson.
v3,train,Mole Valley,Mole Valley D.c. - Mole Valley D.C. - SortCodeAccountNumber: 60070222011110,123,debit,plaid,TRANSFER_OUT_OTHER,council_tax,Mole Valley District Council £123 is a typical council-tax debit.
v3,train,Shahs Walthamstow Order,SHAHS WALTHAMSTOW,27.96,debit,plaid,DINING_DINING,takeaway,Shah's Halal Food Walthamstow is a takeaway/sandwich shop.
v3,train,N K Convenience Store,G K CONVENIENCE ST  ON 22 JUN CLP G K CONVENIENCE STORE,7.25,debit,plaid,GENERAL_MERCHANDISE_CONVENIENCE_STORES,convenience_store,G K Convenience Store.
v3,train,Uber,Uber,20.8,debit,plaid,TRAVEL_AND_TRANSPORTATION_TAXIS_AND_RIDE_SHARES,taxi_rideshare,Uber.
v3,train,CO-OP,CO-OP GROUP FOOD  ON 21 JUL CPM The Co-Operative,7.05,debit,plaid,FOOD_RETAIL_GROCERIES,groceries,Co-op food.
v3,train,Roxyballroom,WWW.ROXYBALLROOM.CLEEDS,33.5,debit,plaid,DINING_DINING,pub_bar,Roxy Ball Room Leeds is a games bar (ping pong/pool + drinks).
v3,iter_eval,Fashionworld,WWW.FASHIONWORLD.C,20,debit,plaid,GENERAL_MERCHANDISE_APPAREL_AND_ACCESSORIES,clothing_womens,Fashion World women's clothing.
v3,train,Current,202062 73711951  OK FT Barclays current account,10,debit,plaid,TRANSFER_OUT_OTHER,transfer_bank_unspecified,Barclays current-account transfer without own-account evidence.
v3,train,Trainline,Visa purchase TRAINLINE APPLEPAY 1283,12.05,debit,plaid,TRAVEL_AND_TRANSPORTATION_PUBLIC_TRANSIT,public_transport_rail_coach,Trainline.
v3,train,U.S. Post Office,Post Office,-10,credit,plaid,INCOME_SALARY,unclassified_other,Post Office £10 credit; native INCOME_SALARY but amount too small for salary and not clearly cash_deposit/refund.
v3,train,Just Eat,"JUST EAT (VIA APPLE PAY), ON 24-08-2025",29.2,debit,plaid,DINING_DINING,takeaway,Just Eat.
v3,train,Biola Olatunji,BIOLA OLATUNJI 400000001605180181,4,debit,plaid,TRANSFER_OUT_OTHER,transfer_p2p,Named person Biola Olatunji.
v3,train,Google Joyplay,Visa purchase PAYPAL *GOOGLE JOYPLAY 4497,1.79,debit,plaid,ENTERTAINMENT_MUSIC_VIDEO_GAMES_TV_AND_MOVIES,gaming_mobile,Google Joyplay mobile games.
v3,train,Netflix,NETFLIX.COM,12.99,debit,plaid,ENTERTAINMENT_MUSIC_VIDEO_GAMES_TV_AND_MOVIES,streaming,Netflix.
v3,iter_eval,Bet365,Bet365,-40,credit,plaid,ENTERTAINMENT_CASINOS_AND_GAMBLING,gambling_unspecified,Bet365 credit is winnings. T1: Bet365 credit is winnings → gambling_unspecified.
v3,train,Schools Photography,SCHOOLS PHOTOGRAPH,21.99,debit,plaid,PERSONAL_CARE_OTHER_PERSONAL_CARE,photography_services,Schools photography.
v3,train,Sainsbury's,SAINSBURYS S/MKTS  ON 11 SEP CPM Sainsbury's,1.4,debit,plaid,FOOD_RETAIL_GROCERIES,groceries,Sainsbury's.
v3,iter_eval,Cineworld,CINEWORLD WOO CP  ON 29 JUN CPM Cineworld,10.49,debit,plaid,ENTERTAINMENT_MUSIC_VIDEO_GAMES_TV_AND_MOVIES,cinema,Cineworld.
v3,train,Sella Supermarket,Contactless Payment SELLA SUPERMARKET 01 APPLEPAY 6094,2.99,debit,plaid,FOOD_RETAIL_GROCERIES,groceries,Sella Supermarket.
v3,train,Three UK,H3G  113228928500100003 DDR Three,7,debit,plaid,RENT_AND_UTILITIES_TELECOMMUNICATIONS,mobile_phone_contract,Three (H3G) DD.
v3,train,K Mitchell,K MITCHELL 14SEP25,5,debit,plaid,TRANSFER_OUT_OTHER,transfer_p2p,Named person K MITCHELL.
v3,train,HM Revenue and Customs,Bank credit HMRC CHILD BENEFIT 202648 13031802,-104.2,credit,plaid,TAX_REFUND_TAX_REFUND,benefits_state,HMRC Child Benefit.
v3,train,Cd Vivoxtra,1451 19JUL25 CD   VIVOXTRA NEWRY    ROAD              NEWTOWNABBEY GB,7.65,debit,plaid,TRAVEL_AND_TRANSPORTATION_OTHER_TRAVEL_AND_TRANSPORTATION,fuel,VivoXtra Newry Road is a Maxol/Vivo Extra forecourt; tiny shop amount can still be fuel.
v3,train,Agnieszka K Wlodar,AGNIESZKA K WLODAR 400000001646175363,5,debit,plaid,FOOD_RETAIL_GROCERIES,transfer_p2p,Named person Agnieszka K Wlodar.
v3,train,Densign,DENSIGN MD TRADING 400000001600217559 BDP CWALSH 605006     10 16JUL25 13:10,2657.88,debit,plaid,TRANSFER_OUT_INVESTMENT_AND_RETIREMENT_FUNDS,business_services,Densign MD Trading is Densign dental laboratory (B2B dental manufacturing) £2658 BACS.
v3,train,BP,CARD PAYMENT TO BP SPAR TOR GRANGE ON 08-07-2025,10,debit,plaid,TRAVEL_AND_TRANSPORTATION_OTHER_TRAVEL_AND_TRANSPORTATION,fuel,BP Spar Tor Grange; BP + round £10 treated as forecourt fuel per brief.
v3,train,M Raheem,M RAHEEM 110544 12589764,1170,debit,plaid,TRANSFER_OUT_OTHER,transfer_p2p,Named person M RAHEEM £1170; no rent memo.
v3,iter_eval,Www.amazon.uk.co,WWW.AMAZON.* RF994  ON 07 AUG BCC WWW.AMAZON.UK.CO,8.89,debit,plaid,GENERAL_SERVICES_OTHER_SERVICES,marketplace_amazon,Amazon.co.uk.
v3,iter_eval,Tesco,CARD PAYMENT TO TESCO STORES 6632 ON 12-07-2025,10.85,debit,plaid,FOOD_RETAIL_GROCERIES,groceries,Tesco store.
v3,train,Asda,Zilch Asda Gravesend,8.75,debit,plaid,LOAN_PAYMENTS_BNPL_AND_EWA,groceries,Zilch Asda Gravesend; Asda identifiable so groceries not bnpl (brief).
v3,train,Keiths Supermarket 1-3 Wi,Contactless Payment KEITHS SUPERMARKET 1-3 WI APPLEPAY 1911 2025-08-31,11.2,debit,plaid,FOOD_RETAIL_GROCERIES,groceries,Keiths Supermarket.
v3,train,Plough,Ploughlincoln,10.1,debit,plaid,DINING_DINING,pub_bar,"The Plough, Lincoln."
v3,train,Whiston Hospital,Contactless Payment WHISTON HOSPITAL APPLEPAY 2673,1.54,debit,plaid,DINING_DINING,restaurant_cafe,"£1.54 contactless at Whiston Hospital with DINING native is cafe/shop spend, not hospital treatment."
v3,train,O2,O2 - SortCodeAccountNumber: 40025081265075,105.96,debit,plaid,RENT_AND_UTILITIES_TELECOMMUNICATIONS,mobile_phone_contract,O2.
v3,train,Just Eat,"Card 48, Just Eat",73.72,debit,plaid,DINING_DINING,takeaway,Just Eat.
v3,train,Uber,UBR* PENDING.UBER.LONDON,32.25,debit,plaid,TRAVEL_AND_TRANSPORTATION_TAXIS_AND_RIDE_SHARES,taxi_rideshare,Uber.
v3,train,Sophie Sophie Via,SOPHIE            SOPHIE            VIA MOBILE - PYMT,25,debit,plaid,TRANSFER_OUT_OTHER,transfer_p2p,Sophie named-person mobile payment.
v3,train,Apple,APPLE.COM/BILL,0.59,debit,plaid,GENERAL_MERCHANDISE_COMPUTERS_AND_ELECTRONICS,software,Apple App Store.
v3,train,Klarna,KLARNA*MONTIREX CD 2843,53.25,debit,plaid,LOAN_PAYMENTS_BNPL_AND_EWA,sportswear,Klarna*MONTIREX; Montirex is a sportswear brand.
v3,train,Darlington Mowden Park,Darlington Mowden  ON 30 AUG CPM DARLINGTON MOWDEN PARK,6.84,debit,plaid,TRAVEL_AND_TRANSPORTATION_OTHER_TRAVEL_AND_TRANSPORTATION,sports_participation,Darlington Mowden Park rugby club; £6.84 on-site club spend.
v3,train,T Allen,T ALLEN 777118 36648660,5,debit,plaid,TRANSFER_OUT_OTHER,transfer_p2p,Named person T ALLEN.
v3,train,Darren Khosrowpour,Darren Khosrowpour,6.35,debit,plaid,TRANSFER_OUT_OTHER,transfer_p2p,Named person Darren Khosrowpour.
v3,train,Mangrola,2104 01AUG25 C    PPOINT_*MANGROLA  STORE             GLOUCESTER GB,4.26,debit,plaid,FOOD_RETAIL_GROCERIES,convenience_store,PayPoint at Mangrola Store Gloucester; food-predominant convenience store.
v3,train,Cd Elite,0273 25JUL25 CD   ELITE GARAGES     MORRISON          SHAFTESBURY GB,6.8,debit,plaid,TRAVEL_AND_TRANSPORTATION_OTHER_TRAVEL_AND_TRANSPORTATION,groceries,"Elite Garages Morrison Shaftesbury is the Morrisons Daily shop (non-fuel convenience supermarket), £6.80 shop amount not MOT."
v3,iter_eval,PureGym,Returned direct debit PURE GYM LTD 070246 08045944,-32.99,credit,plaid,PERSONAL_CARE_GYMS_AND_FITNESS_CENTERS,returned_payment,"Returned direct debit Pure Gym; UNP/reversal rule, not gym spend."
v3,train,Amazon,AMAZON UK* KL2O79T,18.94,debit,plaid,GENERAL_MERCHANDISE_ONLINE_MARKETPLACES,marketplace_amazon,Amazon UK.
v3,train,Luke Hurdman,United Kingdom Account - OBAP7VOG309PXGM5Z Luke Hurdman - SortCodeAccountNumber: 04007502311038,529,debit,plaid,TRANSFER_OUT_OTHER,transfer_p2p,Named person Luke Hurdman.
v3,train,Mbna Loans,Direct debit MBNA LOANS 777790 90000468,99.96,debit,plaid,LOAN_PAYMENTS_PERSONAL_LOAN_PAYMENT,personal_loan_repayment,MBNA LOANS debit is a loan repayment; established returned_payment is wrong (this is not a credit).
v3,train,Oc Finsbury Park,2600 03AUG25 CD   SQ *OC FINSBURY   PARK              LONDON GB,6.6,debit,plaid,DINING_DINING,restaurant_cafe,Square *OC Finsbury Park cafe/dining.
v3,train,Apple,Visa purchase APPLE.COM/BILL,0.99,debit,plaid,GENERAL_MERCHANDISE_COMPUTERS_AND_ELECTRONICS,software,Apple App Store.
v3,train,Capital One,CAPITAL ONE,748.3,debit,plaid,LOAN_PAYMENTS_CREDIT_CARD_PAYMENT,credit_card_repayment,Capital One.
v3,train,BP,BP,7.14,debit,plaid,TRAVEL_AND_TRANSPORTATION_OTHER_TRAVEL_AND_TRANSPORTATION,fuel,BP forecourt.
v3,train,Cherry Diva,4552 24SEP25      CHERRY DIVA       LONDON GB,9.99,debit,plaid,GENERAL_MERCHANDISE_APPAREL_AND_ACCESSORIES,jewellery,"Cherry Diva is body-piercing jewellery, not clothing."
v3,train,Clearpay,Visa purchase CLEARPAY 4641,7.75,debit,plaid,LOAN_PAYMENTS_BNPL_AND_EWA,bnpl,Clearpay.
v3,train,City Counc,NORWICH CITY COUNC  ON 05 SEP BCC,97,debit,plaid,GOVERNMENTS_AND_NON_PROFIT_GOVERNMENTS_AND_NON_PROFIT,council_tax,Norwich City Council debit.
v3,train,Premier Convenience Store,Premier Convenience Store,1.98,debit,plaid,GENERAL_MERCHANDISE_CONVENIENCE_STORES,groceries,Premier symbol-group grocer even when the fascia says Convenience Store.
v3,train,Vodafone,Vodafone Ltd Vodafone,32,debit,plaid,RENT_AND_UTILITIES_TELECOMMUNICATIONS,mobile_phone_contract,Vodafone Ltd is a mobile bill; established savings_transfer is a catastrophic name-collision fill.
v3,train,Aladdins Ilford,ALADDINS          ILFORD,30.5,debit,plaid,DINING_DINING,restaurant_cafe,"Aladdins Ilford is a Lebanese restaurant/shisha lounge (eat-in), not a kebab takeaway."
v3,iter_eval,Burger King,Contactless Payment BURGER KING APPLEPAY 5854,11.98,debit,plaid,DINING_DINING,takeaway,Burger King debit is fast-food spend; established refund_received contradicts direction.
v3,train,Barricane Beach Kiosk,Contactless Payment SQ *BARRICANE BEACH KIOSK,17,debit,plaid,DINING_DINING,restaurant_cafe,Barricane Beach Kiosk cafe.
v3,train,Lisa Roberts,LISA ROBERTS      X                 VIA MOBILE - PYMT,20,debit,plaid,TRANSFER_OUT_OTHER,transfer_p2p,Lisa Roberts named person.
v3,train,Vinted,Vinted  ON 01 AUG CPM VINTED,0.98,debit,plaid,GENERAL_MERCHANDISE_ONLINE_MARKETPLACES,marketplace_general,Vinted.
v3,train,Jacqueline Starlin,JACQUELINE STARLIN 600000001595444903,10,debit,plaid,TRANSFER_OUT_OTHER,transfer_p2p,Jacqueline Starlin named person.
v3,train,Monzo,Glynn Simpson - Sent from Monzo - SortCodeAccountNumber: 04000329707132,20,debit,plaid,TRANSFER_OUT_OTHER,transfer_p2p,Monzo send to Glynn Simpson; named person not own-account.
v3,train,Jodie Hunt Grandma Via,JODIE HUNT        GRANDMA           VIA MOBILE - LVP  FP 09/09/25 10    52101039134236000R,6,debit,plaid,TRANSFER_OUT_OTHER,transfer_p2p,Jodie Hunt grandma memo; named person.
v3,iter_eval,Tesco,Tesco,2.38,debit,plaid,FOOD_RETAIL_GROCERIES,groceries,Tesco supermarket.
v4,train,S Hussain Barry,S  Hussain        Barry             VIA MOBILE - PYMT FP 08/09/25 10    26172239350667000N,50.0,debit,plaid,TRANSFER_OUT_OTHER,transfer_p2p,Named person S Hussain; mobile FPS debit; no other purpose in the narrative.
v4,train,M Rafferty Amy,M rafferty        Amy,80.0,debit,plaid,TRANSFER_OUT_OTHER,transfer_p2p,Named person M Rafferty Amy; debit with no product or merchant purpose.
v4,train,Goodramgateltd,MS* GOODRAMGATELTD,316.8,debit,plaid,DINING_DINING,unclassified_other,"MS* GOODRAMGATELTD: Goodramgate Ltd is a York construction company, while native is dining and Goodramgate is a restaurant street. Name collision; do not force restaurant_cafe."
v4,train,Cd Mr,3859 09AUG25 CD   MR MULLIGANS      NORWICH           NORWICH GB,4.0,debit,plaid,FOOD_RETAIL_GROCERIES,days_out,"Override both models' pub_bar. CD MR MULLIGANS NORWICH is Mr Mulligan's crazy-golf / games venue; £4 is venue spend. Primary business is days out, not a pub."
v4,train,Trainline,8499 02OCT25  D   TRAINLINE         WWW.THETRAINL GB,3.4,debit,plaid,TRAVEL_AND_TRANSPORTATION_PUBLIC_TRANSIT,public_transport_rail_coach,Trainline rail-ticket debit; public-transit native matches.
v4,train,Priyo Bazaar Cd,PRIYO BAZAAR CD 2217,24.98,debit,plaid,GENERAL_MERCHANDISE_OTHER_GENERAL_MERCHANDISE,groceries_specialist,"Priyo Bazaar is a specialist ethnic grocery (halal meat, Bangladeshi goods)."
v4,train,Morr Paignton,MORR PAIGNTON Morr Paignton,25.0,debit,plaid,ENTERTAINMENT_CASINOS_AND_GAMBLING,groceries,"MORR PAIGNTON is Morrisons Paignton supermarket. Gambling native is spurious; £25 is typical grocery spend, not a bookmaker."
v4,iter_eval,Prime Video Add-on,Prime Video*H73XV8  ON 31 OCT BCC PRIME  VIDEO ADD-ON,7.99,debit,plaid,ENTERTAINMENT_MUSIC_VIDEO_GAMES_TV_AND_MOVIES,streaming,Prime Video add-on subscription; established streaming holds.
v4,train,Chaotic,1326 10AUG25  D   CHAOTIC           REDHILL GB,5.25,debit,plaid,ENTERTAINMENT_OTHER_ENTERTAINMENT,prize_competitions,"Chaotic Redhill is Chaotic.co.uk prize-draw competitions (Chaoss Entertainment, Redhill), not a restaurant."
v4,iter_eval,St George's School Sho,"ST GEORGE'S SCHOOL SHO (VIA APPLE PAY), ON 10-10-2025",1.5,debit,plaid,CHILDCARE_AND_EDUCATION_CHILDCARE_AND_EDUCATION,school_fees,St George's School shop Apple Pay; school_fees is the closest education leaf (brief/worked example).
v4,train,Sony Playstation,PlayStation Networ  ON 30 JUL BCC PLAYSTATION NETWORK,6.99,debit,plaid,ENTERTAINMENT_MUSIC_VIDEO_GAMES_TV_AND_MOVIES,gaming_console_pc,PlayStation Network subscription debit.
v4,train,Jackpotz Competitions,Jackpotz Competitions,2.97,debit,plaid,ENTERTAINMENT_CASINOS_AND_GAMBLING,prize_competitions,"Jackpotz Competitions is a prize-draw platform, not licensed betting."
v4,train,Arnold Varga Pi,ARNOLD VARGA PI9714840265427745,100.0,debit,plaid,TRANSFER_OUT_OTHER,transfer_p2p,Named person Arnold Varga; PI reference; no other purpose.
v4,train,Bettavendltd,NYX*BettaVendLtd,1.0,debit,plaid,FOOD_RETAIL_OTHER,confectionary,NYX*BettaVendLtd vending; £1 snack/confectionary.
v4,train,T S Clements Gaa,T S CLEMENTS  GAA FT,50.0,debit,plaid,MEDICAL_OTHER_MEDICAL,sports_participation,T S CLEMENTS GAA is a GAA (Gaelic Athletic Association) club payment; medical native is spurious.
v4,train,Natalia Rola Pi,NATALIA ROLA PI5599466051797963,10.0,debit,plaid,TRANSFER_OUT_OTHER,transfer_p2p,Named person Natalia Rola; PI debit; no other purpose.
v4,train,United Kingdom,United Kingdom Account - From S Moran Rebecca Jepson - SortCodeAccountNumber: 11006212256069,20.0,debit,plaid,TRANSFER_OUT_OTHER,transfer_p2p,Debit to a UK account labelled with named person S Moran Rebecca Jepson; no own-account evidence.
v4,train,Exchanged To Eth,Exchanged to ETH,1.0,debit,plaid,TRANSFER_OUT_OTHER,crypto,Narrative explicitly 'Exchanged to ETH'.
v4,train,Apple,2685 15AUG25      APPLE.COM/BILL    08001076285 IE,0.99,debit,plaid,GENERAL_MERCHANDISE_COMPUTERS_AND_ELECTRONICS,software,"Apple.com/bill small debit; App Store/iCloud digital purchase, not hardware."
v4,train,Transport for London,TFL TRAVEL CH TfL,8.9,debit,plaid,TRAVEL_AND_TRANSPORTATION_PUBLIC_TRANSIT,public_transport_rail_coach,TfL travel charge.
v4,train,Pxtb,PXTB,17.3,debit,plaid,TRANSFER_OUT_OTHER,unclassified_other,PXTB with no expandable merchant; could be a broker but the string is too thin to force forex.
v4,train,Www.getbits.app,www.getbits.app,49.06,debit,plaid,TRANSFER_OUT_OTHER,financial_services_other,"www.getbits.app is Bits (Fea Card Ltd), a UK credit-builder card/app, not crypto. £49.06 is a fintech payment."
v4,iter_eval,White Lion Cd,White Lion CD 2413,5.1,debit,plaid,DINING_WINE_BARS_AND_PUBS,pub_bar,White Lion CD; wine-bars-and-pubs native; classic pub name.
v4,train,Moneyboat.co.uk,Visa purchase MONEYBOAT.CO.UK-1106147,255.21,debit,plaid,LOAN_PAYMENTS_PERSONAL_LOAN_PAYMENT,payday_loan,Moneyboat.co.uk is a high-cost short-term lender; personal-loan native.
v4,train,SkyBet,Visa purchase SKY BET 4782,5.0,debit,plaid,ENTERTAINMENT_CASINOS_AND_GAMBLING,gambling_betting,Sky Bet debit stake.
v4,train,Colwyn Bay Cricket,COLWYN BAY CRICKET  ON 08 SEP CPM,9.9,debit,plaid,DINING_DINING,restaurant_cafe,Colwyn Bay Cricket club card spend with dining native and £9.90; clubhouse food/drink rather than match participation.
v4,train,Apple,Visa purchase APPLE.COM/BILL,2.99,debit,plaid,GENERAL_MERCHANDISE_COMPUTERS_AND_ELECTRONICS,software,Apple.com/bill; digital purchase.
v4,train,Five Bridges,FIVE BRIDGES,43.42,debit,plaid,TRANSFER_OUT_OTHER,pub_bar,"Five Bridges is a Marston's pub (Queenborough / Sheppey), not an unclassified payee."
v4,train,James Brain Garden Ft,JAMES BRAIN  GARDEN FT,25.0,debit,plaid,GENERAL_MERCHANDISE_APPAREL_AND_ACCESSORIES,tradesmen,"Named person James Brain with explicit GARDEN memo; gardener/garden-service payment, not a generic P2P."
v4,train,Aulds Piazza Shopping Cen,AULDS PIAZZA SHOPP,3.09,debit,plaid,DINING_DINING,restaurant_cafe,"Aulds Piazza Shopping Centre is Aulds the Baker cafe/bakery in Paisley Piazza, not a convenience store."
v4,train,Cd Pfc,7978 25JUN25 CD   PFC               LONDON GB,5.5,debit,plaid,TRANSFER_OUT_OTHER,takeaway,CD PFC LONDON £5.50; PFC is Perfect Fried Chicken takeaway shops in London. Transfer native is wrong.
v4,train,T Allen,T ALLEN 777118 36648660,2.0,debit,plaid,TRANSFER_OUT_OTHER,transfer_p2p,Named person T Allen; small FPS-style debit; no other purpose.
v4,train,Pepes Luton,Pepes Luton  ON 27 SEP CPM PEPES LUTON,5.99,debit,plaid,GENERAL_SERVICES_OTHER_SERVICES,takeaway,"Pepe's Luton is Pepe's Piri Piri fast-food takeaway, not table-service restaurant."
v4,train,Douglas Kell,DOUGLAS KELL 100000001592508112,10.0,debit,plaid,TRANSFER_OUT_OTHER,transfer_p2p,Named person Douglas Kell; numeric reference; no other purpose.
v4,train,Smoke And Vape,Contactless Payment SMOKE AND VAPE 2.0 APPLEPAY 8991,2.89,debit,plaid,GENERAL_MERCHANDISE_OTHER_GENERAL_MERCHANDISE,vaping,Smoke and Vape contactless; vape retailer.
v4,train,N Poole,N POOLE 110123 11623969,5.0,debit,plaid,TRANSFER_OUT_OTHER,transfer_p2p,Named person N Poole; no other purpose.
v4,train,Aecc Su Bar,Aecc Su Bar,1.25,debit,plaid,DINING_DINING,pub_bar,AECC SU Bar is a student-union bar.
v4,train,Apple,Apple,0.99,debit,plaid,GENERAL_MERCHANDISE_OTHER_GENERAL_MERCHANDISE,software,Apple small debit; digital purchase.
v4,train,Euan Hadley Food,EUAN HADLEY       FOOD              VIA MOBILE - LVP  FP 11/08/25 10    22065133172857000N,7.0,debit,plaid,TRANSFER_OUT_OTHER,transfer_p2p,"Named person Euan Hadley; FOOD is a customer memo, not a restaurant merchant. Paying a person."
v4,train,Apple,9074 12SEP25      APPLE.COM/BILL    08001076285 IE,12.99,debit,plaid,GENERAL_MERCHANDISE_COMPUTERS_AND_ELECTRONICS,software,Apple.com/bill £12.99; digital subscription/purchase.
v4,train,Douglas Kell,DOUGLAS KELL 200000001619989543,25.0,debit,plaid,TRANSFER_OUT_OTHER,transfer_p2p,Named person Douglas Kell; no other purpose.
v4,train,RingGo,RINGGO PARKING,4.3,debit,plaid,TRAVEL_AND_TRANSPORTATION_OTHER_TRAVEL_AND_TRANSPORTATION,car_parking,RingGo parking.
v4,train,Voi,Voi UK,1.6,debit,plaid,TRAVEL_AND_TRANSPORTATION_OTHER_TRAVEL_AND_TRANSPORTATION,bicycle,Voi UK e-scooter/e-bike hire; same leaf as Lime.
v4,iter_eval,Icelandair,ICELAND Iceland,1.15,debit,plaid,FOOD_RETAIL_GROCERIES,groceries,Merchant Icelandair is Plaid's common alias for Iceland supermarket; narrative ICELAND + groceries native. Not an airline ticket.
v4,train,G Gibson,G GIBSON 110394 18716669,4.99,debit,plaid,TRANSFER_OUT_OTHER,transfer_p2p,Named person G Gibson; no other purpose.
v4,train,Taptap Send,TapTap Send,1.0,debit,plaid,TRANSFER_OUT_OTHER,transfer_international,TapTap Send remittance.
v4,train,G Crossan,G CROSSAN,10.0,debit,plaid,TRANSFER_OUT_OTHER,transfer_p2p,Named person G Crossan; no other purpose.
v4,train,Acorn Insurance,ACORN INSURANCE AN 01HVNPC0470665,169.44,debit,plaid,INSURANCE_AND_TAX_INSURANCE,insurance_motor,Acorn Insurance is a specialist non-standard motor insurer; £169.44 is a typical premium. Not multi-line general.
v4,train,SkyBet,Sky Bet,6.63,debit,plaid,ENTERTAINMENT_CASINOS_AND_GAMBLING,gambling_betting,Sky Bet debit.
v4,train,Savers Health And Beauty,Savers Health and Beauty,2.67,debit,plaid,PERSONAL_CARE_HAIR_AND_BEAUTY,health_beauty_general,"Savers is health-and-beauty retail, not a pharmacy."
v4,train,Domino's,Domino’s,105.29,debit,plaid,DINING_DINING,takeaway,Domino's pizza; takeaway even at £105.
v4,train,Boston Grill,Boston Grill,55.98,debit,plaid,DINING_DINING,restaurant_cafe,Boston Grill; dining native; grill restaurant.
v4,train,Morr Brampton Barnsley,MORR BRAMPTON     BARNSLEY,20.0,debit,plaid,DINING_DINING,groceries,"MORR BRAMPTON BARNSLEY is Morrisons Brampton/Cortonwood, Barnsley. Both models left it unclassified; supermarket grocery debit."
v4,iter_eval,Sainsbury's Petrol Station,SAINSBURYS PETROL  ON 02 JUL CPM Sainsbury's - Fuel,2.0,debit,plaid,TRAVEL_AND_TRANSPORTATION_OTHER_TRAVEL_AND_TRANSPORTATION,fuel,Sainsbury's petrol/fuel narrative.
v4,train,Transport for London,TFL TRAVEL CH  ON 12 OCT CPM TFL TRAVEL CHARGE,1.75,debit,plaid,TRAVEL_AND_TRANSPORTATION_PUBLIC_TRANSIT,public_transport_rail_coach,TfL travel charge.
v4,train,Dvla-w,REVERSAL OF 18-09 DVLA-W359MCL      FIRST PAYMENT,31.5,credit,plaid,GOVERNMENTS_AND_NON_PROFIT_GOVERNMENTS_AND_NON_PROFIT,returned_payment,"CREDIT with REVERSAL OF DVLA. Brief: REVERSAL OF on a credit is returned_payment, not road_tax spend. Models both labelled road_tax."
v4,train,Jack Fishpool,United Kingdom Account - From T.s. Plaste Jack Fishpool - SortCodeAccountNumber: 30944388751068,350.0,debit,plaid,TRAVEL_AND_TRANSPORTATION_FLIGHTS,transfer_p2p,Named person Jack Fishpool (T.s. Plaste); flights native is spurious.
v4,train,Brent Parking,8321 07SEP25      BRENT PARKING     WWW.BRENT.GOV GB,0.4,debit,plaid,TRAVEL_AND_TRANSPORTATION_OTHER_TRAVEL_AND_TRANSPORTATION,car_parking,Brent Parking brent.gov.uk.
v4,train,Current,204660 03377172  OPTIONAL FT Barclays current account,50.0,debit,plaid,TRANSFER_OUT_OTHER,transfer_own_account,OPTIONAL FT Barclays current account is an own-account transfer. 'Current' as a junk string does not override an explicit current-account narrative. Override both models' unclassified_other.
v4,train,Joshuas,"JOSHUAS CONVENIENCE ST (VIA APPLE PAY), ON 19-07-2025",4.5,debit,plaid,GENERAL_MERCHANDISE_CONVENIENCE_STORES,convenience_store,Joshuas Convenience Store Apple Pay.
v4,train,Prize Paradise,Prize Paradise,6.37,debit,plaid,ENTERTAINMENT_CASINOS_AND_GAMBLING,prize_competitions,Prize Paradise is a UK skill-based prize-competition site (not a bookmaker subtype).
v4,train,Amazon,AMZNMktplace*R74W9,13.59,debit,plaid,GENERAL_MERCHANDISE_ONLINE_MARKETPLACES,marketplace_amazon,AMZNMktplace debit.
v4,train,Google One,GOOGLE *Google One,1.59,debit,plaid,GENERAL_SERVICES_OTHER_SERVICES,web_services,"Google One is cloud storage / web_services, not App Store software."
v4,train,Bobbing Corner Service,BOBBING CORNER SER  ON 06 AUG CPM BOBBING CORNER SERVICE,10.26,debit,plaid,TRAVEL_AND_TRANSPORTATION_OTHER_TRAVEL_AND_TRANSPORTATION,fuel,"Bobbing Corner Service is the Asda/forecourt filling station at Bobbing Corner, Sittingbourne."
v4,train,Kj Barbers Sho,Kj Barbers Sho,15.0,debit,plaid,PERSONAL_CARE_HAIR_AND_BEAUTY,beauty_treatment,KJ Barbers; haircut.
v4,train,Saikou Jaiteh,SAIKOU JAITEH 200000001616910241,15.0,debit,plaid,TRANSFER_OUT_OTHER,transfer_p2p,Named person Saikou Jaiteh; no other purpose.
v4,iter_eval,A C,To A/C 55793436   KAUR A            Via Mobile Xfer,171.0,debit,plaid,TRANSFER_OUT_OTHER,transfer_p2p,Override established transfer_bank_unspecified. Payee is named person KAUR A via mobile transfer.
v4,train,Blaenymaes Stores,PPOINT_*BLAENYMAES,4.4,debit,plaid,TRANSFER_OUT_OTHER,convenience_store,PayPoint at Blaenymaes Stores; local store.
v4,train,Kiley,KILEY SILLETT     ELEC              VIA MOBILE - PYMT,20.0,debit,plaid,RENT_AND_UTILITIES_GAS_AND_ELECTRICITY,transfer_p2p,"Named person Kiley Sillett; ELEC memo is a split/bill note, not a payment to an energy supplier."
v4,train,Mcpherson Jw,To A/C 54813557   MCPHERSON JW      Via Mobile Xfer,0.72,debit,plaid,TRANSFER_OUT_OTHER,transfer_p2p,Named person McPherson JW; mobile transfer.
v4,train,E.ON UK,9504 25AUG25      E.ON NEXT         COVENTRY GB,5.0,debit,plaid,RENT_AND_UTILITIES_GAS_AND_ELECTRICITY,energy,E.ON Next debit.
v4,train,Spar Market Strand,SPAR MARKET STRAND,10.99,debit,plaid,FOOD_RETAIL_GROCERIES,groceries,SPAR Market Strand; symbol-group grocer is groceries.
v4,train,Frasers Group,FRASERS GROUP FINASN5636            TPP TRUELAYER LIMIFP 25/07/25 10    55151329922498000N,10.0,debit,plaid,TRANSFER_OUT_OTHER,retail_finance_repayment,"Frasers Group finance via TrueLayer is Frasers Plus / group retail finance, not a till sale."
v4,train,Apple,Visa purchase APPLE.COM/BILL APPLEPAY 9787,3.99,debit,plaid,GENERAL_MERCHANDISE_COMPUTERS_AND_ELECTRONICS,software,Apple.com/bill digital purchase.
v4,train,Mr S,MR S NASSEUR  NACER FT,9.0,debit,plaid,DINING_DINING,transfer_p2p,Named person Mr S Nasseur Nacer; dining native spurious.
v4,iter_eval,Home Retail Group,HOME RETAIL GROUP,88.84,debit,plaid,GENERAL_MERCHANDISE_OTHER_GENERAL_MERCHANDISE,catalogue_retail,"Override established retail_other. Home Retail Group with shopping native is Argos catalogue retail (brief), not generic retail_other and not store-card repayment (no Card Services/DDR)."
v4,train,Darren Dolan,DARREN DOLAN 300000001615372531,23.0,debit,plaid,TRANSFER_OUT_OTHER,transfer_p2p,Named person Darren Dolan.
v4,train,Craft Bakery,"SQ *CRAFT BAKERY - NOR (VIA GOOGLE PAY), ON 25-08-2025",1.7,debit,plaid,DINING_OTHER_DINING,restaurant_cafe,Square Craft Bakery; bakery/cafe food.
v4,train,Nettleship Ag,To A/C 47457198   NETTLESHIP AG     Via Mobile Xfer,48.78,debit,plaid,TRANSFER_OUT_OTHER,transfer_p2p,Named person Nettleship AG; mobile transfer.
v4,train,McDonald's,Contactless Payment MCDONALDS 496 APPLEPAY 8991,22.16,debit,plaid,DINING_DINING,takeaway,McDonald's contactless; takeaway.
v4,train,North Wilts Model Engi,North Wilts Model Engi,6.0,debit,plaid,GENERAL_MERCHANDISE_FURNITURE_AND_HARDWARE,days_out,"North Wilts Model Engineering runs Coate Water Miniature Railway; £6 is consistent with a public ride, not furniture retail."
v4,train,Amazon,3551 30JUN25      AMAZON* WR0BV4OA5 LONDON GB,8.99,debit,plaid,GENERAL_MERCHANDISE_ONLINE_MARKETPLACES,marketplace_amazon,Amazon debit.
v4,train,James Anderson Butcher,James Anderson Butcher,1.46,debit,plaid,FOOD_RETAIL_GROCERIES,groceries_specialist,James Anderson Butcher; specialist food.
v4,train,Beagle St,Direct debit BEAGLE ST 600001 49126342,10.36,debit,plaid,GENERAL_SERVICES_ACCOUNTING_AND_FINANCIAL_SERVICES,insurance_life,"Override Haiku pub_bar. Direct debit BEAGLE ST is Beagle Street life insurance (OneFamily), not The Beagle pub."
v4,train,Danielle Gallacher,DANIELLE GALLACHER,15.0,debit,plaid,TRANSFER_OUT_OTHER,transfer_p2p,Named person Danielle Gallacher.
v4,train,HM Revenue and Customs,Hmrc Child Benefit Child Benefit,104.2,credit,plaid,INCOME_SALARY,benefits_state,HMRC Child Benefit credit.
v4,train,Newboro Ugh Pharmacy,NEWBOROUGH PHARMAC,3.99,debit,plaid,MEDICAL_PHARMACIES_AND_SUPPLEMENTS,pharmacy,Newborough Pharmacy.
v4,train,Premier,Premier,8.49,debit,plaid,GENERAL_SERVICES_ACCOUNTING_AND_FINANCIAL_SERVICES,unclassified_other,Bare 'Premier' collides (Premier Stores groceries vs Premier Inn vs other). Accounting native and no store fascia in the narrative; do not force groceries.
v4,train,Sony Playstation, Playstation,6.99,debit,plaid,ENTERTAINMENT_MUSIC_VIDEO_GAMES_TV_AND_MOVIES,gaming_console_pc,PlayStation Network.
v4,train,Brodericks Love Manvend,BRODERICKS LOVE MA,1.75,debit,plaid,GENERAL_MERCHANDISE_APPAREL_AND_ACCESSORIES,confectionary,Brodericks / Love Manvend vending-style £1.75 snack.
v4,train,Flex,Flex,4.49,debit,plaid,GENERAL_SERVICES_ACCOUNTING_AND_FINANCIAL_SERVICES,unclassified_other,Bare Flex; many unrelated UK payees. Established unclassified_other holds.
v4,train,Sky Store,Sky Store,13.99,debit,plaid,GENERAL_MERCHANDISE_CONVENIENCE_STORES,streaming,"Sky Store is paid movie buy/rent (digital video), closer to streaming than a physical TV/retail purchase. Convenience native is wrong."
v4,train,Gmg Consumer LLC,GMG CONSUMER LLC U.A.EMIRATES AMOUNT IN AED 13.10 ON 20 AUG VISA 4.947801 FINAL GBP AMOUNT INCLUDES NON-STERLING TRANS FEE £0.08 ,2.73,debit,plaid,TRAVEL_AND_TRANSPORTATION_AUTOMOTIVE,foreign_spend_unspecified,"GMG Consumer LLC, UAE, amount in AED with FX fee; foreign card spend, purpose not identifiable."
v4,train,Transport for London,TFL TRAVEL CH,5.8,debit,plaid,TRAVEL_AND_TRANSPORTATION_PUBLIC_TRANSIT,public_transport_rail_coach,TfL travel charge.
v4,train,Sonia Vargas Da Rosa Noah,Sonia Vargas Da Rosa Noah,90.0,debit,plaid,TRANSFER_OUT_OTHER,transfer_p2p,Named person Sonia Vargas Da Rosa Noah.
v4,train,Mr Colin Worton,MR COLIN WORTON  XXXXXXXXXXXX4068 BBP,100.0,debit,plaid,TRANSFER_OUT_OTHER,transfer_p2p,Named person Mr Colin Worton.
v4,train,Mr Cameron Luke,MR CAMERON LUKE 100000001576158532,75.0,debit,plaid,TRANSFER_OUT_OTHER,transfer_p2p,Named person Mr Cameron Luke.
v4,train,Excelvendingltd,Contactless Payment NYX*ExcelVendingLtd GOOGLE 6482,1.2,debit,plaid,FOOD_RETAIL_OTHER,confectionary,NYX ExcelVendingLtd vending snack.
v4,train,Goldwire Conve,PPOINT_*GOLDWIRE C  ON 12 JUL CLP PPOINT_*GOLDWIRE CONVE,18.34,debit,plaid,TRANSFER_OUT_OTHER,convenience_store,"PayPoint Goldwire Conve is Goldwire Convenience Store (Best-one), Monmouth. Override both models' unclassified."
v4,train,Xwidget,XWIDGET.NET,10.02,debit,plaid,GENERAL_SERVICES_OTHER_SERVICES,software,"XWIDGET.NET is XWidget desktop-widget software, not a generic web host."
v4,train,The Medical Hall Lim,The Medical Hall Lim,6.59,debit,plaid,MEDICAL_OTHER_MEDICAL,pharmacy,The Medical Hall; pharmacy.
v4,train,Sues Store,SUES STORE,25.46,debit,plaid,GENERAL_MERCHANDISE_CONVENIENCE_STORES,convenience_store,Sues Store; convenience native.
v4,iter_eval,Best Wood Off,7834 30JUN25 C    BEST WOOD OFF     LICENCE           NOTTINGHAM GB,6.89,debit,plaid,GENERAL_MERCHANDISE_SPORTING_GOODS,alcohol_beer_spirits,Best Wood Off Licence; explicit off-licence.
v4,train,Cardtronics,CARDTRONICS UK LTD BURWELL 07JUL 14.40 ATM,120.0,debit,plaid,TRANSFER_OUT_CHECKS_AND_ATM,cash_withdrawal,Cardtronics ATM Burwell.
v4,train,Up Steps Inn,Up Steps Inn,13.5,debit,plaid,TRAVEL_AND_TRANSPORTATION_LODGING,pub_bar,Up Steps Inn is a Wetherspoon pub in Oldham. Lodging native is wrong; £13.50 is bar/food.
v4,train,J Hamblet,J HAMBLET 113709 11884666,10.0,debit,plaid,TRANSFER_OUT_OTHER,transfer_p2p,Named person J Hamblet.
v4,train,Kath Money,KATH              MONEY             VIA MOBILE - PYMT FP 13/09/25 10    30222324681370000N,10.0,debit,plaid,TRANSFER_OUT_OTHER,transfer_p2p,Named person Kath; MONEY memo is not a financial product.
v4,train,The Wonky Teapot,THE WONKY TEAPOT  ON 08 AUG CPM,14.0,debit,plaid,DINING_COFFEE,restaurant_cafe,The Wonky Teapot; coffee native; cafe.
v4,train,Jp Gardening Designs,JP gardening designs,10.0,debit,plaid,GENERAL_MERCHANDISE_OTHER_GENERAL_MERCHANDISE,tradesmen,"JP gardening designs £10; gardening service, not garden-centre retail."
v4,train,Premia Solutions,220/189873-6885 Premia Solutions,8.99,debit,plaid,GENERAL_SERVICES_CONSULTING_AND_LEGAL_SERVICES,insurance_motor,"Premia Solutions sells dealer add-on motor products (GAP, tyre/alloy, SMART). £8.99 looks like an instalment. Not consulting."
v4,train,Baric Storage,BARIC STORAGE LTD 500000001629314090,20.0,debit,plaid,GENERAL_SERVICES_OTHER_SERVICES,storage,Baric Storage Ltd.
v4,train,Co-op Food,Co-op Food,11.55,debit,plaid,FOOD_RETAIL_GROCERIES,groceries,Co-op Food supermarket.
v4,train,Chloe Nicholson,CHLOE NICHOLSON 200000001611701938,1.0,debit,plaid,TRANSFER_OUT_OTHER,transfer_p2p,Named person Chloe Nicholson.
v4,train,Rocket,ROCKET,2.49,debit,plaid,LOAN_PAYMENTS_PERSONAL_LOAN_PAYMENT,unclassified_other,Bare Rocket £2.49; personal-loan native is weak for this amount and the string collides (fintech/lender/other). Do not force a loan leaf.
v4,train,C Bentall Centre,3824 07JUN25 C    BENTALL CENTRE    KINGSTON UPON GB,5.5,debit,plaid,TRANSFER_OUT_OTHER,unclassified_card_spend,"Card at Bentall Centre Kingston; shopping-centre location only, purpose not identifiable."
v4,train,Airfoods,INT'L 1651621484  AIRFOODS FUERTEVENARGANDA DEL R     EUR 11.20 @ 1.1678MAS Rate,9.59,debit,plaid,FOOD_RETAIL_GROCERIES,foreign_spend_unspecified,"Airfoods Fuerteventura, EUR amount with FX; Spanish airport food. Follow foreign-spend convention rather than UK groceries."
v4,train,Charlie Park,"CHARLIE PARK (VIA APPLE PAY), ON 07-07-2025",3.2,debit,plaid,TRANSFER_OUT_OTHER,days_out,"Charlie Park Apple Pay £3.20 is Charlie Park indoor soft-play (Atherton), not a P2P name."
v4,train,Chaotic,CHAOTIC,1.08,debit,plaid,DINING_DINING,prize_competitions,Chaotic again; dining native is wrong. Prize-draw operator.
v4,train,The Gym Group,B535649A-THE-GYM The Gym Group,20.99,debit,plaid,PERSONAL_CARE_GYMS_AND_FITNESS_CENTERS,gym_fitness,The Gym Group membership.
v4,train,A Watson,A WATSON   17AUG25 110225 11261866,1.46,debit,plaid,TRANSFER_OUT_OTHER,transfer_p2p,Named person A Watson.
v4,train,Gary,GARY HUGHES       JONJO             VIA MOBILE - PYMT FP 02/08/25 10    30155207536052000J,5.0,debit,plaid,TRANSFER_OUT_OTHER,transfer_p2p,Named person Gary Hughes / Jonjo memo; paying a person.
v4,train,Co Op Group Food,CO OP GROUP FOOD,23.19,debit,plaid,FOOD_RETAIL_GROCERIES,groceries,Co-op Group Food.
v4,train,The Venue,THE VENUE,4.1,debit,plaid,DINING_DINING,eating_out_other,"The Venue + dining native; generic venue name, food/drink out but not clearly pub vs restaurant."
v4,train,Current,206719 63144062  MOBILE-CHANNEL FT Barclays current account,30.0,debit,plaid,TRANSFER_OUT_OTHER,transfer_own_account,MOBILE-CHANNEL FT Barclays current account is own-account. Override unclassified_other junk-string convention.
v4,train,Ross And Roberts Limited,Visa purchase ROSS AND ROBERTS LIMITED,340.17,debit,plaid,GENERAL_MERCHANDISE_APPAREL_AND_ACCESSORIES,debt_enforcement,"Ross and Roberts Limited are enforcement agents/bailiffs. Apparel native is wrong. £340.17 is a typical enforcement collection. Adversarial: Ross & Roberts are certificated High Court Enforcement Officers/bailiffs, not a DCA. Taxonomy: debt_enforcement is the more severe leaf."
v4,train,Trainline,TRAINLINE Trainline,23.09,debit,plaid,TRAVEL_AND_TRANSPORTATION_PUBLIC_TRANSIT,public_transport_rail_coach,Trainline.
v4,train,Ring Basic Plan Ring,RING BASIC PLAN Ring,49.99,debit,plaid,GENERAL_SERVICES_OTHER_SERVICES,online_services,"Ring Basic Plan is a consumer digital home-security subscription. Worked example ring protect plans → online_services (not a device purchase, not infrastructure web_services)."
v4,train,Woodside Stores,Woodsidestores,0.95,debit,plaid,DINING_DINING,convenience_store,Woodside Stores.
v4,train,F Everard,F EVERARD  27JUL25 309877 36812660,70.0,debit,plaid,TRANSFER_OUT_OTHER,transfer_p2p,Named person F Everard.
v4,iter_eval,B & Q,B&Q,3.71,debit,plaid,GENERAL_MERCHANDISE_FURNITURE_AND_HARDWARE,home_improvement,B&Q; DIY/home improvement.
v4,train,SkyBet,5629 07SEP25  D   SKY BET           LEEDS GB,20.0,debit,plaid,ENTERTAINMENT_CASINOS_AND_GAMBLING,gambling_betting,Sky Bet debit.
v4,train,Raylo,Raylo - MXV8ZEG,72.18,debit,plaid,GENERAL_MERCHANDISE_ONLINE_MARKETPLACES,retail_finance_repayment,Raylo is Raylo's own device-finance product; retail finance repayment.
v4,train,R&co Property Mana,R&CO PROPERTY MANA 309897 35000963,650.0,debit,plaid,DINING_DINING,property_management,R&Co Property Mana £650; letting/property agent collection. Dining native spurious.
v4,train,Aspire,ALLPAY *ASPIRE HOU,450.0,debit,plaid,LOAN_PAYMENTS_CREDIT_CARD_PAYMENT,rent,"ALLPAY *ASPIRE HOU £450 is Aspire Housing rent via Allpay, not a credit-card payment."
v4,train,Amazon,Amazon,17.0,debit,plaid,GENERAL_MERCHANDISE_ONLINE_MARKETPLACES,marketplace_amazon,Amazon debit.
v4,train,Thesnackboxvendin,Contactless Payment NYX*TheSnackBoxVendin APPLEPAY 3580,1.0,debit,plaid,FOOD_RETAIL_OTHER,confectionary,NYX TheSnackBoxVendin vending snack.
v4,train,Country Storage Co Container,COUNTRY STORAGE CO  CONTAINER 47 DIEGO FT,90.0,debit,plaid,GENERAL_SERVICES_OTHER_SERVICES,storage,Country Storage Co container.
v4,train,B20 Tx Verify,Txvrfy,15.02,debit,plaid,LOAN_PAYMENTS_PERSONAL_LOAN_PAYMENT,unclassified_other,B20 Tx Verify / Txvrfy £15.02; looks like a card-verification or obscure fintech string. Personal-loan native insufficient.
v4,train,Apple,APPLE.COM/BILL,14.99,debit,plaid,GENERAL_MERCHANDISE_COMPUTERS_AND_ELECTRONICS,software,Apple.com/bill.
v4,train,L And L,6485 20SEP25      L AND L EUROPE    LONDON GB,100.0,debit,plaid,TRANSFER_OUT_OTHER,unclassified_other,L AND L EUROPE £100; payee not uniquely identifiable.
v4,train,C Rymond,C RYMOND-BRYAN 110595 12411066,20.0,debit,plaid,TRANSFER_OUT_OTHER,transfer_p2p,Named person C Rymond-Bryan.
v4,iter_eval,Southern Co-op,SOUTHERN CO-OP RET  ON 29 AUG CPM SOUTHERN CO-OP RETAIL,4.0,debit,plaid,FOOD_RETAIL_GROCERIES,groceries,Southern Co-op retail food.
v4,train,Transport for London,TFL TRAVEL CH  ON 13 JUL CPM TFL TRAVEL CHARGE,7.0,debit,plaid,TRAVEL_AND_TRANSPORTATION_PUBLIC_TRANSIT,public_transport_rail_coach,TfL travel charge.
v4,train,Ensign Bus Company,Ensign Bus Company Lim,2.7,debit,plaid,TRAVEL_AND_TRANSPORTATION_PUBLIC_TRANSIT,public_transport_rail_coach,Ensign Bus Company.
v4,train,Miss Kamron,Payment to MISS KAMRON GRANT 608371 12508646 2025-10-19,10.26,debit,plaid,TRANSFER_OUT_OTHER,transfer_p2p,Named person Miss Kamron Grant.
v4,train,Amazon,AMZNMktplace*RT6H7amazon.co.uk,9.99,debit,plaid,GENERAL_MERCHANDISE_ONLINE_MARKETPLACES,marketplace_amazon,Amazon Marketplace.
v4,train,Ellie Ellie Ft,ELLIE  ELLIE FT,30.0,debit,plaid,TRANSFER_OUT_OTHER,transfer_p2p,Named person Ellie.
v4,train,RingGo,RINGGO,5.2,debit,plaid,TRAVEL_AND_TRANSPORTATION_OTHER_TRAVEL_AND_TRANSPORTATION,car_parking,RingGo.
v4,train,Apple,Apple,2.99,debit,plaid,GENERAL_MERCHANDISE_OTHER_GENERAL_MERCHANDISE,software,Apple digital purchase.
v4,train,Ky Pocket Money,KY                POCKET MONEY      VIA MOBILE - PYMT,3.0,debit,plaid,LOAN_PAYMENTS_PERSONAL_LOAN_PAYMENT,transfer_p2p,KY pocket money to a person; loan native is wrong. Not a debt keyword list match.
v4,train,HM Revenue and Customs,HMRC CHILD BENEFIT                    REFERENCE: HENDRIEADELE841712,43.3,credit,plaid,TAX_REFUND_TAX_REFUND,benefits_state,HMRC Child Benefit credit.
v4,train,Flower Lane Sp,Flower Lane Sp4,60.0,debit,plaid,GENERAL_MERCHANDISE_OTHER_GENERAL_MERCHANDISE,unclassified_other,Flower Lane Sp4: Sp4 may hint SPAR or postcode SP4; no reliable store match. Do not force groceries.
v4,train,Prince Kaetu-smith,PRINCE KAETU-SMITH  SERVICES FT,130.0,debit,plaid,TRAVEL_AND_TRANSPORTATION_AUTOMOTIVE,transfer_p2p,Named person Prince Kaetu-smith; SERVICES memo is too generic to call tradesmen. Automotive native unsupported.
v4,train,Js Minimarket,JS MINIMARKET  ON 26 AUG CPM,3.49,debit,plaid,FOOD_RETAIL_GROCERIES,convenience_store,JS Minimarket.
v4,train,Courthouse Bar,Courthouse Bar,12.8,debit,plaid,DINING_DINING,pub_bar,Courthouse Bar.
v4,train,Zable,ZABLE,11.0,debit,plaid,LOAN_PAYMENTS_CREDIT_CARD_PAYMENT,credit_card_repayment,Zable is a UK credit-builder card (Lendable). Credit-card native and £11 fits a card repayment better than unclassified.
v4,train,Jade Hunter,Payment to JADE HUNTER 400500 20366412,3.0,debit,plaid,TRANSFER_OUT_OTHER,transfer_p2p,Named person Jade Hunter.
v4,train,Pollyanna Kean,Starling Bank account - Dave Pollyanna Kean - SortCodeAccountNumber: 60837172858124,50.0,debit,plaid,TRANSFER_OUT_OTHER,transfer_p2p,"Starling account labelled Dave Pollyanna Kean — named other person, not evidence this is the holder's own pot. Override Haiku transfer_own_account."
v4,train,Nbplyx,Nbplyx E0000517,86.55,debit,plaid,INSURANCE_AND_TAX_INSURANCE,insurance_general,Nbplyx E0000517 with insurance native; payee string is opaque but native is usable evidence for unidentifiable insurance. Not a named insurer brand.
v4,train,Melissa Carney Aubrey,MELISSA CARNEY    AUBREY            VIA MOBILE - PYMT,15.0,debit,plaid,TRANSFER_OUT_OTHER,transfer_p2p,Named person Melissa Carney Aubrey.
v4,train,Apple,APPLE.COM/BILL CD 8988,1.99,debit,plaid,GENERAL_MERCHANDISE_COMPUTERS_AND_ELECTRONICS,software,Apple.com/bill.
v4,train,Apple,0215 28SEP25  D   APPLE.COM/BILL    08001076285 IE,1.99,debit,plaid,GENERAL_MERCHANDISE_COMPUTERS_AND_ELECTRONICS,software,Apple.com/bill.
v4,train,Flex,Flex,0.09,debit,plaid,GENERAL_SERVICES_ACCOUNTING_AND_FINANCIAL_SERVICES,unclassified_other,Bare Flex £0.09; established unclassified_other holds.
v4,train,Dvla-lb,DVLA-LB06KVD 000000000061828530,18.37,debit,plaid,GOVERNMENTS_AND_NON_PROFIT_GOVERNMENTS_AND_NON_PROFIT,road_tax,DVLA-LB VRN-style reference; vehicle excise debit.
v4,train,Mr Paul J Stockdal,MR PAUL J STOCKDAL 200000001595787401,13.0,debit,plaid,TRANSFER_OUT_OTHER,transfer_p2p,Named person Mr Paul J Stockdal.
v4,iter_eval,Home Retail Group,8252 12JUN25      HOME RETAIL GROUP LONDON GB,35.0,debit,plaid,GENERAL_MERCHANDISE_OTHER_GENERAL_MERCHANDISE,catalogue_retail,Home Retail Group shopping debit is Argos catalogue retail (brief). Override established retail_other.
v4,train,Jamie Stone,Jamie Stone,11.0,debit,plaid,TRANSFER_OUT_OTHER,transfer_p2p,Named person Jamie Stone.
v4,train,Hastings Insurance,HASTINGS INSURANCE,59.29,debit,plaid,INSURANCE_AND_TAX_INSURANCE,insurance_general,Hastings Insurance: Hastings Direct is motor-led but also sells home/other lines; keep multi-line insurance_general rather than forcing motor-only.
v4,train,Hills Of Corby Hill Sp,HILLS OF CORBY HIL  ON 05 JUL CPM HILLS OF CORBY HILL SP,1.25,debit,plaid,TRAVEL_AND_TRANSPORTATION_OTHER_TRAVEL_AND_TRANSPORTATION,groceries,Hills of Corby Hill Sp is the SPAR at Corby Hill; symbol-group grocer. Travel native is wrong.
v4,train,Current,TRANSFER TO EVERYDAY CURRENT ACCOUNT,10.0,debit,plaid,TRANSFER_OUT_OTHER,transfer_own_account,Narrative TRANSFER TO EVERYDAY CURRENT ACCOUNT.
v4,train,Pak Foods,PAK FOODS,9.56,debit,plaid,FOOD_RETAIL_GROCERIES,groceries_specialist,Pak Foods; world-food grocer.
v4,train,Costa Coffee,COSTA COFFEE 43011,5.0,debit,plaid,DINING_COFFEE,restaurant_cafe,Costa Coffee.
v4,train,Mnk Village Food & Win,Mnk Village Food & Win,8.0,debit,plaid,FOOD_RETAIL_GROCERIES,convenience_store,"Mnk Village Food & Wine is a local food-and-wine/off-licence shop, not a specialist grocer chain."
v4,train,Goals Heathrow Bar,Goals heathrow bar  ON 17 JUL CPM GOALS HEATHROW BAR,7.4,debit,plaid,DINING_DINING,pub_bar,Goals Heathrow Bar; 5-a-side centre bar.
v4,train,Mr Philip M Spence,MR PHILIP M SPENCE 600000001606720538,100.0,debit,plaid,TRANSFER_OUT_OTHER,transfer_p2p,Named person Mr Philip M Spence.
v4,train,Niki Brothers,SumUp  *NIKI BROTH,4.99,debit,plaid,TRANSFER_OUT_OTHER,unclassified_other,SumUp *NIKI BROTHERS £4.99; several unrelated Niki/Niki Brothers businesses; purpose not unique.
v4,train,Ary Court,0320 03OCT25 C    STANNARY COURT    PLYMOUTH GB,6.79,debit,plaid,TRANSFER_OUT_OTHER,pub_bar,"Stannary Court Plymouth card £6.79 is The Stannary Court Wetherspoon in Plympton, not student-hall rent."
v4,train,Canteen Harrow,CANTEEN HARROW  ON 19 JUN CPM,3.6,debit,plaid,FOOD_RETAIL_OTHER,catering,"Canteen Harrow is workplace/canteen catering, not a high-street restaurant."
v4,iter_eval,3s Retail LTD,3S RETAIL LTD,3.34,debit,plaid,LOAN_PAYMENTS_PERSONAL_LOAN_PAYMENT,convenience_store,3S Retail Ltd is a convenience food shop.
v4,train,Uk Funerals,UK FUNERALS  2022 16180307,24.91,debit,plaid,ENTERTAINMENT_EVENTS_AND_TICKETS,funeral,UK Funerals plan/payment.
v4,train,Showcase Cinema de Lux,2667 04JUL25 CD   SHOWCASE          PETERBOROUGH      NOTTINGHAM GB,16.45,debit,plaid,ENTERTAINMENT_MUSIC_VIDEO_GAMES_TV_AND_MOVIES,cinema,Showcase Cinema de Lux Peterborough.
v4,train,Stripe Re Shopify Capital Uk,DBYLQFFUL1NDYZYRR8 Stripe Re Shopify Capital Uk,407.47,debit,plaid,TRANSFER_OUT_OTHER,business_loan_repayment,"Stripe Re Shopify Capital UK is Shopify Capital merchant-cash-advance / business funding repayment, not a generic loan_other."
v4,train,Miss,MISS HAYLEY D GOULD                      RENT from son,15.0,debit,plaid,RENT_AND_UTILITIES_RENT,rent,Debit to Miss Hayley Gould with memo RENT from son. Housing payment to a named landlord/parent; rent not P2P.
v4,train,Nuns Bridge Filling Stati,NUNS BRIDGE FILLIN,7.74,debit,plaid,FOOD_RETAIL_GROCERIES,fuel,Nuns Bridge Filling Station.
v4,train,Vape Empire Chorley,Vape Empire Chorley,18.0,debit,plaid,GENERAL_MERCHANDISE_OTHER_GENERAL_MERCHANDISE,vaping,Vape Empire Chorley.
v4,iter_eval,Icelandair,Iceland,22.3,debit,plaid,FOOD_RETAIL_GROCERIES,groceries,Iceland supermarket (Plaid Icelandair alias) + groceries native; not flights.
v4,train,Crocseu,CrocsEU,89.97,debit,plaid,TRANSFER_OUT_OTHER,footwear,Crocs EU.
v4,train,Sofia Pemberton Frm Zoe,SOFIA PEMBERTON  FRM ZOE FT,30.0,debit,plaid,TRANSFER_OUT_OTHER,transfer_p2p,Named person Sofia Pemberton from Zoe.
v4,train,Ragulans Brothers Limi,Ragulans Brothers Limi,12.0,debit,plaid,FOOD_RETAIL_GROCERIES,convenience_store,"Ragulans Brothers is Ragulans newsagent/off-licence (food, drink, tobacco), not a specialist grocer."
v4,train,Mob Nichola Borrowed,"MOB, Nichola, Borrowed",81.0,debit,plaid,TRANSFER_OUT_OTHER,loan_repayment_manual,"MOB Nichola Borrowed: informal loan to a named person. 'Borrowed' is an explicit lend/IOU marker — loan_repayment_manual not P2P Adversary: memo is Borrowed, which is not on the explicit LOAN/LEND/OWE/DEBT/IOU list, so P2P. Labeller treated Borrowed as an informal-loan marker. Left as loan_repayment_manual for you to decide."
v4,train,LC International,5649 25JUL25  D   LC INTERNATIONAL  LTD               GIBRALTAR GI,5.0,debit,plaid,ENTERTAINMENT_CASINOS_AND_GAMBLING,gambling_betting,LC International Gibraltar is Ladbrokes Coral betting.
v4,train,Cd Nash Supermarket,4137 17JUN25 CD   NASH SUPERMARKET  OLDBURY GB,4.05,debit,plaid,FOOD_RETAIL_GROCERIES,groceries,Nash Supermarket Oldbury.
v4,train,Sky Betting And Ga,SKY BETTING AND GA  GZO9SWXJ5QA136LDLL FT,5.0,debit,plaid,ENTERTAINMENT_CASINOS_AND_GAMBLING,gambling_betting,Sky Betting and Gaming.
v4,train,K Brown,K BROWN 100000001606516412,50.0,debit,plaid,TRAVEL_AND_TRANSPORTATION_AUTOMOTIVE,transfer_p2p,Named person K Brown; automotive native unsupported.
v4,train,Trainline,"TRAINLINE (VIA APPLE PAY), ON 18-10-2025",4.3,debit,plaid,TRAVEL_AND_TRANSPORTATION_PUBLIC_TRANSIT,public_transport_rail_coach,Trainline Apple Pay.
v4,train,Bee Network,BEE NETWORK,2.0,debit,plaid,LOAN_PAYMENTS_PERSONAL_LOAN_PAYMENT,public_transport_rail_coach,Bee Network TfGM bus/tram; personal-loan native is wrong.
v4,train,Newcastle City Council 6c,NEWCASTLE CITY COU,8.44,debit,plaid,GOVERNMENTS_AND_NON_PROFIT_GOVERNMENTS_AND_NON_PROFIT,government_services,Newcastle City Council £8.44; too small/unspecific for council tax. County/city service fee.
v4,train,Ljmu,7274 14OCT25      LJMU VIP          LIVERPOOL GB,7.5,debit,plaid,ENTERTAINMENT_CASINOS_AND_GAMBLING,education_general,LJMU VIP Liverpool John Moores University campus spend; gambling native is wrong.
v4,train,Essentialphoto,SP ESSENTIALPHOTO CD 3551,535.96,debit,plaid,GENERAL_MERCHANDISE_COMPUTERS_AND_ELECTRONICS,camera_photography,"SP Essentialphoto is EssentialPhoto & Video lighting/camera retailer, not a photography shoot service. £535.96 hardware."
v4,train,Cd Argos Ur,7547 19JUL25 CD   ARGOS URMSTON     URMSTON GB,12.0,debit,plaid,GENERAL_MERCHANDISE_DEPARTMENT_STORES,catalogue_retail,Argos Urmston store; catalogue retail.
v4,train,S Harris-day,S HARRIS-DAY 308459 70297160,8.0,debit,plaid,TRANSFER_OUT_OTHER,transfer_p2p,Named person S Harris-day.
v4,train,Cd Metrolink Tvm,8864 22SEP25 CD   METROLINK TVM     03000 035035 GB,3.8,debit,plaid,TRAVEL_AND_TRANSPORTATION_PUBLIC_TRANSIT,public_transport_rail_coach,Metrolink TVM ticket machine.
v4,train,Coles,COLES 4461 AUSTRALIA AMOUNT IN AUD 8.60 ON 27 SEP VISA 2.034998 FINAL GBP AMOUNT INCLUDES NON-STERLING TRANS FEE £0.13 ,4.36,debit,plaid,TRANSFER_OUT_OTHER,groceries,Coles is an Australian supermarket; purpose is groceries.
v4,train,Meli Art Coffee & Pastries, Meli Art Coffee & Pastries,3.5,debit,plaid,DINING_OTHER_DINING,restaurant_cafe,Meli Art Coffee & Pastries.
v4,train,Parkview Pharmacy,PARKVIEW PHARMACY,2.99,debit,plaid,MEDICAL_PHARMACIES_AND_SUPPLEMENTS,pharmacy,Parkview Pharmacy.
v4,train,Cheshire Mortgage,CHESHIRE MORTGAGE,442.0,debit,plaid,LOAN_PAYMENTS_MORTGAGE_AND_AUTO,mortgage,Cheshire Mortgage debit £442.
v4,train,Falcon Coaches Limited,FALCON COACHES LIM,3.0,debit,plaid,TRAVEL_AND_TRANSPORTATION_AUTOMOTIVE,public_transport_rail_coach,Falcon Coaches; coach operator despite automotive native.
v4,train,Prestwich Mark,SumUp *Prestwich M  ON 05 OCT CPM SUMUP  *PRESTWICH MARK,2.68,debit,plaid,TRANSFER_OUT_TRANSFER_OUT_FROM_APPS,unclassified_other,SumUp *Prestwich Mark £2.68; market stall or person; purpose not unique.
v4,train,D Nie,D NIE 776325 74930460,20.0,debit,plaid,TRANSFER_OUT_OTHER,transfer_p2p,Named person D Nie.
v4,train,Sony Playstation,8479 10OCT25      PLAYSTATION       NETWORK           SONY PSN GB,3.99,debit,plaid,ENTERTAINMENT_MUSIC_VIDEO_GAMES_TV_AND_MOVIES,gaming_console_pc,PlayStation Network.
v4,train,Hakko House,Hakko House,13.0,debit,plaid,DINING_DINING,restaurant_cafe,Hakko House; dining.
v4,train,Sean Dowrick,Sean Dowrick,5.0,debit,plaid,TRANSFER_OUT_OTHER,transfer_p2p,Named person Sean Dowrick.
v4,train,Tiktok Shop,TikTok Shop,23.19,debit,plaid,GENERAL_MERCHANDISE_ONLINE_MARKETPLACES,marketplace_general,TikTok Shop debit spend (not a seller payout credit).
v4,train,Cambridge Sd,CAMBRIDGE SPORTS D  ON 21 AUG CPM CAMBRIDGE SD,102.98,debit,plaid,ENTERTAINMENT_EVENTS_AND_TICKETS,sportswear,"Cambridge Sports Direct / Cambridge SD is a Sports Direct store, not sports participation. Events native is wrong."
v4,train,Mom Barclays,Payment to MOM BARCLAYS 207070 70264474,35.0,debit,plaid,TRANSFER_OUT_OTHER,transfer_p2p,"Payment to MOM BARCLAYS — mum's Barclays account; named family P2P, not unclassified."
v4,train,T J Morris LTD,T J MORRIS LTD CD 9646,36.71,debit,plaid,TRANSFER_OUT_OTHER,discount_store,T J Morris is Home Bargains; discount store.
v4,train,Parking Mtcbc,Contactless Payment PARKING MTCBC APPLEPAY 7834,0.7,debit,plaid,TRAVEL_AND_TRANSPORTATION_OTHER_TRAVEL_AND_TRANSPORTATION,car_parking,Parking MTCBC (Merthyr Tydfil CBC parking).
v4,train,Dsolpay,DSolPay E0000480,19.99,debit,plaid,TRANSFER_OUT_OTHER,unclassified_other,"Dsolpay E0000480; opaque processor string, transfer native, purpose unknown."
v4,train,Lime,Lime,2.16,debit,plaid,TRAVEL_AND_TRANSPORTATION_OTHER_TRAVEL_AND_TRANSPORTATION,bicycle,"Lime is e-scooter/e-bike hire; same micromobility leaf as Voi, not taxi."
v4,train,Claritycheckcomuk,CRV*CLARITYCHECKCO  ON 18 JUL BCC CRV*CLARITYCHECKCOMUK,0.5,debit,plaid,GENERAL_SERVICES_OTHER_SERVICES,credit_reporting_service,ClarityCheck.co.uk identity/credit-check subscription.
v4,train,Tumelo Senatsi Tumelo,TUMELO SENATSI    TUMELO            VIA MOBILE - PYMT FP 19/08/25 10    51015555972866000N,21.53,debit,plaid,TRANSFER_OUT_OTHER,transfer_p2p,Named person Tumelo Senatsi.
v4,train,Pridgeon Farms,Zettle_*PRIDGEON F  ON 18 JUN CPM ZETTLE_*PRIDGEON FARMS,35.62,debit,plaid,LOAN_PAYMENTS_PERSONAL_LOAN_PAYMENT,groceries_specialist,Zettle Pridgeon Farms; farm-shop produce. Personal-loan native is wrong.
v4,train,Miss Jessica Bull,MISS JESSICA BULL  NEW ACCOUNT FT,10.0,debit,plaid,TRANSFER_OUT_OTHER,transfer_p2p,Named person Miss Jessica Bull; NEW ACCOUNT memo is still P2P.
v4,iter_eval,A C,To A/C 20789483   OJO MO            Via Mobile Xfer,1984.84,debit,plaid,TRANSFER_OUT_OTHER,transfer_p2p,"Override established transfer_bank_unspecified. Payee is named person OJO MO via mobile transfer, even at £1984.84."
v4,train,HM Revenue and Customs,HMRC CHILD BENEFIT  BULL000JESSI951111 BGC,43.3,credit,plaid,TAX_REFUND_TAX_REFUND,benefits_state,HMRC Child Benefit credit. Tax-refund native and Haiku tax_refund are wrong; Child Benefit is state benefit income.
v4,train,SkyBet,VISA DIRECT PAYMENT Sky Bet ON 23 AUG CRE,120.0,credit,plaid,INCOME_SALARY,gambling_unspecified,"Sky Bet CREDIT (Visa Direct). Gambling credits/winnings are T1 gambling_unspecified, never the spend subtype gambling_betting and never salary despite native INCOME_SALARY."
v4,train,Apple,INT'L 0024304796  APPLE.COM/BILL    CORK,2.99,debit,plaid,GENERAL_MERCHANDISE_COMPUTERS_AND_ELECTRONICS,software,"APPLE.COM/BILL Cork £2.99 is App Store / Apple billing, not hardware."
v4,train,McDonald's,MCDONALDS,13.17,debit,plaid,DINING_DINING,takeaway,McDonald's debit is takeaway.
v4,train,Lowell,LOWELL,81.04,debit,plaid,TRANSFER_OUT_OTHER,debt_collection,"Lowell is a UK debt collector; classify by the financial product (collection), not a trade name."
v4,train,Amazon,Amazon,24.99,debit,plaid,GENERAL_MERCHANDISE_ONLINE_MARKETPLACES,marketplace_amazon,Amazon debit spend is marketplace_amazon.
v4,train,Mr D E Smith,MR D E SMITH 300000001628229970,5.0,debit,plaid,TRANSFER_OUT_OTHER,transfer_p2p,Named person Mr D E Smith; no purpose in the narrative.
v4,train,Evapo,Evapo Ltd,15.39,debit,plaid,GENERAL_MERCHANDISE_OTHER_GENERAL_MERCHANDISE,vaping,"Evapo Ltd is a UK vape-shop chain (kits, e-liquids, pods)."
v4,iter_eval,COOP,CENTRAL ENG COOP,10.5,debit,plaid,FOOD_RETAIL_GROCERIES,groceries,Central England Co-op supermarket grocery till.
v4,train,Amazon,AMAZON* R76DG5LQ4 Amazon,17.84,debit,plaid,GENERAL_MERCHANDISE_ONLINE_MARKETPLACES,marketplace_amazon,Amazon marketplace debit spend.
v4,train,Mnk Mak Foods,Mnk Mak Foods,19.66,debit,plaid,FOOD_RETAIL_GROCERIES,groceries_specialist,Mnk Mak Foods with groceries native; MAK is an Eastern European deli/world-food grocer. Not a general supermarket.
v4,train,Miss D Thornton Roxi & Keegie,MISS D THORNTON   ROXI & KEEGIE     VIA MOBILE - PYMT FP 23/09/25 10    02083204684350000N,20.0,debit,plaid,TRANSFER_OUT_OTHER,transfer_p2p,Named person Miss D Thornton; memo Roxi & Keegie; mobile FPS. No debt keyword.
v4,train,SkyBet,Sky Bet,10.0,debit,plaid,ENTERTAINMENT_CASINOS_AND_GAMBLING,gambling_betting,Sky Bet debit stake is gambling_betting.
v4,train,Company Shop,Company Shop,4.6,debit,plaid,GENERAL_MERCHANDISE_CONVENIENCE_STORES,groceries,"Company Shop is a membership surplus supermarket (food discounter), not a newsagent-style convenience store. Override models' convenience_store."
v4,train,Price Street Sports Lo,Price Street Sports Lo,4.4,debit,plaid,ENTERTAINMENT_EVENTS_AND_TICKETS,pub_bar,Price Street Sports Lounge Ltd operates Sharks Pool & Sports Bar (Birkenhead). £4.40 contactless is consistent with bar spend at a sports bar.
v4,train,Amazon,Amazon.co.uk*IS7OC  ON 25 JUN BCC,14.7,debit,plaid,GENERAL_MERCHANDISE_ONLINE_MARKETPLACES,marketplace_amazon,Amazon.co.uk debit spend.
v4,train,Ahmed Bros Wholesaoldham,AHMED BROS WHOLESAOLDHAM,86.48,debit,plaid,TRANSFER_OUT_OTHER,cash_and_carry,"Ahmed Bros Oldham is a trade cash-and-carry (food/catering wholesale), not a consumer grocer."
v4,train,CRE,PAYPAL *PAYPAL CRE35314369001,500.0,debit,plaid,LOAN_PAYMENTS_PERSONAL_LOAN_PAYMENT,revolving_credit_repayment,"PAYPAL *PAYPAL CRE £500 with personal-loan native is PayPal Credit repayment. PayPal Credit is a revolving credit line, not a payment rail and not Klarna-style BNPL."
v4,train,Takyiwah S,To A/C 42361176   TAKYIWAH S        Via Mobile Xfer,130.0,debit,plaid,TRANSFER_OUT_OTHER,transfer_p2p,Named person Takyiwah S; mobile transfer; no purpose.
v4,train,Ruzgar Limited,RUZGAR LIMITED,2.34,debit,plaid,TRANSFER_OUT_OTHER,unclassified_other,Ruzgar Limited SIC is other services n.e.c.; £2.34 cannot be uniquely identified.
v4,iter_eval,A C,To A/C 95729046   ROMERO S          Via Mobile Xfer,1.0,debit,plaid,TRANSFER_OUT_OTHER,transfer_p2p,Narrative is To A/C … ROMERO S Via Mobile Xfer — a named other person. Override established transfer_bank_unspecified.
v4,train,One London,7394 15JUL25      GOOGLE ONE        LONDON GB,1.59,debit,plaid,TRANSFER_OUT_OTHER,web_services,Narrative is Google One cloud storage (Plaid merchant collision).
v4,train,Foodie Fella,Contactless Payment FOODIE FELLA APPLEPAY 4106,5.0,debit,plaid,FOOD_RETAIL_GROCERIES,takeaway,"Foodie Fella is a London chicken/kebab takeaway (Deptford Broadway), not a sit-in cafe."
v4,train,Capital Resolve,CAPITAL RESOLVE LI  ON 02 SEP BCC CAPITAL RESOLVE LIMITE,10.0,debit,plaid,LOAN_PAYMENTS_OTHER,debt_collection,"Capital Resolve Ltd is a FCA-regulated UK debt collection agency, not a DMP administrator."
v4,train,Callum Faulkner John,CALLUM FAULKNER  JOHN FT,20.0,debit,plaid,TRANSFER_OUT_OTHER,transfer_p2p,Named person Callum Faulkner; no purpose.
v4,iter_eval,Ring Basic Plan,RING BASIC PLAN,4.99,debit,plaid,GENERAL_SERVICES_OTHER_SERVICES,online_services,Ring Basic Plan consumer digital subscription.
v4,iter_eval,Icelandair,Iceland,38.75,debit,plaid,FOOD_RETAIL_GROCERIES,groceries,"Merchant normalised as Icelandair but narrative is Iceland and native is groceries — Iceland Foods supermarket, not the airline."
v4,train,Current,TRANSFER TO EVERYDAY CURRENT ACCOUNT,200.0,debit,plaid,TRANSFER_OUT_OTHER,transfer_own_account,Narrative explicitly transfers to Everyday Current Account — own-account evidence.
v4,train,Smc Re,SMC RE UNITY UNITYL872047,4.34,debit,plaid,GENERAL_SERVICES_OTHER_SERVICES,unclassified_other,SMC RE UNITY reference is too opaque to identify a product or payee.
v4,train,Cd Probus School,7004 07JUL25 CD   PROBUS SCHOOL     FILLING           TRURO GB,12.09,debit,plaid,TRAVEL_AND_TRANSPORTATION_OTHER_TRAVEL_AND_TRANSPORTATION,fuel,"Probus School Filling, Truro — narrative says FILLING; forecourt fuel."
v4,train,Bentleys Restauran,Bentleys RestauranIpswich,5.8,debit,plaid,DINING_DINING,restaurant_cafe,Bentleys Restaurant Ipswich; dining native; sit-in restaurant.
v4,train,Cafe Barista,Cafe Barista         )))),2.95,debit,plaid,DINING_COFFEE,restaurant_cafe,Cafe Barista coffee shop.
v4,train,Ewa Stepien,EWA STEPIEN 300000001599251501,10.0,debit,plaid,TRANSFER_OUT_OTHER,transfer_p2p,Named person Ewa Stepien; no purpose.
v4,train,P Pisula,P Pisula - SortCodeAccountNumber: 77912951356560,25.0,debit,plaid,TRANSFER_OUT_OTHER,transfer_p2p,Named person P Pisula; sort-code transfer; no purpose.
v4,train,Guven Express,GUVEN EXPRESS  ON 14 JUL CLP,19.97,debit,plaid,TRAVEL_AND_TRANSPORTATION_OTHER_TRAVEL_AND_TRANSPORTATION,convenience_store,"Guven Express Limited is a Bournemouth convenience store (SIC 47110 food/tobacco retail), not a taxi despite the name and transport native."
v4,train,Parsons London,Parsons           London,2.0,debit,plaid,TRAVEL_AND_TRANSPORTATION_PUBLIC_TRANSIT,restaurant_cafe,Parsons London is a Covent Garden restaurant; public-transit native is spurious.
v4,train,Darwen Sst,0162 05AUG25 C    DARWEN SST        DARWEN GB,3.7,debit,plaid,TRAVEL_AND_TRANSPORTATION_OTHER_TRAVEL_AND_TRANSPORTATION,unclassified_other,"DARWEN SST Darwen £3.70 card tap. SST could be service station, bus station or another local fascia; narrative does not uniquely identify the payee."
v4,train,Novaed,0665 16AUG25      NOVAED            SUFFOLK GB,10.0,debit,plaid,TRANSFER_OUT_OTHER,unclassified_other,Novaed Ltd (Ipswich) files education SICs but also operates Mans Club poker; £10 cannot be uniquely classified without forcing a guess.
v4,train,Theseotext,5788 20JUN25      THESEOTEXT        BRATISLAVA SK,97.0,debit,plaid,TRANSFER_OUT_OTHER,unclassified_other,THESEOTEXT Bratislava £97; no reliable UK/SK company match. Do not force advertising_services.
v4,train,Metro Prepaid Limited,METRO PREPAID LIMI  ON 10 OCT BCC METRO PREPAID LIMITED,20.0,debit,plaid,RENT_AND_UTILITIES_TELECOMMUNICATIONS,energy,"Metro Prepaid Limited sells prepaid electricity top-up codes for landlord sub-meters — energy, not a prepaid card."
v4,train,Apple,5273 29AUG25  D   APPLE.COM/BILL    APPLE.COM/BIL IE,7.99,debit,plaid,GENERAL_MERCHANDISE_COMPUTERS_AND_ELECTRONICS,software,APPLE.COM/BILL Ireland £7.99 App Store billing.
v4,train,Raylo,SSB2EXN Raylo,37.48,debit,plaid,GENERAL_MERCHANDISE_ONLINE_MARKETPLACES,retail_finance_repayment,Raylo device-finance instalment — own product analogue.
v4,train,Olive Catering,Olive Catering RPL  ON 18 AUG CLP OLIVE CATERING RPL1,3.7,debit,plaid,DINING_OTHER_DINING,catering,Olive Catering RPL contactless is workplace/contract catering.
v4,train,Marcus,Payment to MARCUS CONDUCT 110300 00737213,23.0,debit,plaid,LOAN_PAYMENTS_PERSONAL_LOAN_PAYMENT,transfer_p2p,"Payment to MARCUS CONDUCT at Halifax sort code 11-03-00. Looks like a named person, not Goldman Sachs Marcus (UK savings uses a linked account, not this sort code). No LOAN keyword. Override models' personal_loan_repayment and Plaid loan native."
v4,train,Forum Kayseri-gise,195-Forum Kayseri-Gise,3.52,debit,plaid,TRANSFER_OUT_OTHER,foreign_spend_unspecified,"Forum Kayseri-Gise is a ticket-gate/till at Forum Kayseri shopping mall, Turkey. Foreign spend; underlying shop unknown."
v4,train,Gordons,Gordons 75776,2.65,debit,plaid,FOOD_RETAIL_GROCERIES,groceries,Gordons 75776 with groceries native; several UK Gordons grocers/off-licences exist. Native groceries and small till amount support groceries over alcohol-only.
v4,train,McDonald's,Contactless Payment MCDONALDS SAMSUNG 0070,2.09,debit,plaid,DINING_DINING,takeaway,McDonald's contactless debit is takeaway.
v4,train,Apple,apple.com/bill,0.99,debit,plaid,GENERAL_MERCHANDISE_COMPUTERS_AND_ELECTRONICS,software,apple.com/bill £0.99 App Store.
v4,train,Quotrade-edu,Visa purchase QUOTRADE-EDU.COM,50.0,debit,plaid,CHILDCARE_AND_EDUCATION_CHILDCARE_AND_EDUCATION,education_general,QUOTRADE-EDU.COM £50 with education native; trading-education site. Education leaf is the closest honest fit.
v4,train,Taptap Send,Account - jLwqy3NnIWCW TapTap Send - SortCodeAccountNumber: 04007246254056,5.21,debit,plaid,TRANSFER_OUT_OTHER,transfer_international,TapTap Send is a remittance service.
v4,train,Trainline,Trainline,3.35,debit,plaid,TRAVEL_AND_TRANSPORTATION_PUBLIC_TRANSIT,public_transport_rail_coach,Trainline rail/coach ticket.
v4,train,Utilita Energy,3546 03OCT25      UTILITA ENERGY    LIMITED           01962679088 GB,33.0,debit,plaid,RENT_AND_UTILITIES_GAS_AND_ELECTRICITY,energy,Utilita Energy Limited gas/electricity.
v4,train,A Pasker,A PASKER 400000001606158883,30.0,debit,plaid,TRANSFER_OUT_OTHER,transfer_p2p,Named person A Pasker; no purpose. Override haiku unclassified_other.
v4,train,Transport for London,TFL TRAVEL CH  ON 11 OCT CPM TFL TRAVEL CHARGE,8.4,debit,plaid,TRAVEL_AND_TRANSPORTATION_PUBLIC_TRANSIT,public_transport_rail_coach,TfL travel charge.
v4,train,Cabot Fncl,CABOT FNCL (EUROPE,27.01,debit,plaid,GENERAL_MERCHANDISE_DEPARTMENT_STORES,debt_collection,Cabot Financial (Europe) is a debt collector; department-store native is wrong.
v4,train,Transport for London,Contactless Payment TFL TRAVEL CH APPLEPAY 6767,1.75,debit,plaid,TRAVEL_AND_TRANSPORTATION_PUBLIC_TRANSIT,public_transport_rail_coach,TfL Apple Pay travel charge.
v4,train,Gcuk,Gcuk Sheffield,5.4,debit,plaid,DINING_DINING,unclassified_other,Gcuk Sheffield £5.40 dining native; possible Chinese kitchen but the descriptor is too abbreviated to classify uniquely.
v4,train,Gentle Freshness Lda,Contactless Payment GENTLE FRESHNESS LDA EUR 15.00000 at 1.1494 APPLEPAY 5415,13.05,debit,plaid,FOOD_RETAIL_GROCERIES,foreign_spend_unspecified,Gentle Freshness Lda charged in EUR — foreign spend; shop type not needed once FX is clear.
v4,train,Ojuolape S,Ojuolape S A IbrahMonzo account,10.0,debit,plaid,TRANSFER_OUT_OTHER,transfer_p2p,Named person Ojuolape S to a Monzo account; no purpose.
v4,train,The Tipsy Cow,SumUp  *The Tipsy,6.35,debit,plaid,DINING_DINING,pub_bar,SumUp *The Tipsy Cow is a pub/bar.
v4,train,The Wild Olive,THE WILD OLIVE 21 SEASCALE,43.7,debit,plaid,DINING_DINING,restaurant_cafe,"The Wild Olive, Seascale — restaurant/dining."
v4,train,K M Noble Mum,K M NOBLE         MUM               VIA MOBILE - LVP,6.0,debit,plaid,TRANSFER_OUT_OTHER,transfer_p2p,Named person K M Noble; memo Mum; mobile LVP.
v4,train,Beginning Of,To Beginning of month 1k,80.0,debit,plaid,TRANSFER_OUT_OTHER,savings_transfer,"To Beginning of month 1k is a labelled budget/savings pot movement, not a P2P payee."
v4,train,Poles Tamworth Garage Tam,POLESWORTH GARAGE TAMWORTH,19.97,debit,plaid,TRAVEL_AND_TRANSPORTATION_AUTOMOTIVE,fuel,"Polesworth Garage Tamworth is a Gulf filling station. £19.97 is consistent with fuel, not workshop labour. Override vehicle_maintenance."
v4,train,SkyBet,SKYBET,8.33,credit,plaid,ENTERTAINMENT_CASINOS_AND_GAMBLING,gambling_unspecified,"SKYBET CREDIT. Gambling winnings → gambling_unspecified, not gambling_betting."
v4,train,J M Hoare Treat,J M HOARE  TREAT FT,2.0,debit,plaid,DINING_OTHER_DINING,transfer_p2p,"Named person J M Hoare; memo Treat. Personal name, not a restaurant."
v4,train,Now 5 Ecdb Entertai,NOW 5ECDB Entertai,6.99,debit,plaid,DINING_DINING,streaming,"NOW 5ECDB Entertainment £6.99 is NOW (formerly Now TV) Entertainment membership streaming, not dining."
v4,train,Ornament.health,INT'L 0061465375  ORNAMENT.HEALTH   LIMASSOL,30.99,debit,plaid,MEDICAL_OTHER_MEDICAL,online_services,"ornament.health Limassol is a health-monitoring / wellness app subscription billed from Cyprus. Broader than a UK clinic visit. Adversarial: Ornament.health (Limassol) is a wellness/lab-tracking app, not a healthcare provider. Do not use a medical leaf."
v4,train,Apple,APPLE.COM/BILL CD 2783,0.99,debit,plaid,GENERAL_MERCHANDISE_COMPUTERS_AND_ELECTRONICS,software,APPLE.COM/BILL £0.99.
v4,train,Apple,APPLE.COM/BILL,0.99,debit,plaid,GENERAL_MERCHANDISE_COMPUTERS_AND_ELECTRONICS,software,Apple.com/bill.
v4,train,Vape Club,Vape Club,28.99,debit,plaid,GENERAL_MERCHANDISE_OTHER_GENERAL_MERCHANDISE,vaping,Vape Club is a specialist vape retailer.
v4,train,Sky Betting And Gaming,Sky Betting and Gaming                   03WI2C8G37DNBU2C02,50.0,debit,plaid,ENTERTAINMENT_CASINOS_AND_GAMBLING,gambling_betting,Sky Betting and Gaming debit £50 is a betting stake.
v4,train,Jac Store,9076 25JUL25 CD   SUMUP  *JAC STORE LTD               LONDON GB,4.0,debit,plaid,GENERAL_MERCHANDISE_CONVENIENCE_STORES,convenience_store,SumUp *Jac Store Ltd London; convenience native; small till.
v4,train,C Treetop Adventure Golf B'ham,0622 29JUN25 C    TREETOP ADVENTURE GOLF              B'HAM B5 4 GB,18.25,debit,plaid,ENTERTAINMENT_EVENTS_AND_TICKETS,days_out,Treetop Adventure Golf Birmingham is a leisure attraction.
v4,train,Nicole Sheridan,NICOLE SHERIDAN,4.0,debit,plaid,TRANSFER_OUT_OTHER,transfer_p2p,Named person Nicole Sheridan.
v4,train,Wandsworth Borough,WANDSWORTH BOROUGH,20.0,debit,plaid,GOVERNMENTS_AND_NON_PROFIT_GOVERNMENTS_AND_NON_PROFIT,government_services,"Wandsworth Borough £20 debit. Billing authority could be council tax, parking or another service; amount is small for a typical CT instalment so do not force council_tax."
v4,train,Amazon,CARD PAYMENT TO AMAZON.CO.UK ON 29-07-2025,8.34,debit,plaid,GENERAL_MERCHANDISE_ONLINE_MARKETPLACES,marketplace_amazon,Amazon.co.uk card payment.
v4,train,Apple,Apple,24.95,debit,plaid,GENERAL_MERCHANDISE_OTHER_GENERAL_MERCHANDISE,software,Bare Apple £24.95 (not /BILL). Could be accessory hardware but Apple billing at this amount is commonly digital; keep software rather than invent a store visit.
v4,train,Amazon,AMZNMktplace,14.24,credit,plaid,GENERAL_MERCHANDISE_ONLINE_MARKETPLACES,refund_received,"AMZNMktplace CREDIT. Retailer credit is refund_received, never marketplace spend. Override established marketplace_amazon."
v4,train,C Plum Tree Farm,3316 12AUG25 C    PLUM TREE FARM    BLACKPOOL GB,10.6,debit,plaid,GENERAL_MERCHANDISE_FURNITURE_AND_HARDWARE,pub_bar,"Plum Tree Farm Blackpool is a Farmhouse Inns pub restaurant/carvery, not a garden centre. Native furniture/hardware is wrong."
v4,train,Waqqas Ali Freddie,WAQQAS ALI        FREDDIE           VIA MOBILE - PYMT FP 28/08/25 10    26032500402515000N,100.0,debit,plaid,TRANSFER_OUT_OTHER,transfer_p2p,Named person Waqqas Ali; memo Freddie.
v4,train,City Convenience Store,City Convenience Store,4.38,debit,plaid,GENERAL_MERCHANDISE_CONVENIENCE_STORES,convenience_store,City Convenience Store — name and native agree.
v4,train,F Mart Mini LLC,Contactless Payment F MART MINI LLC APPLEPAY 6024,21.18,debit,plaid,TRAVEL_AND_TRANSPORTATION_OTHER_TRAVEL_AND_TRANSPORTATION,convenience_store,F Mart Mini LLC contactless; mini-mart / convenience.
v4,train,Apple,Visa purchase APPLE.COM/BILL,3.99,debit,plaid,GENERAL_MERCHANDISE_COMPUTERS_AND_ELECTRONICS,software,APPLE.COM/BILL £3.99.
v4,train,Apple,Visa purchase APPLE.COM/BILL,10.99,debit,plaid,GENERAL_MERCHANDISE_COMPUTERS_AND_ELECTRONICS,software,APPLE.COM/BILL £10.99.
v4,train,Greenford Grocers LTD, Greenford Grocers Ltd,10.33,debit,plaid,FOOD_RETAIL_GROCERIES,groceries,Greenford Grocers Ltd; groceries native.
v4,train,Christopher Clayton Leisure,Christopher Clayton Leisure,10.0,debit,plaid,ENTERTAINMENT_EVENTS_AND_TICKETS,unclassified_other,Cannot confirm a gym/leisure operator from public sources; leave unclassified.
v4,train,Joint Utilities,JOINT UTILITIES,14.54,debit,plaid,RENT_AND_UTILITIES_GAS_AND_ELECTRICITY,utility_other,JOINT UTILITIES £14.54 with gas/electric native. Bundled/unspecified utility bill; do not force energy vs water.
v4,train,Washington Tax,Washington Tax,5.0,debit,plaid,INSURANCE_AND_TAX_TAX_PAYMENT,unclassified_other,"Washington Tax £5. Could be US state tax, Tyne-and-Wear Washington, or another fee. Name collision and tiny amount — do not force tax_payment."
v4,train,Streetshirts,SP STREETSHIRTS,15.98,debit,plaid,GENERAL_MERCHANDISE_APPAREL_AND_ACCESSORIES,clothing_general,SP STREETSHIRTS Shopify apparel.
v4,train,Apple,Visa purchase APPLE.COM/BILL,1.59,debit,plaid,GENERAL_MERCHANDISE_COMPUTERS_AND_ELECTRONICS,software,APPLE.COM/BILL £1.59.
v4,train,Dillans Food And Wine,DILLANS FOOD and W,3.0,debit,plaid,FOOD_RETAIL_GROCERIES,convenience_store,"Dillans Food and Wine is a mixed food-and-off-licence corner shop, not a wine specialist."
v4,iter_eval,ITVX,ITVX PREMIUM,3.99,debit,plaid,ENTERTAINMENT_MUSIC_VIDEO_GAMES_TV_AND_MOVIES,streaming,ITVX Premium is video streaming.
v4,train,Abbi Wynne,ABBI WYNNE 300000001615165258,150.0,debit,plaid,TRANSFER_OUT_OTHER,transfer_p2p,Named person Abbi Wynne.
v4,train,Peter Gardner Money,PETER GARDNER     MONEY             VIA MOBILE - PYMT FP 12/09/25 10    15115500831033000N,20.0,debit,plaid,TRANSFER_OUT_OTHER,transfer_p2p,"Named person Peter Gardner; memo MONEY. MONEY is not a listed debt keyword (LOAN/LEND/OWE/DEBT/IOU), so this stays P2P."
v4,train,Kulture,5831 20SEP25 CD   SUMUP  *KULTURE   EVENTS            IPSWICH GB,10.0,debit,plaid,TRANSFER_OUT_OTHER,entertainment_other,SumUp *Kulture Events Ipswich £10 is a customer tap at an events venue/promoter. More likely entry/ticket than hiring an event planner; exact event type unknown.
v4,train,Current,202686 80699039  OPTIONAL FT Barclays current account,10.0,debit,plaid,TRANSFER_OUT_OTHER,transfer_own_account,OPTIONAL FT Barclays current account — own current-account transfer. Override models' unclassified_other (junk-string Current does not apply when the narrative names the account).
v4,train,Milkbotretailcepro,Nyx*milkbotretailcepro,1.5,debit,plaid,FOOD_RETAIL_GROCERIES,groceries_specialist,"Nyx*milkbotretailcepro £1.50 is a Nayax-paid farm Milkbot milk vending machine, not confectionery."
v4,train,Halton Village Stores,Halton Village Stores,3.5,debit,plaid,GENERAL_MERCHANDISE_CONVENIENCE_STORES,convenience_store,Halton Village Stores; convenience native.
v4,train,Gcc Fin Serv Ecomm,GCC FIN SERV ECOMM,57.0,debit,plaid,TRANSFER_OUT_OTHER,government_services,GCC financial-services e-commerce is a government payment.
v4,train,Twinlakespark,TWINLAKESPARK.COM 01664567777,53.35,debit,plaid,ENTERTAINMENT_CASINOS_AND_GAMBLING,days_out,twinlakespark.com is Twinlakes theme park (Melton Mowbray). Casino native is wrong.
v4,train,Cd Savers Health & Beauty,5103 30AUG25 CD   SAVERS HEALTH &   BEAUTY            LOUGHBOROUGH GB,29.12,debit,plaid,PERSONAL_CARE_HAIR_AND_BEAUTY,health_beauty_general,"Savers Health & Beauty is AS Watson discount health-and-beauty, not a pharmacy."
v4,train,Trainline,PAYPAL *TRAINLINE 35314369001,21.4,debit,plaid,TRAVEL_AND_TRANSPORTATION_PUBLIC_TRANSIT,public_transport_rail_coach,"PayPal *Trainline — label the underlying rail ticket, not the intermediary."
v4,iter_eval,Amazon Prime,8983 20JUN25      AMAZON            PRIME*L11XS0HW5   AMZN.CO.UK/PM GB,8.99,debit,plaid,ENTERTAINMENT_MUSIC_VIDEO_GAMES_TV_AND_MOVIES,streaming,Amazon Prime* subscription.
v4,train,Raylo,AFKXKF7 Raylo,40.99,debit,plaid,GENERAL_MERCHANDISE_ONLINE_MARKETPLACES,retail_finance_repayment,Raylo instalment.
v4,train,SkyBet,SKY BET Sky Bet,10.0,debit,plaid,ENTERTAINMENT_CASINOS_AND_GAMBLING,gambling_betting,Sky Bet debit stake.
v4,train,Miss Sholanda,Miss Sholanda S Burris sb,5.0,debit,plaid,TRANSFER_OUT_OTHER,transfer_p2p,Named person Miss Sholanda S Burris.
v4,train,The Spitfire,The Spitfire from Groceries Pot,15.35,debit,plaid,FOOD_RETAIL_GROCERIES,pub_bar,"The Spitfire (Shepherd Neame pub, West Malling). From Groceries Pot is a Monzo funding source, not the merchant. Override groceries."
v4,train,Current,206651 33976114  MOBILE-CHANNEL FT Barclays current account,100.0,debit,plaid,TRANSFER_OUT_OTHER,transfer_own_account,MOBILE-CHANNEL FT Barclays current account — own-account transfer. Override unclassified_other.
v4,train,Tandoori Knights,Tandoori Knights,2.0,debit,plaid,DINING_DINING,takeaway,"Tandoori Knights £2 is consistent with an Indian takeaway, not table service."
v4,train,Bp Bovey Sf Connect,Contactless Payment BP BOVEY SF CONNECT,8.45,debit,plaid,TRAVEL_AND_TRANSPORTATION_OTHER_TRAVEL_AND_TRANSPORTATION,fuel,BP Bovey SF Connect is a BP forecourt.
v4,train,Apple,APPLE.COM/BILL Apple App Store,5.99,debit,plaid,GENERAL_MERCHANDISE_COMPUTERS_AND_ELECTRONICS,software,APPLE.COM/BILL Apple App Store £5.99.
v4,train,Cd Ridgewood Stores,8213 01OCT25 CD   RIDGEWOOD STORES  LTD               UCKFIELD GB,0.85,debit,plaid,GENERAL_MERCHANDISE_APPAREL_AND_ACCESSORIES,convenience_store,Ridgewood Stores Ltd Uckfield; local store. Apparel native is wrong.
v4,train,Horse And Jockey,HORSE AND JOCKEY Horse And Jockey,16.95,debit,plaid,ENTERTAINMENT_CASINOS_AND_GAMBLING,pub_bar,Horse and Jockey is a pub name; casino native is wrong.
v4,train,Stagecoach Services,STAGECOACH SERVICESTOCKPORT,3.8,debit,plaid,TRAVEL_AND_TRANSPORTATION_PUBLIC_TRANSIT,public_transport_rail_coach,Stagecoach Services Stockport bus fare.
v4,train,Trainline,Trainline,3.7,debit,plaid,TRAVEL_AND_TRANSPORTATION_PUBLIC_TRANSIT,public_transport_rail_coach,Trainline ticket.
v4,train,Hurricane Rooms Cd,HURRICANE ROOMS CD 4411,2.3,debit,plaid,TRAVEL_AND_TRANSPORTATION_LODGING,sports_participation,"Hurricane Rooms CD is Hurricane Room pool & snooker clubs (London). £2.30 is table time, not lodging or a casino. Lodging native is wrong."
v4,train,Virgin Games Cd,VIRGIN GAMES CD 0920,15.0,debit,plaid,TRANSFER_OUT_OTHER,gambling_casino,Virgin Games is an online casino.
v4,train,Le Chateau,LE CHATEAU  ON 09 SEP CLP,5.39,debit,plaid,DINING_DINING,restaurant_cafe,Le Chateau dining contactless.
v4,train,First Direct Loan,FIRST DIRECT LOAN,428.91,debit,plaid,LOAN_PAYMENTS_PERSONAL_LOAN_PAYMENT,personal_loan_repayment,FIRST DIRECT LOAN is an unsecured personal-loan instalment. Explicit lender product name.
v4,train,Trading 212 Pi,TRADING 212 PI2612503574245162,1000.0,debit,plaid,TRANSFER_OUT_INVESTMENT_AND_RETIREMENT_FUNDS,investment_trading,Trading 212 PI is a self-directed investment/trading platform debit.
v4,train,Aberdeenshire,ABERDEENSHIRE,33.68,debit,plaid,TRANSFER_OUT_OTHER,government_services,"Aberdeenshire £33.68. Could be council tax but the narrative has no revenues/CT marker; do not force council_tax. Adversarial: Aberdeenshire £33.68 with no CT/revenues marker is a small council service tap, not council_tax. Align with other small council taps in this file."
v4,train,Amazon,1522 07AUG25      AMZNMKTPLAC       E*RF8VL44G4       AMAZON.CO.UK GB,11.99,debit,plaid,GENERAL_MERCHANDISE_ONLINE_MARKETPLACES,marketplace_amazon,Amazon Marketplace debit.
v4,train,Raylo,RAYLO              / ref: BVPVK5X,72.15,debit,plaid,GENERAL_MERCHANDISE_ONLINE_MARKETPLACES,retail_finance_repayment,Raylo instalment.
v4,train,Transport for London, TFL - Transport for London,1.75,debit,plaid,TRAVEL_AND_TRANSPORTATION_PUBLIC_TRANSIT,public_transport_rail_coach,TfL.
v4,train,Stephanie Aird,Stephanie Aird,20.0,debit,plaid,TRANSFER_OUT_OTHER,transfer_p2p,Named person Stephanie Aird.
v4,iter_eval,Www.amazon.uk.co,WWW.AMAZON.* RU15H  ON 19 AUG BCC WWW.AMAZON.UK.CO,11.89,debit,plaid,LOAN_PAYMENTS_PERSONAL_LOAN_PAYMENT,marketplace_amazon,WWW.AMAZON.* debit. Personal-loan native is wrong.
v4,train,Pizza Range,Pizza Range,21.5,debit,plaid,DINING_DINING,takeaway,Pizza Range is a pizza takeaway.
v4,train,Sarah Lipscombe,Payment to SARAH LIPSCOMBE 602421 90173759,10.0,debit,plaid,TRANSFER_OUT_OTHER,transfer_p2p,Named person Sarah Lipscombe; bank-detail payment.
v4,train,The Curry Garden Gateshead,THE CURRY GARDEN  GATESHEAD,23.55,debit,plaid,DINING_DINING,restaurant_cafe,The Curry Garden Gateshead; dining native; curry house.
v4,train,Raymond Manito,RAYMOND MANITO KAR 500000001619736911,150.0,debit,plaid,TRANSFER_OUT_OTHER,transfer_p2p,Named person Raymond Manito; memo KAR.
v4,train,Natwest Bank,"DIRECT DEBIT PAYMENT TO NATWEST BANK REF 83330417/1862576, MANDATE NO 0020",352.11,debit,plaid,GENERAL_SERVICES_ACCOUNTING_AND_FINANCIAL_SERVICES,financial_institution_unspecified,"NatWest Bank direct debit £352.11. Bank is named but product (loan, mortgage, overdraft, packaged account) is not. Do not force loan_repayment_dd."
v4,train,Armagh Food Centre,Armagh Food Centre Limited ,6.63,debit,plaid,FOOD_RETAIL_GROCERIES,groceries,Armagh Food Centre Limited; groceries native.
v4,train,Amazon,AMZNMktplace,3.95,credit,plaid,GENERAL_MERCHANDISE_ONLINE_MARKETPLACES,refund_received,"AMZNMktplace CREDIT — Amazon refund, not marketplace spend."
v4,train,Amazon,Amazon,34.0,debit,plaid,GENERAL_MERCHANDISE_ONLINE_MARKETPLACES,marketplace_amazon,Amazon debit spend.
v4,train,M Wilson,M WILSON 301286 14061660,20.0,debit,plaid,TRANSFER_OUT_OTHER,transfer_p2p,Named person M Wilson.
v4,iter_eval,Amazon Prime,Amazon Prime*R40A9,8.99,debit,plaid,GENERAL_SERVICES_OTHER_SERVICES,streaming,Amazon Prime subscription.
v4,train,Fair Oak Local,Fair Oak Local,4.1,debit,plaid,DINING_DINING,groceries,"Fair Oak Local is a Premier symbol-group grocer. Symbol-group → groceries, not pub_bar or convenience_store."
v4,train,Gp Time 4 Kiosk,GP TIME 4 KIOSK LTD Gp Time 4 Kiosk,5.2,debit,plaid,GENERAL_SERVICES_OTHER_SERVICES,convenience_store,GP Time 4 Kiosk Ltd is a Cypriot kiosk operator; £5.20 tap fits a kiosk/newsagent purchase.
v4,train,Thamesmead Service Statio,Contactless Payment THAMESMEAD SERVICE STATIO APPLEPAY 7635,59.31,debit,plaid,TRAVEL_AND_TRANSPORTATION_OTHER_TRAVEL_AND_TRANSPORTATION,fuel,Thamesmead Service Station is a filling station; £59.31 is a typical fill.
v4,iter_eval,National Health Service,Nhsbsa Ppc 2 NHS Prescription Prepayment Certificate,11.45,debit,plaid,MEDICAL_OTHER_MEDICAL,pharmacy,NHSBSA PPC is an NHS prescription prepayment certificate.
v4,iter_eval,Justpark,JUSTPARK JustPark,2.32,credit,plaid,TRAVEL_AND_TRANSPORTATION_OTHER_TRAVEL_AND_TRANSPORTATION,refund_received,"JustPark CREDIT. Direction is money in from a parking operator — refund_received, not car_parking spend. Override established car_parking."
v4,train,Danielle John,Danielle John,108.0,debit,plaid,TRANSFER_OUT_OTHER,transfer_p2p,Named person Danielle John.
v4,train,Aaron Campbell,Aaron campbell,25.0,debit,plaid,TRANSFER_OUT_OTHER,transfer_p2p,Named person Aaron Campbell.
v4,train,Jennifer Brookes Monzo-lryzy,JENNIFER BROOKES  MONZO-LRYZY       VIA MOBILE - PYMT FP 05/08/25 10    19144644200878000N,50.0,debit,plaid,TRANSFER_OUT_OTHER,transfer_p2p,Named person Jennifer Brookes via Monzo FPS.
v4,iter_eval,Mandate No,"DIRECT DEBIT PAYMENT TO PAYPAL PAYMENT REF 5ATJ222DUYDD6, MANDATE NO 0030",15.8,debit,plaid,TRANSFER_OUT_TRANSFER_OUT_FROM_APPS,payment_intermediary,PayPal Payment direct debit; underlying merchant not shown.
v4,iter_eval,COOP,3483 01AUG25 CD   SCOTMID COOP 0107 CAIRNEYHILL GB,8.05,debit,plaid,FOOD_RETAIL_GROCERIES,groceries,Scotmid Co-op Cairneyhill grocery till.
v4,train,Amazon,CARD PAYMENT TO AMAZON.CO.UK*WS3P18OW5 ON 11-06-2025,9.5,debit,plaid,GENERAL_MERCHANDISE_ONLINE_MARKETPLACES,marketplace_amazon,Amazon.co.uk debit.
v4,train,Instantly,Instantly,46.49,debit,plaid,TRANSFER_OUT_OTHER,software,Instantly is Instantly.ai cold-email / outreach SaaS (~$47/mo). Override unclassified_other.
v4,train,Dazn,WWW.DAZN.COM,14.99,debit,plaid,ENTERTAINMENT_MUSIC_VIDEO_GAMES_TV_AND_MOVIES,streaming,DAZN.com is sports video streaming.
v4,train,April Coates,United Kingdom Account - From A Coates April Coates - SortCodeAccountNumber: 77010241515868,865.38,debit,plaid,TRANSFER_OUT_OTHER,transfer_p2p,Debit to April Coates (named person); large FPS. No purpose.
v4,train,Onbuy,OnBuy.com CD 4558,8.19,debit,plaid,TRANSFER_OUT_OTHER,marketplace_general,OnBuy.com is a non-Amazon marketplace.
v4,train,My Juniper London,MY JUNIPER        LONDON,249.0,debit,plaid,TRANSFER_OUT_OTHER,weight_loss,MY JUNIPER LONDON £249 is Juniper UK medical GLP-1 weight-loss programme (same pattern as SheMed).
v4,train,The Churchgate,6093 05JUL25 CD   VER*THE CHURCHGATEBOLTON GB,4.5,debit,plaid,GOVERNMENTS_AND_NON_PROFIT_DONATIONS,pub_bar,VER*The Churchgate Bolton is a pub; donations native is wrong.
v4,train,Amazon,Amazon.co.uk*RF8F3,4.49,debit,plaid,GENERAL_MERCHANDISE_ONLINE_MARKETPLACES,marketplace_amazon,Amazon.co.uk debit.
v4,train,Stagecoach Services,STAGECOACH SERVICE,2.0,debit,plaid,TRAVEL_AND_TRANSPORTATION_OTHER_TRAVEL_AND_TRANSPORTATION,public_transport_rail_coach,Stagecoach bus fare.
v4,train,Buzz Bingo,Buzz Group Limited Buzz Bingo,12.0,debit,plaid,ENTERTAINMENT_CASINOS_AND_GAMBLING,gambling_bingo,Buzz Group Limited / Buzz Bingo is bingo. Do not aggregate gambling subtypes.
v4,train,Hendersons Ballygowan,Contactless Payment HENDERSONS BALLYGOWAN APPLEPAY 2895,7.53,debit,plaid,DINING_DINING,groceries,"Hendersons Ballygowan is Henderson Retail SPAR (symbol-group grocer), not a restaurant."
v4,train,K P Hamlin Hamlin,K P HAMLIN        HAMLIN            VIA MOBILE - PYMT FP 08/08/25 10    04082902032093000N,50.0,debit,plaid,TRANSFER_OUT_OTHER,transfer_p2p,Named person K P Hamlin.
v4,train,Cd Lark Hall Inn,8957 16JUN25 CD   LARK HALL INN     BATH GB,5.6,debit,plaid,TRAVEL_AND_TRANSPORTATION_LODGING,pub_bar,Lark Hall Inn Bath is a pub; lodging native is a name artefact.
v4,train,Trainpal,2078 08JUL25  D   TRAINPAL          LONDON GB,6.6,debit,plaid,TRANSFER_OUT_OTHER,public_transport_rail_coach,Trainpal rail tickets.
v4,train,Mr Billy J Bull Bjb,MR BILLY J BULL  BJB FT,9.9,debit,plaid,DINING_DINING,transfer_p2p,Named person Mr Billy J Bull; dining native is wrong.
v4,train,Roddy,Roddy Johnston - SortCodeAccountNumber: 83410000629319,40.0,debit,plaid,TRANSFER_OUT_OTHER,transfer_p2p,Named person Roddy Johnston.
v4,train,Maloobchod,Maloobchod,7.41,debit,plaid,TRANSFER_OUT_OTHER,foreign_spend_unspecified,"Maloobchod is Czech for retail grocery; foreign shop, underlying fascia not named."
v4,train,Nutrition Geeksluton,SP NUTRITION GEEKSLUTON,16.99,debit,plaid,DINING_OTHER_DINING,supplements,SP Nutrition Geeks Luton is a UK supplements e-shop.
v4,train,Chargos Aylesbury,CHARGOS           AYLESBURY,10.98,debit,plaid,DINING_DINING,takeaway,"Chargos Aylesbury is Chargos Piri Piri — grilled chicken takeaway/delivery, closer to KFC than Nando's table-service."
v4,train,Marsh Lane Filling Statio,Contactless Payment MARSH LANE FILLING STATIO 2025-08-10,27.14,debit,plaid,TRAVEL_AND_TRANSPORTATION_OTHER_TRAVEL_AND_TRANSPORTATION,fuel,Marsh Lane Filling Station is explicitly a filling station.
v4,train,Dacorum Council,DACORUM COUNCIL -,2.3,debit,plaid,TRANSFER_OUT_OTHER,government_services,Dacorum Council £2.30. Council tax is not collected in £2.30 taps; county/district service or parking-style fee. Same reasoning as Hampshire CC £5.
v4,train,Esso Burnley,"ESSO BURNLEY BARRACKS (VIA APPLE PAY), ON 02-08-2025",24.08,debit,plaid,TRAVEL_AND_TRANSPORTATION_OTHER_TRAVEL_AND_TRANSPORTATION,fuel,Esso Burnley Barracks is a forecourt. Fuel even if an established leaf said otherwise.
v4,train,McDonald's,MCDONALDS  ON 06 AUG CPM McDonald's,1.89,debit,plaid,DINING_DINING,takeaway,McDonald's debit.
v4,train,C Spar Store Runcorn,9933 07JUL25 C    SPAR STORE        RUNCORN GB,1.35,debit,plaid,FOOD_RETAIL_GROCERIES,groceries,Spar Store Runcorn — symbol-group grocer → groceries.
v4,train,S Hall,S HALL 110016 13334664,500.0,debit,plaid,TRANSFER_OUT_OTHER,transfer_p2p,Named person S Hall £500; no purpose.
v4,train,Google Storage,Google Storage,2.49,debit,plaid,GENERAL_SERVICES_OTHER_SERVICES,web_services,Google Storage is consumer cloud storage / infrastructure.
v4,train,The Sandwich Man Broms,THE SANDWICH MAN B  ON 08 AUG CPM THE SANDWICH MAN BROMS,10.0,debit,plaid,DINING_DINING,takeaway,The Sandwich Man Bromsgrove is counter/takeaway food.
v4,train,Exchanged To Xrp,Exchanged to XRP,0.99,debit,plaid,TRANSFER_OUT_OTHER,crypto,Exchanged to XRP is a crypto conversion.
v4,train,C L Davies,C L DAVIES,10.0,debit,plaid,TRANSFER_OUT_OTHER,transfer_p2p,Named person C L Davies; no purpose.
v4,train,Amazon.co.jp,Amazon.co.jp,7.06,debit,plaid,GENERAL_MERCHANDISE_ONLINE_MARKETPLACES,marketplace_amazon,Amazon.co.jp is still Amazon marketplace.
v4,train,Oak Mead Cafe & Shop,OAK MEAD CAFE & SH,9.35,debit,plaid,DINING_COFFEE,restaurant_cafe,Oak Mead Cafe & Shop — cafe.
v4,train,Chyanclare News,CHYANCLARE NEWS  ON 08 JUL CLP,20.5,debit,plaid,TRANSFER_OUT_OTHER,convenience_store,"Chyanclare News, Penzance, is a newsagent/corner shop. POS at a newsagent is convenience_store, not a newspaper subscription."
v4,train,Ben Blackborow,United Kingdom Account - From M Jones Ben Blackborow - SortCodeAccountNumber: 16282910048258,20.0,debit,plaid,TRANSFER_OUT_OTHER,transfer_p2p,Debit to Ben Blackborow (named person).
v4,train,Apple,APPLE.COM/BILL Apple App Store,6.99,debit,plaid,GENERAL_MERCHANDISE_COMPUTERS_AND_ELECTRONICS,software,APPLE.COM/BILL App Store £6.99.
v4,train,Apple,4273 03AUG25      APPLE.COM/BILL    APPLE.COM/BIL IE,2.99,debit,plaid,GENERAL_MERCHANDISE_COMPUTERS_AND_ELECTRONICS,software,APPLE.COM/BILL Ireland £2.99.
v4,train,Michyla Mayo Ty,MICHYLA MAYO      TY                VIA MOBILE - PYMT,20.0,debit,plaid,TRANSFER_OUT_OTHER,transfer_p2p,Named person Michyla Mayo; memo Ty.
v4,train,Cd Campbell Fuel Oilslim,7219 27SEP25 CD   CAMPBELL FUEL OILSLIM               KILMARNOCK GB,40.0,debit,plaid,TRAVEL_AND_TRANSPORTATION_OTHER_TRAVEL_AND_TRANSPORTATION,heating_oil,"Campbell Fuel Oils, Kilmarnock, is heating-oil delivery, not motor fuel."
v4,train,Superbuy Com,Ona*superbuy Com,19.08,debit,plaid,FOOD_RETAIL_GROCERIES,marketplace_general,"Ona*superbuy.com is Superbuy, a Taobao/China shopping-agent marketplace (not Amazon)."
v4,train,Quadri,Quadri Rodemade,1.76,debit,plaid,DINING_DINING,unclassified_other,Quadri Rodemade £1.76 dining native; no reliable UK merchant match. Do not force restaurant_cafe.
v4,train,Coca Cola Ni,Contactless Payment COCA COLA NI APPLEPAY 3265,1.3,debit,plaid,FOOD_RETAIL_OTHER,confectionary,Coca-Cola NI £1.30 contactless is Coca-Cola HBC NI drinks vending (including Translink sites). Small vending → confectionary.
v4,train,Deepblue Beverley,DeepBlue Beverley,13.99,debit,plaid,TRANSFER_OUT_OTHER,takeaway,Deep Blue Beverley is a fish-and-chip takeaway (dine-in hours listed closed). Chip shop → takeaway.
v4,train,I Blaze,I Blaze,10.0,debit,plaid,LOAN_PAYMENTS_PERSONAL_LOAN_PAYMENT,vaping,I Blaze matches I Blaze / Iblaze vape shops (Burnage and similar). Native personal-loan is wrong; no LOAN keyword in the narrative.
v4,train,McDonald's,MCDONALDS,19.76,debit,plaid,DINING_DINING,takeaway,McDonald's debit.
v4,iter_eval,A C,To A/C 71976817   MORGAN LM         Via Mobile Xfer,43.3,debit,plaid,TRANSFER_OUT_OTHER,transfer_p2p,To A/C … MORGAN LM Via Mobile Xfer — named person. Override established transfer_bank_unspecified.
v4,train,One Love Carib,SQ *ONE LOVE CARIBRomford,11.0,debit,plaid,DINING_DINING,restaurant_cafe,Square *One Love Carib Romford is a Caribbean restaurant/cafe.
v4,train,L White,L WHITE 300000001654850175,0.3,debit,plaid,TRANSFER_OUT_OTHER,transfer_p2p,Named person L White; £0.30.
v4,train,Rise Beachwear,SumUp  *RISE Beachwear Sumup *rise Beachwear,242.65,debit,plaid,GENERAL_MERCHANDISE_APPAREL_AND_ACCESSORIES,clothing_general,SumUp *Rise Beachwear is apparel/swimwear retail.
v4,train,B Lockwood,B LOCKWOOD 111074 25946262,0.52,debit,plaid,TRANSFER_OUT_OTHER,transfer_p2p,Named person B Lockwood.
v4,train,H Gibney,H GIBNEY 777214 30819860,7.78,debit,plaid,TRANSFER_OUT_OTHER,transfer_p2p,Named person H Gibney.
v4,train,Apple,APPLE.COM/BILL,19.99,debit,plaid,GENERAL_MERCHANDISE_COMPUTERS_AND_ELECTRONICS,software,APPLE.COM/BILL £19.99.
v4,train,Shannon Chilcott Pi,SHANNON CHILCOTT PI4940087260303918,200.0,debit,plaid,TRANSFER_OUT_OTHER,transfer_p2p,Named person Shannon Chilcott PI (Faster Payment).
v4,train,Trainline,Visa purchase TRAINLINE APPLEPAY 1283,10.54,debit,plaid,TRAVEL_AND_TRANSPORTATION_PUBLIC_TRANSIT,public_transport_rail_coach,Trainline Apple Pay ticket.
v4,train,Dabble Deposit Uk,Dabble Deposit UK Dabble Deposit Uk,10.0,debit,plaid,TRANSFER_OUT_SAVINGS,gambling_betting,"Dabble Deposit UK is a deposit to Dabble, a UKGC-licensed sports-betting app. Savings native is wrong. Debit stake/deposit keeps gambling_betting, not gambling_unspecified (that is for credits/winnings)."
v4,train,Apple,apple.com/bill,1.79,debit,plaid,GENERAL_MERCHANDISE_COMPUTERS_AND_ELECTRONICS,software,apple.com/bill £1.79.
v4,train,Premier T A Brothers Conv,Premier t/a Brothe,4.28,debit,plaid,DINING_DINING,groceries,Premier t/a Brothers Conv — Premier symbol-group grocer. Symbol-group → groceries.
v4,train,C The Andulsian,"2585 09AUG25 C    THE ANDULSIAN,    CARLI             CARLISLE GB",9.5,debit,plaid,DINING_DINING,restaurant_cafe,"The Andulsian (Andalusian), Carlisle — restaurant."
v4,train,Zopmpas,Zopmpas,43.9,debit,plaid,TRANSFER_OUT_OTHER,unclassified_other,Zopmpas could not be resolved to a unique UK payee.
v4,train,Prime Video Rent Buy,Prime Video Rent /,4.49,debit,plaid,RENT_AND_UTILITIES_RENT,streaming,Prime Video Rent/Buy is Amazon video streaming/rental. Rent native is spurious.
v4,train,Synchronicity Care LTD,Contactless Payment SYNCHRONICITY CARE LTD GOOGLE 2978 2025-06-01,0.93,debit,plaid,ENTERTAINMENT_MUSIC_VIDEO_GAMES_TV_AND_MOVIES,confectionary,"Synchronicity Care Ltd is CDDFT's facilities subsidiary and runs hospital Grab & Go kiosks. £0.93 Google Pay tap is a kiosk/vending snack, not a care fee. Entertainment native is wrong."
v4,train,Utilita Energy,UTILITA ENERGY LIM,10.0,debit,plaid,RENT_AND_UTILITIES_GAS_AND_ELECTRICITY,energy,Utilita Energy Limited.
v4,train,Cd Caister,1820 18JUL25 CD   CAISTER - RETAIL  GREAT YARMOUT GB,3.94,debit,plaid,GENERAL_MERCHANDISE_SPORTING_GOODS,unclassified_card_spend,CAISTER - RETAIL Great Yarmouth £3.94. Several Co-op/Premier/Nisa shops in Caister; sporting-goods native is unsupported. Card spend with unidentified fascia.
v4,train,Yasir Hussain,YASIR HUSSAIN 100000001618543182,600.0,debit,plaid,TRANSFER_OUT_OTHER,transfer_p2p,Named person Yasir Hussain £600.
v4,train,East Lindsey Dist Ips,East Lindsey Dist -Ips,3.0,debit,plaid,TRAVEL_AND_TRANSPORTATION_OTHER_TRAVEL_AND_TRANSPORTATION,car_parking,"East Lindsey Dist -Ips £3 with transport native. East Lindsey DC runs pay-and-display / MiPermit cashless parking; £3 is a typical short-stay tariff, not council tax."
v4,train,Amazon,AMZNMktplace*R74DD,19.99,debit,plaid,GENERAL_MERCHANDISE_ONLINE_MARKETPLACES,marketplace_amazon,Amazon Marketplace debit.
v4,train,Spotify *,PAYPAL *SPOTIFY*P3,19.99,debit,plaid,ENTERTAINMENT_MUSIC_VIDEO_GAMES_TV_AND_MOVIES,streaming,PayPal *Spotify — label the underlying streaming merchant.
v4,train,Apple Store,"INGLE STORE (VIA APPLE PAY), ON 27-08-2025",4.34,debit,plaid,GENERAL_MERCHANDISE_COMPUTERS_AND_ELECTRONICS,convenience_store,"Narrative is Ingle Store via Apple Pay, a convenience store; not Apple retail."
v4,train,Lilly Quinsey,LILLY QUINSEY 400000001583170415,10.0,debit,plaid,GENERAL_MERCHANDISE_APPAREL_AND_ACCESSORIES,transfer_p2p,Named person Lilly Quinsey; apparel native is wrong.
v4,train,Phillippa,Phillippa Purcell,3.0,debit,plaid,TRANSFER_OUT_OTHER,transfer_p2p,Named person Phillippa Purcell.
v4,train,Mrs N T Legge,mrs n t legge                            a,40.0,debit,plaid,TRANSFER_OUT_OTHER,transfer_p2p,Named person Mrs N T Legge.
v4,train,Suel Ahmed Suel.a,SUEL AHMED  SUEL.A FT,100.0,debit,plaid,TRANSFER_OUT_OTHER,transfer_p2p,Named person Suel Ahmed.
v4,train,Bullring Car Park,"2442 21AUG25 CD   BULLRING CAR PARK,BIR               BIRMINGHAM GB",4.0,debit,plaid,TRAVEL_AND_TRANSPORTATION_OTHER_TRAVEL_AND_TRANSPORTATION,car_parking,Bullring Car Park Birmingham is parking.
v4,train,Cd T,4480 19JUN25 CD   T J MORRIS LTD    DERBY GB,9.87,debit,plaid,GENERAL_SERVICES_OTHER_SERVICES,discount_store,"T J Morris Ltd Derby is Home Bargains (discount variety), not groceries."
v4,iter_eval,Wise,Wise Payments Fee for 45.21 GBP  Depasify,0.16,debit,plaid,GENERAL_SERVICES_ACCOUNTING_AND_FINANCIAL_SERVICES,money_transfer_fee,"Wise Payments Fee for a GBP transfer — explicit fee, not the transfer principal."
v4,train,Zinnia,Zinnia,6.0,debit,plaid,TRAVEL_AND_TRANSPORTATION_LODGING,unclassified_other,Zinnia £6 with lodging native. Zinnia Hotels exists but £6 is not a room night and the descriptor does not identify a hotel stay. Do not force accommodation.
v4,train,Burnley Borough Council,Burnley Borough Co Burnley Borough Council,159.0,debit,plaid,GOVERNMENTS_AND_NON_PROFIT_GOVERNMENTS_AND_NON_PROFIT,council_tax,Burnley Borough Council £159 debit is a typical monthly council-tax instalment. Debit-only CT rule satisfied.
v4,train,Oodle Car Finance,OODLE CAR FINANCE 250415124543412-01,313.58,debit,plaid,LOAN_PAYMENTS_MORTGAGE_AND_AUTO,car_finance_repayment,"Oodle Car Finance debit £313.58 is a motor-finance instalment. Established returned_payment is catastrophically wrong (debit, no UNP/REVERSAL/Returned DD)."
v4,train,Manorfarmfruits,WWW.MANORFARMFRUIT,21.15,debit,plaid,FOOD_RETAIL_GROCERIES,groceries_specialist,www.manorfarmfruit is a fruit-farm / specialist produce seller.
v4,iter_eval,YouTube,GOOGLE *YouTube   g.co/helppay#,3.99,debit,plaid,ENTERTAINMENT_MUSIC_VIDEO_GAMES_TV_AND_MOVIES,streaming,GOOGLE *YouTube g.co/helppay# is YouTube Premium / channel membership streaming.
v4,train,Apple,4127 25SEP25      APPLE.COM/BILL    08001076285 IE,9.99,debit,plaid,GENERAL_MERCHANDISE_COMPUTERS_AND_ELECTRONICS,software,APPLE.COM/BILL Ireland £9.99 App Store.
v4,train,Ishaq Mohammed,United Kingdom Account - From I Mohammed ishaq mohammed - SortCodeAccountNumber: 04007590999754,115.0,debit,plaid,TRANSFER_OUT_OTHER,transfer_p2p,Named-person Faster Payment; no purpose keyword.
v4,train,Voi,Voi Uk,2.34,debit,plaid,TRAVEL_AND_TRANSPORTATION_OTHER_TRAVEL_AND_TRANSPORTATION,bicycle,Voi UK e-scooter/e-bike hire; same leaf as Lime.
v4,train,Amazon,Amazon,26.17,debit,plaid,GENERAL_MERCHANDISE_ONLINE_MARKETPLACES,marketplace_amazon,Amazon marketplace debit.
v4,train,Win Bet Online LTD,WIN BET ONLINE LTD BULGARIA AMOUNT IN BGN 50.00 ON 01 JUL VISA 2.267867 FINAL GBP AMOUNT INCLUDES NON-STERLING TRANS FEE £0.66 ,22.71,debit,plaid,ENTERTAINMENT_CASINOS_AND_GAMBLING,gambling_betting,Win Bet Online Ltd Bulgaria sports-betting debit with FX.
v4,train,Alfie Work,Alfie             Work,10.0,debit,plaid,TRANSFER_OUT_OTHER,transfer_p2p,"Payment to named person Alfie; Work is a memo, not wages."
v4,iter_eval,A C,To A/C 18813183   IRVINE NMM        Via Mobile Xfer,1558.55,debit,plaid,TRANSFER_OUT_OTHER,transfer_bank_unspecified,Transfer to an account number (Irvine NMM); purpose not identified.
v4,train,H.m.chilufya,H.M.CHILUFYA 600000001635386307,500.0,debit,plaid,TRANSFER_OUT_OTHER,transfer_p2p,Named-person Faster Payment.
v4,train,Warrens Bakery,Contactless Payment WARRENS BAKERY TRAGO D,4.9,debit,plaid,DINING_OTHER_DINING,restaurant_cafe,Warrens Bakery is a bakery-cafe till purchase.
v4,train,Therapist Therapy Session,THERAPIST         THERAPY SESSION   VIA MOBILE - PYMT FP 17/06/25 10    16154509046555000N,50.0,debit,plaid,MEDICAL_OTHER_MEDICAL,mental_health_services,Narrative is a therapy-session payment.
v4,train,Lewis Mccaw,LEWIS MCCAW 200000001605042087,100.0,debit,plaid,TRANSFER_OUT_OTHER,transfer_p2p,Named-person Faster Payment.
v4,train,Stephen Nolan,STEPHEN NOLAN 500000001598364867,40.0,debit,plaid,TRANSFER_OUT_OTHER,transfer_p2p,Named-person Faster Payment.
v4,train,David Ritson Xx,DAVID RITSON      XX                VIA MOBILE - PYMT FP 26/09/25 10    04151400308249000N,20.0,debit,plaid,TRANSFER_OUT_OTHER,transfer_p2p,Named-person Faster Payment.
v4,train,Next Retail,Refund from Next Retail Ltd,25.0,credit,plaid,TRANSFER_IN_OTHER,refund_received,Credit explicitly Refund from Next Retail Ltd.
v4,train,Mr Adam Wakefield,Mr Adam Wakefield Brian,25.0,debit,plaid,TRANSFER_OUT_OTHER,transfer_p2p,Named-person Faster Payment.
v4,train,A M Bensons Limite,A M BENSONS LIMITE,9.59,debit,plaid,FOOD_RETAIL_GROCERIES,groceries_specialist,A M Bensons Ltd is a Barton-upon-Humber butcher (SIC 47220).
v4,train,Airtime Halifax,AIRTIME HALIFAX,20.25,debit,plaid,RENT_AND_UTILITIES_TELECOMMUNICATIONS,days_out,"OVERRIDE mobile_phone_contract. Airtime Halifax is a trampoline park (SIC 93199), not mobile airtime. Native telecoms is a false friend."
v4,train,B&Q,B&Q MARKETPLACE,19.91,debit,plaid,GENERAL_MERCHANDISE_FURNITURE_AND_HARDWARE,home_improvement,B&Q Marketplace DIY debit.
v4,train,Nitromonthly,DISCORD* NITROMONT,7.5,debit,plaid,GENERAL_SERVICES_OTHER_SERVICES,online_services,"OVERRIDE streaming. DISCORD* NITROMONT is Discord Nitro (social platform), not media streaming."
v4,train,Amazon,5061 15JUN25      AMAZON* 878F91FG5 LONDON GB,5.99,debit,plaid,GENERAL_MERCHANDISE_ONLINE_MARKETPLACES,marketplace_amazon,Amazon debit.
v4,iter_eval,Sainsbury's Petrol Station,8062 27JUN25 CD   SAINSBURYS PETROL ELLESMERE POR GB,50.01,debit,plaid,TRAVEL_AND_TRANSPORTATION_OTHER_TRAVEL_AND_TRANSPORTATION,fuel,Sainsbury's Petrol Station debit.
v4,train,Nikki Moore,NIKKI MOORE 600000001611251072,20.0,debit,plaid,TRANSFER_OUT_OTHER,transfer_p2p,Named-person Faster Payment.
v4,train,Finlay Sykes Mum X Sto,FINLAY SYKES  MUM X STO,50.0,debit,plaid,TRANSFER_OUT_OTHER,transfer_p2p,Named person with mum memo.
v4,train,Apple,7200 03AUG25  D   APPLE.COM/BILL    08001076285 IE,0.49,debit,plaid,GENERAL_MERCHANDISE_COMPUTERS_AND_ELECTRONICS,software,Apple.com/bill small App Store charge.
v4,train,Amazon,AMAZON* RG9JP1854,3.59,debit,plaid,GENERAL_MERCHANDISE_ONLINE_MARKETPLACES,marketplace_amazon,Amazon debit.
v4,train,George Hotel,GEORGE HOTEL,2.49,debit,plaid,TRAVEL_AND_TRANSPORTATION_LODGING,restaurant_cafe,"George Hotel £2.49 is bar/cafe spend, not a room. Native lodging is wrong at this amount."
v4,train,Amazon,Amazon.co.uk*R75O6,10.11,debit,plaid,GENERAL_MERCHANDISE_ONLINE_MARKETPLACES,marketplace_amazon,Amazon debit.
v4,train,Longevity Health Limited,Longevity Health Limited 733789 suppliers,2060.0,debit,plaid,MEDICAL_OTHER_MEDICAL,unclassified_other,"Longevity Health Ltd £2060 suppliers; medical native but exact clinical product unclear. Adversarial: Longevity Health Limited + memo suppliers + SIC 46900 wholesale is a B2B supplier payment, not a clinic. health_other was a name guess."
v4,train,Mcdougal Ls Stores LTD,MCDOUGALLS STORES,17.29,debit,plaid,DINING_DINING,convenience_store,McDougalls Stores Ltd Dalton-in-Furness is non-specialised retail (SIC 47190). Native dining is unhelpful.
v4,train,D Townsley,D TOWNSLEY,180.0,debit,plaid,TRANSFER_OUT_OTHER,transfer_p2p,Named-person Faster Payment.
v4,train,Yorkshire Wildlife Park,YORKSHIRE WILDLIFE PAR Yorkshire Wildlife Park,29.5,debit,plaid,ENTERTAINMENT_EVENTS_AND_TICKETS,days_out,Yorkshire Wildlife Park admission/spend.
v4,train,Squirt Pocket Money,SQUIRT            POCKET MONEY      VIA MOBILE - PYMT FP 22/08/25 10    51205450136786000N,5.0,debit,plaid,LOAN_PAYMENTS_PERSONAL_LOAN_PAYMENT,transfer_p2p,Pocket money to a nickname; native personal-loan is spurious.
v4,train,The Chippy,The chippy,28.35,debit,plaid,DINING_DINING,takeaway,The Chippy is a chip shop.
v4,train,Palladium Competitions,Palladium Competitions,3.9,debit,plaid,ENTERTAINMENT_CASINOS_AND_GAMBLING,prize_competitions,Palladium Competitions is a paid prize-draw operator.
v4,train,Family Shopper,FAMILY SHOPPER SUR  ON 26 MAY CPM FAMILY SHOPPER   SURI,7.18,debit,plaid,FOOD_RETAIL_GROCERIES,groceries,Family Shopper is Booker's discount symbol-group grocer (alongside Premier).
v4,train,The Bistro,The Bistro,9.5,debit,plaid,DINING_DINING,restaurant_cafe,The Bistro dining debit.
v4,iter_eval,David Lloyd,David Lloyd Clubs Swan,2.1,debit,plaid,PERSONAL_CARE_GYMS_AND_FITNESS_CENTERS,gym_fitness,David Lloyd Clubs.
v4,train,Trainpal,Trainpal,8.64,debit,plaid,TRANSFER_OUT_OTHER,public_transport_rail_coach,Trainpal rail tickets.
v4,train,McDonald's,MCDONALDS         ASHTON UNDER,10.37,debit,plaid,DINING_DINING,takeaway,McDonald's debit is takeaway.
v4,train,Lettuce Pets,SP LETTUCE PETS HONG KONG ON 04 AUG BCC,14.0,debit,plaid,PET_CARE_AND_SUPPLIES_PET_SUPPLIES,pet_supplies,Lettuce Pets Hong Kong pet goods.
v4,train,Gumtree Com,Visa purchase GUMTREE COM,8.95,debit,plaid,GENERAL_MERCHANDISE_OTHER_GENERAL_MERCHANDISE,marketplace_general,Gumtree listing/marketplace fee.
v4,train,Miss Kirsty L Tra I Love You,MISS KIRSTY L TRA  I LOVE YOU FT,16.0,debit,plaid,TRANSFER_OUT_OTHER,transfer_p2p,Named-person Faster Payment.
v4,train,Floradapt,Sp Floradapt,3.99,debit,plaid,GENERAL_MERCHANDISE_OTHER_GENERAL_MERCHANDISE,supplements,Floradapt is a UK probiotic/supplement shop. Override dual unclassified.
v4,train,Tunnocks,Tunnocks,5.37,debit,plaid,TRAVEL_AND_TRANSPORTATION_AUTOMOTIVE,restaurant_cafe,Tunnock's Uddingston bakery/tea-room till; native automotive is spurious.
v4,train,Disney+,4332 05AUG25 DISNEY PLUS HAMMERSMITH GB,12.99,debit,plaid,ENTERTAINMENT_MUSIC_VIDEO_GAMES_TV_AND_MOVIES,streaming,Disney+ subscription.
v4,train,LC International,LC INTERNATIONAL L,10.0,debit,plaid,ENTERTAINMENT_CASINOS_AND_GAMBLING,gambling_betting,LC International is Ladbrokes Coral betting.
v4,train,R Bentinck,R BENTINCK 116478 02531161,50.0,debit,plaid,TRANSFER_OUT_OTHER,transfer_p2p,R Bentinck is a named person.
v4,train,Sulayman Yamin,SULAYMAN YAMIN 100000001590737178,2.0,debit,plaid,TRANSFER_OUT_OTHER,transfer_p2p,Named-person Faster Payment.
v4,train,Llanwern Bull,Llanwernbull,7.98,debit,plaid,ENTERTAINMENT_EVENTS_AND_TICKETS,pub_bar,The Llanwern Bull is a Marston's pub in Newport.
v4,train,Morr Hinckley,MORR HINCKLEY,20.0,debit,plaid,DINING_DINING,groceries,MORR HINCKLEY is Morrisons Hinckley. Native dining is an in-store cafe false friend. Override dual unclassified.
v4,train,Mr Tristan Chandle,MR TRISTAN CHANDLE 600000001589765424,20.0,debit,plaid,TRANSFER_OUT_OTHER,transfer_p2p,Named-person Faster Payment.
v4,train,The Abbey Arms,The Abbey Arms,9.3,debit,plaid,DINING_DINING,pub_bar,The Abbey Arms pub debit.
v4,train,SkyBet,Visa purchase SKY BET APPLEPAY 7678,20.0,debit,plaid,ENTERTAINMENT_CASINOS_AND_GAMBLING,gambling_betting,Sky Bet debit.
v4,train,HM Revenue and Customs,HMRC CHILD BENEFIT 01656493,104.2,credit,plaid,INCOME_SALARY,benefits_state,HMRC Child Benefit credit. Native salary is wrong.
v4,train,Steven Roberts,STEVEN ROBERTS 600000001651066345,5.0,debit,plaid,TRANSFER_OUT_OTHER,transfer_p2p,Named-person Faster Payment.
v4,train,Anne Paterson Gift Via,ANNE PATERSON     GIFT              VIA MOBILE - LVP  FP 15/07/25 10    35202035732928000R,16.0,debit,plaid,TRANSFER_OUT_OTHER,transfer_p2p,Gift to named person Anne Paterson.
v4,train,Qualista Beach Ismail Ki,QUALISTA BEACH  IS,4.67,debit,plaid,TRAVEL_AND_TRANSPORTATION_LODGING,foreign_spend_unspecified,"Qualista Beach is a Kemer, Turkey beach club; small F&B abroad."
v4,train,P Scoullar,P SCOULLAR,20.0,debit,plaid,TRANSFER_OUT_OTHER,transfer_p2p,Named-person Faster Payment.
v4,iter_eval,Paypal Pay in 4,PAYPAL *PYPL PAYIN  ON 16 AUG BCC PAYPAL *PYPL PAYIN3,11.33,debit,plaid,LOAN_PAYMENTS_PERSONAL_LOAN_PAYMENT,bnpl,PayPal Pay in 4 instalment.
v4,iter_eval,J Nainu,J NAINU 200000001634811034,0.1,debit,plaid,TRANSFER_OUT_INVESTMENT_AND_RETIREMENT_FUNDS,transfer_p2p,Named person; native investment is spurious at £0.10.
v4,train,Mccooleys,McCooleys 1  ON 31 AUG CPM MCCOOLEYS 1,21.2,debit,plaid,DINING_DINING,pub_bar,McCooley's is a Liverpool Irish sports bar.
v4,train,7 Days Performance,7days Performance  ON 04 AUG CPM 7DAYS PERFORMANCE,1.99,debit,plaid,TRAVEL_AND_TRANSPORTATION_AUTOMOTIVE,prize_competitions,7days Performance is a UK car/cash prize-draw operator. Established leaf is correct despite automotive native.
v4,train,SkyBet,SKY BET  ON 04 AUG BCC,80.0,debit,plaid,ENTERTAINMENT_CASINOS_AND_GAMBLING,gambling_betting,Sky Bet debit.
v4,train,Apple,3336 09JUN25  D   APPLE.COM/BILL    CORK IE,7.99,debit,plaid,GENERAL_MERCHANDISE_COMPUTERS_AND_ELECTRONICS,software,Apple.com/bill.
v4,iter_eval,PureGym,Direct Debit - First Payment PURE GYM LTD 206582 63448665,14.99,debit,plaid,PERSONAL_CARE_GYMS_AND_FITNESS_CENTERS,gym_fitness,PureGym first DD.
v4,train,Current,200450 70512109  OPTIONAL FT Barclays current account,4.83,debit,plaid,TRANSFER_OUT_OTHER,transfer_bank_unspecified,OVERRIDE unclassified_other. Faster Payment to a Barclays current account; purpose unknown so not own-account without evidence.
v4,train,Apple,3025 06AUG25  D   APPLE.COM/BILL    08001076285 IE,1.99,debit,plaid,GENERAL_MERCHANDISE_COMPUTERS_AND_ELECTRONICS,software,Apple.com/bill.
v4,train,Talha Ali Pay,Talha ali         Pay,2052.5,debit,plaid,TRANSFER_OUT_OTHER,transfer_p2p,Named person with Pay memo.
v4,train,Angie Money,ANGIE                                    MONEY,16.6,debit,plaid,TRANSFER_OUT_OTHER,transfer_p2p,Named person with Money memo.
v4,train,Lci Limited Pi,LCI LIMITED PI6611406892928163,5.0,debit,plaid,TRANSFER_OUT_OTHER,gambling_betting,LCI Limited is Entain/Ladbrokes Coral; PI is the payment-initiation rail.
v4,train,Skiddaw Bar,Skiddaw Bar  ON 21 JUN CPM SKIDDAW BAR,0.7,debit,plaid,DINING_DINING,pub_bar,Skiddaw Bar contactless.
v4,train,Tui Travel-dom,2581 22SEP25  D   TUI TRAVEL-DOM    COVENTRY GB,1115.6,debit,plaid,TRAVEL_AND_TRANSPORTATION_LODGING,holiday_package,TUI Travel domestic package.
v4,train,Amrans Tandoori,Amrans Tandoori,18.45,debit,plaid,DINING_DINING,takeaway,"Amran Tandoori is an Indian takeaway, not table-service."
v4,train,E Paterson,E PATERSON,1.0,debit,plaid,TRANSFER_OUT_OTHER,transfer_p2p,Named-person Faster Payment.
v4,train,McDonald's,McDonald’s,30.38,debit,plaid,DINING_DINING,takeaway,McDonald's debit.
v4,train,Maypole,MAYPOLE Maypole,40.82,debit,plaid,DINING_DINING,pub_bar,Maypole is a common pub name; dining native and £40.82 support pub spend.
v4,train,Mathew Hollis,Payment to MATHEW HOLLIS 040003 58220443,10.0,debit,plaid,TRANSFER_OUT_OTHER,transfer_p2p,Named-person Faster Payment.
v4,train,Fone Fixers,FONE FIXERS Fone Fixers,8.0,debit,plaid,TRANSFER_OUT_OTHER,services_unspecified,"Fone Fixers is phone repair, not a handset sale. Adversarial: Fone Fixers is phone repair. spares_repairs is the motoring/vehicle-parts leaf."
v4,train,McDonald's,MCDONALDS,13.14,debit,plaid,DINING_DINING,takeaway,McDonald's debit.
v4,train,Mersey Tunnels Pilot,Contactless Payment Mersey Tunnels Pilot 4 APPLEPAY 1178,2.3,debit,plaid,TRAVEL_AND_TRANSPORTATION_OTHER_TRAVEL_AND_TRANSPORTATION,tolls,Mersey Tunnels toll.
v4,train,Efes Kebab Cd,Efes Kebab CD 4084,5.5,debit,plaid,DINING_DINING,takeaway,Efes Kebab takeaway.
v4,train,Go Local Xtra,Go Local Xtra - Oxford St,2.19,debit,plaid,TRAVEL_AND_TRANSPORTATION_OTHER_TRAVEL_AND_TRANSPORTATION,convenience_store,Go Local Extra convenience fascia.
v4,train,Bnaelocationsbasedo,Nyx*bnaelocationsbasedo,20.0,debit,plaid,TRANSFER_OUT_OTHER,gambling_unspecified,OVERRIDE unclassified. NYX* prefix is a cashless fruit-machine stake (same pattern as The Rudd Group).
v4,iter_eval,Zurich Assurance,ZURICH ASSURANCE L PR000014CM8-010X8P,131.66,debit,plaid,INSURANCE_AND_TAX_INSURANCE,insurance_life,Zurich Assurance life/protection DD.
v4,train,N C Dewar Mum,N C DEWAR  MUM FT,50.0,debit,plaid,TRANSFER_OUT_OTHER,transfer_p2p,Named person with mum memo.
v4,train,Long Feng Foods Lt,LONG FENG FOODS LTBurgess Hill,20.5,debit,plaid,FOOD_RETAIL_GROCERIES,groceries_specialist,Long Feng Foods Chinese grocer.
v4,iter_eval,Go Local Extra,GO LOCAL Go Local Extra,12.0,debit,plaid,TRANSFER_OUT_OTHER,convenience_store,Go Local Extra.
v4,train,Focusfinance.co.uk,Direct debit FOCUSFINANCE.CO.UK 304065 00666444,3.99,debit,plaid,LOAN_PAYMENTS_PERSONAL_LOAN_PAYMENT,financial_services_other,"OVERRIDE personal_loan_repayment. focusfinance.co.uk £3.99 is a known unauthorised-broker membership DD, not a loan instalment."
v4,train,Amazon,AMAZON* FJ8OY0KZ5,58.81,debit,plaid,GENERAL_MERCHANDISE_ONLINE_MARKETPLACES,marketplace_amazon,Amazon debit.
v4,train,Amazon,Amazon,28.23,debit,plaid,GENERAL_MERCHANDISE_ONLINE_MARKETPLACES,marketplace_amazon,Amazon debit.
v4,train,Co Op Group Food,8628 25AUG25      CO OP GROUP FOOD  BATH GB,2.7,debit,plaid,FOOD_RETAIL_GROCERIES,groceries,Co-op Group Food.
v4,train,Louise,Louise Woodhall - SortCodeAccountNumber: 20268670852341,1000.0,debit,plaid,TRANSFER_OUT_OTHER,transfer_p2p,Named-person £1000 Faster Payment.
v4,train,Transport for London,Contactless Payment TFL TRAVEL CH,8.9,debit,plaid,TRAVEL_AND_TRANSPORTATION_PUBLIC_TRANSIT,public_transport_rail_coach,TfL travel charge.
v4,train,U.S. Post Office,POST OFFICE DERING ROAD 23JUL 08.33 ATM,24.0,debit,plaid,TRANSFER_OUT_CHECKS_AND_ATM,cash_withdrawal,Post Office ATM (LINK). Merchant U.S. Post Office is a Plaid mislabel.
v4,train,Steam,Steam,12.79,debit,plaid,ENTERTAINMENT_MUSIC_VIDEO_GAMES_TV_AND_MOVIES,gaming_console_pc,Steam game purchase.
v4,iter_eval,Domestic & General,D&G APPLIANCE CARE,8.74,debit,plaid,INSURANCE_AND_TAX_INSURANCE,insurance_general,Domestic & General appliance care.
v4,train,Hj Jones Lia 30th,Hj Jones Lia 30th,8.0,debit,plaid,TRANSFER_OUT_OTHER,transfer_p2p,Named person with 30th (birthday) memo.
v4,train,Kath Money,KATH              MONEY             VIA MOBILE - PYMT FP 28/08/25 10    34120728318148000N,27.62,debit,plaid,TRANSFER_OUT_OTHER,transfer_p2p,Named person with Money memo.
v4,train,Wilmington,687 - WILMINGTON,8.25,debit,plaid,TRANSFER_OUT_OTHER,discount_store,"OVERRIDE unclassified. 687 - WILMINGTON is B&M store 687 at Wilmington Drive, Doncaster (same numbering as Sprucefield)."
v4,train,The Blue Corn Bakery,The Blue Corn Bake,11.0,debit,plaid,DINING_OTHER_DINING,restaurant_cafe,Blue Corn Bakery cafe/bakery.
v4,train,Costa Coffee,COSTA COFFEE 43010,3.99,debit,plaid,DINING_COFFEE,restaurant_cafe,Costa Coffee.
v4,train,LC International,CARD PAYMENT TO LC INTERNATIONAL LTD ON 18-09-2025,10.0,debit,plaid,ENTERTAINMENT_CASINOS_AND_GAMBLING,gambling_betting,LC International betting.
v4,train,Google One,Google One,1.59,debit,plaid,GENERAL_SERVICES_OTHER_SERVICES,web_services,"Google One is cloud storage / web_services, not App Store software."
v4,train,Leader Chicken Marti,Leader Chicken (marti,6.0,debit,plaid,DINING_DINING,takeaway,Leader Chicken takeaway.
v4,train,Amazon,Amazon,59.95,debit,plaid,GENERAL_MERCHANDISE_ONLINE_MARKETPLACES,marketplace_amazon,Amazon debit.
v4,train,Dcvendingltd,Nyx*dcvendingltd,1.9,debit,plaid,FOOD_RETAIL_OTHER,confectionary,"DC Vending Ltd NYX* snack vend. Company is vending, so confectionary not gambling."
v4,train,Premier Garthdee Cd,Premier Garthdee CD 1276,13.11,debit,plaid,GENERAL_MERCHANDISE_FURNITURE_AND_HARDWARE,groceries,Premier Garthdee is Premier symbol-group grocer.
v4,train,E.ON UK,E.on Next Ltd E.ON Next,176.71,debit,plaid,RENT_AND_UTILITIES_GAS_AND_ELECTRICITY,energy,E.ON Next energy bill.
v4,train,Jivita Ayurveda,JIVITA AYURVEDA Jivita Ayurveda,10.0,debit,plaid,TRANSFER_OUT_OTHER,beauty_treatment,Jivita Ayurveda is a London Ayurvedic spa offering body/beauty treatments.
v4,train,Wh Smith Stafford,WH Smith Stafford,2.99,debit,plaid,GENERAL_MERCHANDISE_OTHER_GENERAL_MERCHANDISE,books,WH Smith mixed books/news/stationery; £2.99 Stafford till is typical news/book spend.
v4,train,Suhail Forjani,SUHAIL FORJANI 500000001643944101,20.0,debit,plaid,TRANSFER_OUT_OTHER,transfer_p2p,Named-person Faster Payment.
v4,train,Peacock Stores,Contactless Payment PEACOCK STORES APPLEPAY 8561 2025-08-31,24.0,debit,plaid,ENTERTAINMENT_MUSIC_VIDEO_GAMES_TV_AND_MOVIES,clothing_general,Peacocks is a UK value clothing retailer. Native entertainment is wrong.
v4,train,Amazon,AMZNMktplace*QF8TC  ON 14 SEP BCC AMZNMKTPLACE,3.99,debit,plaid,GENERAL_MERCHANDISE_ONLINE_MARKETPLACES,marketplace_amazon,Amazon Marketplace debit.
v4,train,Amazon,AMZNMktplace*RV01Qamazon.co.uk,13.08,debit,plaid,GENERAL_MERCHANDISE_ONLINE_MARKETPLACES,marketplace_amazon,Amazon Marketplace debit.
v4,train,Metro,Contactless Payment SUMUP *METRO MDE6DYH4 APPLEPAY 0844,8.6,debit,plaid,TRAVEL_AND_TRANSPORTATION_PUBLIC_TRANSIT,unclassified_other,"SumUp *METRO £8.60. SumUp means this is not TfL; Metro could be a pub, cafe or shop."
v4,train,Tesco Petrol,4995 09AUG25 CD   TESCO PFS 3442    WYCOMBE NORTH GB,13.1,debit,plaid,TRAVEL_AND_TRANSPORTATION_OTHER_TRAVEL_AND_TRANSPORTATION,fuel,Tesco PFS fuel.
v4,train,Amazon,5984 29AUG25      AMAZON* RK6IZ5OQ4 LONDON GB,112.36,debit,plaid,GENERAL_MERCHANDISE_ONLINE_MARKETPLACES,marketplace_amazon,Amazon debit.
v4,train,Current,207291 83683028  OPTIONAL FT Barclays current account,20.0,debit,plaid,TRANSFER_OUT_OTHER,transfer_bank_unspecified,OVERRIDE unclassified_other. Faster Payment to a Barclays current account; purpose unknown.
v4,train,Jason Smith Shop,JASON SMITH       SHOP              VIA MOBILE - PYMT FP 19/09/25 10    37093529227222000N,160.0,debit,plaid,TRANSFER_OUT_OTHER,transfer_p2p,"Named person Jason Smith; Shop is a memo, not a retailer."
v4,train,Sadie,SADIE 400000001600031060,100.0,debit,plaid,TRANSFER_OUT_OTHER,transfer_p2p,First-name Faster Payment.
v4,train,Arshdeep Singh Me,ARSHDEEP SINGH  ME FT,10.0,debit,plaid,TRANSFER_OUT_OTHER,transfer_p2p,Named-person Faster Payment.
v4,train,McDonald's,1826 06JUL25      MCDONALDS         BATH GB,30.12,debit,plaid,DINING_DINING,takeaway,McDonald's debit.
v4,train,Bhavna Joshi,Payment to BHAVNA JOSHI 600217 62549790,8.35,debit,plaid,TRANSFER_OUT_OTHER,transfer_p2p,Named-person Faster Payment.
v4,train,Amazon,CARD PAYMENT TO AMAZON* RF19D3XV4 ON 08-08-2025,11.99,debit,plaid,GENERAL_MERCHANDISE_ONLINE_MARKETPLACES,marketplace_amazon,Amazon debit.
v4,train,Ayngaran Service Station,AYNGARAN SERVICE S,25.0,debit,plaid,TRAVEL_AND_TRANSPORTATION_OTHER_TRAVEL_AND_TRANSPORTATION,fuel,Ayngaran Service Station forecourt.
v4,train,Apple,0523 06AUG25      APPLE.COM/BILL    08001076285 IE,1.79,debit,plaid,GENERAL_MERCHANDISE_COMPUTERS_AND_ELECTRONICS,software,Apple.com/bill.
v4,train,McDonald's,Contactless Payment MCDONALDS APPLEPAY 2646,24.95,debit,plaid,DINING_DINING,takeaway,McDonald's debit.
v4,train,Qualivend,QUALIVEND,1.5,debit,plaid,FOOD_RETAIL_OTHER,confectionary,Qualivend vending snack.
v4,train,Top Of The Mar,SumUp  *Top Of The Mar Sumup *top Of The Mar,2.0,debit,plaid,TRANSFER_OUT_OTHER,unclassified_other,SumUp *Top Of The Mar £2. Truncated venue name; cannot uniquely identify pub vs cafe vs stall.
v4,train,Stdh Restaurant,Stdh Restaurant,3.25,debit,plaid,DINING_DINING,restaurant_cafe,Stdh Restaurant dining debit.
v4,train,Home Insurancelbis,HOME INSURANCELBIS HBP603493131-67C83,3.08,debit,plaid,INSURANCE_AND_TAX_INSURANCE,insurance_home,Home insurance LBIS (Lloyds Bank Insurance Services).
v4,train,K Mitchell,K MITCHELL,5.0,debit,plaid,TRANSFER_OUT_OTHER,transfer_p2p,Named-person Faster Payment.
v4,train,Reading Taxi,Contactless Payment SUMUP *READING TAXI GOOGLE 6048,17.8,debit,plaid,TRANSFER_OUT_OTHER,taxi_rideshare,Reading Taxi via SumUp.
v4,train,Cd Chester Off License,1320 23JUL25 CD   CHESTER OFF       LICENSE           CHESTER GB,8.64,debit,plaid,GOVERNMENTS_AND_NON_PROFIT_GOVERNMENTS_AND_NON_PROFIT,alcohol_beer_spirits,Chester Off License.
v4,train,N Dales Leon Ft,N DALES  LEON FT,21.0,debit,plaid,TRANSFER_OUT_OTHER,transfer_p2p,"N Dales is a named person; Leon is a memo/name, not the Leon restaurant chain."
v4,train,McDonald's,McDonald’s,14.0,debit,plaid,DINING_DINING,takeaway,McDonald's debit.
v4,train,Ionos Cloud LTD,IONOS CLOUD LTD,1.2,debit,plaid,GENERAL_SERVICES_OTHER_SERVICES,web_services,IONOS Cloud hosting.
v4,train,Burnley Borough Council,BURNLEY BOROUGH CO BURNLEY BOROUGH CL,500.0,credit,plaid,INCOME_SALARY,salary,Burnley Borough Council £500 credit. Council credits are usually salary (brief); native INCOME_SALARY. Not council_tax.
v4,train,GWR,GWR CATERING  ON 13 AUG CPM Great Western Railways,6.0,debit,plaid,DINING_OTHER_DINING,restaurant_cafe,OVERRIDE established salary. GWR Catering is onboard/station food spend — same class of error as Esso→salary.
v4,train,Amazon,Amazon,27.96,debit,plaid,GENERAL_MERCHANDISE_ONLINE_MARKETPLACES,marketplace_amazon,Amazon debit.
v4,train,Amazon,AMAZON* R76EO9VX4  ON 12 JUL BCC AMAZON.CO.UK,4.99,debit,plaid,GENERAL_MERCHANDISE_ONLINE_MARKETPLACES,marketplace_amazon,Amazon debit.
v4,train,Asha Shaali Gresory,ASHA SHAALI       GRESORY           VIA MOBILE - PYMT FP 24/09/25 10    50011343576559000N,5.0,debit,plaid,TRANSFER_OUT_OTHER,transfer_p2p,Named person Asha Shaali; Gresory (grocery) is a memo.
v4,train,Transport for London,"TFL TRAVEL CH - VICTORIA STREET, TFL.GOV.UK/CP",4.55,debit,plaid,TRAVEL_AND_TRANSPORTATION_PUBLIC_TRANSIT,public_transport_rail_coach,TfL travel charge.
v4,train,Healthlottery.co.uk,HEALTHLOTTERY.CO.U,2.5,debit,plaid,MEDICAL_PHARMACIES_AND_SUPPLEMENTS,gambling_lottery,The Health Lottery. Native pharmacy is wrong.
v4,train,Costa Coffee,Costa Coffee,5.4,debit,plaid,DINING_COFFEE,restaurant_cafe,Costa Coffee.
v4,train,Next Retail LTD,NEXT RETAIL LTD,6.0,debit,plaid,LOAN_PAYMENTS_PERSONAL_LOAN_PAYMENT,clothing_general,OVERRIDE catalogue_retail. Next Retail Ltd £6 is a small till/online clothing purchase; Next Directory/Card would be named.
v4,train,Tidal Vape,Tidal Vape,10.0,debit,plaid,GENERAL_MERCHANDISE_OTHER_GENERAL_MERCHANDISE,vaping,Tidal Vape.
v4,train,Craig Tara,CRAIG TARA - RETAI,15.86,debit,plaid,TRANSFER_OUT_OTHER,convenience_store,"Craig Tara (Haven) on-site retail at a UK holiday park. Adversarial: CRAIG TARA - RETAI £15.86 is on-park shop spend at Haven Craig Tara, not a holiday package."
v4,iter_eval,Icelandair,Iceland Peckham 2,6.25,debit,plaid,FOOD_RETAIL_GROCERIES,groceries,"Iceland Peckham supermarket, not Icelandair. Merchant name is a Plaid collision."
v4,train,L&g Insurance,L&G INSURANCE MI 0138285101-250627,50.0,debit,plaid,INSURANCE_AND_TAX_INSURANCE,insurance_general,Legal & General is multi-line; £50 insurance DD. Not insurance_life without a life-only product.
v4,train,Ferovinum LTD,FEROVINUM LTD     CAVE              VIA MOBILE - PYMT FP 28/07/25 10    09091741993271000N,315.61,debit,plaid,TRANSFER_OUT_OTHER,financial_services_other,"Ferovinum CAVE: wine/spirits inventory platform; CAVE memo. Treat as wine purchase, not a loan. Adversarial: Ferovinum/Fero CAVE is wine inventory-finance, not a wine retailer."
v4,train,William Ashcroft,Starling Bank account - I owe William Ashcroft - SortCodeAccountNumber: 60837146173175,40.0,debit,plaid,TRANSFER_OUT_OTHER,loan_repayment_manual,OVERRIDE transfer_p2p. Narrative I owe William Ashcroft is an explicit OWE/debt keyword.
v4,train,Llantrisant Food Wareh,Llantrisant Food Wareh,23.25,debit,plaid,FOOD_RETAIL_GROCERIES,groceries,Llantrisant Food Warehouse is The Food Warehouse (Iceland fascia).
v4,train,Gm Promotions,GM Promotions  ON 05 SEP CPM GM PROMOTIONS,6.5,debit,plaid,TRAVEL_AND_TRANSPORTATION_PUBLIC_TRANSIT,unclassified_other,GM Promotions £6.50. Amusement SIC exists but native public-transit and no unique product; do not force prize_competitions.
v4,train,Ppoint,"PPOINT_*HIGHFIELD ROAD (VIA GOOGLE PAY), ON 17-09-2025",6.54,debit,plaid,TRAVEL_AND_TRANSPORTATION_OTHER_TRAVEL_AND_TRANSPORTATION,car_parking,PPOINT Highfield Road parking terminal.
v4,train,Mns Late Shop,PPOINT_*MNS LATE S  ON 15 JUL CPM PPOINT_*MNS LATE SHOP,1.85,debit,plaid,TRAVEL_AND_TRANSPORTATION_OTHER_TRAVEL_AND_TRANSPORTATION,convenience_store,MNS Late Shop convenience.
v4,train,Jasmin Hughes,Jasmin Hughes,30.0,debit,plaid,TRANSFER_OUT_OTHER,transfer_p2p,Named-person Faster Payment.
v4,train,Easy Saver,TO EASY SAVER 771228-37985360,50.0,debit,plaid,TRANSFER_OUT_SAVINGS,savings_transfer,To Easy Saver savings pot.
v4,train,Stageco,STAGECOACH,3.0,debit,plaid,TRAVEL_AND_TRANSPORTATION_OTHER_TRAVEL_AND_TRANSPORTATION,public_transport_rail_coach,Stagecoach bus.
v4,train,Topfellas Convenience,TOPFELLAS CONVENIE,6.88,debit,plaid,GENERAL_MERCHANDISE_CONVENIENCE_STORES,convenience_store,Topfellas Convenience.
v4,train,Lynwood & Co Burfo,SQ *LYNWOOD & CO BURFO Lynwood & Co Burfo,29.05,debit,plaid,DINING_DINING,restaurant_cafe,Lynwood & Co Burford is an Australian-style cafe.
v4,train,Amir,Amir Hanif - SortCodeAccountNumber: 04000455757671,1040.0,debit,plaid,TRANSFER_OUT_OTHER,transfer_p2p,Named-person Faster Payment.
v4,train,4 Mandate No,"DIRECT DEBIT REVERSAL REF 867707085/4, MANDATE NO 0096",18.17,credit,plaid,TRANSFER_IN_OTHER,returned_payment,Direct debit reversal / mandate returned payment.
v4,train,HM Revenue and Customs,HMRC CHILD BENEFIT 08011789,60.55,credit,plaid,INCOME_SALARY,benefits_state,HMRC Child Benefit credit.
v4,train,Wingham Wildlife Ry,WINGHAM WILDLIFE RY25RNZ,5.5,debit,plaid,ENTERTAINMENT_EVENTS_AND_TICKETS,days_out,Wingham Wildlife Park.
v4,train,Sweet Land,Sweet Land,1.5,debit,plaid,TRANSFER_OUT_OTHER,confectionary,Sweet Land sweets.
v4,train,Cd Blue Anchor,1993 26JUL25 CD   BLUE ANCHOR       LIVERPOOL GB,4.12,debit,plaid,INSURANCE_AND_TAX_INSURANCE,pub_bar,Blue Anchor Liverpool pub. Native insurance is spurious.
v4,train,L Jones,L JONES 309555 37788268,150.05,debit,plaid,TRANSFER_OUT_OTHER,transfer_p2p,Named-person Faster Payment.
v4,train,Cd The Railway,8145 14JUN25 CD   THE RAILWAY       TREDEGAR GB,5.5,debit,plaid,TRAVEL_AND_TRANSPORTATION_PUBLIC_TRANSIT,pub_bar,"The Railway Tredegar is a pub named The Railway, not rail travel."
v4,train,Jp News & Booze,JP NEWS & BOOZE,1.65,debit,plaid,FOOD_RETAIL_LIQUOR_STORES,convenience_store,JP News & Booze is a newsagent/off-licence convenience shop; £1.65 mixed basket so not forced alcohol.
v4,train,T K Maxx,7826 30AUG25 CD   T K MAXX          METRO CENTRE GB,40.19,debit,plaid,GENERAL_MERCHANDISE_APPAREL_AND_ACCESSORIES,clothing_general,TK Maxx clothing/off-price apparel.
v4,train,Tiktok Shop,TikTok Shop,16.9,debit,plaid,GENERAL_MERCHANDISE_ONLINE_MARKETPLACES,marketplace_general,"TikTok Shop debit (spend, not seller payout)."
v4,train,Miss Elise M Gallagher,Miss Elise M Gallagher Miss Elise M Galla,0.96,debit,plaid,TRANSFER_OUT_OTHER,transfer_p2p,Named-person Faster Payment.
v4,train,JD Wetherspoon,8145 12SEP25  D   JD WETHERSPOON    WATFORD GB,3.69,debit,plaid,DINING_DINING,pub_bar,JD Wetherspoon.
v4,train,That Prize Guy LTD,That Prize Guy Ltd,0.9,debit,plaid,ENTERTAINMENT_CASINOS_AND_GAMBLING,prize_competitions,That Prize Guy Ltd prize-draw.
v4,train,Little Ast,Contactless Payment LITTLE ASTRONAUTS,6.6,debit,plaid,DINING_DINING,days_out,Little Astronauts Hull is a space-themed soft-play/family entertainment venue.
v4,train,Kal-el C Oliver Food,KAL-EL C OLIVER  FOOD FT,6.38,debit,plaid,DINING_DINING,transfer_p2p,Named person Kal-El C Oliver; Food is a memo.
v4,train,U.S. Post Office,Post Office,8.75,debit,plaid,GENERAL_SERVICES_OTHER_SERVICES,delivery_courier,Small Post Office contactless is postage/parcel (Plaid U.S. Post Office mislabel).
v4,train,Raylo,RAYLO,27.84,debit,plaid,GENERAL_MERCHANDISE_ONLINE_MARKETPLACES,retail_finance_repayment,Raylo device-finance repayment.
v4,train,Vue,"VUE CINEMAS (VIA APPLE PAY), ON 08-10-2025",6.78,debit,plaid,ENTERTAINMENT_MUSIC_VIDEO_GAMES_TV_AND_MOVIES,cinema,Vue Cinemas.
v4,train,Plumstead,Plumstead Market from Bus 2.0 Pot,3.87,debit,plaid,FOOD_RETAIL_GROCERIES,groceries,Plumstead Market food shopping (from a bus pot).
v4,train,HM Revenue and Customs,HMRC CHILD BENEFIT 05712230,26.05,credit,plaid,INCOME_SALARY,benefits_state,HMRC Child Benefit credit.
v4,train,Mirage Amusements,MIRAGE AMUSEMENTS  ON 17 OCT CLP,10.0,debit,plaid,ENTERTAINMENT_OTHER_ENTERTAINMENT,gambling_unspecified,Mirage Amusements is a seaside arcade/adult gaming centre with fruit machines; £10 stake. Not days_out.
v4,train,Hilltop Vending So,Nya*hilltop Vending So,1.0,debit,plaid,FOOD_RETAIL_OTHER,confectionary,Hilltop Vending snack.
v4,train,Migo Sports,Migo Sports,72.0,debit,plaid,GENERAL_MERCHANDISE_SPORTING_GOODS,sports_equipment,Migo Sports Glasgow sells sports kit/equipment.
v4,train,Ultimate Shine Win,ULTIMATE SHINE WIN 100000001612275274,16.0,debit,plaid,TRAVEL_AND_TRANSPORTATION_AUTOMOTIVE,carwash,Ultimate Shine valeting/carwash.
v4,train,Charlotte Davies Charlie,CHARLOTTE DAVIES  CHARLIE           VIA MOBILE - PYMT FP 22/07/25 10    59090658672368000N,50.0,debit,plaid,LOAN_PAYMENTS_CREDIT_CARD_PAYMENT,transfer_p2p,Named person; native credit-card payment is spurious.
v4,train,David Bean Flat,David Bean Flat6Rent,115.0,debit,plaid,RENT_AND_UTILITIES_RENT,rent,David Bean Flat6Rent is rent to a named landlord.
v4,train,The Heart Of Walton,THE HEART OF WALTO  ON 11 AUG CPM THE HEART OF WALTON,1.5,debit,plaid,DINING_DINING,restaurant_cafe,The Heart of Walton £1.50 dining native; likely a local cafe.
v4,train,Pizza Pilgrims,Pizza Pilgrims       )))),31.5,debit,plaid,DINING_DINING,restaurant_cafe,Pizza Pilgrims is a sit-down pizza restaurant.
v4,train,Knoops,Contactless Payment Knoops APPLEPAY 8005,5.45,debit,plaid,GENERAL_MERCHANDISE_OTHER_GENERAL_MERCHANDISE,restaurant_cafe,Knoops is a chocolate-drink cafe. Override Haiku unclassified.
v4,train,Jump Inc,Jump Inc Liverpool CD 3103,4.95,debit,plaid,TRAVEL_AND_TRANSPORTATION_OTHER_TRAVEL_AND_TRANSPORTATION,days_out,Jump Inc Liverpool trampoline park.
v4,train,Amazon,AMAZON* T12US1AC5 Amazon,18.8,debit,plaid,GENERAL_MERCHANDISE_ONLINE_MARKETPLACES,marketplace_amazon,Amazon debit.
v4,train,Off Licence Gs Wi,PPOINT_*OFF LICENC,2.65,debit,plaid,TRAVEL_AND_TRANSPORTATION_OTHER_TRAVEL_AND_TRANSPORTATION,alcohol_beer_spirits,Off licence PayPoint.
v4,train,L&g Insurance,L&G INSURANCE MI 0267376457-250826,10.38,debit,plaid,INSURANCE_AND_TAX_INSURANCE,insurance_general,Legal & General multi-line insurance DD.
v4,iter_eval,COOP,EOE COOP FOOD,4.0,debit,plaid,FOOD_RETAIL_GROCERIES,groceries,Co-op Food.
v4,train,Esme,ESME 400000001622815889,10.0,debit,plaid,TRANSFER_OUT_OTHER,transfer_p2p,"OVERRIDE unclassified. Esme is a personal first-name Faster Payment, same pattern as Sadie."
v4,train,Apple,0869 14JUN25      APPLE.COM/BILL    08001076285 IE,1.99,debit,plaid,GENERAL_MERCHANDISE_COMPUTERS_AND_ELECTRONICS,software,Apple.com/bill.
v4,train,Cd Thrive Total,2368 28JUL25 CD   THRIVE TOTAL      FITNESS           WIGAN GB,5.2,debit,plaid,PERSONAL_CARE_GYMS_AND_FITNESS_CENTERS,gym_fitness,Thrive Total Fitness Wigan gym.
v4,train,Dvla-av,Dvla-av70ojj Driver & Vehicle Licensing Agency,17.09,debit,plaid,GOVERNMENTS_AND_NON_PROFIT_GOVERNMENTS_AND_NON_PROFIT,road_tax,"DVLA plus vehicle reg AV70OJJ £17.09 matches monthly VED Direct Debit, not MOT (MOT is not billed by DVLA)."
v4,train,McDonald's,MCDONALDS 1361  ON 01 AUG CPM McDonald's,4.79,debit,plaid,DINING_DINING,takeaway,McDonald's debit.
v4,train,Apple,APPLE.COM/BILL,9.99,debit,plaid,GENERAL_MERCHANDISE_COMPUTERS_AND_ELECTRONICS,software,Apple.com/bill.
v4,iter_eval,Duelz,duelz.com Duelz,20.5,debit,plaid,ENTERTAINMENT_CASINOS_AND_GAMBLING,gambling_casino,duelz.com is a UKGC-licensed online casino (SuprPlay).
v4,train,Electrajet,NYA*Electrajet,2.0,debit,plaid,TRAVEL_AND_TRANSPORTATION_FLIGHTS,carwash,"OVERRIDE unclassified. NYA*Electrajet £2 is Electrajet forecourt vacuum/jet-wash, not a flight."
v4,train,Diamond Bus Limited,Diamond Bus Limite,3.0,debit,plaid,TRAVEL_AND_TRANSPORTATION_PUBLIC_TRANSIT,public_transport_rail_coach,Diamond Bus.
v4,train,Docklands Light Ra,DOCKLANDS LIGHT RA,5.0,debit,plaid,TRANSFER_OUT_OTHER,public_transport_rail_coach,Docklands Light Railway.
v4,train,Current,200206 93160610  MOBILE-CHANNEL FT Barclays current account,350.0,debit,plaid,TRANSFER_OUT_OTHER,transfer_bank_unspecified,Faster Payment to a Barclays current account £350; purpose unknown. Prefer this over unclassified_transfer/other.
v4,train,Amazon,Amazon.co.uk*RC2VL78G4,13.07,debit,plaid,GENERAL_MERCHANDISE_ONLINE_MARKETPLACES,marketplace_amazon,Amazon debit.
v4,train,Hounslow Bazaar,Hounslow bazaar,1.99,debit,plaid,GENERAL_SERVICES_OTHER_SERVICES,groceries_specialist,Hounslow Bazaar is a world-food grocer.
v4,train,Mclean E Harper Sto,MCLEAN E  HARPER STO,30.0,debit,plaid,TRANSFER_OUT_OTHER,unclassified_other,McLean E Harper Sto is two names plus STO memo; cannot tell person vs shop.
v4,train,Amazon,Amazon,9.99,debit,plaid,GENERAL_MERCHANDISE_ONLINE_MARKETPLACES,marketplace_amazon,Amazon debit.
v4,train,SkyBet,SKY BET  ON 30 AUG CPM,10.0,debit,plaid,ENTERTAINMENT_CASINOS_AND_GAMBLING,gambling_betting,Sky Bet debit.
v4,iter_eval,Icelandair,ICELAND  ON 05 AUG CPM,11.6,debit,plaid,FOOD_RETAIL_GROCERIES,groceries,Iceland supermarket (not the airline).
v4,train,McDonald's,MCDONALDS,5.12,debit,plaid,DINING_DINING,takeaway,McDonald's debit.
v4,train,Sullivan Buses,Contactless Payment Sullivan Buses GOOGLE 6048 2025-09-21,7.6,debit,plaid,DINING_DINING,public_transport_rail_coach,Sullivan Buses. Native dining is wrong.
v4,train,Roll N One,Zettle_*roll N One L,7.2,debit,plaid,DINING_DINING,restaurant_cafe,Zettle Roll N One £7.20 dining native. Food-service merchant; not uniquely takeaway vs eat-in.
v4,train,Chennai,1203 26OCT25 CD   SUMUP  *CHENNAI   DUM BI            BIRMINGHAM GB,57.91,debit,plaid,DINING_DINING,restaurant_cafe,SumUp Chennai Dum Biryani Birmingham Indian restaurant.
v4,train,Electraworks LTD,ELECTRAWORKS LTD  ON 30 AUG CPM,5.0,debit,plaid,ENTERTAINMENT_CASINOS_AND_GAMBLING,gambling_casino,Electraworks Ltd is Entain/bwin casino entity.
v4,train,Kings,Premier Kings Road,7.64,debit,plaid,TRAVEL_AND_TRANSPORTATION_OTHER_TRAVEL_AND_TRANSPORTATION,groceries,Premier Kings Road is Premier symbol-group grocer (brief: Premier → groceries).
v4,train,Emma Jane Kemp,EMMA JANE KEMP 300000001604726983,10.0,debit,plaid,TRANSFER_OUT_OTHER,transfer_p2p,Named-person Faster Payment.
v4,train,Benjiman Varrier,BENJIMAN VARRIER 200000001620969497,3.98,debit,plaid,TRANSFER_OUT_OTHER,transfer_p2p,Named-person Faster Payment.
v4,train,Grab,www.grab.com,0.99,debit,plaid,DINING_DINING,unclassified_other,www.grab.com £0.99. Grab is a SEA super-app (rides + food); £0.99 could be card-verify or either product. Do not force taxi vs takeaway.
v4,train,MRS,MRS LISA LIPTROT 500000001601066822,10.0,debit,plaid,TRANSFER_OUT_OTHER,transfer_p2p,Named-person Faster Payment.
v4,train,Cd Pdsa Aston Pet Hospita,6861 02JUL25 CD   PDSA ASTON PET    HOSPITA           BIRMINGHAM GB,30.0,debit,plaid,PET_CARE_AND_SUPPLIES_VETERINARY_SERVICES,veterinary,PDSA Aston Pet Hospital Birmingham is a veterinary hospital.
v4,train,Olivecateringservi,NYX*OliveCateringS  ON 21 JUL CLP NYX*OLIVECATERINGSERVI,0.95,debit,plaid,DINING_OTHER_DINING,catering,NYX OliveCateringServi is workplace catering (Olive Catering).
v4,train,Stagecoach Services,STAGECOACH SERVICE  ON 18 AUG CPM STAGECOACH SERVICES LI,3.0,debit,plaid,TRAVEL_AND_TRANSPORTATION_PUBLIC_TRANSIT,public_transport_rail_coach,Stagecoach bus fare.
v4,train,Freedom Leisure Su,FREEDOM LEISURE SU,7.2,debit,plaid,ENTERTAINMENT_EVENTS_AND_TICKETS,gym_fitness,Freedom Leisure is a leisure-centre / gym operator.
v4,train,Coffee Welshpool,Coffee            Welshpool,3.2,debit,plaid,DINING_COFFEE,restaurant_cafe,Coffee shop in Welshpool.
v4,train,Johnson Fitness & Wellness,"JOHNSONS BUILDERS MERC - U 3 MARDLE WAY BUSIN, BUCKFASTLEIGH",24.3,debit,plaid,GENERAL_MERCHANDISE_FURNITURE_AND_HARDWARE,home_improvement,"Plaid merchant is Johnson Fitness but narrative is JOHNSONS BUILDERS MERC, Unit 3 Mardle Way, Buckfastleigh — a builders merchant."
v4,train,Cubbins Attractions Tw,CUBBINS ATTRACTION  ON 27 SEP CPM CUBBINS ATTRACTIONS TW,5.0,debit,plaid,INSURANCE_AND_TAX_INSURANCE,days_out,Cubbins Attractions is a travelling fairground family.
v4,train,Dracula Market LTD,Dracula Market Ltd  ON 31 AUG CPM DRACULA MARKET LTD,11.79,debit,plaid,FOOD_RETAIL_GROCERIES,groceries_specialist,Dracula Market Ltd is a Barnsley food shop (SIC 47110) with a Romanian/world-food fascia; specialist grocer rather than a supermarket.
v4,train,Red Cars Taxis,Red Cars Taxis,3.0,debit,plaid,TRAVEL_AND_TRANSPORTATION_TAXIS_AND_RIDE_SHARES,taxi_rideshare,Red Cars Taxis.
v4,train,Royalmailgr,2787 05OCT25      PAYPAL            *ROYALMAILGR      07853348269 GB,1411.42,debit,plaid,GENERAL_SERVICES_OTHER_SERVICES,delivery_courier,PayPal *ROYALMAILGR — underlying merchant is Royal Mail postage.
v4,train,Alfie Harrison,ALFIE HARRISON    X                 VIA MOBILE - PYMT FP 13/08/25 10    23193247847379000N,10.0,debit,plaid,TRANSFER_OUT_OTHER,transfer_p2p,Named person Alfie Harrison; mobile FPS; no other purpose.
v4,train,Tesco Petrol,TESCO PFS 2004  ON 19 AUG CLP Tesco - Fuel,5.7,debit,plaid,TRAVEL_AND_TRANSPORTATION_OTHER_TRAVEL_AND_TRANSPORTATION,fuel,Tesco PFS / Tesco - Fuel. Forecourt fuel.
v4,train,Liverpool One Gift Sto,Liverpool One Gift Sto,3.0,debit,plaid,GENERAL_MERCHANDISE_OTHER_GENERAL_MERCHANDISE,gifts_flowers,Liverpool One gift shop till.
v4,train,Tanya Cope Boobs Via,TANYA COPE        BOOBS             VIA MOBILE - PYMT,10.0,debit,plaid,TRANSFER_OUT_OTHER,transfer_p2p,Named person Tanya Cope; BOOBS is a memo; mobile FPS.
v4,train,Welcome Angel Islingto,WELCOME CO OP  ON 13 AUG CLP WELCOME ANGEL ISLINGTO,25.63,debit,plaid,FOOD_RETAIL_GROCERIES,groceries,Welcome Co-op Angel Islington supermarket.
v4,train,Stagecoach Services,STAGECOACH SERVICES CD 8948,1.5,debit,plaid,TRAVEL_AND_TRANSPORTATION_PUBLIC_TRANSIT,public_transport_rail_coach,Stagecoach bus.
v4,train,Callum Work,Callum            Work,110.0,debit,plaid,TRANSFER_OUT_OTHER,transfer_p2p,Named person Callum; Work is a memo not PAYE.
v4,train,Dvla-k,Returned direct debit DVLA-KN70CUU 074456 05042319,17.06,credit,plaid,TRANSFER_IN_OTHER,returned_payment,OVERRIDE established road_tax. Credit is Returned direct debit DVLA — UNP/returned DD rule.
v4,train,Gdk Borough,GDK BOROUGH,14.25,debit,plaid,GOVERNMENTS_AND_NON_PROFIT_GOVERNMENTS_AND_NON_PROFIT,takeaway,GDK Borough is German Doner Kebab on Borough High Street; kebab fast food is takeaway not council_tax.
v4,train,Hatherleigh Fish,Visa purchase SUMUP *HATHERLEIGH FISH,17.2,debit,plaid,DINING_DINING,takeaway,Hatherleigh Fish Bar is a fish-and-chip takeaway (SIC 56103).
v4,train,LTD,EE LTD,32.97,debit,plaid,RENT_AND_UTILITIES_TELECOMMUNICATIONS,mobile_phone_contract,EE LTD mobile contract.
v4,train,Circuit Go,CIRCUIT GO,2.3,debit,plaid,FOOD_RETAIL_OTHER,laundry,Circuit Go is a managed laundry-payment platform (worked example).
v4,train,Apple,APPLE.COM/BILL,1.99,debit,plaid,GENERAL_MERCHANDISE_COMPUTERS_AND_ELECTRONICS,software,APPLE.COM/BILL small App Store charge.
v4,train,Christopher Gadilh Molly Hogben,CHRISTOPHER GADILH  MOLLY HOGBEN FT,75.0,debit,plaid,TRANSFER_OUT_OTHER,transfer_p2p,Named persons Christopher Gadilh / Molly Hogben FPS.
v4,train,Zable,ZABLE CARD        6K9Y2OC5F1GHFGXBQHSWP TRUELAYER LIMIFP 31/07/25 40    20141548397779000R,100.0,debit,plaid,LOAN_PAYMENTS_CREDIT_CARD_PAYMENT,credit_card_repayment,"Zable Card via TrueLayer is a UK credit-builder card repayment, not BNPL."
v4,train,House Of Grillz,House Of Grillz,5.99,debit,plaid,DINING_DINING,jewellery,"OVERRIDE dual restaurant_cafe. House Of Grillz is custom teeth-grillz jewellery (Hatton Garden), not a grill restaurant. £5.99 matches a small jewellery/service charge."
v4,train,Claire Reid,Claire Reid,10.0,debit,plaid,TRANSFER_OUT_OTHER,transfer_p2p,Named person Claire Reid.
v4,train,Woolpack,WOOLPACK (NORWICH)  ON 30 AUG CPM,6.0,debit,plaid,GENERAL_MERCHANDISE_OTHER_GENERAL_MERCHANDISE,pub_bar,Woolpack Norwich is a pub.
v4,train,Apf Alaibgap,APF/ALAIBGAP  DIRALAGAP000427086 DDR,23.97,debit,plaid,TRANSFER_OUT_OTHER,unclassified_other,APF/ALAIBGAP string is unintelligible; no unique payee.
v4,train,Human Forest,Human Forest,5.0,debit,plaid,TRANSFER_OUT_OTHER,bicycle,Human Forest (now Forest) is London dockless e-bike hire. bicycle is the closest leaf (same pattern as shard 0 Lime/Voi).
v4,train,D Meccabingo,5377 29SEP25  D   MECCABINGO        MAIDENHEAD GB,50.0,debit,plaid,ENTERTAINMENT_CASINOS_AND_GAMBLING,gambling_bingo,Mecca Bingo debit.
v4,train,Onlinestore,Visa purchase PAYPAL *ONLINESTORE,54.21,debit,plaid,GENERAL_MERCHANDISE_CONVENIENCE_STORES,payment_intermediary,PAYPAL *ONLINESTORE — PayPal rail; underlying shop not identifiable so do not guess retail.
v4,train,Apple,INT'L 0000278621  APPLE.COM/BILL    08001076285,2.99,debit,plaid,GENERAL_MERCHANDISE_COMPUTERS_AND_ELECTRONICS,software,APPLE.COM/BILL App Store.
v4,train,Ali Hassnain,ALI HASSNAIN  N/A FT,50.0,debit,plaid,TRANSFER_OUT_OTHER,transfer_p2p,Named person Ali Hassnain.
v4,train,Khyber Shop,Khyber Shop,5.0,debit,plaid,GENERAL_MERCHANDISE_CONVENIENCE_STORES,convenience_store,"Khyber Shop is a neighbourhood grocery/convenience fascia (several UK Khyber Shop Ltds, SIC 47110/47190). £5 till is corner-shop scale, not a specialist butcher."
v4,train,Utilita Energy,UTILITA ENERGY LIM01962679088,15.0,debit,plaid,RENT_AND_UTILITIES_GAS_AND_ELECTRICITY,energy,Utilita Energy prepay/top-up.
v4,train,Amazon,Amazon,5.98,debit,plaid,GENERAL_MERCHANDISE_ONLINE_MARKETPLACES,marketplace_amazon,Amazon debit.
v4,train,Harveys Off Li,PPOINT_*HARVEYS OF  ON 27 AUG CLP PPOINT_*HARVEYS OFF LI,15.25,debit,plaid,FOOD_RETAIL_GROCERIES,alcohol_beer_spirits,Harveys Off Licence.
v4,train,Tanvir Ruhin,TANVIR RUHIN 200000001626018243,255.0,debit,plaid,TRANSFER_OUT_OTHER,transfer_p2p,Named person Tanvir Ruhin.
v4,train,Leisurematic LTD,Leisurematic Ltd,2.5,debit,plaid,ENTERTAINMENT_EVENTS_AND_TICKETS,entertainment_other,Leisurematic Ltd supplies kiddie-ride/arcade machines; £2.50 is amusement spend not a ticketed event.
v4,train,U.S. Post Office,Ash Green Post Office,1.93,debit,plaid,GENERAL_SERVICES_OTHER_SERVICES,delivery_courier,Ash Green Post Office counter; postal/delivery is the closest leaf.
v4,train,Hyrunnisa,HYRUNNISA ACHAM VE 100000001608340461,25.0,debit,plaid,TRANSFER_OUT_INVESTMENT_AND_RETIREMENT_FUNDS,transfer_p2p,Named person Hyrunnisa.
v4,iter_eval,B & Q,B&Q,111.0,debit,plaid,GENERAL_MERCHANDISE_FURNITURE_AND_HARDWARE,home_improvement,B&Q DIY.
v4,train,Raylo,RAYLO K6TBZ6V,21.36,debit,plaid,GENERAL_MERCHANDISE_ONLINE_MARKETPLACES,retail_finance_repayment,Raylo phone-rental instalment (own product).
v4,train,Redline Buses LTD,Contactless Payment Redline Buses Ltd APPLEPAY 8102,14.0,debit,plaid,TRAVEL_AND_TRANSPORTATION_PUBLIC_TRANSIT,public_transport_rail_coach,Redline Buses.
v4,train,Grab,Grab A-87xmx5xgx2lfav,0.69,debit,plaid,TRANSFER_OUT_OTHER,unclassified_other,"Grab A-87… £0.69. Grab is a SE Asia super-app (rides, food, wallet). Amount and descriptor do not uniquely pick taxi vs food vs verification. Do not force taxi_rideshare."
v4,train,Community Fibre,A797708 Community Fibre,21.0,debit,plaid,TRANSFER_OUT_OTHER,broadband_tv_phone,Community Fibre broadband.
v4,train,Talk Mobile LTD,  TALK MOBILE LTD,49.0,debit,plaid,RENT_AND_UTILITIES_TELECOMMUNICATIONS,mobile_phone_contract,Talk Mobile contract.
v4,train,Chip Box Wedne,SUMUP *CHIP BOX WE  ON 22 OCT CLP SUMUP  *CHIP BOX WEDNE,6.5,debit,plaid,TRANSFER_OUT_OTHER,takeaway,Chip Box Wednesbury chip shop via SumUp.
v4,iter_eval,A C,To A/C 29829704   HYNAM KJ          Via Mobile Xfer,40.0,debit,plaid,TRANSFER_OUT_OTHER,transfer_p2p,OVERRIDE established transfer_bank_unspecified. To A/C HYNAM KJ Via Mobile Xfer is a named person.
v4,train,O Kica,O KICA 200000001589637010,30.0,debit,plaid,TRANSFER_OUT_OTHER,unclassified_other,O KICA £30; could be a person or a venue; not uniquely identifiable.
v4,train,The Rock Shop Gift Sho,THE ROCK SHOP GIFT,4.5,debit,plaid,GENERAL_MERCHANDISE_OTHER_GENERAL_MERCHANDISE,gifts_flowers,The Rock Shop gift shop till.
v4,train,Liquor Barn,LIQUOR BARN,6.0,debit,plaid,FOOD_RETAIL_LIQUOR_STORES,alcohol_beer_spirits,Liquor Barn off-licence.
v4,train,EE,EE LIMITED  Q48256675649640244 DDR,13.78,debit,plaid,RENT_AND_UTILITIES_TELECOMMUNICATIONS,mobile_phone_contract,EE Limited DD.
v4,train,Chloe Dingomal,CHLOE DINGOMAL 100000001567059303,10.0,debit,plaid,TRANSFER_OUT_OTHER,transfer_p2p,Named person Chloe Dingomal.
v4,train,Jq Bar And Grill,Contactless Payment JQ BAR AND GRILL APPLEPAY 8194,10.0,debit,plaid,DINING_DINING,restaurant_cafe,JQ Bar and Grill dining.
v4,train,Ms Loraine,Ms Loraine Boon - SortCodeAccountNumber: 40476228161224,305.0,debit,plaid,TRANSFER_OUT_OTHER,transfer_p2p,Named person Ms Loraine Boon with sort-code/account.
v4,train,Zable Cards,Zable Cards,30.0,debit,plaid,LOAN_PAYMENTS_CREDIT_CARD_PAYMENT,credit_card_repayment,Zable Cards repayment.
v4,train,118 118 Money,118 Money Credit,105.0,debit,plaid,LOAN_PAYMENTS_PERSONAL_LOAN_PAYMENT,payday_loan,118 118 Money high-cost lender (worked example).
v4,train,Intime Taxi,SUMUP *INTIME TAXI  ON 11 SEP CLP SUMUP  *INTIME TAXI,12.32,debit,plaid,TRAVEL_AND_TRANSPORTATION_TAXIS_AND_RIDE_SHARES,taxi_rideshare,Intime Taxi via SumUp.
v4,train,Lais De Souza Borgamor,LAIS DE SOUZA BORGAMOR              VIA MOBILE - PYMT,48.0,debit,plaid,TRANSFER_OUT_OTHER,transfer_p2p,Named person Lais De Souza.
v4,train,Cd Nds&s,1883 27AUG25 CD   NDS&S             PRESTON GB,2.15,debit,plaid,ENTERTAINMENT_CASINOS_AND_GAMBLING,unclassified_card_spend,CD NDS&S PRESTON £2.15. Descriptor too truncated to identify the shop; native gambling is not enough to force a gambling subtype.
v4,train,Kk Grocers Limited,Kk Grocers Limited 2,7.08,debit,plaid,FOOD_RETAIL_GROCERIES,groceries,KK Grocers Limited.
v4,train,The Town Mills,The Town Mills,1.55,debit,plaid,DINING_DINING,restaurant_cafe,The Town Mills is a pub-restaurant; £1.55 is bar/cafe spend.
v4,train,3d Coffee T A Costa Coffe,3d Coffee T/A Cost,11.9,debit,plaid,DINING_COFFEE,restaurant_cafe,3d Coffee T/A Costa Coffee.
v4,train,Lps Plumbing And H,LPS PLUMBING AND H 400000001647213000,600.0,debit,plaid,GENERAL_SERVICES_HOME_IMPROVEMENT_SERVICES,tradesmen,LPS Plumbing And Heating £600 trades invoice.
v4,train,Wing On Express,Wing On Express,1.65,debit,plaid,DINING_DINING,takeaway,Wing On Express Chinese takeaway.
v4,train,Tendringdistrictcoun,NYX*TendringDistri,4.2,debit,plaid,GENERAL_MERCHANDISE_FURNITURE_AND_HARDWARE,unclassified_card_spend,"OVERRIDE dual council_tax. Tendring District Council NYX/Zettle £4.20 is a card-reader tap, not a CT instalment (same pattern as Exeter City Council £6.50)."
v4,train,Walk Up Admissions,Walk Up Admissions  ON 01 AUG CPM WALK UP ADMISSIONS,2.4,debit,plaid,ENTERTAINMENT_EVENTS_AND_TICKETS,days_out,Walk Up Admissions attraction ticket.
v4,train,Lina Morkuviene,LINA MORKUVIENE 400000001598151227,205.0,debit,plaid,RENT_AND_UTILITIES_GAS_AND_ELECTRICITY,transfer_p2p,Named person Lina Morkuviene; native energy is spurious.
v4,train,Plus Store LTD,MNK*PLUS STORE LTD  ON 07 JUN CLP,11.65,debit,plaid,GENERAL_MERCHANDISE_CONVENIENCE_STORES,convenience_store,Plus Store Ltd convenience till.
v4,train,Jonathan Draycott Golf Ac,JONATHAN DRAYCOTT,11.0,debit,plaid,TRANSFER_OUT_OTHER,sports_participation,Jonathan Draycott Golf activity/green fee.
v4,train,Great Barr Tanning Cen,GREAT BARR TANNING,7.0,debit,plaid,PERSONAL_CARE_HAIR_AND_BEAUTY,beauty_treatment,Great Barr Tanning Centre.
v4,train,Esso Whitchurch Esso,ESSO WHITCHURCH Esso,19.19,debit,plaid,TRAVEL_AND_TRANSPORTATION_OTHER_TRAVEL_AND_TRANSPORTATION,fuel,Esso Whitchurch forecourt.
v4,train,Trainline,TRAINLINE,8.8,debit,plaid,TRAVEL_AND_TRANSPORTATION_PUBLIC_TRANSIT,public_transport_rail_coach,Trainline rail ticket.
v4,train,Raylo,RAYLO  FR6M9T9 DDR,24.71,debit,plaid,GENERAL_MERCHANDISE_ONLINE_MARKETPLACES,retail_finance_repayment,Raylo instalment.
v4,train,Cash Machine,FALKIRK Cash Machine,100.0,debit,plaid,TRANSFER_OUT_CHECKS_AND_ATM,cash_withdrawal,Falkirk cash machine ATM.
v4,train,Warrington Own Buswarrington,WARRINGTON OWN BUSWARRINGTON,2.0,debit,plaid,TRANSFER_OUT_OTHER,public_transport_rail_coach,Warrington Own Buses.
v4,train,Be at One Cocktail Bars,Be At One,13.2,debit,plaid,DINING_DINING,pub_bar,Be At One cocktail bar.
v4,train,SkyBet,SKY BET,11.0,debit,plaid,ENTERTAINMENT_CASINOS_AND_GAMBLING,gambling_betting,Sky Bet debit.
v4,train,Dvla-mf,"DIRECT DEBIT PAYMENT TO DVLA-MF10SUZ REF 000000000048536026, MANDATE NO 0070",16.62,debit,plaid,GOVERNMENTS_AND_NON_PROFIT_GOVERNMENTS_AND_NON_PROFIT,road_tax,DVLA-MF10SUZ monthly VED DD.
v4,train,McDonald's,MCDONALDS  ON 04 JUL CLP,2.69,debit,plaid,DINING_DINING,takeaway,McDonald's debit is takeaway.
v4,train,Sunshine Food And Wine,Sunshine Food And Wine,3.99,debit,plaid,FOOD_RETAIL_LIQUOR_STORES,convenience_store,OVERRIDE dual alcohol_wine. Sunshine Food And Wine is a Food-and-Wine convenience/off-licence fascia; mixed basket so convenience_store not a drinks-only leaf.
v4,train,SkyBet,SKY BET CD 0541,100.0,debit,plaid,ENTERTAINMENT_CASINOS_AND_GAMBLING,gambling_betting,Sky Bet debit.
v4,train,Imma The Bakery,Imma The Bakery,5.3,debit,plaid,DINING_OTHER_DINING,restaurant_cafe,Imma The Bakery bakery-cafe.
v4,train,Exchanged To Sol,Exchanged to SOL,2.52,debit,plaid,TRANSFER_OUT_OTHER,unclassified_other,Exchanged to SOL. SOL could be Solana crypto or Peruvian sol; collision so do not force crypto or foreign_currency.
v4,train,Microsoft Xbox,Visa purchase MICROSOFT*XBOX,40.94,debit,plaid,ENTERTAINMENT_MUSIC_VIDEO_GAMES_TV_AND_MOVIES,gaming_console_pc,Microsoft Xbox purchase.
v4,train,Apple,APPLE.COM/BILL IRELAND ON 22 SEP BCC,6.99,debit,plaid,GENERAL_MERCHANDISE_COMPUTERS_AND_ELECTRONICS,software,APPLE.COM/BILL Ireland.
v4,train,Disney+,DISNEY PLUS CD 9972,12.99,debit,plaid,ENTERTAINMENT_MUSIC_VIDEO_GAMES_TV_AND_MOVIES,streaming,Disney+ subscription.
v4,train,Playtomic.io,PLAYTOMIC.IO 82B4C SPAIN ON 16 JUN CPM PLAYTOMIC.IO 82B4C85A,8.0,debit,plaid,TRAVEL_AND_TRANSPORTATION_FLIGHTS,sports_participation,Playtomic.io padel/tennis court booking (Spain FX).
v4,train,Cd Go Local,8145 24JUN25 CD   GO LOCAL          HOLYWELL GB,1.89,debit,plaid,TRANSFER_OUT_OTHER,convenience_store,Go Local Holywell symbol-group convenience (not Premier groceries).
v4,train,Julie Smith,JULIE SMITH 500000001602938345,100.0,debit,plaid,TRANSFER_OUT_OTHER,transfer_p2p,Named person Julie Smith.
v4,train,MonopolyGO!,CARD PAYMENT TO MONOPOLY CASINO ON 31-07-2025,100.0,debit,plaid,ENTERTAINMENT_CASINOS_AND_GAMBLING,gambling_casino,Narrative is MONOPOLY CASINO (not the Monopoly GO mobile game).
v4,train,Stagecoach Bus Ticket,STAGECOACH        BUS TICKET,5.4,debit,plaid,TRAVEL_AND_TRANSPORTATION_PUBLIC_TRANSIT,public_transport_rail_coach,Stagecoach bus ticket.
v4,train,Miss T Nicholls Amy,Miss T Nicholls   amy,20.0,debit,plaid,TRANSFER_OUT_OTHER,transfer_p2p,Named person Miss T Nicholls.
v4,train,WHSmith,WHSmith,2.98,debit,plaid,GENERAL_MERCHANDISE_OTHER_GENERAL_MERCHANDISE,books,WHSmith mixed retail; £2.98 is typical books/news/stationery. books is the closest agreed leaf.
v4,train,Cd Vape And Mini Market,0278 01AUG25 CD   VAPE AND MINI     MARKET            LEEDS GB,5.0,debit,plaid,GENERAL_MERCHANDISE_CONVENIENCE_STORES,vaping,VAPE AND MINI MARKET Leeds; fascia leads with vape.
v4,train,Amazon,CARD PAYMENT TO AMAZON.CO.UK*RJ2SC55J4 ON 29-07-2025,25.15,debit,plaid,GENERAL_MERCHANDISE_ONLINE_MARKETPLACES,marketplace_amazon,Amazon.co.uk debit.
v4,train,Utilita Energy,Visa purchase UTILITA ENERGY LIMITED GOOGLE 0214,7.0,debit,plaid,RENT_AND_UTILITIES_GAS_AND_ELECTRICITY,energy,Utilita Energy Google Pay.
v4,train,Salvatore Alan Esposito Ice Cream Man,Salvatore Alan Esposito Ice Cream Man,2.0,debit,plaid,DINING_OTHER_DINING,takeaway,Ice-cream van (Salvatore Alan Esposito Ice Cream Man); mobile food is takeaway not table-service.
v4,iter_eval,COOP,SCOTMID COOP 0236,1.15,debit,plaid,FOOD_RETAIL_GROCERIES,groceries,Scotmid Co-op supermarket.
v4,iter_eval,C B&m,3551 02AUG25 C    B&M 809 MARSH     MILLS             PLYMOUTH GB,10.0,debit,plaid,GENERAL_MERCHANDISE_DISCOUNT_STORES,discount_store,B&M Marsh Mills Plymouth.
v4,train,Thomas Hill,THOMAS HILL 600000001632761026,200.0,debit,plaid,TRANSFER_OUT_OTHER,transfer_p2p,Named person Thomas Hill.
v4,iter_eval,Justpark,JUSTPARK  ON 02 SEP CPM Justpark,4.55,debit,plaid,TRAVEL_AND_TRANSPORTATION_OTHER_TRAVEL_AND_TRANSPORTATION,car_parking,JustPark parking.
v4,train,Magdalena Partyka,MAGDALENA PARTYKA 300000001602656077,59.0,debit,plaid,TRANSFER_OUT_OTHER,transfer_p2p,Named person Magdalena Partyka.
v4,train,Danish Mobi Tech,DANISH MOBI TECH,5.0,debit,plaid,GENERAL_SERVICES_ACCOUNTING_AND_FINANCIAL_SERVICES,services_unspecified,Danish Mobi Tech £5; merchant not uniquely identifiable. Adversarial: Danish Mobi Tech is an identifiable Bradford phone-repair shop; £5 is repair/accessory scale.
v4,train,McDonald's,McDonald’s,3.89,debit,plaid,DINING_DINING,takeaway,McDonald's.
v4,train,Amazon,Amazon from Other Stuff  Pot,55.97,debit,plaid,GENERAL_MERCHANDISE_ONLINE_MARKETPLACES,marketplace_amazon,Amazon from a Monzo pot.
v4,train,Extra,Extra,3.0,debit,plaid,TRANSFER_OUT_OTHER,unclassified_other,Bare Extra; many unrelated payees.
v4,train,Rontec Chiswick Fl,Rontec Chiswick Flyove,1.6,debit,plaid,TRANSFER_OUT_OTHER,convenience_store,"Rontec Chiswick Flyover is an Esso site with a Londis shop. £1.60 is shop-scale not a fill, so convenience_store rather than fuel."
v4,train,R Webb,R WEBB 400000001613791412,20.0,debit,plaid,TRANSFER_OUT_OTHER,transfer_p2p,Named person R Webb.
v4,train,Taptap Send,TapTap Send,5.0,debit,plaid,TRANSFER_OUT_OTHER,transfer_international,TapTap Send remittance.
v4,iter_eval,A C,To A/C 81203322   HEATON NA         Via Mobile Xfer,8.0,debit,plaid,TRANSFER_OUT_OTHER,transfer_p2p,OVERRIDE established transfer_bank_unspecified. To A/C HEATON NA Via Mobile Xfer is a named person.
v4,train,Amazon,Prime Video Rent /  ON 06 SEP BCC Amazon,2.49,debit,plaid,GENERAL_MERCHANDISE_ONLINE_MARKETPLACES,streaming,OVERRIDE established marketplace_amazon. Narrative is Prime Video Rent — video rental/streaming not marketplace goods.
v4,train,McDonald's,8104 25AUG25  D   MCDONALDS 8261671 KENT GB,2.99,debit,plaid,DINING_DINING,takeaway,McDonald's Kent.
v4,train,Tiktok Shop,CARD PAYMENT TO TIKTOK SHOP ON 16-09-2025,14.38,debit,plaid,GENERAL_MERCHANDISE_ONLINE_MARKETPLACES,marketplace_general,TikTok Shop debit spend (not a seller payout).
v4,train,Jennychem,SP JENNYCHEM,60.0,debit,plaid,GENERAL_MERCHANDISE_APPAREL_AND_ACCESSORIES,vehicle_maintenance,SP JENNYCHEM is Jennychem car-valeting chemicals (£60 typical 5L pack). Vehicle-care goods rather than apparel native.
v4,train,Aladdins Pizza Cannock,Aladdins Pizza Can,30.9,debit,plaid,DINING_DINING,takeaway,Aladdins Pizza Cannock.
v4,train,Sip City Store,SIP CITY STORE,24.49,debit,plaid,GENERAL_MERCHANDISE_DISCOUNT_STORES,groceries,"Sip City Store Ltd Liverpool is SIC 47110 food-predominating non-specialised retail, not a discount variety store."
v4,train,McDonald's,McDonald’s from Virtual Card Pot,11.65,debit,plaid,DINING_DINING,takeaway,McDonald's from a virtual card pot.
v4,train,Macclesfield Mini Mark,Contactless Payment Macclesfield Mini Mark,7.49,debit,plaid,GENERAL_MERCHANDISE_CONVENIENCE_STORES,convenience_store,Macclesfield Mini Market.
v4,train,Tiktok Shop,TikTok Shop,4.75,debit,plaid,GENERAL_MERCHANDISE_ONLINE_MARKETPLACES,marketplace_general,TikTok Shop debit.
v4,train,Harry Hall,"Harry Hall, HAR-MTY695U22",13.11,debit,plaid,TRANSFER_OUT_OTHER,clothing_outdoor,Harry Hall HAR-MTY695U22 is the British equestrian/outdoor clothing retailer.
v4,train,Roebuck,THE OLD ROEBUCK,15.85,debit,plaid,DINING_DINING,pub_bar,The Old Roebuck pub.
v4,train,First Central Serv,FIRSTCENTRALSERV 69325608-02007006I,87.55,debit,plaid,LOAN_PAYMENTS_PERSONAL_LOAN_PAYMENT,insurance_motor,First Central / 1st Central is primarily motor insurance; native personal-loan is wrong.
v4,iter_eval,Angel Hill,Angel Hill 1127,0.85,debit,plaid,TRANSFER_OUT_OTHER,restaurant_cafe,Angel Hill cafe (worked example); £0.85 till.
v4,train,Gemma Milby,Gemma Milby - SortCodeAccountNumber: 04000336178214,10.0,debit,plaid,TRANSFER_OUT_OTHER,transfer_p2p,Named person Gemma Milby.
v4,train,Deichmann Se,Deichmann SE 0110 Chesterfield,39.67,debit,plaid,GENERAL_MERCHANDISE_APPAREL_AND_ACCESSORIES,footwear,Deichmann Chesterfield shoe shop.
v4,train,Zable,ZABLE CARD PV5061975666469598,2.5,debit,plaid,LOAN_PAYMENTS_CREDIT_CARD_PAYMENT,credit_card_repayment,"ZABLE CARD is a credit-builder credit card, not BNPL."
v4,iter_eval,COOP,VICTORIA HART     COOP              VIA MOBILE - PYMT FP 12/08/25 10    41211626028577000N,15.0,debit,plaid,FOOD_RETAIL_GROCERIES,transfer_p2p,"OVERRIDE established groceries. VICTORIA HART COOP VIA MOBILE is a named-person FPS with a COOP memo, not a Co-op till."
v4,train,Raylo,RAYLO HM2C2XF,29.63,debit,plaid,GENERAL_MERCHANDISE_ONLINE_MARKETPLACES,retail_finance_repayment,Raylo instalment.
v4,train,Plough,Ploughlincoln,7.15,debit,plaid,DINING_DINING,pub_bar,Plough Lincoln pub.
v4,train,Sony Playstation,CARD PAYMENT TO PLAYSTATION NETWORK ON 21-08-2025,5.99,debit,plaid,ENTERTAINMENT_MUSIC_VIDEO_GAMES_TV_AND_MOVIES,gaming_console_pc,PlayStation Network.
v4,train,Victor Munhoz,VICTOR MUNHOZ 100000001619617920,150.0,debit,plaid,GENERAL_SERVICES_OTHER_SERVICES,transfer_p2p,Named person Victor Munhoz.
v4,train,Eloise,Payment to ELOISE BIGGADIKE 090129 52177260,25.0,debit,plaid,DINING_DINING,transfer_p2p,Named person Eloise Biggadike.
v4,train,Amazon,CREDIT FROM AMZNMKTPLACE ON 30-06-2025,29.95,credit,plaid,TRANSFER_IN_CHECKS_AND_ATM,refund_received,OVERRIDE established marketplace_amazon. CREDIT FROM AMZNMKTPLACE is an Amazon refund (direction is credit).
v4,train,Tescophoneins.,TESCOPHONEINS.,3.75,debit,plaid,INSURANCE_AND_TAX_INSURANCE,insurance_other,"TESCOPHONEINS is Tesco Mobile Protect gadget/phone insurance, not the airtime contract."
v4,train,U.S. Post Office,POST OFFICE COUNTE,4.05,debit,plaid,GENERAL_SERVICES_OTHER_SERVICES,delivery_courier,Post Office counter.
v4,train,Toor Supermarket,TOOR SUPERMARKET  ON 17 AUG CPM,8.71,debit,plaid,FOOD_RETAIL_GROCERIES,groceries,Toor Supermarket.
v4,train,Centurion Waterloovil,"Centurion, Waterloovil",28.55,debit,plaid,DINING_DINING,pub_bar,"OVERRIDE dual restaurant_cafe. The Centurion, Waterlooville is a Star Pubs sports pub."
v4,train,Steam,STEAM PURCHASE GERMANY ON 16 JUL BCC,6.39,debit,plaid,ENTERTAINMENT_MUSIC_VIDEO_GAMES_TV_AND_MOVIES,gaming_console_pc,Steam purchase (Germany FX); known merchant so not foreign_spend_unspecified.
v4,train,Current,201608 63293815  MOBILE-CHANNEL FT Barclays current account,15.0,debit,plaid,TRANSFER_OUT_OTHER,transfer_own_account,OVERRIDE dual unclassified_other. Narrative is Barclays current account mobile transfer — own-account evidence Adversary: Barclays current account as FPS payee is not proof it is THIS customer's own account (other Current rows in-file were left unspecified). Labeller overrode dual unclassified because of the current-account wording. Left as transfer_own_account for you to decide.
v4,train,Brighton And Hove Buses,Brighton and Hove Buses,6.0,debit,plaid,TRAVEL_AND_TRANSPORTATION_PUBLIC_TRANSIT,public_transport_rail_coach,Brighton and Hove Buses.
v4,train,Makkah Grill,MAKKAH GRILL,9.98,debit,plaid,DINING_DINING,takeaway,Makkah Grill is a kebab/grill takeaway.
v4,train,McDonald's,Mcdonalds 8261996,8.46,debit,plaid,DINING_DINING,takeaway,McDonald's.
v4,train,Windmill,WINDMILL  ON 15 AUG CPM Windmill,15.3,debit,plaid,FOOD_RETAIL_GROCERIES,unclassified_card_spend,WINDMILL 15 AUG. Many UK pubs and grocers share Windmill; native groceries does not uniquely disambiguate. Honest unclassified_card_spend.
v4,train,Mum Food Via,MUM               FOOD              VIA MOBILE - PYMT,150.0,debit,plaid,TRANSFER_OUT_OTHER,transfer_p2p,Mum + FOOD memo; named-person FPS.
v4,train,Premier Three Trees,PREMIER THREE TREE,2.5,debit,plaid,DINING_DINING,groceries,Premier Three Trees is Premier symbol-group groceries.
v4,train,Mesa On,MESA ON 51 MALAYSIA AMOUNT IN MYR 566.95 ON 03 AUG VISA 5.596785 FINAL GBP AMOUNT INCLUDES NON-STERLING TRANS FEE £3.03 ,104.33,debit,plaid,TRAVEL_AND_TRANSPORTATION_PUBLIC_TRANSIT,foreign_spend_unspecified,MESA ON 51 Malaysia MYR card spend abroad.
v4,train,HM Revenue and Customs,Bank credit HMRC CHILD BENEFIT 202648 13031802,26.05,credit,plaid,TAX_REFUND_TAX_REFUND,benefits_state,HMRC Child Benefit credit (not tax_refund).
v4,train,C Crane,C CRANE,1550.0,debit,plaid,TRANSFER_OUT_OTHER,unclassified_other,C CRANE £1550. Could be a named person or C.Crane (electronics). Name collision; do not force transfer_p2p.
v4,train,SkyBet,SKY BET CD 4563,6.84,debit,plaid,ENTERTAINMENT_CASINOS_AND_GAMBLING,gambling_betting,Sky Bet debit.
v4,train,Temu,3574 16JUL25      TEMU.COM          LONDON GB,19.02,debit,plaid,GENERAL_MERCHANDISE_APPAREL_AND_ACCESSORIES,marketplace_general,Temu.com marketplace spend.
v4,train,Amazon,Amazon.co.uk*RF13M,15.99,debit,plaid,GENERAL_MERCHANDISE_ONLINE_MARKETPLACES,marketplace_amazon,Amazon.co.uk debit.
v4,train,Marie Lukube,Payment to MARIE LUKUBE 040004 97613084,20.0,debit,plaid,TRANSFER_OUT_OTHER,transfer_p2p,Named person Marie Lukube.
v4,train,Meatzone Uk Limite Ranas Fish Shop,MEATZONE UK LIMITE  RANAS FISH SHOP FT,935.0,debit,plaid,FOOD_RETAIL_GROCERIES,groceries_specialist,Meatzone / Ranas Fish Shop butcher-fishmonger; large FPS still specialist food.
v4,train,Hoan Nguyen Pizza And Beer,Hoan Nguyen Pizza and beer,30.0,debit,plaid,DINING_DINING,transfer_p2p,"Hoan Nguyen Pizza and beer — purpose is pizza/beer food. Treat as takeaway rather than bare P2P Adversary: Hoan Nguyen + pizza and beer is a named-person memo, not a takeaway fascia (same pattern as other named-person + food memos labelled P2P). Labeller treated the food words as purpose. Left as takeaway for you to decide."
v4,train,Ayaz Mehmood Supplies,Ayaz Mehmood Supplies,400.0,debit,plaid,RENT_AND_UTILITIES_TELECOMMUNICATIONS,unclassified_other,Ayaz Mehmood Supplies £400; supplies type unknown.
v4,train,Dvla-l6koo,DVLA-L6KOO  000000000054361006 DDR,16.62,debit,plaid,GOVERNMENTS_AND_NON_PROFIT_GOVERNMENTS_AND_NON_PROFIT,road_tax,DVLA-L6KOO VED DD.
v4,train,John Alexander,John Alexander,70.0,debit,plaid,TRANSFER_OUT_OTHER,transfer_p2p,Named person John Alexander.
v4,train,Miss S Johnson,GB Account - Paid with Starling Miss S Johnson - SortCodeAccountNumber: 40126260715581,50.0,debit,plaid,TRANSFER_OUT_OTHER,transfer_p2p,Named person Miss S Johnson.
v4,train,B&Q,B&Q LIVINGSTON  ON 21 AUG CPM,3.5,debit,plaid,GENERAL_MERCHANDISE_FURNITURE_AND_HARDWARE,home_improvement,B&Q Livingston.
v4,train,T K Maxx,6004 24JUN25 CD   T K MAXX          WESTON SUPERM GB,37.15,debit,plaid,GENERAL_MERCHANDISE_APPAREL_AND_ACCESSORIES,clothing_general,TK Maxx Weston-super-Mare off-price clothing (not discount_store).
v4,train,SkyBet,Visa purchase SKY BET APPLEPAY 7582,5.0,debit,plaid,ENTERTAINMENT_CASINOS_AND_GAMBLING,gambling_betting,Sky Bet Apple Pay.
v4,train,Bills,CARD PAYMENT TO BILLS - READING ON 06-07-2025,4.14,debit,plaid,DINING_DINING,restaurant_cafe,Bills Reading is the Bills restaurant chain.
v4,train,Stacey Stanley,STACEY STANLEY 100000001609376571,41.0,debit,plaid,TRANSFER_OUT_OTHER,transfer_p2p,Named person Stacey Stanley.
v4,iter_eval,Icelandair,ICELAND,7.0,debit,plaid,FOOD_RETAIL_GROCERIES,groceries,Iceland supermarket; Plaid merchant Icelandair is a false friend. Description is ICELAND.
v4,train,Wickes Maidstone,WICKES MAIDSTONE,142.0,debit,plaid,GENERAL_MERCHANDISE_FURNITURE_AND_HARDWARE,home_improvement,Wickes Maidstone.
v4,train,Polska Apteka,Zempler Bank account - 17556 Polska  Apteka - SortCodeAccountNumber: 08719912522262,26.97,debit,plaid,TRANSFER_OUT_OTHER,pharmacy,"Polska Apteka is a Polish pharmacy (Zempler bank transfer to the shop), not P2P."
v4,train,Wembley,WEMBLEY,1000.0,debit,plaid,TRANSFER_OUT_CHECKS_AND_ATM,unclassified_other,Wembley £1000; stadium vs person vs parking — not unique.
v4,train,Wickes Bracknell,WICKES BRACKNELL  ON 29 JUL CLP Wickes,5.0,debit,plaid,GENERAL_MERCHANDISE_FURNITURE_AND_HARDWARE,home_improvement,Wickes Bracknell.
v4,train,Navid M Gggg,NAVID M  GGGG FT,15.0,debit,plaid,TRANSFER_OUT_OTHER,transfer_p2p,Named person Navid M.
v4,train,Maimuna Jaiteh Mam Lolly,Maimuna jaiteh    Mam lolly,900.0,debit,plaid,TRANSFER_OUT_OTHER,transfer_p2p,Named person Maimuna Jaiteh.
v4,train,Brother Singhs LTD,Brother Singhs Ltd,2.34,debit,plaid,DINING_DINING,groceries,Brother Singhs Ltd dining native; £2.34 small till. Keep restaurant_cafe as models agreed. Adversarial: Brother Singhs Ltd is SIC 47110 grocery retail; £2.34 till + Plaid dining is a false friend.
v4,train,Domino's,DOMINOS           FOOOOOOOD         VIA MOBILE - PYMT FP 14/07/25 10    25001732303923000N,20.0,debit,plaid,DINING_DINING,takeaway,DOMINOS FOOOOOOOD via mobile FPS; payee/purpose is Domino's pizza.
v4,train,McDonald's,McDonald’s,21.12,debit,plaid,DINING_DINING,takeaway,McDonald's.
v4,train,Coldharbour Premier,COLDHARBOUR PREMIE,7.6,debit,plaid,DINING_DINING,groceries,Coldharbour Premier is Premier symbol-group groceries (worked examples).
v4,train,What,WHAT,4.45,debit,plaid,GENERAL_MERCHANDISE_APPAREL_AND_ACCESSORIES,unclassified_other,Bare WHAT; not identifiable.
v4,train,Apple,Apple,3.99,debit,plaid,GENERAL_MERCHANDISE_OTHER_GENERAL_MERCHANDISE,software,Apple App Store-scale £3.99.
v4,train,Premier Zenith,Premier Zenith,3.78,debit,plaid,LOAN_PAYMENTS_CREDIT_CARD_PAYMENT,groceries,Premier Zenith is Premier symbol-group groceries. Native credit-card payment is spurious.
v4,train,Mullas Mini Market Cd,MULLAS MINI MARKET CD 3011,6.39,debit,plaid,GENERAL_MERCHANDISE_CONVENIENCE_STORES,convenience_store,Mullas Mini Market.
v4,train,Startselect,Startselect,41.6,debit,plaid,TRAVEL_AND_TRANSPORTATION_OTHER_TRAVEL_AND_TRANSPORTATION,gaming_console_pc,Startselect/Startselect sells digital game/gift codes; gaming spend is the closest leaf.
v4,iter_eval,Animal Health Care,ANIMAL HEALTH CARE CX001768076,18.99,debit,plaid,PET_CARE_AND_SUPPLIES_VETERINARY_SERVICES,veterinary,Animal Health Care / veterinary practice.
v4,iter_eval,Domestic & General,"DIRECT DEBIT PAYMENT TO D&G APPLIANCE CARE REF DCP90025376, MANDATE NO 0065",5.49,debit,plaid,INSURANCE_AND_TAX_INSURANCE,insurance_general,Domestic & General appliance-care warranty/insurance.
v4,train,Mayfair Food Fayre,MAYFAIR FOOD FAYRE,7.97,debit,plaid,DINING_DINING,groceries,"Mayfair Food Fayre is a Mayfair grocer/convenience (groceries, household, some food-to-go). £7.97 is shop groceries not a takeaway meal."
v4,train,I Roberts,I ROBERTS 308822 26452860,400.0,debit,plaid,TRANSFER_OUT_OTHER,transfer_p2p,Named person I Roberts.
v4,train,Fraud,FR-5624181 FRAUD REFUND,25.0,credit,plaid,TRANSFER_IN_OTHER,refund_received,FRAUD REFUND credit.
v4,train,Pizza Go Go,PIZZA GO GO  ON 17 AUG CPM Pizza go go,30.99,debit,plaid,DINING_DINING,takeaway,Pizza Go Go.
v4,train,Transdev,TRANSDEV BLAZEFIELHARROGATE,2.5,debit,plaid,TRAVEL_AND_TRANSPORTATION_OTHER_TRAVEL_AND_TRANSPORTATION,public_transport_rail_coach,Transdev Blazefield Harrogate buses.
v4,train,Laderach Uk Limitelondon,LADERACH UK LIMITELondon,22.0,debit,plaid,DINING_OTHER_DINING,confectionary,Laderach UK London Swiss chocolatier.
v4,train,Spend,TO Spend & Save Plus Account 772222-37493568,40.0,debit,plaid,TRANSFER_OUT_SAVINGS,savings_transfer,Nationwide Spend & Save Plus Account internal pot.
v4,train,Shop 'n Save,Shop N Save,2.29,debit,plaid,FOOD_RETAIL_GROCERIES,groceries,Shop N Save is an independent/Premier convenience fascia. Adversarial: Shop N Save is a Premier fascia; Premier = groceries.
v4,train,Cd Vivo,4319 30JUN25 CD   VIVO RATHCOOLE    NEWTOWNABBEY GB,36.81,debit,plaid,DINING_DINING,convenience_store,"Vivo Rathcoole Newtownabbey is a Vivo neighbourhood convenience store, not a restaurant and not the Texaco filling station on Doagh Road."
v4,train,Raylo,RAYLO CEZEAHS,32.99,debit,plaid,GENERAL_MERCHANDISE_ONLINE_MARKETPLACES,retail_finance_repayment,Raylo instalment.
v4,train,Magdalena Poczek,MAGDALENA POCZEK 100000001563530624,10.0,debit,plaid,TRANSFER_OUT_OTHER,transfer_p2p,Named person Magdalena Poczek.
v4,train,Cd Longlands Tavern Stourbridge,1348 28JUN25 CD   LONGLANDS TAVERN  STOUR             STOURBRIDGE GB,26.65,debit,plaid,DINING_DINING,pub_bar,Longlands Tavern Stourbridge pub.
v4,train,Candy Galore,CANDY GALORE,2.5,debit,plaid,DINING_OTHER_DINING,confectionary,Candy Galore sweets shop.
v4,train,H R Bell,H R BELL 500000001595291864,50.0,debit,plaid,TRANSFER_OUT_OTHER,transfer_p2p,Named person H R Bell.
v4,train,Michelle Bentham,Payment to MICHELLE BENTHAM 772603 17663868 2025-07-25,25.0,debit,plaid,TRANSFER_OUT_OTHER,transfer_p2p,Named person Michelle Bentham.
v4,train,Microsoft Xbox,MICROSOFT*XBOX  ON 13 JUL BCC Xbox,10.99,debit,plaid,ENTERTAINMENT_MUSIC_VIDEO_GAMES_TV_AND_MOVIES,gaming_console_pc,Microsoft Xbox.
v4,train,2 Theloo To Jabbeke E4,2THELOO TO JABBEKE  E4 2theloo To Jabbeke E4,0.87,debit,plaid,TRANSFER_OUT_OTHER,foreign_spend_unspecified,"2theloo Jabbeke E40 is a paid Belgian motorway toilet, not a UK toll. Foreign card spend."
v4,train,Co-op Live,Co-op Live,18.0,debit,plaid,FOOD_RETAIL_GROCERIES,live_music,Co-op Live Manchester arena; £18 is ticket/venue spend not a Co-op grocery.
v4,iter_eval,Angel Hill,Angel Hill Site 334,3.77,debit,plaid,ENTERTAINMENT_CASINOS_AND_GAMBLING,restaurant_cafe,Angel Hill Site 334 cafe (worked example). Native gambling is likely a fruit machine at the cafe; venue is still a cafe.
v4,train,Transport for London,TFL TRAVEL CH,3.5,debit,plaid,TRAVEL_AND_TRANSPORTATION_PUBLIC_TRANSIT,public_transport_rail_coach,TfL travel charge.
v4,train,HM Revenue and Customs,HMRC CHILD BENEFIT  DAVIS00SUZAN721720 BGC,26.05,credit,plaid,TAX_REFUND_TAX_REFUND,benefits_state,HMRC Child Benefit credit.
v4,train,Apple,Visa purchase APPLE.COM/BILL,0.99,debit,plaid,GENERAL_MERCHANDISE_COMPUTERS_AND_ELECTRONICS,software,APPLE.COM/BILL £0.99.
v4,iter_eval,A C,To A/C 23098066   DOYLE AB          Via Mobile Xfer,1.52,debit,plaid,TRANSFER_OUT_OTHER,transfer_p2p,OVERRIDE established transfer_bank_unspecified. To A/C DOYLE AB Via Mobile Xfer is a named person.
v4,train,McDonald's,Mcdonalds,5.47,debit,plaid,DINING_DINING,takeaway,McDonald's.
v4,train,Chantelle Roberts,CHANTELLE ROBERTS 100000001603140051,4.8,debit,plaid,TRANSFER_OUT_OTHER,transfer_p2p,Named person Chantelle Roberts.
v4,train,Lime,Visa purchase LIME*RIDE R5QS APPLEPAY 1283,2.45,debit,plaid,TRAVEL_AND_TRANSPORTATION_OTHER_TRAVEL_AND_TRANSPORTATION,bicycle,"OVERRIDE dual taxi_rideshare. LIME*RIDE is Lime e-bike/e-scooter hire; bicycle is the micromobility leaf used on shard 0, not a taxi."
v4,train,McDonald's,MCDONALDS,6.39,debit,plaid,DINING_DINING,takeaway,McDonald's.
v4,train,Apple,APPLE.COM/BILL,8.99,debit,plaid,GENERAL_MERCHANDISE_COMPUTERS_AND_ELECTRONICS,software,APPLE.COM/BILL.
v4,train,Adsa Stores LTD,Contactless Payment ADSA STORES LTD 4231 APPLEPAY 5431,16.0,debit,plaid,GENERAL_MERCHANDISE_CONVENIENCE_STORES,groceries,ADSA STORES LTD is Asda (misspelling).
v4,train,Hannah Scoffham,Hannah Scoffham,70.0,debit,plaid,TRANSFER_OUT_OTHER,transfer_p2p,Named person Hannah Scoffham.
v4,train,Julie-ann A,JULIE-ANN A MARKHA 200000001610899824,15.5,debit,plaid,TRANSFER_OUT_OTHER,transfer_p2p,Named person Julie-Ann A.
v4,train,Wendy's Solihull,WENDY'S SOLIHULL,11.98,debit,plaid,TRAVEL_AND_TRANSPORTATION_OTHER_TRAVEL_AND_TRANSPORTATION,takeaway,Wendy's Solihull is US-style fast food; same convention as McDonald's/Burger King debit = takeaway.
v4,train,Heathlands Community,Heathlands Community C,5.1,debit,plaid,TRANSFER_OUT_OTHER,unclassified_other,Heathlands Community £5.10; community centre vs care vs cafe — not unique.
v4,train,Esmie Miller,Barclays account - I adore you Esmie Miller - SortCodeAccountNumber: 20836933357074,40.0,debit,plaid,TRANSFER_OUT_OTHER,transfer_p2p,Named person Esmie Miller; I adore you is a memo.
v4,train,Wuzhen,Wuzhen,40.0,debit,plaid,TRANSFER_OUT_OTHER,unclassified_other,Wuzhen £40; Chinese town vs person; not unique.
v4,train,Apple,PAYPAL *APPLE.COM/,18.9,debit,plaid,GENERAL_MERCHANDISE_COMPUTERS_AND_ELECTRONICS,software,PAYPAL *APPLE.COM/ App Store/Apple services via PayPal.
v4,train,McDonald's,McDonalds 8260747 Wolverhampton,21.54,debit,plaid,DINING_DINING,takeaway,McDonald's Wolverhampton.
v4,train,Over The Yardarm,Over The Yardarm,12.7,debit,plaid,DINING_DINING,pub_bar,Over The Yardarm is a pub/bar name.
v4,train,Paignton,SOUTH DEVON COLLEGPAIGNTON,3.7,debit,plaid,CHILDCARE_AND_EDUCATION_CHILDCARE_AND_EDUCATION,education_general,South Devon College Paignton £3.70; small campus charge. education_general is the closest leaf.
