merchant_raw,description_raw,amount,direction,provider,native_category,source,provenance,haiku_leaf,sonnet_leaf,gold_leaf,notes
247 Money,247 MONEY GROUP LI 221317,504.78,debit,plaid,LOAN_PAYMENTS_MORTGAGE_AND_AUTO,already_verified,gold_head_adjudicated,,,car_finance_repayment,
Kia Lunt Faye,KIA LUNT FAYE WINT 100000001600281281,200,debit,plaid,TRAVEL_AND_TRANSPORTATION_AUTOMOTIVE,already_verified,production_tranche3_review,,,car_finance_repayment,
Per Week Car,PAY PER WEEK CARPEROTHERHAM,12,debit,plaid,TRANSFER_OUT_OTHER,already_verified,production_tranche2_review,,,car_finance_repayment,
2awrs Mandate No,"DIRECT DEBIT REVERSAL REF PARENTPAYABAA2AWRS, MANDATE NO 0018",-20,credit,plaid,TRANSFER_IN_OTHER,already_verified,production_tranche3_review,,,returned_payment,
Agbx,"DIRECT DEBIT REVERSAL REF 1AGBX27496, MANDATE NO 0008",-95.98,credit,plaid,TRANSFER_IN_OTHER,already_verified,production_tranche3_review,,,returned_payment,
Faster,RETURN FASTER PAYMENT CREDIT FROM PIGGY BANK,-1,credit,plaid,LOAN_PAYMENTS_CREDIT_CARD_PAYMENT,already_verified,production_tranche3_review,,,returned_payment,
Fewp,"DIRECT DEBIT REVERSAL REF WY12FEWP-BRSK LTD, MANDATE NO 0075",-25,credit,plaid,INCOME_SALARY,already_verified,gold_tail_human_verified,,,returned_payment,
Pastdue,REVERSAL OF 12-08 PASTDUE CREDIT SOL,-45.93,credit,plaid,LOAN_PAYMENTS_CREDIT_CARD_PAYMENT,already_verified,production_tranche3_review,,,returned_payment,
Spring,Returned direct debit CREDITSPRING 070806 13191414,-8.51,credit,plaid,TRANSFER_IN_OTHER,already_verified,production_tranche1_review,,,returned_payment,
Unpaid Loan,UNPAID LOAN,7,debit,plaid,LOAN_PAYMENTS_PERSONAL_LOAN_PAYMENT,already_verified,production_tranche3_review,,,returned_payment,
3s Retail LTD,3S RETAIL LTD,1.99,debit,plaid,LOAN_PAYMENTS_PERSONAL_LOAN_PAYMENT,already_verified,production_tranche2_review,,,convenience_store,3S Retail Ltd is a convenience food shop.
Accessories Palace,ACCESSORIES PALACE QATAR AMOUNT IN QAR 25.00 ON 04 AUG VISA 4.782241 FINAL GBP AMOUNT INCLUDES NON-STERLING TRANS FEE £0.16 ,5.39,debit,plaid,TRAVEL_AND_TRANSPORTATION_FLIGHTS,already_verified,gold_tail_human_verified,,,retail_other,
Berwick,Berwick - Retail,1.65,debit,plaid,ENTERTAINMENT_CASINOS_AND_GAMBLING,already_verified,production_tranche2_review,,,retail_other,
Capital Carp,Capital Carp,12.16,debit,plaid,LOAN_PAYMENTS_PERSONAL_LOAN_PAYMENT,already_verified,production_tranche2_review,,,retail_other,
Collectables,COLLECTABLES      CASTLEFORD,19.49,debit,plaid,TRAVEL_AND_TRANSPORTATION_AUTOMOTIVE,already_verified,gold_head_adjudicated,,,retail_other,
Ego.co.uk,Ego.co.uk,13.99,debit,plaid,LOAN_PAYMENTS_PERSONAL_LOAN_PAYMENT,already_verified,production_tranche3_review,,,clothing_womens,
Hilltopvendingsoluti,Nyx*hilltopvendingsoluti,1,debit,plaid,FOOD_RETAIL_OTHER,already_verified,gold_tail_human_verified,,,confectionary,
Jagproducts,www.jagproducts.co.uk,224.91,debit,plaid,LOAN_PAYMENTS_PERSONAL_LOAN_PAYMENT,already_verified,production_tranche3_review,,,retail_other,
7 Days Performance,7DAYS PERFORMANCE,10.19,debit,plaid,TRAVEL_AND_TRANSPORTATION_AUTOMOTIVE,already_verified,production_tranche1_review,,,prize_competitions,
Bauerukcomp,Bauerukcomp,10,debit,plaid,GENERAL_MERCHANDISE_APPAREL_AND_ACCESSORIES,already_verified,production_tranche2_review,,,prize_competitions,
Bauerukcomp Cd,PAYPAL *BAUERUKCOMP CD 7706,5,debit,plaid,TRANSFER_OUT_TRANSFER_OUT_FROM_APPS,already_verified,production_tranche3_review,,,prize_competitions,
Best Of The Best Cd,BEST OF THE BEST CD 4411,1.2,debit,plaid,DINING_DINING,already_verified,production_tranche2_review,,,prize_competitions,
Borders Competitioeye,4513 11JUL25  D   BORDERS COMPETITIOEYEMOUTH GB,9,debit,plaid,MEDICAL_DENTAL_AND_VISION,already_verified,production_tranche3_review,,,prize_competitions,
Botb,BOTB,14.44,debit,plaid,TRANSFER_OUT_OTHER,already_verified,gold_head_adjudicated,,,prize_competitions,
Caddy Comps LTD,CADDY COMPS LTD,59,debit,plaid,GENERAL_MERCHANDISE_APPAREL_AND_ACCESSORIES,already_verified,production_tranche1_review,,,prize_competitions,
Chaotic,1433 08AUG25  D   CHAOTIC           REDHILL GB,4.74,debit,plaid,TRANSFER_OUT_OTHER,already_verified,gold_tail_human_verified,,,prize_competitions,
A & S Outdoor LTD,A & S OUTDOOR LTD,14.99,debit,plaid,GENERAL_MERCHANDISE_SPORTING_GOODS,already_verified,gold_head_adjudicated,,,clothing_outdoor,
Berghaus,Berghaus,68,debit,plaid,DINING_DINING,already_verified,gold_head_adjudicated,,,clothing_outdoor,
Ellis Brigham,Ellis Brigham ,40,debit,plaid,TRANSFER_OUT_OTHER,already_verified,gold_head_adjudicated,,,clothing_outdoor,
Go Outdoors,GO OUTDOORS       SALTNEY,35.2,debit,plaid,GENERAL_MERCHANDISE_SPORTING_GOODS,already_verified,gold_head_adjudicated,,,clothing_outdoor,
Mountain Warehouse,Mountain Warehouse Ltd,26.99,debit,plaid,GENERAL_MERCHANDISE_APPAREL_AND_ACCESSORIES,already_verified,gold_head_adjudicated,,,clothing_outdoor,
Saltrock Surfwear,Saltrock Teignmouth,63,debit,plaid,GENERAL_MERCHANDISE_APPAREL_AND_ACCESSORIES,already_verified,gold_head_adjudicated,,,clothing_outdoor,
The North Face,The North Face,49,debit,plaid,GENERAL_MERCHANDISE_APPAREL_AND_ACCESSORIES,already_verified,gold_head_adjudicated,,,clothing_outdoor,
A A Via,A                 A                 VIA MOBILE - PYMT FP 12/08/25 10    62182839229863000N,4,debit,plaid,TRANSFER_OUT_OTHER,already_verified,production_tranche2_review,,,transfer_p2p,
A Phillips,A PHILLIPS,25,debit,plaid,TRANSFER_OUT_OTHER,already_verified,gold_tail_human_verified,,,transfer_p2p,
Abbi,Payment to ABBI STAFFORD 516123 72615958,300,debit,plaid,LOAN_PAYMENTS_PERSONAL_LOAN_PAYMENT,already_verified,production_tranche3_review,,,transfer_p2p,
Agapitou Vasileios,Agapitou Vasileios,9.09,debit,plaid,DINING_DINING,already_verified,gold_tail_human_verified,,,transfer_p2p,
Ahmed Money,"MOB, Nj Ahmed, money",1580,debit,plaid,TRANSFER_OUT_OTHER,already_verified,gold_tail_human_verified,,,transfer_p2p,
Alex.,ALEX. M. ADAMSON                      REFERENCE: T00021417394,300,debit,plaid,TRANSFER_OUT_OTHER,already_verified,production_tranche3_review,,,transfer_p2p,
Alexandru Mihai So,ALEXANDRU MIHAI SO 400000001614915464,20,debit,plaid,TRANSFER_OUT_OTHER,already_verified,gold_tail_human_verified,,,transfer_p2p,
Alfie Minta,Alfie Minta Hagues Morzine,7,debit,plaid,TRANSFER_OUT_OTHER,already_verified,gold_tail_human_verified,,,transfer_p2p,
A C,To A/C 85228966   PENNINGTON P      Via Mobile Xfer,764,debit,plaid,TRANSFER_OUT_OTHER,already_verified,gold_tail_human_verified,,,transfer_bank_unspecified,
Hungarians Worldwi,HUNGARIANS WORLDWI 500000001619634748,150,debit,plaid,FOOD_RETAIL_GROCERIES,already_verified,gold_tail_human_verified,,,transfer_bank_unspecified,
Tele,"TeleService 3610173062
31EC-52618519996
3783651
REF: 31EC-52618519996
06000101
QUILTER CHEVIOT CLIENT ACCOUNT
Amount ordered: GBP 1,850,000.00
BANK OF SCOTLAND PLC
3783651
Fee: GBP 20.00
Receivers charge: 0.00",1850020,debit,plaid,TRANSFER_OUT_OTHER,already_verified,gold_tail_human_verified,,,investment_general,
A Kayum Advance,A KAYUM           Advance,110,debit,plaid,LOAN_PAYMENTS_PERSONAL_LOAN_PAYMENT,already_verified,production_tranche3_review,,,loan_repayment_manual,
A Reeson Loan,A REESON  LOAN FT,50,debit,plaid,LOAN_PAYMENTS_PERSONAL_LOAN_PAYMENT,already_verified,production_tranche3_review,,,loan_repayment_manual,
Aimeeleigh Wallace Lend,aimeeleigh wallace                       lend,15,debit,plaid,LOAN_PAYMENTS_PERSONAL_LOAN_PAYMENT,already_verified,production_tranche2_review,,,loan_repayment_manual,
Amy Loan Ft,AMY  LOAN FT,65,debit,plaid,LOAN_PAYMENTS_PERSONAL_LOAN_PAYMENT,already_verified,production_tranche2_review,,,loan_repayment_manual,
Bradley Draycott Loan,BRADLEY DRAYCOTT  LOAN              VIA MOBILE - PYMT FP 25/06/25 10    39150628181472000N,20,debit,plaid,LOAN_PAYMENTS_PERSONAL_LOAN_PAYMENT,already_verified,production_tranche2_review,,,loan_repayment_manual,
David Ferebee Reddit,David Ferebee     Reddit Loan final,150,debit,plaid,LOAN_PAYMENTS_PERSONAL_LOAN_PAYMENT,already_verified,production_tranche3_review,,,loan_repayment_manual,
Dulgher,Pavel Dulgher     Loans,520,debit,plaid,LOAN_PAYMENTS_PERSONAL_LOAN_PAYMENT,already_verified,production_tranche3_review,,,loan_repayment_manual,
Eugene Ampofo Gyek Loan,EUGENE AMPOFO GYEK  LOAN FT,30,debit,plaid,LOAN_PAYMENTS_PERSONAL_LOAN_PAYMENT,already_verified,production_tranche2_review,,,loan_repayment_manual,
A M Humphreys Mags,A M HUMPHREYS     MAGS              VIA MOBILE - PYMT FP 24/06/25 10    01075307133227000R,50,debit,plaid,LOAN_PAYMENTS_CREDIT_CARD_PAYMENT,already_verified,production_tranche2_review,,,magazines,
Conde Nast Pubs,"DIRECT DEBIT PAYMENT TO CONDE NAST PUBS REF 300000164547, MANDATE NO 0297",1,debit,plaid,DINING_DINING,already_verified,production_tranche3_review,,,magazines,
Hachette Partworks,HACHETTE PARTWORKS,3.99,debit,plaid,GENERAL_MERCHANDISE_OTHER_GENERAL_MERCHANDISE,already_verified,gold_head_adjudicated,,,magazines,
The Economist,The Economist,23.9,debit,plaid,GENERAL_MERCHANDISE_OTHER_GENERAL_MERCHANDISE,already_verified,gold_head_adjudicated,,,magazines,
Thomson Initial,DC THOMSON        INITIAL PAYMENT,11,debit,plaid,LOAN_PAYMENTS_CREDIT_CARD_PAYMENT,already_verified,production_tranche3_review,,,magazines,
A&f Bargains LTD,A&F BARGAINS LTD,2,debit,plaid,GENERAL_MERCHANDISE_DISCOUNT_STORES,already_verified,gold_head_adjudicated,,,discount_store,
B&M,B&M 868 WATERSIDE,10.82,debit,plaid,GENERAL_MERCHANDISE_DISCOUNT_STORES,already_verified,gold_head_adjudicated,,,discount_store,
Bm Retail LTD,BM RETAIL LTD,4.69,debit,plaid,ENTERTAINMENT_CASINOS_AND_GAMBLING,already_verified,production_tranche3_review,,,discount_store,
Home B,WYTHENSHAWE HOME B,26.17,debit,plaid,TRANSFER_OUT_OTHER,already_verified,gold_tail_human_verified,,,discount_store,
Home Bargains,Home Bargains,9.97,debit,plaid,GENERAL_MERCHANDISE_OTHER_GENERAL_MERCHANDISE,already_verified,gold_head_adjudicated,,,discount_store,
Last Chance Store,PPOINT_*LAST CHANC,1,debit,plaid,ENTERTAINMENT_CASINOS_AND_GAMBLING,already_verified,production_tranche3_review,,,discount_store,
Onebeyond Retail Bar,ONEBEYOND RETAIL  BARNSLEY,6.49,debit,plaid,DINING_DINING,already_verified,production_tranche3_review,,,discount_store,
Super Pound Saver,Super Pound Saver,1.5,debit,plaid,GENERAL_MERCHANDISE_DISCOUNT_STORES,already_verified,gold_head_adjudicated,,,discount_store,
Abbey Local,ABBEY LOCAL,2.15,debit,plaid,DINING_DINING,already_verified,production_tranche2_review,,,convenience_store,
Akenside Traders,AKENSIDE TRADERS,5.95,debit,plaid,GENERAL_MERCHANDISE_CONVENIENCE_STORES,already_verified,production_tranche3_review,,,convenience_store,
Ancoats General Store,Ancoats General Store,2,debit,plaid,GENERAL_MERCHANDISE_CONVENIENCE_STORES,already_verified,gold_head_adjudicated,,,convenience_store,
Ayr Local,Ayr Local,12,debit,plaid,DINING_DINING,already_verified,production_tranche3_review,,,convenience_store,
Barrys Premier,BARRYS PREMIER - H,14.29,debit,plaid,ENTERTAINMENT_CASINOS_AND_GAMBLING,already_verified,production_tranche3_review,,,convenience_store,
Bestone,Bestone,13.99,debit,plaid,LOAN_PAYMENTS_PERSONAL_LOAN_PAYMENT,already_verified,production_tranche2_review,,,convenience_store,
Bhavin Express,Bhavin Express,9,debit,plaid,TRAVEL_AND_TRANSPORTATION_OTHER_TRAVEL_AND_TRANSPORTATION,already_verified,gold_tail_human_verified,,,convenience_store,
Billys Licecned Gr,Billys licecned GrPaisley,1.55,debit,plaid,DINING_DINING,already_verified,production_tranche3_review,,,convenience_store,
Abercrombie & Fitch,Abercrombie & Fitch,35,debit,plaid,GENERAL_MERCHANDISE_APPAREL_AND_ACCESSORIES,already_verified,gold_head_adjudicated,,,clothing_general,
boohoo,Boohoo.com UK Ltd CD 2031,41.99,debit,plaid,GENERAL_MERCHANDISE_APPAREL_AND_ACCESSORIES,already_verified,gold_head_adjudicated,,,clothing_general,
Damaged Society,Contactless Payment DAMAGED SOCIETY APPLEPAY 9309 2025-09-14,13,debit,plaid,DINING_DINING,already_verified,production_tranche2_review,,,clothing_general,
Flannels,5831 16SEP25  D   FLANNELS.COM      SHIREBROOK GB,39.99,debit,plaid,GENERAL_MERCHANDISE_APPAREL_AND_ACCESSORIES,already_verified,gold_head_adjudicated,,,clothing_general,
Lacoste,LACOSTE,103.64,debit,plaid,TRANSFER_OUT_OTHER,already_verified,gold_head_adjudicated,,,clothing_general,
M And M,M and M Direct Ltd,60.96,debit,plaid,GENERAL_SERVICES_OTHER_SERVICES,already_verified,production_tranche2_review,,,clothing_general,
Matalan,Visa purchase Klarna*Matalan 8998,2.25,debit,plaid,GENERAL_MERCHANDISE_ONLINE_MARKETPLACES,already_verified,gold_head_adjudicated,,,clothing_general,
New Look,New Look,16.48,debit,plaid,GENERAL_MERCHANDISE_APPAREL_AND_ACCESSORIES,already_verified,gold_head_adjudicated,,,clothing_general,
Absolute Music,ABSOLUTE MUSIC  ON 17 AUG CPM,10,debit,plaid,ENTERTAINMENT_MUSIC_VIDEO_GAMES_TV_AND_MOVIES,already_verified,gold_head_adjudicated,,,musical_instruments,
Gear4music,Gear4music,79,debit,plaid,GENERAL_MERCHANDISE_OTHER_GENERAL_MERCHANDISE,already_verified,gold_head_adjudicated,,,musical_instruments,
Abvintn,1522 22JUL25      WWW.ABVINTN       ERS.CO.UK         01892725194 GB,642.9,debit,plaid,GENERAL_MERCHANDISE_APPAREL_AND_ACCESSORIES,already_verified,production_tranche3_review,,,alcohol_wine,
C Mon Etiquette,C Mon Etiquette FRANCE ON 19 SEP CPM C MON ETIQUETTE,28.06,debit,plaid,DINING_DINING,already_verified,production_tranche2_review,,,retail_other,
Justerini Brookscave,JUSTERINI   BROOKSCAVE BRISTOL      VIA MOBILE - PYMT FP 31/07/25 10    56105610883768000N,121.54,debit,plaid,TRANSFER_OUT_OTHER,already_verified,production_tranche3_review,,,alcohol_wine,
Ls Lea,"LS LEA & SANDEMAN (VIA APPLE PAY), ON 17-08-2025",16.95,debit,plaid,DINING_DINING,already_verified,production_tranche3_review,,,alcohol_wine,
Vine Trail Cave,VINE TRAIL        CAVE BRISTOL      VIA MOBILE - PYMT FP 11/06/25 10    13064613767659000N,1310.64,debit,plaid,TRAVEL_AND_TRANSPORTATION_OTHER_TRAVEL_AND_TRANSPORTATION,already_verified,production_tranche3_review,,,alcohol_wine,
Acc-nwestmstgl,ACC-NWESTMSTGL    543699******8897  VIA MOBILE - PYMT FP 16/10/25 10    32074346309180000N,300,debit,plaid,TRANSFER_OUT_OTHER,already_verified,production_tranche3_review,,,credit_card_repayment,
BIP,Bip,42.42,debit,plaid,LOAN_PAYMENTS_PERSONAL_LOAN_PAYMENT,already_verified,production_tranche1_review,,,credit_card_repayment,
Byron,Byron Hara Credit Card,130,debit,plaid,LOAN_PAYMENTS_CREDIT_CARD_PAYMENT,already_verified,production_tranche1_review,,,transfer_p2p,
Cr LTD Prescot Rd Ts3,CR LTD PRESCOT RD,200,debit,plaid,LOAN_PAYMENTS_CREDIT_CARD_PAYMENT,already_verified,production_tranche3_review,,,credit_card_repayment,
Drctr,Payment to DRCTR 309950 54679462,25,debit,plaid,LOAN_PAYMENTS_CREDIT_CARD_PAYMENT,already_verified,production_tranche3_review,,,credit_card_repayment,
Dundee Cc T,DUNDEE CC T/T Dundee Cc T/t,90,debit,plaid,LOAN_PAYMENTS_CREDIT_CARD_PAYMENT,already_verified,production_tranche3_review,,,council_tax,
Epsod Limited,EPSOD Limited                            009 A SMITH,13.67,debit,plaid,TRANSFER_OUT_OTHER,already_verified,production_tranche3_review,,,credit_card_repayment,
Lloyds Tsb Create,LLOYDS TSB CREATE  XXXXXXXXXXXX6224 BBP,50,debit,plaid,TRANSFER_OUT_OTHER,already_verified,production_tranche3_review,,,credit_card_repayment,
Accessorize,CARD PAYMENT TO ACCESSORIZE ON 30-08-2025,37,debit,plaid,GENERAL_MERCHANDISE_APPAREL_AND_ACCESSORIES,already_verified,gold_head_adjudicated,,,jewellery,
Hiscox The Jewelle,HISCOX THE JEWELLEBURTON-ON-TRE,40,debit,plaid,INSURANCE_AND_TAX_INSURANCE,already_verified,gold_tail_human_verified,,,jewellery,
Aci-uk,ACI-2628166-1 Aci-Uk,14.75,debit,plaid,LOAN_PAYMENTS_OTHER,already_verified,production_tranche1_review,,,debt_collection,
Andrew Whittaker Recovery,ANDREW WHITTAKER  RECOVERY FT,20,debit,plaid,TRANSFER_OUT_OTHER,already_verified,production_tranche3_review,,,debt_collection,
Asset Link Capital R,ASSET LINK CAPITAL,246.48,debit,plaid,TRANSFER_OUT_INVESTMENT_AND_RETIREMENT_FUNDS,already_verified,production_tranche3_review,,,debt_collection,
Cabot Financial,CABOT FINANCIAL E CCMDD02966306/2,166.67,debit,plaid,LOAN_PAYMENTS_OTHER,already_verified,gold_tail_human_verified,,,debt_collection,
Credit Resource So,CREDIT RESOURCE SO,1,debit,plaid,TRANSFER_OUT_OTHER,already_verified,production_tranche3_review,,,debt_collection,
Drydens,DRYDENS FAIRFAX,1,debit,plaid,PERSONAL_CARE_HAIR_AND_BEAUTY,already_verified,production_tranche2_review,,,debt_collection,
Dwp-crg,Dwp-crg DWP Central Recovery,10,debit,plaid,GOVERNMENTS_AND_NON_PROFIT_GOVERNMENTS_AND_NON_PROFIT,already_verified,production_tranche3_review,,,debt_collection,
Mortimer Clarke Solicitors,GB Account - 36736314 Mortimer Clarke Solicitors - SortCodeAccountNumber: 16142411322059,10,debit,plaid,TRANSFER_OUT_OTHER,already_verified,gold_head_adjudicated,,,debt_collection,
Aclax LTD,Barclays account - deposit Aclax ltd - SortCodeAccountNumber: 20134523641341,4100,debit,plaid,TRANSFER_OUT_OTHER,already_verified,production_tranche3_review,,,unclassified_transfer,
Adam Eve,ADAM EVE  ON 11 JUL CLP ADAM   EVE,2.5,debit,plaid,GENERAL_MERCHANDISE_OTHER_GENERAL_MERCHANDISE,already_verified,production_tranche2_review,,,adult_products,
Ann Summers,Ann Summers,27.18,debit,plaid,GENERAL_MERCHANDISE_APPAREL_AND_ACCESSORIES,already_verified,gold_head_adjudicated,,,adult_products,
Admiral,ADMIRAL CASINO  2KR9L5CMRH18HDJWTC FT,23,debit,plaid,ENTERTAINMENT_CASINOS_AND_GAMBLING,already_verified,gold_head_adjudicated,,,gambling_casino,
Citymain Admin Re,"DIRECT DEBIT PAYMENT TO CITYMAIN ADMIN RE REF MUINS.244531490, MANDATE NO 0067",9.99,debit,plaid,RENT_AND_UTILITIES_WATER,already_verified,production_tranche3_review,,,insurance_general,
Citymainadminre,CITYMAINADMINRE A1INS.245049295,12.99,debit,plaid,TRANSFER_OUT_OTHER,already_verified,production_tranche2_review,,,insurance_general,
Domestic & General,"DIRECT DEBIT PAYMENT TO D&G APPLIANCE CARE REF DBJR0006668, MANDATE NO 0056",7.83,debit,plaid,INSURANCE_AND_TAX_INSURANCE,already_verified,gold_tail_human_verified,,,insurance_general,
Hastings Insurance,"Card 37, Hastings Insurance",55.48,debit,plaid,INSURANCE_AND_TAX_INSURANCE,already_verified,gold_tail_human_verified,,,insurance_general,
Onecall,ONECALL*9853154-25DONCASTER,129.21,debit,plaid,GENERAL_SERVICES_OTHER_SERVICES,already_verified,production_tranche3_review,,,insurance_general,
Pmgi LTD,PMGI LTD,54.89,debit,plaid,TRANSFER_OUT_OTHER,already_verified,production_tranche2_review,,,insurance_general,
Swiftcover,SWIFTCOVER,57.76,debit,plaid,INSURANCE_AND_TAX_INSURANCE,already_verified,gold_head_adjudicated,,,insurance_general,
ADT,ADT - OIN ACCOUNT,33.47,debit,plaid,GENERAL_SERVICES_OTHER_SERVICES,already_verified,production_tranche2_review,,,utility_other,
Gas And Water Pipeline,Gas And Water Pipeline,277.56,debit,plaid,TRAVEL_AND_TRANSPORTATION_OTHER_TRAVEL_AND_TRANSPORTATION,already_verified,production_tranche3_review,,,utility_other,
Glide Student & Reside,GLIDE STUDENT & RE  ON 12 AUG BCC GLIDE STUDENT & RESIDE,25,debit,plaid,RENT_AND_UTILITIES_RENT,already_verified,production_tranche3_review,,,utility_other,
Homebox,HOMEBOX  1795190448 DDR,25,debit,plaid,GENERAL_SERVICES_OTHER_SERVICES,already_verified,production_tranche3_review,,,utility_other,
Leep Networks,"DIRECT DEBIT PAYMENT TO LEEP NETWORKS REF A-C301AB24-001, MANDATE NO 0034",36.38,debit,plaid,LOAN_PAYMENTS_PERSONAL_LOAN_PAYMENT,already_verified,production_tranche3_review,,,utility_other,
Virgin Pure Ourtaap,Virgin Pure Ourtaap,19.95,debit,plaid,RENT_AND_UTILITIES_GAS_AND_ELECTRICITY,already_verified,production_tranche2_review,,,utility_other,
Afro Shop Emma Limited,AFRO SHOP EMMA LIM,3.48,debit,plaid,GENERAL_MERCHANDISE_OTHER_GENERAL_MERCHANDISE,already_verified,gold_head_adjudicated,,,groceries,
Asda Stores LTD,CRV*ASDA STORES LT,4.53,debit,plaid,FOOD_RETAIL_GROCERIES,already_verified,gold_tail_human_verified,,,groceries,
Baba Jaga,Baba Jaga  ON 16 JUL CLP BABA JAGA,1.1,debit,plaid,DINING_DINING,already_verified,gold_head_adjudicated,,,groceries,
Big Ben Fore Street,BIG BEN Fore Stree  ON 26 SEP CLP BIG BEN FORE STREET,7.36,debit,plaid,GENERAL_MERCHANDISE_FURNITURE_AND_HARDWARE,already_verified,production_tranche2_review,,,groceries,
Bodega Ibiza,Bodega Ibiza,52.31,debit,plaid,GENERAL_MERCHANDISE_APPAREL_AND_ACCESSORIES,already_verified,production_tranche3_review,,,groceries,
C Ringland Premier,1940 28JUL25 C    RINGLAND PREMIER  CYMBRAN GB,1.25,debit,plaid,LOAN_PAYMENTS_PERSONAL_LOAN_PAYMENT,already_verified,production_tranche3_review,,,groceries,
Carrefour,Carrefour,32.82,debit,plaid,FOOD_RETAIL_GROCERIES,already_verified,gold_head_adjudicated,,,groceries,
COOP,CENTRAL ENG COOP,12.28,debit,plaid,FOOD_RETAIL_GROCERIES,already_verified,gold_tail_human_verified,,,groceries,
Afsl,AFSL,423.84,debit,plaid,TRANSFER_OUT_OTHER,already_verified,gold_tail_human_verified,,,personal_loan_repayment,AFSL is Admiral Financial Services Ltd / Admiral Money unsecured personal loans. £423.84 is a typical monthly instalment.
Aprova Carros Apoi,Pg *aprova Carros Apoi,26.39,debit,plaid,TRAVEL_AND_TRANSPORTATION_AUTOMOTIVE,already_verified,gold_tail_human_verified,,,unclassified_other,
ETB,"ETB WORCESTER HYLTON R - UNIT 1 AND 2, WORCESTER",146.88,debit,plaid,RENT_AND_UTILITIES_RENT,already_verified,gold_tail_human_verified,,,vehicle_maintenance,
Expo,Expo International Sup,1.39,debit,plaid,GENERAL_MERCHANDISE_OTHER_GENERAL_MERCHANDISE,already_verified,gold_tail_human_verified,,,groceries_specialist,
Flex,Flex,50,debit,plaid,GENERAL_SERVICES_ACCOUNTING_AND_FINANCIAL_SERVICES,already_verified,gold_tail_human_verified,,,unclassified_other,
Hedon,HEDON,5.68,debit,plaid,TRANSFER_OUT_OTHER,already_verified,gold_tail_human_verified,,,unclassified_other,
Magic Lantern,MAGIC LANTERN,7.2,debit,plaid,LOAN_PAYMENTS_OTHER,already_verified,gold_tail_human_verified,,,cinema,The Magic Lantern Limited (SIC 59140) is the Tywyn cinema. £7.20 matches a ticket.
New Mastercard,NEW MASTERCARD 300000001586035992,10,debit,plaid,TRANSFER_OUT_OTHER,already_verified,gold_tail_human_verified,,,unclassified_other,
After Dark,After Dark  ON 02 AUG CLP AFTER DARK,4.7,debit,plaid,DINING_OTHER_DINING,already_verified,production_tranche2_review,,,night_club,
Circuit Southampton,Contactless Payment CIRCUIT SOUTHAMPTON APPLEPAY 9309,10,debit,plaid,TRAVEL_AND_TRANSPORTATION_OTHER_TRAVEL_AND_TRANSPORTATION,already_verified,production_tranche3_review,,,laundry,
Club Chemistry,CLUB CHEMISTRY,2.3,debit,plaid,ENTERTAINMENT_EVENTS_AND_TICKETS,already_verified,production_tranche3_review,,,night_club,
Club Salvation,Club Salvation,11,debit,plaid,GENERAL_MERCHANDISE_DISCOUNT_STORES,already_verified,production_tranche2_review,,,night_club,
Club X,Club X,6,debit,plaid,ENTERTAINMENT_EVENTS_AND_TICKETS,already_verified,production_tranche2_review,,,night_club,
Dalston Superstor,Zettle_*dalston Supers,20.4,debit,plaid,LOAN_PAYMENTS_PERSONAL_LOAN_PAYMENT,already_verified,gold_tail_human_verified,,,night_club,
Dalston Superstore,Dalston Superstore,12,debit,plaid,GENERAL_MERCHANDISE_CONVENIENCE_STORES,already_verified,production_tranche3_review,,,night_club,
Drumsheds,Drumsheds,6.9,debit,plaid,TRANSFER_OUT_OTHER,already_verified,production_tranche3_review,,,night_club,
Ai-acc.co.uk,AI-ACC.CO.UK CD 0541,17.29,debit,plaid,LOAN_PAYMENTS_PERSONAL_LOAN_PAYMENT,already_verified,production_tranche2_review,,,online_services,
Dama Live,PM *Dama Live HONG KONG ON 04 OCT CPM PM *DAMA LIVE,3.79,debit,plaid,ENTERTAINMENT_MUSIC_VIDEO_GAMES_TV_AND_MOVIES,already_verified,production_tranche3_review,,,online_services,
Facebook,Facebk *y9236y4gj2,17.13,debit,plaid,TRANSFER_OUT_OTHER,already_verified,gold_head_adjudicated,,,online_services,
Hint.app,3763 07JUL25  D   HINT.APP/UK       LONDON GB,14.99,debit,plaid,TRANSFER_OUT_OTHER,already_verified,production_tranche2_review,,,online_services,
LinkedIn,LinkedIn P784441494,125.99,debit,plaid,GENERAL_SERVICES_OTHER_SERVICES,already_verified,gold_head_adjudicated,,,online_services,
Location-tool,LOCATION-TOOL.COM* 24H Location-Tool,0.47,debit,plaid,LOAN_PAYMENTS_CREDIT_CARD_PAYMENT,already_verified,production_tranche2_review,,,online_services,
Minnect,www.minnect.com,3.67,debit,plaid,LOAN_PAYMENTS_PERSONAL_LOAN_PAYMENT,already_verified,production_tranche3_review,,,online_services,
Nest London,2650 01SEP25      GOOGLE NEST       LONDON GB,8,debit,plaid,TRANSFER_OUT_INVESTMENT_AND_RETIREMENT_FUNDS,already_verified,production_tranche3_review,,,online_services,
Alardistributionlt,NYX*AlarDistributi  ON 29 AUG CPM NYX*ALARDISTRIBUTIONLT,1.9,debit,plaid,FOOD_RETAIL_OTHER,already_verified,production_tranche1_review,,,confectionary,
Candy Clouds,Candy Clouds,8,debit,plaid,GENERAL_MERCHANDISE_OTHER_GENERAL_MERCHANDISE,already_verified,production_tranche3_review,,,confectionary,
Energy Vending,Energy Vending,2.2,debit,plaid,FOOD_RETAIL_OTHER,already_verified,production_tranche3_review,,,confectionary,
Hotel Chocolat,Hotel Chocolat,14.2,debit,plaid,DINING_DINING,already_verified,gold_head_adjudicated,,,confectionary,
Liquidline Retail,Liquidline Retail,0.9,debit,plaid,FOOD_RETAIL_LIQUOR_STORES,already_verified,production_tranche1_review,,,confectionary,
Lola's Cupcakes,Lola's Cupcakes,3.95,debit,plaid,DINING_DINING,already_verified,gold_head_adjudicated,,,confectionary,
Millsons Vending,Millsons Vending,1.7,debit,plaid,FOOD_RETAIL_OTHER,already_verified,gold_head_adjudicated,,,confectionary,
Servicevendnw,NYX*ServicevendNW,1.6,debit,plaid,FOOD_RETAIL_OTHER,already_verified,production_tranche2_review,,,confectionary,
Alberts Schloss,Alberts Schloss,2.5,debit,plaid,GENERAL_SERVICES_OTHER_SERVICES,already_verified,production_tranche2_review,,,pub_bar,
Alberts Shed Southwat,Alberts Shed Southwate,5,debit,plaid,ENTERTAINMENT_EVENTS_AND_TICKETS,already_verified,production_tranche2_review,,,pub_bar,
Alberts Shed Southwate,Alberts Shed Southwate,9.9,debit,plaid,ENTERTAINMENT_EVENTS_AND_TICKETS,already_verified,production_tranche3_review,,,pub_bar,
Anchor Rowhedge,Anchor Rowhedge,7.8,debit,plaid,TRANSFER_OUT_OTHER,already_verified,production_tranche2_review,,,pub_bar,
Angel Vaults Evesham,ANGEL VAULTS      EVESHAM,4.9,debit,plaid,GENERAL_MERCHANDISE_APPAREL_AND_ACCESSORIES,already_verified,production_tranche3_review,,,pub_bar,
Aptos. Los Alisios Bar,APTOS. LOS ALISIOS,10.94,debit,plaid,DINING_DINING,already_verified,production_tranche1_review,,,pub_bar,
Bears Paw Frodsh,6895 BEARS PAW (FR  ON 08 AUG CLP 6895 BEARS PAW (FRODSH,10.2,debit,plaid,PET_CARE_AND_SUPPLIES_PET_SUPPLIES,already_verified,production_tranche3_review,,,pub_bar,
Beckett S Bank,BECKETTS BANK,13.25,debit,plaid,TRANSFER_OUT_OTHER,already_verified,production_tranche3_review,,,pub_bar,
All That Falafel,ALL THAT FALAFEL  ON 28 JUL CPM,6.95,debit,plaid,DINING_DINING,already_verified,gold_head_adjudicated,,,takeaway,
Chilos,WWW.CHILOS.CO.UK CD 6328,11.48,debit,plaid,LOAN_PAYMENTS_PERSONAL_LOAN_PAYMENT,already_verified,production_tranche2_review,,,takeaway,
Chip Shed Bourton Limited,CHIP SHED BOURTON,0.8,debit,plaid,TRANSFER_OUT_OTHER,already_verified,gold_head_adjudicated,,,takeaway,
Cracker Jack Gold,Contactless Payment CRACKER JACK GOLD APPLEPAY 7898,22.37,debit,plaid,DINING_DINING,already_verified,production_tranche3_review,,,takeaway,
Domino's,Domino s Pizza Domino's Pizza,33.57,debit,plaid,DINING_DINING,already_verified,gold_tail_human_verified,,,takeaway,
Falafel Stop,Falafel stop Limited Falafel Stop,6.5,debit,plaid,DINING_DINING,already_verified,gold_head_adjudicated,,,takeaway,
Frankley N E Bk,FRANKLEY N/E BK,14.65,debit,plaid,TRANSFER_OUT_OTHER,already_verified,production_tranche3_review,,,takeaway,
Freddys Chicken N Pizz Cd,Freddys chicken n pizz CD 5694,26.2,debit,plaid,DINING_DINING,already_verified,gold_tail_human_verified,,,takeaway,
Allpay LTD,ALLPAY LTD,1116,debit,plaid,LOAN_PAYMENTS_PERSONAL_LOAN_PAYMENT,already_verified,production_tranche2_review,,,payment_intermediary,
Ashbourne Manageme,ASHBOURNE MANAGEME,55,debit,plaid,TRANSFER_OUT_OTHER,already_verified,production_tranche1_review,,,gym_fitness,"Ashbourne Membership Management collects gym/health-club direct debits only. Unlike Allpay, the underlying product is known."
Bills-website.co.uk,"BILLS-WEBSITE.CO.UK (VIA APPLE PAY), ON 03-08-2025",21.46,debit,plaid,LOAN_PAYMENTS_CREDIT_CARD_PAYMENT,already_verified,production_tranche3_review,,,payment_intermediary,
C Kashing,9270 01SEP25 C    KASHING*AMU       SEMENT/GAME       LEICESTER GB,2.99,debit,plaid,ENTERTAINMENT_EVENTS_AND_TICKETS,already_verified,production_tranche2_review,,,entertainment_other,
Easypay,EASYPAY,4,debit,plaid,LOAN_PAYMENTS_PERSONAL_LOAN_PAYMENT,already_verified,production_tranche2_review,,,payment_intermediary,
FEW,Visa purchase PAYPAL *FEW2780 CART 7053,1.5,debit,plaid,TRANSFER_OUT_TRANSFER_OUT_FROM_APPS,already_verified,gold_tail_human_verified,,,payment_intermediary,
Finance Coll,DEBIT FINANCE COLL,10,debit,plaid,LOAN_PAYMENTS_PERSONAL_LOAN_PAYMENT,already_verified,production_tranche1_review,,,payment_intermediary,
Gocardless,GOCARDLESS  HINDLEYJFC-JAPBR5Z DDR GoCardless,25,debit,plaid,TRANSFER_OUT_OTHER,already_verified,gold_head_adjudicated,,,sports_participation,GoCardless is the rail; the mandate names Hindley JFC (junior football club). Club subs are sports_participation.
Alncom,Alncom,66,debit,plaid,LOAN_PAYMENTS_PERSONAL_LOAN_PAYMENT,already_verified,production_tranche3_review,,,broadband_tv_phone,
Bip Pi,BIP PI3832943880748982,32.32,debit,plaid,LOAN_PAYMENTS_PERSONAL_LOAN_PAYMENT,already_verified,production_tranche3_review,,,credit_card_repayment,
Blackwood,BLACKWOOD,60,debit,plaid,LOAN_PAYMENTS_PERSONAL_LOAN_PAYMENT,already_verified,production_tranche3_review,,,personal_loan_repayment,
Creditspring,CREDITSPRING,28,debit,plaid,LOAN_PAYMENTS_PERSONAL_LOAN_PAYMENT,already_verified,gold_head_adjudicated,,,personal_loan_repayment,
Depa Payment To Depasify, Depa Payment to Depasify,105.22,debit,plaid,LOAN_PAYMENTS_PERSONAL_LOAN_PAYMENT,already_verified,production_tranche3_review,,,crypto,"Depasify is a Bank of Spain-registered VASP (crypto on-ramp), not a consumer lender. "
Depasify, Depasify,45.99,debit,plaid,LOAN_PAYMENTS_PERSONAL_LOAN_PAYMENT,already_verified,production_tranche2_review,,,crypto,
Dfc Nelson,DFC NELSON,3.5,debit,plaid,LOAN_PAYMENTS_PERSONAL_LOAN_PAYMENT,already_verified,production_tranche3_review,,,gym_fitness,
Fgfs,Fgfs,18.32,debit,plaid,TRANSFER_OUT_OTHER,already_verified,production_tranche3_review,,,personal_loan_repayment,
Alvis Sports And Social,Alvis Sports and S,2.5,debit,plaid,GENERAL_MERCHANDISE_SPORTING_GOODS,already_verified,production_tranche3_review,,,private_members_club,
Arkwright Miners Welfare,ARKWRIGHT MINERS W,2,debit,plaid,TRANSFER_OUT_OTHER,already_verified,production_tranche2_review,,,private_members_club,
Barrow On Soar Conserv,BARROW ON SOAR CON,7.75,debit,plaid,DINING_DINING,already_verified,production_tranche3_review,,,private_members_club,
Broadstone Royal British,BROADSTONE ROYAL B,3.8,debit,plaid,TRAVEL_AND_TRANSPORTATION_OTHER_TRAVEL_AND_TRANSPORTATION,already_verified,production_tranche1_review,,,private_members_club,
C Heald Green Socialclu,5788 26JUL25 C    HEALD GREEN SOCIALCLU               CHEADLE GB,50,debit,plaid,TRANSFER_OUT_OTHER,already_verified,production_tranche2_review,,,private_members_club,
Cd Barnard Castle,9293 13JUL25 CD   BARNARD CASTLE CC TRAD              BARNARD CASTL GB,4.9,debit,plaid,LOAN_PAYMENTS_CREDIT_CARD_PAYMENT,already_verified,production_tranche2_review,,,private_members_club,
Cd Milford Club,6845 19SEP25 CD   MILFORD CLUB      GODALMING GB,13.2,debit,plaid,DINING_DINING,already_verified,production_tranche2_review,,,private_members_club,
Cd Parkstone Club,4823 25JUL25 CD   PARKSTONE CLUB    POOLE GB,4.5,debit,plaid,ENTERTAINMENT_EVENTS_AND_TICKETS,already_verified,production_tranche3_review,,,private_members_club,
Amazon,AMAZON* BM1S29GA5 CD 5287,14.98,debit,plaid,GENERAL_MERCHANDISE_ONLINE_MARKETPLACES,already_verified,gold_tail_human_verified,,,marketplace_amazon,
Www.amazon.,Visa purchase WWW.AMAZON.* RJ3LZ3YN4 6059,12.86,debit,plaid,GENERAL_SERVICES_OTHER_SERVICES,already_verified,gold_tail_human_verified,,,marketplace_amazon,
Amazon Prime,Amazon Prime*EV2PL,8.99,debit,plaid,GENERAL_SERVICES_OTHER_SERVICES,already_verified,gold_tail_human_verified,,,streaming,
Amazon Prime Video,7718 17SEP25      PRIME             VIDEO*RH24L96K5   AMZN.UK/BILL GB,4.99,debit,plaid,ENTERTAINMENT_MUSIC_VIDEO_GAMES_TV_AND_MOVIES,already_verified,gold_head_adjudicated,,,streaming,
Cda Pl,CDA PL POLAND AMOUNT IN PLN 19.90 ON 10 JUL VISA 4.909879 FINAL GBP AMOUNT INCLUDES NON-STERLING TRANS FEE £0.12 ,4.17,debit,plaid,TRANSFER_OUT_OTHER,already_verified,gold_tail_human_verified,,,streaming,
Crunchyroll,PAYPAL *CRUNCHYROL,5.99,debit,plaid,ENTERTAINMENT_MUSIC_VIDEO_GAMES_TV_AND_MOVIES,already_verified,gold_head_adjudicated,,,streaming,
Deezer,PAYPAL *DEEZER FRANCE ON 13 JUN BCC,11.99,debit,plaid,ENTERTAINMENT_MUSIC_VIDEO_GAMES_TV_AND_MOVIES,already_verified,gold_head_adjudicated,,,streaming,
Disney+,Paypal *disneyplus,4.99,debit,plaid,ENTERTAINMENT_MUSIC_VIDEO_GAMES_TV_AND_MOVIES,already_verified,gold_tail_human_verified,,,streaming,
Emigrantas Tv,HCM*EMIGRANTAS TV,6.73,debit,plaid,ENTERTAINMENT_MUSIC_VIDEO_GAMES_TV_AND_MOVIES,already_verified,gold_head_adjudicated,,,streaming,
Hayu,Visa purchase Hayu 7322,4.99,debit,plaid,TRANSFER_OUT_OTHER,already_verified,gold_head_adjudicated,,,streaming,
Amorino,Amorino,7.3,debit,plaid,DINING_OTHER_DINING,already_verified,gold_head_adjudicated,,,restaurant_cafe,
Arnold Machin,Arnold Machin,5.68,debit,plaid,DINING_DINING,already_verified,production_tranche3_review,,,pub_bar,
Barge East,Barge East,16,debit,plaid,DINING_DINING,already_verified,production_tranche3_review,,,restaurant_cafe,
Beano In The Park,Contactless Payment Zettle_*Beano in the Park APPLEPAY 3193,3,debit,plaid,DINING_DINING,already_verified,gold_head_adjudicated,,,restaurant_cafe,
Betwn,8024 10AUG25 CD   DINES* BETWN D    BRIDGES           LONDON GB,10,debit,plaid,TRANSFER_OUT_OTHER,already_verified,production_tranche3_review,,,restaurant_cafe,
Cd Casa,9665 30AUG25 CD   CASA 03 LIMITED   LONDON GB,11.15,debit,plaid,DINING_DINING,already_verified,gold_tail_human_verified,,,restaurant_cafe,
Cd Make Mine,4601 20AUG25 CD   MAKE MINE         LONDON GB,8.95,debit,plaid,TRANSFER_OUT_OTHER,already_verified,production_tranche3_review,,,restaurant_cafe,
Colombia Coffe,Colombia Coffe,10.5,debit,plaid,DINING_DINING,already_verified,gold_tail_human_verified,,,restaurant_cafe,
Angel Advance,Angel Advance 68093,310,debit,plaid,TRANSFER_OUT_OTHER,already_verified,production_tranche3_review,,,debt_management_plan,
Angel Advance Limited,Angel Advance Lim Angel Advance Limited,91.66,debit,plaid,LOAN_PAYMENTS_PERSONAL_LOAN_PAYMENT,already_verified,gold_head_adjudicated,,,debt_management_plan,
Gregory,GREGORY PENNINGTON,90,debit,plaid,GENERAL_SERVICES_OTHER_SERVICES,already_verified,production_tranche2_review,,,debt_management_plan,
Monecope,Direct debit MONEYCOPE 070436 31960796,5.99,debit,plaid,ENTERTAINMENT_OTHER_ENTERTAINMENT,already_verified,production_tranche2_review,,,debt_management_plan,
Animed,1496 26AUG25      ANIMED DIRECT LTD 01379644288 GB,42.89,debit,plaid,ENTERTAINMENT_MUSIC_VIDEO_GAMES_TV_AND_MOVIES,already_verified,gold_head_adjudicated,,,pet_supplies,
C Raw,3348 30JUL25 C    RAW DOG CO        BURY GB,23.74,debit,plaid,DINING_DINING,already_verified,gold_tail_human_verified,,,pet_supplies,
Katkin Club,KATKIN CLUB,44.05,debit,plaid,ENTERTAINMENT_CASINOS_AND_GAMBLING,already_verified,production_tranche2_review,,,pet_supplies,
Lily's Kitchen,Emery             Lily's Kitchen    VIA MOBILE - PYMT FP 02/08/25 10    36151923546018000N,34,debit,plaid,PET_CARE_AND_SUPPLIES_PET_SUPPLIES,already_verified,gold_head_adjudicated,,,pet_supplies,
Pack Luna,ITCH* PACK LUNA,15.9,debit,plaid,GENERAL_SERVICES_OTHER_SERVICES,already_verified,gold_tail_human_verified,,,pet_supplies,
Tails.com,Tails.com,9,debit,plaid,PET_CARE_AND_SUPPLIES_PET_SUPPLIES,already_verified,gold_head_adjudicated,,,pet_supplies,
Wundapets,SP WUNDAPETS  ON 14 SEP BCC,20.98,debit,plaid,PET_CARE_AND_SUPPLIES_PET_SUPPLIES,already_verified,gold_tail_human_verified,,,pet_supplies,
Annexiojers,PAYPAL *ANNEXIOJER,20,debit,plaid,TRANSFER_OUT_TRANSFER_OUT_FROM_APPS,already_verified,production_tranche1_review,,,gambling_lottery,
Lottoland,LOTTOLAND,20,debit,plaid,ENTERTAINMENT_CASINOS_AND_GAMBLING,already_verified,gold_tail_human_verified,,,gambling_lottery,
Whitehawk Avenue Post,WHITEHAWK AVENUE P  ON 05 OCT CPM WHITEHAWK AVENUE POST,4.65,debit,plaid,ENTERTAINMENT_CASINOS_AND_GAMBLING,already_verified,production_tranche2_review,,,retail_other,
Anyvan,WWW.ANYVAN.COM,107,debit,plaid,TRANSFER_OUT_INVESTMENT_AND_RETIREMENT_FUNDS,already_verified,gold_head_adjudicated,,,delivery_courier,
Apollonia Logistica,SQ *APOLLONIA LOGI,150,debit,plaid,GENERAL_MERCHANDISE_APPAREL_AND_ACCESSORIES,already_verified,gold_tail_human_verified,,,delivery_courier,
World Options,WORLD OPTIONS World Options,37.5,debit,plaid,LOAN_PAYMENTS_PERSONAL_LOAN_PAYMENT,already_verified,production_tranche3_review,,,delivery_courier,
World Options Weedingtech,World Options     weedingtech,669.27,debit,plaid,LOAN_PAYMENTS_PERSONAL_LOAN_PAYMENT,already_verified,production_tranche3_review,,,delivery_courier,
Apex Temple Court Ecom,APEX TEMPLE COURT,258.66,debit,plaid,RENT_AND_UTILITIES_RENT,already_verified,production_tranche3_review,,,accommodation,
B Furniss,B FURNISS 116433 15230060,1,debit,plaid,RENT_AND_UTILITIES_RENT,already_verified,production_tranche3_review,,,rent,
Bolton At Home Lt,Visa purchase ALLPAY *BOLTON AT HOME LT,81,debit,plaid,GENERAL_MERCHANDISE_FURNITURE_AND_HARDWARE,already_verified,production_tranche3_review,,,rent,
C Kirtley,C KIRTLEY  BILL FT,130,debit,plaid,RENT_AND_UTILITIES_GAS_AND_ELECTRICITY,already_verified,production_tranche3_review,,,rent,
Cheffins,CHEFFINS          FP 01/07/25 30    35023828362717000N,1300,debit,plaid,DINING_DINING,already_verified,production_tranche3_review,,,rent,
Cosy Homes,COSY HOMES,20,debit,plaid,RENT_AND_UTILITIES_RENT,already_verified,production_tranche3_review,,,rent,
Countrywide Reside,Natwest account - LUTS204327 COUNTRYWIDE RESIDE - SortCodeAccountNumber: 56004613234676,910,debit,plaid,RENT_AND_UTILITIES_RENT,already_verified,gold_head_adjudicated,,,rent,
Countrywide Residential,Countrywide Residential Letting Ltd PN 9488,787.5,debit,plaid,RENT_AND_UTILITIES_RENT,already_verified,gold_head_adjudicated,,,rent,
Appcreatives.co.uk LTD,APPCREATIVES.CO.UK,8.99,debit,plaid,LOAN_PAYMENTS_PERSONAL_LOAN_PAYMENT,already_verified,production_tranche3_review,,,software,
Apple,APPLE.COM/BILL,8.99,debit,plaid,GENERAL_MERCHANDISE_COMPUTERS_AND_ELECTRONICS,already_verified,gold_tail_human_verified,,,software,
Atlassian,Atlassian,78.93,debit,plaid,GENERAL_SERVICES_OTHER_SERVICES,already_verified,gold_head_adjudicated,,,software,
AVG,AVG*AGAP1641395088 Avg *agp294263210,38.99,debit,plaid,GENERAL_MERCHANDISE_APPAREL_AND_ACCESSORIES,already_verified,gold_head_adjudicated,,,software,
Canva,CARD PAYMENT TO CANVA* 04548-37370800 ON 27-06-2025,13,debit,plaid,GENERAL_MERCHANDISE_OTHER_GENERAL_MERCHANDISE,already_verified,gold_head_adjudicated,,,software,
Capdesk,CAPDESK,175.01,debit,plaid,LOAN_PAYMENTS_PERSONAL_LOAN_PAYMENT,already_verified,production_tranche3_review,,,software,
Dropbox,Dropbox*SJNR14V25D IRELAND ON 05 SEP BDC,9.99,debit,plaid,GENERAL_SERVICES_OTHER_SERVICES,already_verified,gold_head_adjudicated,,,software,
Google One,Visa purchase GOOGLE *Google One,1.59,debit,plaid,GENERAL_SERVICES_OTHER_SERVICES,already_verified,gold_tail_human_verified,,,web_services,"Google One is cloud storage / web_services, not App Store software."
Aquaedge Classic Machi,Aquaedge Classic Machi,50.04,debit,plaid,RENT_AND_UTILITIES_WATER,already_verified,production_tranche3_review,,,household_appliances,
Arcade Club Bu,Zettle_*ARCADE CLUB BU Arcade Club Bu,2.4,debit,plaid,ENTERTAINMENT_CASINOS_AND_GAMBLING,already_verified,production_tranche3_review,,,entertainment_other,
Bam Karaoke Box,Bam Karaoke Box,15.19,debit,plaid,TRANSFER_OUT_OTHER,already_verified,production_tranche2_review,,,entertainment_other,
Bounce Old Street,Bounce Old Street,27,debit,plaid,TRANSFER_OUT_OTHER,already_verified,production_tranche3_review,,,entertainment_other,
Brewery Arts,Contactless Payment BREWERY ARTS,5.6,debit,plaid,FOOD_RETAIL_LIQUOR_STORES,already_verified,production_tranche3_review,,,entertainment_other,
Carousel,0825 25AUG25 CD   SUMUP  *CAROUSEL  AMUSE             HAMBROOK GB,9,debit,plaid,ENTERTAINMENT_EVENTS_AND_TICKETS,already_verified,production_tranche3_review,,,entertainment_other,
Castle Leisure LTD,CASTLE LEISURE LTD  ON 17 AUG CLP,42,debit,plaid,ENTERTAINMENT_EVENTS_AND_TICKETS,already_verified,production_tranche3_review,,,gambling_bingo,Castle Leisure Ltd operates Castle Bingo (SIC 92000).
Flight Club,Flight Club - Darts Ch,23.74,debit,plaid,TRANSFER_OUT_OTHER,already_verified,gold_head_adjudicated,,,entertainment_other,
Flight Club Bloomsbury,FLIGHT CLUB BLOOMS,51.32,debit,plaid,GENERAL_MERCHANDISE_OTHER_GENERAL_MERCHANDISE,already_verified,production_tranche3_review,,,entertainment_other,
Arcade Tottenha,Arcade Tottenha,43.09,debit,plaid,ENTERTAINMENT_CASINOS_AND_GAMBLING,already_verified,production_tranche3_review,,,eating_out_other,
Barmston Beach Cd,BARMSTON BEACH CD 1818,11.55,debit,plaid,DINING_DINING,already_verified,production_tranche2_review,,,eating_out_other,
Boxhall City,BOXHALL CITY Boxhall City,6.6,debit,plaid,ENTERTAINMENT_EVENTS_AND_TICKETS,already_verified,production_tranche3_review,,,eating_out_other,
Cd Brew,3193 05JUL25 CD   BREW 74           GLASGOW GB,9.1,debit,plaid,FOOD_RETAIL_LIQUOR_STORES,already_verified,production_tranche1_review,,,eating_out_other,
Cooper's,Cooper's,9.5,debit,plaid,DINING_DINING,already_verified,production_tranche2_review,,,eating_out_other,
Hackney Bridge,Hackney Bridge - SumUp,21.5,debit,plaid,TRANSFER_OUT_OTHER,already_verified,production_tranche3_review,,,eating_out_other,
Morr Derby,MORR DERBY,8.99,debit,plaid,ENTERTAINMENT_EVENTS_AND_TICKETS,already_verified,production_tranche2_review,,,groceries,Plaid Morr + town is Morrisons groceries.
Nao Pool Club,NAO POOL CLUB SPAIN AMOUNT IN EUR 50.00 ON 06 AUG VISA 1.14713 FINAL GBP AMOUNT INCLUDES NON-STERLING TRANS FEE £1.30 ,44.89,debit,plaid,DINING_DINING,already_verified,production_tranche2_review,,,eating_out_other,
Arees Barber Shop,AREES BARBER SHOP  ON 28 AUG CPM,14,debit,plaid,PERSONAL_CARE_HAIR_AND_BEAUTY,already_verified,gold_tail_human_verified,,,beauty_treatment,
Bar Salon,BAR SALON,3.28,debit,plaid,PERSONAL_CARE_HAIR_AND_BEAUTY,already_verified,production_tranche3_review,,,beauty_treatment,
Beauty By Ellie Mpl,Beauty by Ellie mpLashes,62.5,debit,plaid,PERSONAL_CARE_HAIR_AND_BEAUTY,already_verified,gold_tail_human_verified,,,beauty_treatment,
Beckham Salon,Beckham Salon,35,debit,plaid,PERSONAL_CARE_HAIR_AND_BEAUTY,already_verified,gold_tail_human_verified,,,beauty_treatment,
Glam Rituals,GLAM RITUALS 400000001643332597,210,debit,plaid,PERSONAL_CARE_HAIR_AND_BEAUTY,already_verified,gold_tail_human_verified,,,beauty_treatment,
Lash,Lash Caviar,41.5,debit,plaid,DINING_DINING,already_verified,gold_tail_human_verified,,,beauty_treatment,
Nail Bar,Nail bar,45,debit,plaid,PERSONAL_CARE_HAIR_AND_BEAUTY,already_verified,gold_tail_human_verified,,,beauty_treatment,
Platinum Lengths,Visa purchase SP PLATINUM LENGTHS,380.99,debit,plaid,LOAN_PAYMENTS_PERSONAL_LOAN_PAYMENT,already_verified,production_tranche3_review,,,beauty_treatment,
Argyll And Bute,Argyll And Bute Co-Ips,0.8,debit,plaid,TRAVEL_AND_TRANSPORTATION_PUBLIC_TRANSIT,already_verified,production_tranche2_review,,,car_parking,
Basingstoke And Deane,Basingstoke and De,1,debit,plaid,TRANSFER_OUT_OTHER,already_verified,production_tranche2_review,,,car_parking,
Blackburn With Darwen Borough,BLACKBURN WITH DARWEN Blackburn with Darwen Borough,1.9,debit,plaid,TRAVEL_AND_TRANSPORTATION_OTHER_TRAVEL_AND_TRANSPORTATION,already_verified,production_tranche3_review,,,car_parking,
Boston Borough Cou-ips,BOSTON BOROUGH COU,1.6,debit,plaid,GOVERNMENTS_AND_NON_PROFIT_GOVERNMENTS_AND_NON_PROFIT,already_verified,production_tranche3_review,,,car_parking,
Canterbury City Cocanterbury,CANTERBURY CITY COCANTERBURY,5.4,debit,plaid,TRAVEL_AND_TRANSPORTATION_OTHER_TRAVEL_AND_TRANSPORTATION,already_verified,production_tranche3_review,,,car_parking,
Cd East Lindsey Dist Ips Louth,2487 05AUG25 CD   EAST LINDSEY DIST -IPS              LOUTH GB,8,debit,plaid,TRANSFER_OUT_OTHER,already_verified,production_tranche3_review,,,car_parking,
Central Bedfordshire Coun,CENTRAL BEDFORDSHI,1.2,debit,plaid,TRAVEL_AND_TRANSPORTATION_OTHER_TRAVEL_AND_TRANSPORTATION,already_verified,production_tranche1_review,,,car_parking,
Charnwood,CHARNWOOD BOROUGH LEICESTERSHIR   GB  ,2,debit,plaid,TRAVEL_AND_TRANSPORTATION_OTHER_TRAVEL_AND_TRANSPORTATION,already_verified,production_tranche3_review,,,car_parking,
Artopoiimata Kai, Artopoiimata Kai A,6.59,debit,plaid,TRANSFER_OUT_OTHER,already_verified,gold_tail_human_verified,,,restaurant_cafe,
BMG,Bmg,180,debit,plaid,LOAN_PAYMENTS_PERSONAL_LOAN_PAYMENT,already_verified,gold_tail_human_verified,,,unclassified_card_spend,
Cj Cutty,CJ CUTTY,12,debit,plaid,TRANSFER_OUT_OTHER,already_verified,gold_tail_human_verified,,,skin_hair_care,
Dragonfly On,"DRAGONFLY (VIA APPLE PAY), ON 20-08-2025",11.9,debit,plaid,DINING_DINING,already_verified,gold_tail_human_verified,,,unclassified_card_spend,
Elizabethsands Be,SP ELIZABETHSANDS  ON 01 SEP BCC SP ELIZABETHSANDS BE,159,debit,plaid,TRANSFER_OUT_OTHER,already_verified,gold_tail_human_verified,,,unclassified_card_spend,
FCB,Fcb Brighton Kiosk,8.65,debit,plaid,TRANSFER_OUT_OTHER,already_verified,gold_tail_human_verified,,,restaurant_cafe,
Genistar Limited,9393 29AUG25      GENISTAR LIMITED  CATERHAM GB,49,debit,plaid,FOOD_RETAIL_OTHER,already_verified,gold_tail_human_verified,,,unclassified_card_spend,
Jameson Graham,Contactless Payment SQ *JAMESON GRAHAM,4,debit,plaid,DINING_DINING,already_verified,gold_tail_human_verified,,,unclassified_card_spend,
Asda Petrol,0498 16JUL25 CD   ASDA PETROL       DERBY GB,60.27,debit,plaid,TRAVEL_AND_TRANSPORTATION_OTHER_TRAVEL_AND_TRANSPORTATION,already_verified,gold_tail_human_verified,,,fuel,
Char.gy,CHAR.GY,25,debit,plaid,TRANSFER_OUT_OTHER,already_verified,gold_head_adjudicated,,,fuel,
Esso M Ackworth,Contactless Payment ESSO MACKWORTH APPLEPAY 8021,10.01,debit,plaid,TRAVEL_AND_TRANSPORTATION_OTHER_TRAVEL_AND_TRANSPORTATION,already_verified,gold_tail_human_verified,,,fuel,
Highlandfuelsltd,NYX*HighlandFuelsLtd CD 2188,1,debit,plaid,TRAVEL_AND_TRANSPORTATION_OTHER_TRAVEL_AND_TRANSPORTATION,already_verified,production_tranche3_review,,,fuel,
Monta App,Visa purchase MONTA APP APPLEPAY 2502,4.9,debit,plaid,ENTERTAINMENT_CASINOS_AND_GAMBLING,already_verified,production_tranche2_review,,,fuel,
Sainsbury's Petrol Station,1285 31JUL25 CD   SAINSBURYS PETROL WALSALL GB,20.01,debit,plaid,TRAVEL_AND_TRANSPORTATION_OTHER_TRAVEL_AND_TRANSPORTATION,already_verified,gold_tail_human_verified,,,fuel,
Stratford Sst,STRATFORD SST,15,debit,plaid,LOAN_PAYMENTS_PERSONAL_LOAN_PAYMENT,already_verified,production_tranche2_review,,,fuel,
Tesco Petrol,TESCO PFS 3851,3.15,debit,plaid,TRAVEL_AND_TRANSPORTATION_OTHER_TRAVEL_AND_TRANSPORTATION,already_verified,gold_tail_human_verified,,,fuel,
Asg Magic Red,5288 20JUN25      ASG MAGIC RED     356-2248-4974 GI,60,debit,plaid,TRAVEL_AND_TRANSPORTATION_OTHER_TRAVEL_AND_TRANSPORTATION,already_verified,production_tranche2_review,,,gambling_casino,
Aystar Vip,AYSTAR VIP Aystar Vip,19.99,debit,plaid,ENTERTAINMENT_CASINOS_AND_GAMBLING,already_verified,production_tranche3_review,,,gambling_casino,
Deposit With Spinland,Deposit with Dream Veg Deposit With Spinland,20,debit,plaid,TRANSFER_OUT_SAVINGS,already_verified,production_tranche3_review,,,gambling_casino,
Giant Wins,GIANT WINS,10,debit,plaid,FOOD_RETAIL_GROCERIES,already_verified,production_tranche3_review,,,gambling_casino,
Grace Media,VEGASWINS Grace Media,200,debit,plaid,ENTERTAINMENT_OTHER_ENTERTAINMENT,already_verified,production_tranche2_review,,,gambling_casino,
Ogl-community,OGL-COMMUNITY GIBRALTAR ON 14 SEP BCC,8.08,debit,plaid,LOAN_PAYMENTS_CREDIT_CARD_PAYMENT,already_verified,production_tranche3_review,,,gambling_casino,
Suprplay,PAYPAL *SUPRPLAY S,20,debit,plaid,ENTERTAINMENT_CASINOS_AND_GAMBLING,already_verified,gold_head_adjudicated,,,gambling_casino,
Ashbourne Membership Management,Ashbourne Membership Management,28.99,debit,plaid,GENERAL_SERVICES_OTHER_SERVICES,already_verified,gold_head_adjudicated,,,gym_fitness,
Dfc Re Ka Leisure,DFC RE KA LEISURE                     REFERENCE: A/PORT120604,22.89,debit,plaid,LOAN_PAYMENTS_PERSONAL_LOAN_PAYMENT,already_verified,production_tranche3_review,,,gym_fitness,
Leisure Services Bbc,LEISURE SERVICES BBC3069090 FIRST DDR PAYMENT DDR,15,debit,plaid,ENTERTAINMENT_EVENTS_AND_TICKETS,already_verified,production_tranche3_review,,,gym_fitness,
Team Rh,TEAM RH,7.99,debit,plaid,TRANSFER_OUT_OTHER,already_verified,production_tranche2_review,,,gym_fitness,
Team Rh Trhs,TEAM RH TRHS0000341308 FIRST DDR PAYMENT DDR,7.99,debit,plaid,LOAN_PAYMENTS_PERSONAL_LOAN_PAYMENT,already_verified,production_tranche1_review,,,gym_fitness,
Ashfield D.c.,ASHFIELD D.C.,411.96,debit,plaid,TRANSFER_OUT_OTHER,already_verified,production_tranche2_review,,,council_tax,
Broadland,BROADLAND DC      INITIAL PAYMENT,153.05,debit,plaid,LOAN_PAYMENTS_CREDIT_CARD_PAYMENT,already_verified,production_tranche3_review,,,council_tax,
Gosport Bc,GOSPORT BC 561296537,149,debit,plaid,GENERAL_MERCHANDISE_SPORTING_GOODS,already_verified,production_tranche3_review,,,council_tax,
Halifax District,HALIFAX DISTRICT PHALIFAX,2.08,debit,plaid,GOVERNMENTS_AND_NON_PROFIT_GOVERNMENTS_AND_NON_PROFIT,already_verified,production_tranche3_review,,,council_tax,
Hinckley & Boswor,HINCKLEY  & BOSWOR 802475706,202,debit,plaid,DINING_DINING,already_verified,production_tranche3_review,,,council_tax,
Kings Lynn & W Nfl,KINGS LYNN & W NFL  01 33873743 DDR,127,debit,plaid,ENTERTAINMENT_EVENTS_AND_TICKETS,already_verified,production_tranche2_review,,,council_tax,
Mddc,MDDC DIRECT DEBITS  7872219 DDR,148,debit,plaid,TRANSFER_OUT_OTHER,already_verified,production_tranche3_review,,,council_tax,
North West Leicest,REVERSAL OF 14-10 NORTH WEST LEICEST,-16,credit,plaid,TRAVEL_AND_TRANSPORTATION_OTHER_TRAVEL_AND_TRANSPORTATION,already_verified,production_tranche3_review,,,returned_payment,Credit narrative is REVERSAL OF. council_tax is debit-only; a reversed DD is returned_payment.
Ashford B,ASHFORD B C,291,debit,plaid,TRANSFER_OUT_OTHER,already_verified,production_tranche3_review,,,government_services,
Basingstoke & Deane Bo,BASINGSTOKE & DEAN  ON 18 JUL CLP BASINGSTOKE & DEANE BO,11.9,debit,plaid,TRAVEL_AND_TRANSPORTATION_OTHER_TRAVEL_AND_TRANSPORTATION,already_verified,production_tranche2_review,,,government_services,
Basingstoke And De,BASINGSTOKE AND DE 600000001591801562,30,debit,plaid,TRANSFER_OUT_OTHER,already_verified,production_tranche3_review,,,government_services,
Bmbc Ecomm,BMBC ECOMM        BARNSLEY,12,debit,plaid,DINING_DINING,already_verified,production_tranche2_review,,,government_services,
Broxtoweboroughcounc,NYX*BroxtoweBoroug,1,debit,plaid,PERSONAL_CARE_HAIR_AND_BEAUTY,already_verified,production_tranche3_review,,,government_services,
Bus Lane Enforcement,BUS LANE ENFORCEME,35,debit,plaid,TRAVEL_AND_TRANSPORTATION_PUBLIC_TRANSIT,already_verified,production_tranche3_review,,,government_services,
Cd Car,4615 05AUG25 CD   CARMARTHENSHIRE C C                 CARMARTHEN GB,2.2,debit,plaid,DINING_DINING,already_verified,production_tranche3_review,,,government_services,
Chesterfield Bc,CHESTERFIELD BC,32,debit,plaid,TRANSFER_OUT_OTHER,already_verified,production_tranche2_review,,,government_services,
Autotrader,AUTO TRADER  ON 30 AUG CPM Autotrader,4.95,debit,plaid,FOOD_RETAIL_GROCERIES,already_verified,gold_head_adjudicated,,,advertising_services,
Awin,AWIN74522AWIN LTD,90,debit,plaid,ENTERTAINMENT_CASINOS_AND_GAMBLING,already_verified,production_tranche2_review,,,advertising_services,
Vivastreet,VIVASTREET,14.99,debit,plaid,DINING_DINING,already_verified,production_tranche1_review,,,advertising_services,
Avery.co.uk,avery.co.uk,52.87,debit,plaid,LOAN_PAYMENTS_PERSONAL_LOAN_PAYMENT,already_verified,production_tranche3_review,,,stationery,
Paperchase,The Paperchase,2.26,debit,plaid,GENERAL_MERCHANDISE_OTHER_GENERAL_MERCHANDISE,already_verified,gold_head_adjudicated,,,stationery,
Ryman,RYMAN Ryman Stationery,5.99,debit,plaid,ENTERTAINMENT_MUSIC_VIDEO_GAMES_TV_AND_MOVIES,already_verified,gold_head_adjudicated,,,stationery,
Avolta Alc Net The Sho,Avolta ALC Net The SPAIN ON 14 SEP CLP AVOLTA ALC NET THE SHO,14.6,debit,plaid,GENERAL_MERCHANDISE_OTHER_GENERAL_MERCHANDISE,already_verified,production_tranche2_review,,,airport_spend,
Brs Wdf Main,Contactless Payment BRS WDF MAIN APPLEPAY 3425,17.55,debit,plaid,DINING_DINING,already_verified,production_tranche3_review,,,airport_spend,
C Lba Cabin Bar,8190 07JUL25 C    LBA CABIN BAR -   181021            YEADON GB,23.04,debit,plaid,FOOD_RETAIL_LIQUOR_STORES,already_verified,production_tranche3_review,,,airport_spend,
Glasgow Airport,GLASGOW AIRPORT,34.95,debit,plaid,TRAVEL_AND_TRANSPORTATION_OTHER_TRAVEL_AND_TRANSPORTATION,already_verified,gold_head_adjudicated,,,airport_spend,
No1 Lounges,Zettle_*No1 Lounges  L No1 Lounges L,45,debit,plaid,DINING_DINING,already_verified,production_tranche3_review,,,airport_spend,
B & Q,B&Q,14,debit,plaid,GENERAL_MERCHANDISE_FURNITURE_AND_HARDWARE,already_verified,gold_tail_human_verified,,,home_improvement,
Decorating Warehouse,Decorating Warehouse,8.98,debit,plaid,GENERAL_MERCHANDISE_FURNITURE_AND_HARDWARE,already_verified,gold_tail_human_verified,,,home_improvement,
Dedeman,DEDEMAN,18.82,debit,plaid,LOAN_PAYMENTS_PERSONAL_LOAN_PAYMENT,already_verified,production_tranche2_review,,,home_improvement,
Glow Green,GLOW GREEN,9.99,debit,plaid,TRAVEL_AND_TRANSPORTATION_AUTOMOTIVE,already_verified,production_tranche3_review,,,home_improvement,
The Fascia Place,THE FASCIA PLACE CD 0468,251.57,debit,plaid,DINING_DINING,already_verified,production_tranche3_review,,,home_improvement,
B G Murphy,B G MURPHY  REFUND X FT,50,debit,plaid,TRAVEL_AND_TRANSPORTATION_OTHER_TRAVEL_AND_TRANSPORTATION,already_verified,production_tranche3_review,,,transfer_p2p,Debit (money out) to a named person. refund_received is an income leaf and cannot apply to a debit.
L Rogers,L ROGERS          ANAL BEADS REFUND FP 05/08/25 1913  400000001612027498,-20,credit,plaid,TRANSFER_IN_OTHER,already_verified,production_tranche1_review,,,refund_received,
N Bashiru,"N BASHIRU REFUND 200000001596757565 REFUND,200000001596757565",-15.5,credit,plaid,TRANSFER_IN_OTHER,already_verified,production_tranche2_review,,,refund_received,
N Watkins,N WATKINS         REFUND            FP 05/08/25 1618  300000001610525159,-160,credit,plaid,INCOME_SALARY,already_verified,production_tranche3_review,,,refund_received,
Reward,REWARD FEE REFUND,-3,credit,plaid,BANK_FEES_OTHER_BANK_FEES,already_verified,production_tranche3_review,,,refund_received,
Snappy Shopper Uk,8302 17JUL25  D   SNAPPY SHOPPER    UK GB             REFUND,-2.08,credit,plaid,GENERAL_MERCHANDISE_CONVENIENCE_STORES,already_verified,production_tranche2_review,,,refund_received,
Trainerfp,KARL ORWIN        REFUND FOR TRAINERFP 16/07/25 1027  PQL00XOHJGQF9IKSFI,-3,credit,plaid,TRANSFER_IN_OTHER,already_verified,production_tranche3_review,,,refund_received,
Back Market Uk LTD,Back Market UK Ltd  ON 18 AUG BCC BACK MARKET UK LTD,1.69,debit,plaid,FOOD_RETAIL_GROCERIES,already_verified,gold_head_adjudicated,,,marketplace_refurbished,
Bains Off Lice,PPOINT_*BAINS OFF  ON 25 AUG CLP PPOINT_*BAINS OFF LICE,0.49,debit,plaid,TRAVEL_AND_TRANSPORTATION_OTHER_TRAVEL_AND_TRANSPORTATION,already_verified,production_tranche1_review,,,alcohol_beer_spirits,
Best Wood Off,7834 18JUL25 C    BEST WOOD OFF     LICENCE           NOTTINGHAM GB,4.74,debit,plaid,GENERAL_MERCHANDISE_SPORTING_GOODS,already_verified,production_tranche3_review,,,alcohol_beer_spirits,
Bp Drinks,Contactless Payment b+p drinks APPLEPAY 8311,6.65,debit,plaid,FOOD_RETAIL_LIQUOR_STORES,already_verified,production_tranche2_review,,,alcohol_beer_spirits,
C In Spirit,4041 28JUL25 C    IN SPIRIT         TAMWORTH GB,5.15,debit,plaid,TRANSFER_OUT_OTHER,already_verified,production_tranche3_review,,,alcohol_beer_spirits,
Cd In Spirit,1433 02SEP25 CD   IN SPIRIT         TAMWORTH GB,13.4,debit,plaid,TRAVEL_AND_TRANSPORTATION_OTHER_TRAVEL_AND_TRANSPORTATION,already_verified,production_tranche3_review,,,alcohol_beer_spirits,
Cd Pothiya,0425 02AUG25 CD   POTHIYA OFFLICENCELEICESTER GB,9.88,debit,plaid,DINING_DINING,already_verified,production_tranche3_review,,,alcohol_beer_spirits,
Craft Gin Club,CARD PAYMENT TO CRAFT GIN CLUB ON 23-08-2025,47,debit,plaid,FOOD_RETAIL_LIQUOR_STORES,already_verified,gold_head_adjudicated,,,alcohol_beer_spirits,
Drink-trip,SP DRINK-TRIP.COM CD 1760,25.6,debit,plaid,FOOD_RETAIL_OTHER,already_verified,production_tranche3_review,,,alcohol_beer_spirits,
Bandcamp,BANDCAMPHORNSEYHARDCO Bandcamp,32.6,debit,plaid,ENTERTAINMENT_MUSIC_VIDEO_GAMES_TV_AND_MOVIES,already_verified,gold_head_adjudicated,,,music_other,
Banquet Records,BANQUET RECORDS  ON 07 AUG BCC,28,debit,plaid,DINING_DINING,already_verified,gold_head_adjudicated,,,physical_media,
Hmv,HMV,81.98,debit,plaid,GENERAL_MERCHANDISE_OTHER_GENERAL_MERCHANDISE,already_verified,gold_head_adjudicated,,,physical_media,
Base London,SP BASE LONDON,38.99,debit,plaid,GENERAL_MERCHANDISE_APPAREL_AND_ACCESSORIES,already_verified,gold_head_adjudicated,,,footwear,
Clarks,4211 26AUG25      CLARKS            STREET GB         REFUND,-11.6,credit,plaid,GENERAL_MERCHANDISE_APPAREL_AND_ACCESSORIES,already_verified,gold_head_adjudicated,,,refund_received,"Credit from Clarks with REFUND in the narrative. Retailer credits are refund_received, not spend."
Crocs,Crocs East MidlandAlfreton,3.99,debit,plaid,GENERAL_MERCHANDISE_APPAREL_AND_ACCESSORIES,already_verified,gold_head_adjudicated,,,footwear,
Daniel Footwear,3985 24JUL25  D   DANIEL FOOTWEAR   LEEDS GB,120.79,debit,plaid,GENERAL_MERCHANDISE_APPAREL_AND_ACCESSORIES,already_verified,gold_head_adjudicated,,,footwear,
Deichmann,Deichmann,36.48,debit,plaid,TRANSFER_OUT_OTHER,already_verified,gold_head_adjudicated,,,footwear,
Dr Martens,Dr Martens,72,debit,plaid,GENERAL_MERCHANDISE_APPAREL_AND_ACCESSORIES,already_verified,gold_head_adjudicated,,,footwear,
Dune,DUNE              STRATFORD,69,debit,plaid,LOAN_PAYMENTS_PERSONAL_LOAN_PAYMENT,already_verified,gold_head_adjudicated,,,footwear,
Kurt Geiger,2600 14AUG25 CD   KURT GEIGER       BICESTER GB,0.3,debit,plaid,GENERAL_MERCHANDISE_APPAREL_AND_ACCESSORIES,already_verified,gold_head_adjudicated,,,footwear,
Beauty Outlet,Beauty Outlet,28.13,debit,plaid,PERSONAL_CARE_HAIR_AND_BEAUTY,already_verified,gold_head_adjudicated,,,health_beauty_general,
Cosmetix Limited,Contactless Payment COSMETIX LIMITED APPLEPAY 4054 2025-09-14,5.97,debit,plaid,PERSONAL_CARE_HAIR_AND_BEAUTY,already_verified,gold_head_adjudicated,,,health_beauty_general,
Gillette Stadium,WWW.GILLETTE.COM,25.87,debit,plaid,ENTERTAINMENT_EVENTS_AND_TICKETS,already_verified,production_tranche3_review,,,health_beauty_general,
Glossybox,GLOSSYBOX Glossybox,12.5,debit,plaid,PERSONAL_CARE_HAIR_AND_BEAUTY,already_verified,gold_head_adjudicated,,,health_beauty_general,
Lookfantastic,LOOKFANTASTIC,45.39,debit,plaid,PERSONAL_CARE_HAIR_AND_BEAUTY,already_verified,gold_head_adjudicated,,,health_beauty_general,
Beauty Works,Visa purchase Beauty Works APPLEPAY 3823,11.96,debit,plaid,PERSONAL_CARE_HAIR_AND_BEAUTY,already_verified,gold_head_adjudicated,,,skin_hair_care,
Charlotte Tilbury,CHARLOTTE TILBURY  ON 04 AUG BCC Charlotte Tilbury,17.85,debit,plaid,LOAN_PAYMENTS_CREDIT_CARD_PAYMENT,already_verified,gold_head_adjudicated,,,skin_hair_care,
Elemis,BT *ELEMIS        BRISTOL,57.95,debit,plaid,LOAN_PAYMENTS_PERSONAL_LOAN_PAYMENT,already_verified,gold_head_adjudicated,,,skin_hair_care,
Flair Afro Cosmetics,FLAIR AFRO COSMETI  ON 11 JUN CLP Flair Afro Cosmetics,6.95,debit,plaid,PERSONAL_CARE_HAIR_AND_BEAUTY,already_verified,gold_head_adjudicated,,,skin_hair_care,
Berwick Lc,BERWICK LC,2,debit,plaid,ENTERTAINMENT_CASINOS_AND_GAMBLING,already_verified,production_tranche3_review,,,gym_fitness,LC stands for Leisure Centre here
Bookplanet,www.bookplanet247.,9.95,debit,plaid,ENTERTAINMENT_CASINOS_AND_GAMBLING,already_verified,production_tranche3_review,,,books,
Cd Hi5 Retail,9889 19JUL25 CD   HI5 RETAIL        WIRRAL GB,9.04,debit,plaid,ENTERTAINMENT_CASINOS_AND_GAMBLING,already_verified,production_tranche2_review,,,convenience_store,"Hi5 Retail Ltd (SIC 47110) is a Wirral food/tobacco shop, not general merchandise retail_other."
Cd Megapos,1180 09AUG25 CD   MEGAPOS LTD       BLACKBURN GB,1,debit,plaid,ENTERTAINMENT_CASINOS_AND_GAMBLING,already_verified,production_tranche2_review,,,payment_intermediary,"Mega POS Ltd is an Electronic Point of Sale (EPOS) software and hardware provider based in Blackburn, UK (Company #13784099)."
Cream Carousel,Cream Carousel,7.6,debit,plaid,ENTERTAINMENT_CASINOS_AND_GAMBLING,already_verified,production_tranche3_review,,,restaurant_cafe,
Dionne Boughen Nat Bonus Ball Via,DIONNE BOUGHEN    NAT BONUS BALL    VIA MOBILE - PYMT,200,debit,plaid,TRANSFER_OUT_OTHER,already_verified,production_tranche3_review,,,gambling_unspecified,
Gamesys,Gamesys Operation Limited                NV2YXROBGB3928756,10,debit,plaid,TRANSFER_OUT_OTHER,already_verified,gold_tail_human_verified,,,gambling_unspecified,
Lbs Play Service,LBS PLAY SERVICE  PSJOSEPH,128,debit,plaid,TRANSFER_OUT_INVESTMENT_AND_RETIREMENT_FUNDS,already_verified,production_tranche3_review,,,gambling_unspecified,
Beryl,Beryl,1,debit,plaid,TRANSFER_OUT_OTHER,already_verified,gold_head_adjudicated,,,bicycle,
Sigma Sports,Sigma Sports - Hampton,11.97,debit,plaid,ENTERTAINMENT_EVENTS_AND_TICKETS,already_verified,gold_head_adjudicated,,,bicycle,
The Bike Club,THE BIKE CLUB LTD NXSH7ED,13.99,debit,plaid,TRAVEL_AND_TRANSPORTATION_PUBLIC_TRANSIT,already_verified,gold_head_adjudicated,,,bicycle,
Best Meat,CARD PAYMENT TO BEST MEAT UK ON 04-08-2025,50.99,debit,plaid,FOOD_RETAIL_GROCERIES,already_verified,gold_head_adjudicated,,,groceries_specialist,
Delikatesy Smaczek,DELIKATESY SMACZEK,14.11,debit,plaid,DINING_OTHER_DINING,already_verified,gold_head_adjudicated,,,groceries_specialist,
Europa Delikatesy,EUROPA DELIKATESY,2.25,debit,plaid,DINING_OTHER_DINING,already_verified,gold_head_adjudicated,,,groceries_specialist,
Huel,WWW.HUEL.COM,36.49,debit,plaid,FOOD_RETAIL_GROCERIES,already_verified,gold_head_adjudicated,,,groceries_specialist,
Infinity Foods, Infinity Foods,11.8,debit,plaid,FOOD_RETAIL_GROCERIES,already_verified,gold_head_adjudicated,,,groceries_specialist,
Allpay,A03895420 Allpay,40.0,debit,equifax,,new,,school_fees,rent,rent,"Allpay payment; recurring reference matches housing-payment pattern, although payee is not shown."
Amazon Services,Amazon Uk Services AMAZON UK SERVICES,794.55,credit,equifax,Identified Salary | Amazon,new,,employee_benefits,salary,salary,Credit is identified as salary and Amazon is a plausible employer.
Audible,Zilch * Audible Uk Zilch *      Audible Uk,7.99,debit,equifax,"Books, Newspapers and Magazines | General Books",new,,streaming,books,books,£7.99 Audible charge is consistent with an audiobook subscription.
Loveholidays.com,Loveholidays      London,260.95,debit,equifax,Flights and Holidays | Hotels and Accommodation,new,,holiday_package,holiday_package,holiday_package,
DVSA,DVSA  ON 09 SEP BCC,75.0,debit,equifax,Education and Learning | Driving Tuition,new,,driving_tuition,driving_tuition,driving_tuition,
Post Office,Cash Deposit at 26 The Broadway Woodford Green IG8 0HQ GB Post Office Banking Services,150.0,credit,equifax,Cash Deposit | Delivery,new,,cash_deposit,cash_deposit,cash_deposit,
MetLife,METLIFE EUROPE,27.0,debit,equifax,,new,,insurance_general,insurance_life,insurance_life,MetLife is primarily a life and protection insurer.
Universal Credit,204M46U31 DWP UC,214.36,credit,equifax,,new,,benefits_state,benefits_state,benefits_state,
Aldi,8469 05APR25 C    ALDI 119 775      ANDOVER GB,13.96,debit,equifax,Shopping (Household Essentials) | General Groceries,new,,groceries,groceries,groceries,
AA,AA MEMBERSHIP,2.0,debit,equifax,Automotive | Breakdown Cover,new,,breakdown_cover,breakdown_cover,breakdown_cover,
HMRC,HMRC SA  2377880224K00002 BGC,116.38,credit,equifax,,new,,tax_refund,tax_refund,tax_refund,
Sky,Sky Store,3.49,debit,equifax,"Utilities | Internet, TV and Phone",new,,streaming,streaming,streaming,
Carers Allowance,Bank credit JH568960A DWP CA 607080 10025723,76.75,credit,equifax,,new,,benefits_state,benefits_state,benefits_state,
HMRC,"STANDING ORDER VIA FASTER PAYMENT TO HMRC CUMBERNAULD REFERENCE 1532779870 , MANDATE NO 0131",100.0,debit,equifax,,new,,tax_payment,tax_payment,tax_payment,
Roblox,ROBLOX PAYPAL *ROBLOXCORPO    8888582569    USA,19.99,debit,equifax,Misc Card Spend | Foreign,new,,gaming_online,gaming_online,gaming_online,
Post Office,Cash Deposit at C O Rame Cross Post Off Penryn TR10 9EB GB Post Office Banking Services,320.0,credit,equifax,Cash Deposit | Delivery,new,,cash_deposit,cash_deposit,cash_deposit,
Lowell Financial,LOWELL PORTFOLIO 1,1.0,debit,equifax,Financial Services | Debt Collection,new,,debt_collection,debt_collection,debt_collection,
Complete Savings,9674 29SEP23      COMPLETESAVE.CO.UK08003896960 CH,15.0,debit,equifax,,new,,savings_transfer,unclassified_recurring,memberships,Complete Savings is a paid cashback-membership service.
Lloyds,CLUB LLOYDS MONTHL,200.0,debit,equifax,Rent and Mortgage | Mortgages,new,,account_charge,mortgage,savings_transfer,"£200 Club Lloyds Monthly entry is consistent with the monthly saver, not a mortgage."
Revolut,SHAUNNAH GIBBS SENT FROM REVOLUT REV************4729,15.0,credit,equifax,Own Transfers | Bank Transfer,new,,transfer_p2p,transfer_p2p,transfer_p2p,
ASDA,Visa credit ASDA GROCERIES ONLINE,6.5,credit,equifax,Refund | General Groceries,new,,refund_received,groceries,refund_received,Credit explicitly described as an ASDA refund.
Save The Change,SAVETHECHANGE-4361,1.66,debit,equifax,,new,,savings_transfer,savings_transfer,savings_transfer,
Vue Cinemas,Vue Cinemas,23.18,debit,equifax,Entertainment | Cinema,new,,cinema,cinema,cinema,
Allpay,ALLPAY *NORTH STAR ALLPAY *NORTH STAR HOUSIN,110.0,debit,equifax,,new,,rent,rent,rent,
Optimum Nutrition,Optimum Nutrition,11.23,debit,equifax,Personal Healthcare | Supplements,new,,supplements,supplements,supplements,
Post Office,Cash Deposit at 45 Robert Street Pontypridd CF37 3DY GB Post Office Banking Services,20.0,credit,equifax,Cash Deposit | Delivery,new,,cash_deposit,cash_deposit,cash_deposit,
Hilton,HAMPTON BY HILTON,158.0,debit,equifax,Flights and Holidays | Hotels and Accommodation,new,,accommodation,accommodation,accommodation,
sQuid,squidcard*sQuidcar  ON 31 OCT BCC,3.0,debit,equifax,Education and Learning | School Fees,new,,school_fees,school_fees,prepaid_card,
tiktok,TIKTOK SHOP SELLER  ON 28 MAR CPM,25.11,debit,equifax,Services | Web Services,new,,online_services,online_services,marketplace_general,Narrative explicitly identifies a TikTok Shop seller transaction.
Havens,4965 16AUG23 C    HAVENS HOSPICES   WESTCLIFF-ON- GB,2.0,debit,equifax,Shopping (Home) | Kitchens and Kitchen Accessories,new,,charitable_donation,charitable_donation,charitable_donation,
Post Office,Cash Deposit at Newburn Road Newcastle Upon NE15 9AB GB Post Office Banking Services,300.0,credit,equifax,Cash Deposit | Delivery,new,,cash_deposit,cash_deposit,cash_deposit,
HMRC,HMRC SA,2010.24,credit,equifax,,new,,tax_refund,tax_refund,tax_refund,
DVSA,DVSA  ON 12 SEP BCC,62.0,debit,equifax,Education and Learning | Driving Tuition,new,,driving_tuition,driving_tuition,driving_tuition,
DVLA,DVLA-LJ09JWP,17.5,debit,equifax,Automotive | Road Tax,new,,road_tax,road_tax,road_tax,
Birmingham Midshires Mortgages,BHAM MIDSHIRES,344.69,debit,equifax,Rent and Mortgage | Mortgages,new,,mortgage,mortgage,mortgage,
888 Games,UK regulated Lim CD 6001,20.0,debit,equifax,Gambling and Betting | Poker and Casino Games,new,,gambling_casino,gambling_casino,gambling_casino,
Pets at Home,Pets at Home PETS AT HOME LTD       BEDFORD       GBR,15.88,debit,equifax,Pets | Pet Accessories,new,,pet_supplies,pet_supplies,pet_supplies,
sQuid,Visa purchase squidcard*sQuidcard,5.0,debit,equifax,Education and Learning | School Fees,new,,school_fees,school_fees,prepaid_card,
M&Co,zilch m.uergo.co.uk ZILCH m.uergo.co.uk    GB            GBR,9.99,debit,equifax,Shopping (Fashion) | General Fashion,new,,bnpl,clothing_general,clothing_general,Underlying M&Co retail purchase is clear despite the Zilch descriptor.
Exeter City Council,ZETTLE_*EXETER CIT ZETTLE_*EXETER CITY AF,6.5,debit,equifax,Utilities | Council,new,,council_tax,council_tax,unclassified_card_spend,£6.50 Zettle card-reader tap. Council tax is not collected this way; function cannot be identified so unclassified_card_spend is honest.
Toby Carvery,Crv*toby Carvery Knowl Crv*toby Carvery - Kno,33.88,debit,equifax,"Restaurants and takeaway | Restaurants, Cafes and Bistros",new,,restaurant_cafe,restaurant_cafe,restaurant_cafe,
Specsavers,SPECSAVERS,39.0,debit,equifax,Personal Healthcare | Glasses and Contact Lenses,new,,optician,optician,optician,
LOYALTY REWARD,MYREWARDS,5.0,credit,equifax,,new,,cashback,cashback,cashback,
Revolut,Revolut Revolut**3865*         London        GBR,15.77,debit,equifax,Transfers / Other | Bank Transfer,new,,transfer_own_account,transfer_own_account,transfer_own_account,
Pure Gym,Direct debit PURE GYM LTD ************1412,33.5,debit,equifax,Personal Healthcare | Gyms And Health Clubs,new,,gym_fitness,gym_fitness,gym_fitness,
Marketplace,CARD PAYMENT TO AMZNMKTPLACE ON 23-07-2023,79.65,debit,equifax,Amazon All | Amazon,new,,marketplace_amazon,marketplace_amazon,marketplace_amazon,
Post Office,Post Office POST OFFICE COUNTER    DENNY         GBR,8.65,debit,equifax,Services | Delivery,new,,government_services,government_services,delivery_courier,Post Office counter purchase is most consistent with postal/delivery services.
Halifax,HALIFAX,429.44,debit,equifax,Rent and Mortgage | Mortgages,new,,mortgage,mortgage,mortgage,
takeaway.je,WWW.TAKEAWAY.JE  ON 03 OCT BCC,13.35,debit,equifax,Restaurants and takeaway | Take Away,new,,takeaway,takeaway,takeaway,
DVSA,DVSA  ON 27 APR BCC,75.0,debit,equifax,Education and Learning | Driving Tuition,new,,driving_tuition,driving_tuition,driving_tuition,
Hilton,DoubleTree by Hilton DOUBLETREE BY HILTON O ORLANDO       USA,13.01,debit,equifax,Misc Card Spend | Foreign,new,,accommodation,accommodation,accommodation,
HMRC,HMRC SA,5657.47,credit,equifax,,new,,tax_refund,tax_refund,tax_refund,
Lidl,LIDL GB  ROYTON,43.99,debit,equifax,Shopping (Household Essentials) | General Groceries,new,,groceries,groceries,groceries,
HMRC,HMRC SA,3023.2,credit,equifax,,new,,tax_refund,tax_refund,tax_refund,
TFL,TFL TRAVEL CH,4.2,debit,equifax,Commuting and travel | Trains and Coaches,new,,public_transport_rail_coach,public_transport_rail_coach,public_transport_rail_coach,
Sky Bet,2103 07OCT24      SKY BET           3300244777 GB,10.0,debit,equifax,Gambling and Betting | Betting,new,,gambling_betting,gambling_betting,gambling_betting,
Admiral Insurance,ADMIRAL INSURANCE,513.07,debit,equifax,Insurance | Motor Insurance,new,,insurance_motor,insurance_general,insurance_general,Native category and merchant support motor insurance.Admiral is multi-line. Taxonomy reserves insurance_motor for motor-only brands (e.g. Swiftcover). Gold merchant set already has admiral → insurance_general.
Sky,"DIRECT DEBIT PAYMENT TO SKY TV REF ************4307, MANDATE NO 0012",17.0,debit,equifax,"Utilities | Internet, TV and Phone",new,,broadband_tv_phone,broadband_tv_phone,broadband_tv_phone,
LayBuy,CARD PAYMENT TO LAYBUY* AMAZON ON 05-09-2023,7.33,debit,equifax,Financial Services | BNPL,new,,bnpl,bnpl,marketplace_amazon,"Descriptor is LAYBUY* AMAZON. Same file labels Klarna/Zilch + identifiable merchant as the underlying shop, not bnpl."
Revolut,Sent from Revolut Zohaib Khan,10.37,credit,equifax,Own Transfers | Bank Transfer,new,,transfer_p2p,transfer_p2p,transfer_p2p,
TV Licensing ,TV LICENCE QBP1,41.0,debit,equifax,Utilities | TV Licences,new,,tv_licence,tv_licence,tv_licence,
Allpay,ALLPAY *GRAMPIAN HOUSI CD 9989,597.85,debit,equifax,,new,,rent,rent,rent,
State Pension,YB974432B DWP  SP,235.25,credit,equifax,,new,,pension_received,pension_received,pension_received,
Cancer Research UK,Cancer Research UK CANCER RESEARCH UK     BIRMINGHAM    GBR,3.5,debit,equifax,,new,,charitable_donation,charitable_donation,charitable_donation,
McDonalds,D MCDONALD 22OCT23,10.0,credit,equifax,,new,,takeaway,unclassified_other,transfer_p2p,"Credit appears to be from an individual named D McDonald, not a restaurant purchase."
Clearpay,2349 11JUN25      CLEARPAY          CLEARPAY.CO.U GB,3.72,debit,equifax,Financial Services | BNPL,new,,bnpl,bnpl,bnpl,
Allpay,A03895420 Allpay,40.0,debit,equifax,,new,,unclassified_other,rent,rent,"Recurring Allpay reference is consistent with a housing payment, though the payee is not shown."
Marketplace,AMZNMktplace      amazon.co.uk,92.27,debit,equifax,Amazon All | Amazon,new,,marketplace_amazon,marketplace_amazon,marketplace_amazon,
Overpayments,CENT REC GROUP DD,20.0,debit,equifax,,new,,income_other_unspecified,loan_repayment_dd,debt_collection,Central Recovery Group direct debit is a recovery payment rather than income.
Wayfair,Klarna*Wayfair UK,55.19,debit,equifax,Shopping (Home) | Home Accessories,new,,bnpl,bnpl,home_accessories,Wayfair is the clear underlying homewares merchant despite Klarna routing.
HMRC,120PP01372751 United Kingdom Account HMRC Cumberland,3937.05,debit,equifax,,new,,tax_payment,tax_payment,tax_payment,
Barnardos,BARNARDO'S 55734,3.0,debit,equifax,,new,,charitable_donation,charitable_donation,charitable_donation,
HMRC,HMRC SA  1068789713K00002 BGC,55.7,credit,equifax,,new,,tax_refund,tax_refund,tax_refund,
W.H.Smith,HESTON S/W WH SMITHS WH Smith,5.99,debit,equifax,"Books, Newspapers and Magazines | General Books",new,,books,books,books,
HMRC,HMRC SA,4083.76,credit,equifax,,new,,tax_refund,tax_refund,tax_refund,
Prime,Amazon Prime*BS7NN  ON 04 JAN BDC,8.99,debit,equifax,Amazon All | Amazon,new,,streaming,streaming,streaming,
OVO Energy,Visa purchase OVO ENERGY,20.0,debit,equifax,Utilities | Energy Providers,new,,energy,energy,energy,
sQuid,squidcard*sQuidcar  ON 02 JUN BCC,35.0,debit,equifax,Education and Learning | School Fees,new,,school_fees,school_fees,prepaid_card,
Tesco Bank,001219253107/58594 Tesco Bank,337.18,debit,equifax,Rent and Mortgage | Mortgages,new,,unclassified_other,mortgage,financial_institution_unspecified,Payment is to Tesco Bank but the product is not identifiable from the narrative.
Mango,MRS J CORDUKES  MANGO BALLS OFF FT,40.0,debit,equifax,Shopping (Fashion) | Womens Fashion,new,,clothing_womens,clothing_womens,transfer_p2p,Narrative names an individual and a free-text reference; it is not a Mango retailer descriptor.
Moneybox,MONEYBOX  PQYSSKB DDR Moneybox,5.0,debit,equifax,,new,,savings_transfer,savings_transfer,savings_transfer,
LOYALTY REWARD,MYREWARDS,10.0,credit,equifax,,new,,cashback,cashback,cashback,
Sainsbury's Petrol,SAINSBURYS PETROL  ON 30 APR CLP,40.46,debit,equifax,Commuting and travel | Fuel,new,,fuel,fuel,fuel,
Bet365,BET365,200.0,credit,equifax,Identified Salary | Betting,new,,gambling_betting,gambling_betting,gambling_betting,
Save The Change,SAVE THE CHANGE,1.28,debit,equifax,,new,,savings_transfer,savings_transfer,savings_transfer,
HMRC,HMRC SA  2360395400K00004 BGC,666.43,credit,equifax,,new,,tax_refund,tax_refund,tax_refund,
Paypal,Domestika Inc PAYPAL *DOMESTIKA INC  4029357733    USA,1.02,debit,equifax,Misc Card Spend | Foreign,new,,payment_intermediary,education_general,education_general,Domestika is the identifiable underlying online-course provider; PayPal is only the intermediary.
Pets at Home,PETS AT HOME LTD  ON 26 OCT CLP Pets at Home,4.19,debit,equifax,Pets | Pet Accessories,new,,pet_supplies,pet_supplies,pet_supplies,
Park Holidays UK,Park Holidays - He  ON 28 MAY CLP PARK HOLIDAYS - HEDLEY,14.0,debit,equifax,Flights and Holidays | Holidays UK,new,,holiday_uk,holiday_uk,holiday_uk,
Monzo,Sent from Monzo Sarah Bradley,6.0,debit,equifax,Transfers / Other | Bank Transfer,new,,transfer_own_account,transfer_p2p,transfer_p2p,Named-person Monzo transfer; no evidence it is the customer's own account.
Marketplace,AMZNMktplace  ON 19 DEC BCC,24.99,debit,equifax,Amazon All | Amazon,new,,marketplace_amazon,marketplace_amazon,marketplace_amazon,
LOYALTY REWARD,MYREWARDS,10.0,credit,equifax,,new,,cashback,cashback,cashback,
East Yorkshire MOT,EAST YORKSHIRE MOT EAST YORKSHIRE MOTOR SERV,2.0,debit,equifax,Automotive | M.O.T.,new,,vehicle_mot,vehicle_mot,public_transport_rail_coach,East Yorkshire Motor Services is a bus operator; MOT was inferred from the name fragment.
Apple App Store,INT'L 0022353266  APPLE.COM/BILL    APPLE.COM/BIL,3.99,debit,equifax,Shopping (Discretionary) | Music and Downloads,new,,software,software,software,
TheTrainLine,Refund from Trainline,1.45,credit,equifax,Refund | Trains and Coaches,new,,refund_received,public_transport_rail_coach,refund_received,Credit explicitly states a Trainline refund.
Overpayments,CENT REC GROUP DD,163.78,debit,equifax,,new,,income_other_unspecified,income_other_unspecified,debt_collection,"Central Recovery Group direct debit is a recovery payment, not income."
Pure Gym,PureGym PureGym Limited        Leeds         GBR,49.86,debit,equifax,Personal Healthcare | Gyms And Health Clubs,new,,gym_fitness,gym_fitness,gym_fitness,
DVSA,DVSA,23.0,debit,equifax,Education and Learning | Driving Tuition,new,,driving_tuition,driving_tuition,driving_tuition,
State Pension,YE797432A DWP  SP,1016.72,credit,equifax,,new,,pension_received,pension_received,pension_received,
Child Benefits,HMRC CHILD BENEFIT,93.4,credit,equifax,,new,,benefits_state,benefits_state,benefits_state,
Haven Holidays,SUMUP *RICHARD HAV  ON 28 JAN CLP SUMUP  *RICHARD HAVEN,13.0,debit,equifax,Flights and Holidays | Holidays UK,new,,holiday_uk,holiday_uk,beauty_treatment,"SUMUP *RICHARD HAVEN is Richard Haven barber, not Haven Holidays."
Clearpay,Clearpay,23.16,debit,equifax,Financial Services | BNPL,new,,bnpl,bnpl,bnpl,
State Pension,Bank credit YM101624A DWP SP 607080 10025707,897.48,credit,equifax,,new,,pension_received,pension_received,pension_received,
Marketplace,AMZNMktplace*RN2JJ AMZNMktplace*RN2JJ29O4,5.99,debit,equifax,Amazon All | Amazon,new,,marketplace_amazon,marketplace_amazon,marketplace_amazon,
Bitcoin,Exchanged to BTC,0.35,debit,equifax,Investments and Trading | Cryptocurrency,new,,crypto,crypto,crypto,
Myprotein,Myprotein MYPROTEIN              ALTRINCHAM    GBR,21.81,debit,equifax,Personal Healthcare | Supplements,new,,supplements,supplements,supplements,
ASOS,ASOS Klarna*asos            London        GBR,39.43,debit,equifax,Shopping (Fashion) | General Fashion,new,,clothing_general,clothing_general,clothing_general,
Primark,PRIMARK NORWICH 54NORWICH,14.0,debit,equifax,Shopping (Fashion) | General Fashion,new,,clothing_general,clothing_general,clothing_general,
The Perfume Shop,The Perfume Shop Klarna*the perfume s   London        GBR,59.58,debit,equifax,Personal Healthcare | Fragrances,new,,fragrances,fragrances,fragrances,
DVLA,DVLA-W29COW,34.56,debit,equifax,Automotive | Road Tax,new,,road_tax,road_tax,road_tax,
HMRC,HMRC CUMBERNAULD  120PJ02114571     VIA MOBILE - PYMT FP 30/01/************0410000N,500.0,debit,equifax,,new,,tax_payment,tax_payment,tax_payment,
William Hill,PAYPAL *WILLIAMHIL PAYPAL *WILLIAMHILL,20.0,debit,equifax,Gambling and Betting | Betting,new,,gambling_betting,gambling_betting,gambling_betting,
Primark,PRIMARK,42.5,debit,equifax,Shopping (Fashion) | General Fashion,new,,clothing_general,clothing_general,clothing_general,
Child Support Agency,K WHITBY  CSA FT,30.0,debit,equifax,,new,,income_other_unspecified,income_other_unspecified,family_services,CSA payment is child maintenance/family support; income category contradicts debit direction.
West End Theatre Breaks,PLATINUM WEST END,52.77,debit,equifax,Entertainment | Theatre Tickets,new,,theatre,theatre,theatre,
Deliveroo,CARD PAYMENT TO DELIVEROO ON 09-01-2025,22.92,debit,equifax,Restaurants and takeaway | Take Away,new,,takeaway,takeaway,takeaway,
McDonalds,McDonalds 8262183  ON 03 MAR BCC,10.46,debit,equifax,Restaurants and takeaway | Take Away,new,,takeaway,takeaway,takeaway,
Royal London Pensions,ROYAL LONDON,9.0,debit,equifax,,new,,pension_contribution,pension_contribution,pension_contribution,
Home Retail,CARD PAYMENT TO HOME RETAIL GROUP ON 20-12-2024,20.16,debit,equifax,Shopping (Home) | Home Accessories,new,,home_accessories,home_accessories,home_accessories,
Post Office,LATCHINGDON POST O LATCHINGDON POST OFF 01,4.24,debit,equifax,Services | Delivery,new,,government_services,government_services,delivery_courier,Post Office purchase is most consistent with postal/delivery services.
Halfords,HALFORDS 0407  ON 26 NOV CPM Halfords,21.49,debit,equifax,Automotive | Garages and Parts,new,,vehicle_maintenance,vehicle_maintenance,vehicle_maintenance,
McDonalds,MCDONALDS RESTAURA,347.99,credit,equifax,Identified Salary | Take Away,new,,takeaway,income_other_unspecified,salary,Large credit is identified as salary from McDonald's.
DVSA,6368 08JAN25      DVSA              SWANSEA GB,62.0,debit,equifax,Education and Learning | Driving Tuition,new,,driving_tuition,driving_tuition,driving_tuition,
HSBC,Payment to HSBC,250.0,debit,equifax,Rent and Mortgage | Mortgages,new,,financial_institution_unspecified,financial_institution_unspecified,financial_institution_unspecified,
Swinton Insurance,SWINTON MONTHLY,11.18,debit,equifax,Insurance | General Insurance,new,,insurance_general,insurance_general,insurance_general,
The National Lottery,NATIONAL LOTTERY  ON 11 JAN BCC,5.0,debit,equifax,Gambling and Betting | Lottery,new,,gambling_lottery,gambling_lottery,gambling_lottery,
Child Benefits,HMRC CHILD BENEFIT,60.55,credit,equifax,,new,,benefits_state,benefits_state,benefits_state,
Oxfam Shop,OXFAM F3113,4.98,debit,equifax,,new,,charity_shop,charity_shop,charity_shop,
Chaturbate,Crypto.com mmbill.com             LAKE FOREST   USA,8.54,debit,equifax,Misc Card Spend | Foreign,new,,adult_entertainment,adult_entertainment,adult_entertainment,
Chaturbate,Crypto.com mmbill.com             LAKE FOREST   USA,8.67,debit,equifax,Misc Card Spend | Foreign,new,,adult_entertainment,adult_entertainment,adult_entertainment,
Paypal,PayPal PAYPAL*MATIA ANDREW    Luxembourg    LUX,60.0,credit,equifax,Own Transfers | E-Commerce Payment System,new,,payment_intermediary,payment_intermediary,transfer_p2p,PayPal credit identifies an individual counterparty.
W.H.Smith,WH Smith Southend WH Smith Southend Airport,1.5,debit,equifax,"Books, Newspapers and Magazines | General Books",new,,books,books,books,
State Pension,YB772191A DWP  SP,231.59,credit,equifax,,new,,pension_received,pension_received,pension_received,
Save The Change,SAVETHECHANGE-8560,2.03,debit,equifax,,new,,savings_transfer,savings_transfer,savings_transfer,
Overpayments,HMRC NDDS,25.0,debit,equifax,,new,,income_other_unspecified,income_other_unspecified,tax_payment,HMRC NDDS is a tax direct-debit payment.
Marketplace,Visa purchase AMZNMktplace*JX7WE5VU5 5116,23.11,debit,equifax,Amazon All | Amazon,new,,marketplace_amazon,marketplace_amazon,marketplace_amazon,
Tenpin,TENPIN LTD - 191 Tenpin,13.1,debit,equifax,Entertainment | Days Out,new,,days_out,days_out,days_out,
Allpay,Allpay *GREAT PLACES H Allpay *great Places H,155.0,debit,equifax,,new,,unclassified_other,rent,rent,Narrative names Great Places Housing via Allpay.
Surrey Vending Ltd,Surrey Vending NYA*Surrey Vending     Aberystwyth   GBR,1.6,debit,equifax,Shopping (Discretionary) | Confectionary,new,,confectionary,confectionary,confectionary,
Cancer Research UK,CANCER RESEARCH U,10.0,debit,equifax,,new,,charitable_donation,charitable_donation,charitable_donation,
Scottish Widows,SCOTTISH WIDOWS,88.52,debit,equifax,Insurance | Life Insurance,new,,insurance_life,insurance_life,insurance_life,
Post Office,Cash Deposit at West View Cramlington NE23 7AB GB Post Office Banking Services,260.0,credit,equifax,Cash Deposit | Delivery,new,,cash_deposit,cash_deposit,cash_deposit,
HMRC,HMRC SA,681.49,credit,equifax,,new,,tax_refund,tax_refund,tax_refund,
tiktok,TIKTOK SHOP SELLER  ON 11 JAN CRM,6.42,credit,equifax,Transfers / Other | Web Services,new,,online_services,income_other_unspecified,income_other_unspecified,Credit appears to be TikTok Shop seller proceeds rather than a purchase.
Tesco,TESCO STORES 3396 Tesco,31.67,debit,equifax,Shopping (Household Essentials) | General Groceries,new,,groceries,groceries,groceries,
LOYALTY REWARD,MYREWARDS,5.0,credit,equifax,,new,,cashback,cashback,cashback,
Monzo,CHIPOCHASHE AFEKI SENT FROM MONZO P8MG1MMMP2D72YRZZ9,15.0,credit,equifax,Own Transfers | Bank Transfer,new,,transfer_own_account,transfer_p2p,transfer_p2p,Incoming Monzo transfer from a named person.
LOYALTY REWARD,MYREWARDS,10.0,credit,equifax,,new,,cashback,cashback,cashback,
Butlins,BUTLINS,22.6,debit,equifax,Flights and Holidays | Holidays UK,new,,holiday_uk,holiday_uk,holiday_uk,
Motor Fuel Group,Mfg Brandhall,10.0,debit,equifax,Commuting and travel | Fuel,new,,fuel,fuel,fuel,
Uber,Ubr* Pending.uber.com,5.92,debit,equifax,Commuting and travel | Taxis,new,,taxi_rideshare,taxi_rideshare,taxi_rideshare,
Universal Credit,202059E85 DWP UC  000000001642926988 BGC,847.52,credit,equifax,,new,,benefits_state,benefits_state,benefits_state,
Personal Independence Payment ,Bank credit JX587095D DWP PIP ************5898,549.0,credit,equifax,,new,,benefits_state,benefits_state,benefits_state,
Admiral Insurance,ADMIRAL INSURANCE,13.3,debit,equifax,Insurance | Motor Insurance,new,,insurance_motor,insurance_general,insurance_general,Merchant and native category support motor insurance.
Post Office,POST OFFICE  18MAR,24.0,debit,equifax,Services | Delivery,new,,government_services,government_services,delivery_courier,Post Office purchase is most consistent with postal/delivery services.
McDonalds,MARGARET MCDONALD MARGARET MCDONALD PEF5TB5YJ64KCYOIJN,50.0,credit,equifax,Own Transfers | Take Away,new,,unclassified_other,transfer_p2p,transfer_p2p,Incoming transfer from an individual named Margaret McDonald.
sQuid,Squidcard squidcard*sQuidcard    Surrey        GBR,10.0,debit,equifax,Education and Learning | School Fees,new,,school_fees,prepaid_card,prepaid_card,"sQuid is a cashless school-payment card top-up, not a school fee itself."
BISL,BISL RAC INSURANCE  136246197370722876 DDR,23.01,debit,equifax,Insurance | Motor Insurance,new,,insurance_motor,insurance_motor,insurance_motor,
Shopify Captial,SHOPIFY CAPITAL UK SYLPXWEPPEMFJUSXPS,93.11,debit,equifax,Investments and Trading | Investments,new,,business_loan_repayment,business_loan_repayment,business_loan_repayment,
TheTrainLine,Visa purchase TRAINLINE APPLEPAY 6751,36.79,debit,equifax,Commuting and travel | Trains and Coaches,new,,public_transport_rail_coach,public_transport_rail_coach,public_transport_rail_coach,
Plus500,0129 22MAY25      PLUS500           LONDON          GBCREDIT,75.0,credit,equifax,Investments and Trading | Trading,new,,investment_trading,investment_trading,investment_trading,
State Pension,YB613670D DWP  SP,207.63,credit,equifax,,new,,pension_received,pension_received,pension_received,
Post Office,Cash Deposit at 55 Wellington Street Manchester M18 8TX GB Post Office Banking Services,50.0,credit,equifax,Cash Deposit | Delivery,new,,cash_deposit,cash_deposit,cash_deposit,
Trading 212,4DqeGrE9oA9 Trading Twoonetwo,70.0,debit,equifax,Investments and Trading | Trading,new,,investment_trading,investment_trading,investment_trading,
Age UK,AGE UK ROYTON,5.99,debit,equifax,,new,,charitable_donation,charity_shop,charity_shop,Small Age UK point-of-sale purchase is most consistent with a charity shop.
Paypal,PayPal Paypal*PORTER JACK     Leicester     GBR,14.5,credit,equifax,Own Transfers | E-Commerce Payment System,new,,payment_intermediary,transfer_p2p,transfer_p2p,PayPal credit identifies an individual counterparty.
Royal Mail,Royal Mail ROYAL MAIL GROUP LTD   CHESTERFIELD  GBR,3.29,debit,equifax,Services | Delivery,new,,delivery_courier,delivery_courier,delivery_courier,
LOYALTY REWARD,MYREWARDS,5.13,credit,equifax,,new,,cashback,cashback,cashback,
Paypal,PAYPAL     21OCT23 PPWDL4DZJ222427TQ6 PPWD100000000K184I,82.0,credit,equifax,Transfers / Other | E-Commerce Payment System,new,,payment_intermediary,payment_intermediary,transfer_own_account,PPWDL reference identifies a withdrawal from PayPal into the bank account.
E.On,E.ON NEXT,58.0,debit,equifax,Utilities | Energy Providers,new,,energy,energy,energy,
Overpayments,HMRC NDDS,100.0,debit,equifax,,new,,tax_refund,income_other_unspecified,tax_payment,HMRC NDDS is a tax direct-debit payment.
Sky,Sky SKY DIGITAL Sky Digital,89.0,debit,equifax,"Utilities | Internet, TV and Phone",new,,broadband_tv_phone,broadband_tv_phone,broadband_tv_phone,
Trip.com,UBER *TRIP  ON 09 NOV BCC UBR* PENDING.UBER.COM,11.51,debit,equifax,Flights and Holidays | Holidays,new,,taxi_rideshare,taxi_rideshare,taxi_rideshare,
Plum,Plum PLUM,2.0,debit,equifax,,new,,savings_transfer,savings_transfer,savings_transfer,
Co-op,2152 29APR25 CD   CO-OP GROUP 070296ECCLESALL ROA GB,8.45,debit,equifax,Shopping (Household Essentials) | General Groceries,new,,groceries,groceries,groceries,
Royal London Pensions,ROYAL LONDON,10.91,debit,equifax,,new,,pension_contribution,pension_contribution,pension_contribution,
Tesco Bank,TESCO BANK,304.39,debit,equifax,Rent and Mortgage | Mortgages,new,,mortgage,mortgage,financial_institution_unspecified,Payment is to Tesco Bank but no mortgage or other product is identified.
Child Benefits,HMRC CHILD BENEFIT  STARKOWKAMIL870629 BGC,43.3,credit,equifax,,new,,benefits_state,benefits_state,benefits_state,
Tesco Bank,TESCO BANK,296.09,debit,equifax,Rent and Mortgage | Mortgages,new,,mortgage,mortgage,financial_institution_unspecified,Payment is to Tesco Bank but no mortgage or other product is identified.
RSPCA,RSPCA SHEFFIELD BRSHEFFIELD,26.25,debit,equifax,,new,,charitable_donation,charitable_donation,charitable_donation,
W.H.Smith,WH Smith Northwick  ON 21 MAR CPM WH SMITH NORTHWICK P,2.89,debit,equifax,"Books, Newspapers and Magazines | General Books",new,,books,books,books,
DVLA,DVLA-SB57GUC 000000000061269121 FIRST DDR PAYMENT DDR,42.0,debit,equifax,Automotive | Road Tax,new,,road_tax,road_tax,road_tax,
Nike,"WLT 27, Nikepos_Uk",4.95,debit,equifax,Shopping (Fashion) | Sportswear,new,,sportswear,sportswear,sportswear,
Primark,Contactless Payment PRIMARK STORES LTD,14.5,debit,equifax,Shopping (Fashion) | General Fashion,new,,clothing_general,clothing_general,clothing_general,
Just Eat,2065 15JAN23      JUST EAT          LONDON GB,27.6,debit,equifax,Restaurants and takeaway | Take Away,new,,takeaway,takeaway,takeaway,
Save the Pennies,SAVE THE PENNIES ************2572,1.13,credit,equifax,,new,,savings_transfer,savings_transfer,savings_transfer,
Overpayments,CENT REC GROUP DD  ST409642C DDR DWP Debt Management,10.0,debit,equifax,,new,,unclassified_other,debt_management_plan,debt_collection,DWP Debt Management is collecting a benefit overpayment; it is not a consumer DMP provider.
Trip.com,8841 19JUN25      UBER   *TRIP      HELP.UBER.COM GB,6.97,debit,equifax,Flights and Holidays | Holidays,new,,accommodation,taxi_rideshare,taxi_rideshare,Narrative is an Uber trip; Trip.com merchant label is misleading.
HMRC,3960217461A00105A Account HMRC Shipley,5149.44,debit,equifax,,new,,tax_payment,tax_payment,tax_payment,
Booker,SATHASIVAM N                             BOOKER,60.0,credit,equifax,Transfers / Other | Cash & Carry,new,,unclassified_other,cash_and_carry,transfer_p2p,"""Sathasivam N"" is an individual's personal name (Tamil first/last name). This is a personal peer-to-peer transfer from an individual with the payment reference ""BOOKER"". Commercial refunds from Booker Wholesale/Cash & Carry arrive via BACS under their official corporate entity name, not from an individual's personal bank account."
Post Office,Cash Deposit at 45 Robert Street Pontypridd CF37 3DY GB Post Office Banking Services,150.0,credit,equifax,Cash Deposit | Delivery,new,,cash_deposit,cash_deposit,cash_deposit,
Coinbase,Coinbase COINBASE               London        GBR,20.0,debit,equifax,Investments and Trading | Cryptocurrency,new,,crypto,crypto,crypto,
The Range,THE RANGE CD 7731,14.78,debit,equifax,Shopping (Home) | Home Accessories,new,,home_accessories,home_accessories,home_accessories,
Aldi,ALDI STORES LTD,5.37,debit,equifax,Shopping (Household Essentials) | General Groceries,new,,groceries,groceries,groceries,
Monzo,Sent from Monzo Craig Greatrex,5.0,debit,equifax,Own Transfers | Bank Transfer,new,,transfer_own_account,transfer_p2p,transfer_p2p,Named-person Monzo transfer.
MetLife,METLIFE EUROPE,11.0,debit,equifax,,new,,insurance_general,insurance_life,insurance_life,MetLife is primarily a life and protection insurer.
Screwfix,4953 16SEP23 C    SCREWFIX DIR LTD  NORWICH B1680 GB,7.99,debit,equifax,Shopping (Home) | Tools,new,,tools,tools,tools,
Plum,To Plum,3.5,debit,equifax,,new,,savings_transfer,savings_transfer,savings_transfer,
Overpayments,Direct debit HMRC NDDS ************1697,328.16,debit,equifax,,new,,tax_payment,tax_payment,tax_payment,
AA,THE AA (BAXTERSTOR THE AA (BAXTERSTOREY),2.0,debit,equifax,Automotive | Breakdown Cover,new,,breakdown_cover,breakdown_cover,restaurant_cafe,"BaxterStorey is a workplace caterer and the £2 charge is food spend, not AA breakdown cover."
Lidl,Contactless Payment LIDL GB LONDON APPLEPAY 3240,1.38,debit,equifax,Shopping (Household Essentials) | General Groceries,new,,groceries,groceries,groceries,
MetLife,METLIFE EUROPE,20.0,debit,equifax,,new,,insurance_life,insurance_life,insurance_life,
DVLA,DVLA-LX06YLM,13.12,debit,equifax,Automotive | Road Tax,new,,road_tax,road_tax,road_tax,
Post Office,Cash Deposit at 1a Drakes Cross Parade Birmingham B47 5HD GB Post Office Banking Services,1000.0,credit,equifax,Cash Deposit | Delivery,new,,cash_deposit,cash_deposit,cash_deposit,
JD Sports,4608 21DEC23      JD SPORTS FASHION PLC               BURY GB,135.99,debit,equifax,Shopping (Fashion) | Sportswear,new,,sportswear,sportswear,sportswear,
Tenpin,TENPIN LTD - 160 CD 2832,18.0,debit,equifax,Entertainment | Days Out,new,,days_out,days_out,days_out,
Save The Change,SAVETHECHANGE-4464,1.98,debit,equifax,,new,,savings_transfer,savings_transfer,savings_transfer,
Trip.com,UBER *TRIP  ON 21 MAY BCC UBR* PENDING.UBER.COM,3.92,debit,equifax,Flights and Holidays | Holidays,new,,unclassified_other,taxi_rideshare,taxi_rideshare,Narrative explicitly identifies an Uber trip.
Google,Google GOOGLE *Google Storage 650-253-0000  USA,1.59,debit,equifax,Misc Card Spend | Foreign,new,,web_services,web_services,web_services,
Deliveroo,8206 15FEB24  D   DELIVEROO         LONDON GB,21.21,debit,equifax,Restaurants and takeaway | Take Away,new,,takeaway,takeaway,takeaway,
Cash App,Cash App Cash App               London        GBR,40.0,credit,equifax,Cash Deposit | Money Transfers,new,,unclassified_transfer,transfer_p2p,transfer_mobile_app,Cash App credit is a mobile-app transfer with no named counterparty.
HMRC,Hmrc,2000.0,debit,equifax,,new,,tax_payment,tax_payment,tax_payment,
Animal Friends Insurance,Direct Debit - First Payment ANIMAL FRIENDS INS 070976 05342230,30.17,debit,equifax,Insurance | Pet Insurance,new,,insurance_pet,insurance_pet,insurance_pet,
Bet365,BET365,20.0,debit,equifax,Gambling and Betting | Betting,new,,gambling_betting,gambling_betting,gambling_betting,
Pets at Home,PETS AT HOME LIMIT PETS AT HOME LIMITED REC,17.0,debit,equifax,Pets | Pet Accessories,new,,pet_supplies,pet_supplies,pet_supplies,
Holiday Extras,8117 03OCT24      WWW.HOLIDAY       EXTRAS.COM-       HYTHE GB,91.27,debit,equifax,Flights and Holidays | Airport Parking,new,,airport_parking,airport_parking,airport_parking,
Bet365,Bet365 BET365                 GIBRALTAR     GBR,10.0,debit,equifax,Gambling and Betting | Betting,new,,gambling_betting,gambling_betting,gambling_betting,
Wilko.com,WILKO RETAIL LIMIT WILKO RETAIL LIMITED,12.33,debit,equifax,Shopping (Home) | Home Accessories,new,,home_accessories,home_accessories,home_accessories,
Paddy Power,PADDY POWER,20.0,debit,equifax,Gambling and Betting | Betting,new,,gambling_betting,gambling_betting,gambling_betting,
HMRC,HMRC SA,1082.49,credit,equifax,,new,,tax_refund,tax_refund,tax_refund,
Royal London Pensions,ROYAL LONDON,59.33,debit,equifax,,new,,pension_contribution,pension_contribution,pension_contribution,
ASDA,Visa credit ASDA GROCERIES ONLINE,0.2,credit,equifax,Refund | General Groceries,new,,groceries,groceries,refund_received,Visa credit is explicitly an ASDA refund.
Tenpin,TENPIN LTD - 210 Tenpin,5.6,debit,equifax,Entertainment | Days Out,new,,days_out,days_out,days_out,
Paypal,Discord PAYPAL *DISCORD        4029357733    USA,14.03,debit,equifax,Misc Card Spend | Foreign,new,,online_services,online_services,online_services,
Revolut,Revolut**3376*,15.0,debit,equifax,Transfers / Other | Bank Transfer,new,,transfer_own_account,transfer_own_account,transfer_own_account,
Capify,CV5FA3X Capify,407.08,debit,equifax,Financial Services | Business Loans,new,,business_loan_repayment,business_loan_repayment,business_loan_repayment,
Utilita,UTILITA ENERGY LIM  ON 01 AUG BCC,20.0,debit,equifax,Utilities | Energy Providers,new,,energy,energy,energy,
Prime,Amazon Prime*HJ3EV Amazon Prime*HJ3EV4KO4,8.99,debit,equifax,Amazon All | Amazon,new,,streaming,streaming,streaming,
State Pension,"BANK GIRO CREDIT REF PW420726C DWP SP, 000000002307543477",199.15,credit,equifax,,new,,pension_received,pension_received,pension_received,
MoonPay,Moonpay MoonPay 4354           Dublin        GBR,50.0,debit,equifax,Investments and Trading | Cryptocurrency,new,,crypto,crypto,crypto,
Royal London Pensions,ROYAL LONDON,22.0,debit,equifax,,new,,pension_contribution,pension_contribution,pension_contribution,
Iceland,ICELAND FOODS,93.86,debit,equifax,Shopping (Household Essentials) | General Groceries,new,,groceries,groceries,groceries,
Monzo,Sent from Monzo Craig Greatrex,5.0,debit,equifax,Own Transfers | Bank Transfer,new,,transfer_p2p,transfer_p2p,transfer_p2p,
Apple App Store,"APPLE.COM/BILL (VIA APPLE PAY), ON 27-02-2025",5.99,debit,equifax,Shopping (Discretionary) | Music and Downloads,new,,software,software,software,
LOYALTY REWARD,MYREWARDS,6.0,credit,equifax,,new,,cashback,cashback,cashback,
Vets Gen,PREMIER VET ALLIAN,17.75,debit,equifax,Pets | Pet Care,new,,veterinary,veterinary,veterinary,
Nest Pensions,"DIRECT DEBIT PAYMENT TO NEST CLIENT ACCOUN REF NEST00519623, MANDATE NO 0077",46.0,debit,equifax,,new,,pension_contribution,pension_contribution,pension_contribution,
Uber,Uber UBR* PENDING.UBER.COM  London        GBR,10.51,credit,equifax,Identified Salary | Taxis,new,,taxi_rideshare,taxi_rideshare,refund_received,Credit on an Uber card descriptor is most consistent with a ride reversal/refund.
W.H.Smith,WHSmith WH Smith Birmingham    Birmingham    GBR,13.64,debit,equifax,"Books, Newspapers and Magazines | General Books",new,,books,books,books,
HMRC,"STANDING ORDER VIA FASTER PAYMENT TO HMRC CUMBERNAULD REFERENCE 3323077877K , MANDATE NO 0102",25.0,debit,equifax,,new,,tax_payment,tax_payment,tax_payment,
W.H.Smith,WHSmith from Savings Pot WH Smith Chiswi        W4 5YA  LO    GBR,1.99,debit,equifax,"Books, Newspapers and Magazines | General Books",new,,books,books,books,
Co-op,7883 07NOV24 CD   QMC COOP          1159701384 GB,3.4,debit,equifax,Shopping (Household Essentials) | General Groceries,new,,groceries,groceries,groceries,
Save The Change,SAVETHECHANGE-8665,0.35,debit,equifax,,new,,savings_transfer,savings_transfer,savings_transfer,
Next,NEXT RETAIL LTD Next,25.0,debit,equifax,Shopping (Fashion) | General Fashion,new,,catalogue_retail,clothing_general,clothing_general,"NEXT RETAIL LTD and fashion native category indicate clothing, not catalogue repayment."
HMRC,HMRC SA  7198036318K00001 BGC,839.46,credit,equifax,,new,,tax_refund,tax_refund,tax_refund,
Paypal,PAYPAL            PPWDL5FZJ22232DGQ4FP 25/12/23 2124  PPWD100000000A3M8X,5.0,credit,equifax,Transfers / Other | E-Commerce Payment System,new,,payment_intermediary,payment_intermediary,transfer_own_account,
Packlink,PACKLINK,2.97,debit,equifax,Services | Delivery,new,,delivery_courier,delivery_courier,delivery_courier,
Apple App Store,Apple APPLE.COM/BILL         APPLE.COM/BIL IRL,0.99,debit,equifax,Shopping (Discretionary) | Music and Downloads,new,,software,software,software,
HMRC,To HMRC Cumbernauld,20000.0,debit,equifax,,new,,tax_payment,tax_payment,tax_payment,
DVLA,DVLA-CA68NAE,16.62,debit,equifax,Automotive | Road Tax,new,,road_tax,road_tax,road_tax,
PRA Group,PRA Group PRA GROUP              LONDON        GBR,132.0,debit,equifax,Financial Services | Debt Collection,new,,debt_collection,debt_collection,debt_collection,
Zopa,ZOPA BANK LIMITED,1250.0,credit,equifax,Identified Salary | Personal Loans,new,,personal_loan_repayment,loan_disbursement,loan_disbursement,Large credit from Zopa is a loan payout.
Just Eat,4817 03MAY25  D   JUST EAT          LONDON GB         REFUND,8.57,credit,equifax,Refund | Take Away,new,,takeaway,takeaway,refund_received,Narrative explicitly states REFUND.
Apple App Store,APPLE.COM/BILL IRELAND ON 11 NOV BCC Apple,10.99,debit,equifax,Shopping (Discretionary) | Music and Downloads,new,,software,software,software,
Marketplace,AMZNMktplace      amazon.co.uk,4.99,debit,equifax,Amazon All | Amazon,new,,marketplace_amazon,marketplace_amazon,marketplace_amazon,
Air Ambulance,CARD PAYMENT TO WALES AIR AMBULANCE ON 26-02-2025,1.0,debit,equifax,,new,,charitable_donation,charitable_donation,charitable_donation,
Apple App Store,Visa credit APPLE.COM/BILL,0.99,credit,equifax,Refund | Music and Downloads,new,,software,software,refund_received,Visa credit has a refund native category.
Allpay,6143 10JAN25      ALLPAY            *LINCOLNSHIRE H   BOSTON GB,35.0,debit,equifax,,new,,unclassified_other,rent,rent,Narrative identifies Lincolnshire Housing via Allpay.
State Pension,YP568632B DWP SP  ************5126 BGC,443.92,credit,equifax,,new,,pension_received,pension_received,pension_received,
Vets Gen,"Premier Vet Allian, MED00144016CHARL",18.5,debit,equifax,Pets | Pet Care,new,,veterinary,veterinary,veterinary,
LOYALTY REWARD,MYREWARDS,5.0,credit,equifax,,new,,cashback,cashback,cashback,
Solana,Exchanged to SOL,10.0,debit,equifax,Investments and Trading | Cryptocurrency,new,,crypto,crypto,crypto,
Burton,ONLINE FOOD ORDER BURTON UPON T,13.34,debit,equifax,Shopping (Fashion) | Mens Fashion,new,,takeaway,takeaway,takeaway,
Tesco Fuel,Tesco Petrol TESCO PFS 3766         ST AUSTELL    GBR,75.48,debit,equifax,Commuting and travel | Fuel,new,,fuel,fuel,fuel,
Citylink,STGCOACH/CTYLINK  ON 28 JUL CLP,2.0,debit,equifax,Commuting and travel | Trains and Coaches,new,,public_transport_rail_coach,public_transport_rail_coach,public_transport_rail_coach,
Just Eat,JUST EAT.CO.UK LIM                    REFERENCE: ************2024,242.68,credit,equifax,Identified Salary | Take Away,new,,takeaway,takeaway,salary_gig,Large credit from Just Eat with identified-salary native category is consistent with courier earnings.
Hastings Direct,BC18019953 Hastings Insurance Services,166.04,debit,equifax,Insurance | Motor Insurance,new,,insurance_motor,insurance_motor,insurance_motor,
Roadchef,VMS ROADCHEF WHSMISTAFFORD,27.08,debit,equifax,"Restaurants and takeaway | Restaurants, Cafes and Bistros",new,,restaurant_cafe,restaurant_cafe,convenience_store,
Aviva,263672/14/002 Aviva,20.0,debit,equifax,Insurance | General Insurance,new,,insurance_general,insurance_general,insurance_general,
Overpayments,CENT REC GROUP DD INITIAL PAYMENT,19.75,debit,equifax,,new,,income_other_unspecified,loan_repayment_dd,debt_collection,Central Recovery Group initial payment is a debt-recovery payment.
Trip.com,UBER *TRIP  ON 28 FEB BCC UBR* PENDING.UBER.COM,5.92,debit,equifax,Flights and Holidays | Holidays,new,,accommodation,taxi_rideshare,taxi_rideshare,Narrative explicitly identifies an Uber trip.
Zilch,ZILCH * CD 2800,17.49,debit,equifax,Financial Services | BNPL,new,,bnpl,bnpl,bnpl,
The Healthy Pet Club,HEALTHY PET CLUB  463/B0005267806 DDR Healthy Pet Club,18.99,debit,equifax,Pets | Pet Care,new,,pet_supplies,insurance_pet,veterinary,"Healthy Pet Club is a preventative veterinary-care plan, not pet insurance."
Apple App Store,CARD PAYMENT TO APPLE.COM/BILL ON 01-12-2022,4.49,debit,equifax,Shopping (Discretionary) | Music and Downloads,new,,software,software,software,
Selfridges,8015 03FEB25      ZILCH SELFRIDGES  MANCH             GB GB             REFUND,60.5,credit,equifax,Refund | Department Stores,new,,department_store,department_store,refund_received,Narrative explicitly states REFUND.
State Pension,YT140346D DWP  SP,469.52,credit,equifax,,new,,pension_received,pension_received,pension_received,
HMRC,HMRC GOV.UK SA    GLASGOW,1936.2,debit,equifax,,new,,tax_payment,tax_payment,tax_payment,
Uber,Uber * Pending Uber   *trip,4.98,debit,equifax,Commuting and travel | Taxis,new,,taxi_rideshare,taxi_rideshare,taxi_rideshare,
Resolvecall,RESOLVECALL LIMITE,6.0,debit,equifax,Financial Services | Debt Collection,new,,debt_collection,debt_collection,debt_collection,
Screwfix,SCREWFIX DIR LTD,16.99,debit,equifax,Shopping (Home) | Tools,new,,tools,tools,tools,
Universal Credit,"BANK GIRO CREDIT REF 200M40N34 DWP UC, ************2591",788.61,credit,equifax,,new,,benefits_state,benefits_state,benefits_state,
Nuffield Health,NUFFIELD HEALTH,61.0,debit,equifax,Personal Healthcare | Gyms And Health Clubs,new,,gym_fitness,gym_fitness,gym_fitness,
Pets at Home,Pets at Home PETS AT HOME LTD       CHESTERFIELD  GBR,7.0,debit,equifax,Pets | Pet Accessories,new,,pet_supplies,pet_supplies,pet_supplies,
Tesco,TESCO STORES 2358,32.5,debit,equifax,Shopping (Household Essentials) | General Groceries,new,,groceries,groceries,groceries,
Vets Gen,CX001840874 Animal Healthcare,15.0,debit,equifax,Pets | Pet Care,new,,veterinary,veterinary,veterinary,
W.H.Smith,"READING S/W WH SMITHS (VIA APPLE PAY), ON 01-12-2023",5.65,debit,equifax,"Books, Newspapers and Magazines | General Books",new,,books,books,books,
Halifax,HALIFAX,826.99,debit,equifax,Rent and Mortgage | Mortgages,new,,mortgage,mortgage,mortgage,
Monzo,R MARSHALL SENT FROM MONZO PZ719C61U4DDC4EUF3,250.0,credit,equifax,,new,,transfer_mobile_app,transfer_p2p,transfer_p2p,Incoming Monzo transfer from a named person.
Oxfam Shop,OXFAM GB,46.92,debit,equifax,,new,,charity_shop,charity_shop,charity_shop,
Starling Bank,Paid with Starling,40.0,credit,equifax,Financial Services | Banks And Building Societies,new,,transfer_own_account,transfer_own_account,transfer_own_account,
Amazon Services,AMAZON UK SERVICES  2617 00165995 BGC,400.18,credit,equifax,Identified Salary | Amazon,new,,salary,salary,salary,
Child Benefits,"BANK GIRO CREDIT REF HMRC CHILD BENEFIT, THWAITEGINA0991610",42.55,credit,equifax,,new,,benefits_state,benefits_state,benefits_state,
ASDA,ASDA STORES LIMITEASDA STORES PLC   FP 20/03/25 1900  MODULO00P210UU725E,500.28,credit,equifax,Identified Salary | General Groceries,new,,salary,salary,salary,
Pets at Home,Pets at Home PETS AT HOME LTD       BOLTON        GBR,9.49,debit,equifax,Pets | Pet Accessories,new,,pet_supplies,pet_supplies,pet_supplies,
Overpayments,DWP DEBT MANAGEMEN DWP DEBT MANAGEMENT,10.0,debit,equifax,,new,,income_other_unspecified,debt_management_plan,debt_collection,DWP Debt Management is collecting a benefit overpayment.
Sunlife,SUNLIFE,10.0,debit,equifax,Insurance | Life Insurance,new,,insurance_life,insurance_life,insurance_life,
Monzo,Monzo-TDCYZ,42.45,credit,equifax,Transfers / Other | Bank Transfer,new,,transfer_mobile_app,transfer_own_account,transfer_mobile_app,Incoming Monzo transfer with no named counterparty or proof of own-account ownership.
Fidelity,FASTER PAYMENTS RECEIPT REF.WAGES FROM FIDELITY HEALTHCAR,287.0,credit,equifax,Identified Salary | Investments,new,,salary,salary,salary,
Greggs,Contactless Payment GREGGS APPLEPAY 0731,6.3,debit,equifax,"Restaurants and takeaway | Restaurants, Cafes and Bistros",new,,restaurant_cafe,restaurant_cafe,restaurant_cafe,
Royal Mail,ROYAL MAIL GROUP L,6484.88,debit,equifax,Services | Delivery,new,,delivery_courier,delivery_courier,delivery_courier,
Nest Pensions,Direct debit NEST CLIENT ACCOUN ************3157,47.0,debit,equifax,,new,,pension_contribution,pension_contribution,pension_contribution,
McDonalds,MCDONALDS 1646,3.19,debit,equifax,Restaurants and takeaway | Take Away,new,,takeaway,takeaway,takeaway,
W.H.Smith,WHSmith WELCOME BREAK WHS      SOUTH MIMMS   GBR,7.0,debit,equifax,"Books, Newspapers and Magazines | General Books",new,,books,books,books,
DVLA,"DIRECT DEBIT PAYMENT TO DVLA-OE57GNJ REF ************1406, MANDATE NO 0016",33.68,debit,equifax,Automotive | Road Tax,new,,road_tax,road_tax,road_tax,
Iceland,0653 08AUG24 CD   ICELAND           GILLINGHAM 2 GB,41.5,debit,equifax,Shopping (Household Essentials) | General Groceries,new,,groceries,groceries,groceries,
Sky,************0884 Sky Subscription,49.5,debit,equifax,"Utilities | Internet, TV and Phone",new,,broadband_tv_phone,broadband_tv_phone,broadband_tv_phone,
Trip.com,"UBER   *TRIP - Aldgate Tower First Floor, HELP.UBER.COM",17.92,debit,equifax,Flights and Holidays | Holidays,new,,accommodation,taxi_rideshare,taxi_rideshare,Narrative explicitly identifies an Uber trip.
LOYALTY REWARD,MYREWARDS,20.0,credit,equifax,,new,,cashback,cashback,cashback,
Parent Pay,PARENTPAY E-COM R,70.0,debit,equifax,Services | Childcare,new,,school_fees,school_fees,school_fees,
HMRC,To HMRC Cumbernauld,18590.86,debit,equifax,,new,,tax_payment,tax_payment,tax_payment,
Royal London Pensions,99292004 Royal London Mutual Ins Soc,44.69,debit,equifax,,new,,pension_contribution,pension_contribution,pension_contribution,
State Pension,"BANK GIRO CREDIT REF YW434241B DWP SP, 000000001886384808",414.94,credit,equifax,,new,,pension_received,pension_received,pension_received,
B & M,7695 24JAN25 C    B&M RETAIL LTD    DUNDEE GB         REFUND,20.97,credit,equifax,Refund | Home Accessories,new,,refund_received,refund_received,refund_received,
Revolut,LACEEYA CLAYTON   SENT FROM REVOLUT FP 05/06/24 1918  REV176114908271156,31.0,credit,equifax,Own Transfers | Bank Transfer,new,,transfer_own_account,transfer_p2p,transfer_p2p,Incoming Revolut transfer from a named person.
Post Office,Cash Deposit at 2 4 Gatton Road London SW17 0SQ GB Post Office Banking Services,100.0,credit,equifax,Cash Deposit | Delivery,new,,cash_deposit,cash_deposit,cash_deposit,
Squarespace,Squarespace 120204813 SQUARESPACE 120204813  +16465803456  USA,42.05,debit,equifax,Misc Card Spend | Foreign,new,,web_services,web_services,web_services,
Thorpe Park,ZILCH *      Thorp ZILCH *      Thorpe Park,11.72,debit,equifax,Entertainment | Days Out,new,,days_out,days_out,days_out,
Asda (Petrol),5101 11SEP23 C    ASDA STORES       /PETROL/          PUDSEY GB,9.69,debit,equifax,Commuting and travel | Fuel,new,,fuel,fuel,fuel,
Ring.com,RING MONTHLY PLAN  ON 22 FEB BCC,3.49,debit,equifax,Shopping (Home) | Home Accessories,new,,home_accessories,home_accessories,home_accessories,
HMRC,To HMRC Shipley,1071.6,debit,equifax,,new,,tax_payment,tax_payment,tax_payment,
ASDA,ASDA STORES Asda,6.2,debit,equifax,Shopping (Household Essentials) | General Groceries,new,,groceries,groceries,groceries,
Paypal,Visa credit PAYPAL*JAFFAR NAAFIAH 2024-08-16,29.0,credit,equifax,Transfers / Other | E-Commerce Payment System,new,,payment_intermediary,payment_intermediary,transfer_p2p,PayPal credit identifies an individual counterparty.
Crypto.com,"CRO (VIA APPLE PAY), ON 29-12-2024",31.93,debit,equifax,Investments and Trading | Cryptocurrency,new,,crypto,crypto,crypto,
The Gym Website,THE GYM LTD,20.99,debit,equifax,Personal Healthcare | Gyms And Health Clubs,new,,gym_fitness,gym_fitness,gym_fitness,
Disability Living Allowance,HN894798C DWP DLA,559.0,credit,equifax,,new,,benefits_state,benefits_state,benefits_state,
Royal London Pensions,ROYAL LONDON,9.0,debit,equifax,,new,,pension_received,pension_contribution,pension_contribution,"Debit to Royal London is a pension contribution, not pension income."
Byron Hamburgers,TRISTAR FOODS LIMI BYRON HAMBURGERS MODULO00P210J63XTA,21.91,credit,equifax,"Transfers / Other | Restaurants, Cafes and Bistros",new,,restaurant_cafe,restaurant_cafe,refund_received,Credit from the Byron restaurant operator is most consistent with a refund.
LOYALTY REWARD,MYREWARDS,5.0,credit,equifax,,new,,cashback,cashback,cashback,
LOYALTY REWARD,MYREWARDS,16.19,credit,equifax,,new,,cashback,cashback,cashback,
Octopus Energy,Visa purchase OCTOPUS ENERGY LTD APPLEPAY 6751,10.0,debit,equifax,Utilities | Energy Providers,new,,energy,energy,energy,
True Potential,TRUE POTENTIAL INV  394209 DDR,25.0,debit,equifax,Investments and Trading | Investments,new,,investment_general,investment_general,investment_general,
Pastdue Credit Solutions,PASTDUE CREDIT SOL                    REFERENCE: 29722564ID3973,268.33,debit,equifax,Financial Services | Debt Collection,new,,debt_collection,debt_collection,debt_collection,
Big Yellow Self Storage,BIG YELLOW SELF STORAGE COMPANY A LIMITE Big Yellow Self Storage Company A Limite,2299.96,debit,equifax,Services | Storage,new,,storage,storage,storage,
Post Office,Cash Deposit at The Precinct Warwick CV34 5SR GB Post Office Banking Services,1000.0,credit,equifax,Cash Deposit | Delivery,new,,cash_deposit,cash_deposit,cash_deposit,
HMRC,"RIB, Hmrc Cumbernauld, 8393427493A00110A",2262.67,debit,equifax,,new,,tax_payment,tax_payment,tax_payment,
Plus500,7456 03MAR25  D   PLUS500           LONDON GB,244.0,debit,equifax,Investments and Trading | Trading,new,,investment_trading,investment_trading,investment_trading,
HMRC,HMRC SELF ASSESSME,5.2,debit,equifax,,new,,tax_payment,tax_payment,tax_payment,
Pets at Home,PETS AT HOME      DERBY,44.2,debit,equifax,Pets | Pet Accessories,new,,pet_supplies,pet_supplies,pet_supplies,
Santander Mortgages,Direct debit SANTANDER MORTGAGE ************7437,2279.51,debit,equifax,Rent and Mortgage | Mortgages,new,,mortgage,mortgage,mortgage,
The Works,THE WORKS,35.0,debit,equifax,"Books, Newspapers and Magazines | General Books",new,,books,books,books,
FoodHub,FoodHub,16.24,debit,equifax,Restaurants and takeaway | Take Away,new,,takeaway,takeaway,takeaway,
Co-op,CO OP GROUP FOOD Co-op Food,2.0,debit,equifax,Shopping (Household Essentials) | General Groceries,new,,groceries,groceries,groceries,
Emirates,Crv*emiratescom Dubai Crv*emirates.com Dubai,115.39,debit,equifax,Flights and Holidays | Flights,new,,flights,flights,flights,
Cash App,Cash App w5ht5stm Bethan,20.0,credit,equifax,Cash Deposit | Money Transfers,new,,transfer_p2p,transfer_p2p,transfer_p2p,
Revolut,Sent from Revolut,100.0,credit,equifax,Transfers / Other | Bank Transfer,new,,transfer_own_account,transfer_own_account,transfer_own_account,
Grosvenor Casinos,GROSVENOR,30.0,debit,equifax,Gambling and Betting | Poker and Casino Games,new,,gambling_casino,gambling_casino,gambling_casino,
Dunelm,Dunelm,33.95,debit,equifax,Shopping (Home) | Home Accessories,new,,home_accessories,home_accessories,home_accessories,
Footasylum,0639 28SEP24      KLARNA*FOOTASYLUM LI                LONDON GB,44.79,debit,equifax,Shopping (Fashion) | Footwear,new,,footwear,bnpl,footwear,Footasylum is the clear underlying footwear merchant despite Klarna routing.
Marketplace,Amazon AMZNMktplace           amazon.co.uk  GBR,8.99,debit,equifax,Amazon All | Amazon,new,,marketplace_amazon,marketplace_amazon,marketplace_amazon,
Papa Johns,PAPA JOHNS CATFORD  ON 09 SEP CLP,9.8,debit,equifax,Restaurants and takeaway | Take Away,new,,takeaway,takeaway,takeaway,
Play.com,GOOGLE Google Play GOOGLE Google Play Apps,0.89,debit,equifax,Shopping (Discretionary) | TV and Online Shopping,new,,software,software,software,
Hilton,DoubleTree by Hilton DOUBLETREE BY HILTON O ORLANDO       USA,17.05,debit,equifax,Misc Card Spend | Foreign,new,,accommodation,accommodation,accommodation,
ASDA,ASDA GROCERIES ONL  ON 25 AUG BCC,10.56,credit,equifax,Transfers / Other | General Groceries,new,,groceries,groceries,refund_received,Credit from ASDA Groceries is most consistent with a refund.
Santander Mortgages,SANTANDER MORTGAGE,600.12,debit,equifax,Rent and Mortgage | Mortgages,new,,mortgage,mortgage,mortgage,
GiffGaff.com,giffgaff,10.0,debit,equifax,Utilities | Mobile Phone Contracts,new,,mobile_phone_contract,mobile_phone_contract,mobile_phone_contract,
Domestic and General,D&G APPLIANCE CARE,14.75,debit,equifax,Insurance | General Insurance,new,,insurance_general,insurance_general,insurance_general,
DVSA,DVSA CD 5715,62.0,debit,equifax,Education and Learning | Driving Tuition,new,,vehicle_mot,driving_tuition,driving_tuition,£62 DVSA charge matches a driving-test payment; driving_tuition is the closest valid leaf.
Allpay,A03895420 Allpay,40.0,debit,equifax,,new,,unclassified_other,rent,rent,"Recurring Allpay reference is consistent with a housing payment, though the payee is not shown."
The Gym Website,The Gym Group NYX*TheGymGroup        Damhead       GBR,1.9,debit,equifax,Personal Healthcare | Gyms And Health Clubs,new,,gym_fitness,gym_fitness,gym_fitness,
B&Q (diy.com),B AND Q  ON 29 JUN CPM B&Q,79.0,debit,equifax,Shopping (Home) | Home Improvements,new,,home_improvement,home_improvement,home_improvement,
B & M,Contactless Payment B&M RETAIL APPLEPAY 3884,14.66,debit,equifax,Shopping (Home) | Home Accessories,new,,discount_store,discount_store,discount_store,
Octopus Energy,Visa credit OCTOPUS ENERGY LTD 6751,5.0,credit,equifax,Refund | Energy Providers,new,,energy,energy,refund_received,Visa credit from Octopus Energy has a refund native category.
Pure Gym,PURE GYM LTD  ************0023 DDR Pure Gym,20.99,debit,equifax,Personal Healthcare | Gyms And Health Clubs,new,,gym_fitness,gym_fitness,gym_fitness,
Jet2Holidays,4786 27JUN23      J2HOL WEB LLOYDS  JET2HOLIDAYS GB,389.0,debit,equifax,Flights and Holidays | Holidays,new,,holiday_package,holiday_package,holiday_package,
Co-op,CO OP WELCOME BEMB  ON 31 JAN CLP CO OP WELCOME BEMBRIDG,6.38,debit,equifax,Shopping (Household Essentials) | General Groceries,new,,groceries,groceries,groceries,
Child Support Agency,K WHITBY  CSA FT,30.0,debit,equifax,,new,,income_other_unspecified,income_other_unspecified,family_services,CSA payment is child maintenance/family support; income category contradicts debit direction.
Allpay,ALLPAY *NORTH STAR ALLPAY *NORTH STAR HOUSIN,110.0,debit,equifax,,new,,council_tax,rent,rent,Allpay narrative names North Star Housing.
Primark,Visa purchase PRIMARK STORES LTD,174.5,debit,equifax,Shopping (Fashion) | General Fashion,new,,clothing_general,clothing_general,clothing_general,
Allpay,3440 20OCT23      ALLPAY *LONDON ANDQUA               SIDCUP GB,1024.23,debit,equifax,,new,,council_tax,rent,rent,Allpay housing-payment pattern; recipient name is truncated.
ASDA,Visa credit ASDA GROCERIES ONLINE,7.5,credit,equifax,Refund | General Groceries,new,,groceries,groceries,refund_received,Visa credit is explicitly an ASDA refund.
Medivet,CARD PAYMENT TO MEDIVET-SYSTON ON 21-09-2023,220.52,debit,equifax,Pets | Pet Care,new,,veterinary,veterinary,veterinary,
Monzo,Sent from Monzo Craig Greatrex,5.0,debit,equifax,Own Transfers | Bank Transfer,new,,transfer_own_account,transfer_p2p,transfer_p2p,Named-person Monzo transfer.
Help to Buy,"DIRECT DEBIT PAYMENT TO HELP TO BUY REF 780866, MANDATE NO 0112",150.29,debit,equifax,Rent and Mortgage | Mortgages,new,,mortgage,mortgage,mortgage,
Scotrail,ScotRail SCOTRAIL               LONDON        GBR,8.4,debit,equifax,Commuting and travel | Trains and Coaches,new,,public_transport_rail_coach,public_transport_rail_coach,public_transport_rail_coach,
Royal London Pensions,ROYAL LONDON,19.98,debit,equifax,,new,,pension_contribution,pension_contribution,pension_contribution,
Blakely Clothing,Blakely Clothing Blakely Clothing Co Li Melton Consta GBR,136.1,debit,equifax,Shopping (Fashion) | General Fashion,new,,clothing_general,clothing_general,clothing_general,
William Hill,WILLIAMHILL*INTERN WILLIAMHILL*INTERNET,10.0,debit,equifax,Gambling and Betting | Betting,new,,gambling_betting,gambling_betting,gambling_betting,
B & M,B&M B&M RETAIL LTD         CORBY         GBR,18.49,debit,equifax,Shopping (Home) | Home Accessories,new,,discount_store,discount_store,discount_store,
First Response Finance,FIRST RESPONSE FIN,66.64,debit,equifax,Financial Services | Car Finance,new,,car_finance_repayment,car_finance_repayment,car_finance_repayment,
Universal Credit,20063730E DWP UC,1076.18,credit,equifax,,new,,benefits_state,benefits_state,benefits_state,
Uber,Uber UBR* PENDING.UBER.COM  London        GBR,1.92,credit,equifax,Identified Salary | Taxis,new,,taxi_rideshare,taxi_rideshare,refund_received,Small credit on an Uber card descriptor is most consistent with a ride reversal/refund.
Clearpay,1020 16FEB24      CLEARPAY          MANCHESTER GB,0.62,debit,equifax,Financial Services | BNPL,new,,bnpl,bnpl,bnpl,
Apple App Store,APPLE.COM/BILL,2.99,debit,equifax,Shopping (Discretionary) | Music and Downloads,new,,software,software,software,
Revolut,RODRIGO MESQUITA  SENT FROM REVOLUT FP 02/09/24 1636  REV************6299,10.0,credit,equifax,Own Transfers | Bank Transfer,new,,transfer_own_account,transfer_p2p,transfer_p2p,Incoming Revolut transfer from a named person.
Namesco,NAMESCO,16.79,debit,equifax,Services | Web Services,new,,web_services,web_services,web_services,
Vets Gen,Visa purchase INGLIS VETS HOSPITAL,154.62,debit,equifax,Pets | Pet Care,new,,veterinary,veterinary,veterinary,
Uber,Uber UBER   * PENDING       London        GBR,5.91,credit,equifax,Identified Salary | Taxis,new,,taxi_rideshare,taxi_rideshare,refund_received,Small credit on an Uber card descriptor is most consistent with a ride reversal/refund.
Social Security Scotland,Bank credit PH057978C SSS SCP 607080 10030379,100.0,credit,equifax,,new,,benefits_state,benefits_state,benefits_state,
JD Sports,1620 07APR25  D   JD SPORTS FASHION PLC               BURY GB           REFUND,22.5,credit,equifax,Refund | Sportswear,new,,sportswear,sportswear,refund_received,Narrative explicitly states REFUND.
Pure Gym,PureGym NYX*PureGym            Leeds         GBR,1.9,debit,equifax,Personal Healthcare | Gyms And Health Clubs,new,,gym_fitness,gym_fitness,gym_fitness,
Cheltenham & Gloucester,"Saba Uk-c&g, Watford, hert, 20028.26 null UNITED KINGDOM Saba UK-C&G",2.0,debit,equifax,Rent and Mortgage | Mortgages,new,,mortgage,mortgage,car_parking,Saba UK is a parking operator; mortgage classification came from a misleading merchant label.
Universal Credit,203566565 DWP UC  000000001947269312 BGC,1964.26,credit,equifax,,new,,benefits_state,benefits_state,benefits_state,
State Pension,YW575662B DWP  SP,834.24,credit,equifax,,new,,pension_received,pension_received,pension_received,
David Lloyd Leisure,David Lloyd Leisur  ON 13 NOV BCC David Lloyd Leisure,6.5,debit,equifax,Personal Healthcare | Gyms And Health Clubs,new,,gym_fitness,gym_fitness,gym_fitness,
State Pension,ZW943346C DWP  SP,295.75,credit,equifax,,new,,pension_received,pension_received,pension_received,
Apple App Store,APPLE.COM/BILL,5.99,debit,equifax,Shopping (Discretionary) | Music and Downloads,new,,software,software,software,
Uber,Ubr* Pending.uber.com Uber   *trip,0.56,debit,equifax,Commuting and travel | Taxis,new,,taxi_rideshare,taxi_rideshare,taxi_rideshare,
Sainsbury's,SAINSBURYS S/MKTS  ON 10 OCT CLP Sainsbury's,2.9,debit,equifax,Shopping (Household Essentials) | General Groceries,new,,groceries,groceries,groceries,
Royal Voluntary Service,RVS Hosp Shop Cafe Royal Voluntary Servic,7.19,debit,equifax,,new,,charity_shop,restaurant_cafe,restaurant_cafe,Narrative identifies a hospital shop café operated by Royal Voluntary Service.
Revolut,Revolut**5774*    London,100.0,debit,equifax,Transfers / Other | Bank Transfer,new,,transfer_own_account,transfer_own_account,transfer_own_account,
State Pension,ZY926808B DWP  SP,227.73,credit,equifax,,new,,pension_received,pension_received,pension_received,
HMRC,HMRC SA,3235.52,credit,equifax,,new,,tax_refund,tax_refund,tax_refund,
Double Bubble Bingo,DOUBLEBUBBLEBINGO  ON 30 NOV CPM,10.0,debit,equifax,Gambling and Betting | Bingo,new,,gambling_bingo,gambling_bingo,gambling_bingo,
Dunelm,Dunelm Soft Furnishin,12.0,debit,equifax,Shopping (Home) | Home Accessories,new,,home_accessories,home_accessories,home_accessories,
Zilch,CARD PAYMENT TO ZILCH. ON 26-12-2022,6.4,debit,equifax,Financial Services | BNPL,new,,bnpl,bnpl,bnpl,
HMRC,HMRC SELF ASSESSME PI************48546688K 083210     10 26JUL24 13:43,2119.25,debit,equifax,,new,,tax_payment,tax_payment,tax_payment,
HMRC,HMRC SA,2989.6,credit,equifax,,new,,tax_refund,tax_refund,tax_refund,
Castle Vending,9730 28APR24 C    CASTLE VENDING    ARMAGH GB,1.0,debit,equifax,Shopping (Discretionary) | Confectionary,new,,confectionary,confectionary,confectionary,
Plum,Plum Fintech      PZnQdhf8STCWMpDwea,28.0,debit,equifax,,new,,savings_transfer,savings_transfer,savings_transfer,
Sky Bet,CARD PAYMENT TO SKY BET ON 31-08-2023,10.0,debit,equifax,Gambling and Betting | Betting,new,,gambling_betting,gambling_betting,gambling_betting,
Allpay,Visa purchase ALLPAY *PLUS DANE - CDS H,540.02,debit,equifax,,new,,unclassified_other,rent,rent,Allpay narrative names Plus Dane Housing.
Overpayments,DWP Central Recovery CENT REC GROUP DD Cent Rec Group Dd,16.94,debit,equifax,,new,,income_other_unspecified,income_other_unspecified,debt_collection,DWP Central Recovery is collecting a benefit overpayment.
Marketplace,Amazon AMZNMktplace           amazon.co.uk  GBR,23.88,debit,equifax,Amazon All | Amazon,new,,marketplace_amazon,marketplace_amazon,marketplace_amazon,
1st Central,1st Central Insurance 1STCENTRALINSURANC     HAYWARDS HEAT GBR,21.0,debit,equifax,Insurance | Motor Insurance,new,,insurance_motor,insurance_motor,insurance_motor,
Scottish Prison Service,153250 11/07/1996 Scottish Prison Service,20.0,debit,equifax,Services | Government Services,new,,government_services,government_services,government_services,
TFL Congestion Charge,TFL CONGESTN CHRGE,90.0,debit,equifax,Automotive | Tolls and Crossings,new,,tolls,tolls,tolls,
Post Office,Cash Deposit at Well End Wisbech PE14 0HG GB Post Office Banking Services,120.0,credit,equifax,Cash Deposit | Delivery,new,,cash_deposit,cash_deposit,cash_deposit,
Paypal,Apexhosting PAYPAL *APEXHOSTING    4029357733    USA,13.27,debit,equifax,Misc Card Spend | Foreign,new,,payment_intermediary,web_services,web_services,Apex Hosting is the identifiable underlying web-hosting provider; PayPal is only the intermediary.
Parent Pay,PARENTPAY E-COM R  ON 10 JUN BCC,8.57,debit,equifax,Services | Childcare,new,,school_fees,school_fees,school_fees,
Santeda International Limited,SANTEDA INTL.,30.0,debit,equifax,Gambling and Betting | Poker and Casino Games,new,,gambling_casino,gambling_casino,gambling_casino,
Cd Modvet,9184 30AUG25 CD   MODVET LIMITED    FLEET GB,10,debit,plaid,PET_CARE_AND_SUPPLIES_VETERINARY_SERVICES,new,,veterinary,veterinary,veterinary,
Jysk Limited,Jysk Limited,18.49,debit,plaid,GENERAL_MERCHANDISE_APPAREL_AND_ACCESSORIES,new,,home_accessories,home_accessories,home_accessories,
Zen Internet Limit,ZEN INTERNET LIMIT 600000001603273083,50,debit,plaid,BANK_FEES_OTHER_BANK_FEES,new,,broadband_tv_phone,broadband_tv_phone,broadband_tv_phone,
Revolut,CHLOE GRAY        SENT FROM REVOLUT FP 11/10/25 1409  REV601881894795798,-20,credit,plaid,TRANSFER_IN_OTHER,new,,transfer_p2p,transfer_p2p,transfer_p2p,
Hpi Instant Ink Uk,HPI INSTANT INK UK,4.49,debit,plaid,GOVERNMENTS_AND_NON_PROFIT_OTHER_GOVERNMENTS_AND_NON_PROFIT,new,,printing_supplies,printing_supplies,printing_supplies,
Spotify,2318 01JUN25      SPOTIFY           LONDON GB,19.99,debit,plaid,ENTERTAINMENT_MUSIC_VIDEO_GAMES_TV_AND_MOVIES,new,,streaming,streaming,streaming,
Uber,CREDIT FROM UBER *EATS ON 21-08-2025,-8.65,credit,plaid,TRANSFER_IN_CHECKS_AND_ATM,new,,takeaway,refund_received,refund_received,Credit from Uber Eats is most consistent with a refund.
C Pak Cosmetic Centr,9162 03JUL25 C    PAK COSMETIC CENTRLONDON GB,8.99,debit,plaid,PERSONAL_CARE_HAIR_AND_BEAUTY,new,,health_beauty_general,health_beauty_general,health_beauty_general,
Tesco,TESCO DALKEITH           DALKEITH     GB2025-09-28,100,debit,plaid,TRANSFER_OUT_CHECKS_AND_ATM,new,,groceries,groceries,groceries,
Medicare Pharmacy,MEDICARE PHARMACY 23 )))),2.09,debit,plaid,MEDICAL_PHARMACIES_AND_SUPPLEMENTS,new,,pharmacy,pharmacy,pharmacy,
Revolut,Sent from Revolut ishaq mohammed,-10,credit,plaid,TRANSFER_IN_TRANSFER_IN_FROM_APPS,new,,transfer_p2p,transfer_p2p,transfer_p2p,
Runners for Public Lands,Runners,9.69,debit,plaid,GOVERNMENTS_AND_NON_PROFIT_OTHER_GOVERNMENTS_AND_NON_PROFIT,new,,charitable_donation,charitable_donation,charitable_donation,
Enthuse,4254 05SEP25      ENTHUSE - DONATIONLONDON GB,10,debit,plaid,GOVERNMENTS_AND_NON_PROFIT_DONATIONS,new,,charitable_donation,charitable_donation,charitable_donation,
Lowtownstore Limited,LOWTOWNSTORE LIMIT,5.77,debit,plaid,INTEREST_PAYMENTS_INTEREST_CHARGED,new,,retail_small_independent,unclassified_other,convenience_store,Lowtownstore is a retail merchant; native interest category is spurious.
Cd Wh Smith Black Pool Vic,1318 10OCT25 CD   WH SMITH BLACKPOOLVIC               BLACKPOOL GB,2.78,debit,plaid,GENERAL_SERVICES_HOME_IMPROVEMENT_SERVICES,new,,books,books,books,
Companion Care Vets,4084 20AUG25 C    COMPANION CARE VETSUR               HUDDERSFIELD GB,10.23,debit,plaid,PET_CARE_AND_SUPPLIES_PET_SUPPLIES,new,,veterinary,veterinary,veterinary,
BoilerJuice,BoilerJuice,-121.9,credit,plaid,RENT_AND_UTILITIES_OTHER_UTILITIES,new,,heating_oil,heating_oil,refund_received,Credit from BoilerJuice is most consistent with a heating-oil order refund.
Ecuadorian Crafts,Ecuadorian Crafts,18,debit,plaid,GENERAL_MERCHANDISE_OTHER_GENERAL_MERCHANDISE,new,,arts_crafts,arts_crafts,arts_crafts,
Barclaycard,MISS MAXINE CASSID  XXXXXXXXXXXX8001 BBP Barclaycard,9,debit,plaid,LOAN_PAYMENTS_CREDIT_CARD_PAYMENT,new,,credit_card_repayment,credit_card_repayment,credit_card_repayment,
Vodafone,Vodafone pot transfer,-30,credit,plaid,TRANSFER_IN_SAVINGS,new,,mobile_phone_contract,savings_transfer,savings_transfer,Narrative explicitly says pot transfer.
D Coles,D COLES 309997 47694360,40,debit,plaid,GENERAL_MERCHANDISE_SUPERSTORES,new,,discount_store,unclassified_other,transfer_p2p,Narrative contains sort code/account number and an individual name.
Farmer Autocare Musselbu,FARMER AUTOCARE MU,191.95,debit,plaid,TRAVEL_AND_TRANSPORTATION_AUTOMOTIVE,new,,vehicle_servicing,vehicle_maintenance,vehicle_maintenance,Garage payment lacks enough detail to distinguish servicing from other maintenance.
Frontrow Entertainment Nicosia,FRONTROW ENTERTAINMENT Frontrow Entertainment Nicosia,11.1,debit,plaid,ENTERTAINMENT_EVENTS_AND_TICKETS,new,,entertainment_other,gambling_unspecified,pub_bar,Frontrow Entertainment operates a Nicosia bar/restaurant business; gambling evidence is absent.
Nest Client,Returned direct debit NEST CLIENT ACCOUN 070806 30658407,-74,credit,plaid,GENERAL_SERVICES_RELIGIOUS_SERVICES,new,,pension_contribution,pension_contribution,returned_payment,Narrative explicitly says Returned direct debit.
YouLend,To Youlend - 6SMED87,18.51,debit,plaid,LOAN_PAYMENTS_CASH_ADVANCES,new,,personal_loan_repayment,business_loan_repayment,business_loan_repayment,YouLend provides merchant/business finance.
Madison F Kenndy Loan,MADISON F KENNDY  LOAN FT,0.05,debit,plaid,LOAN_PAYMENTS_PERSONAL_LOAN_PAYMENT,new,,loan_repayment_manual,loan_repayment_manual,loan_repayment_manual,
Tina Clark,Payment to TINA CLARK 040003 50901980,24,debit,plaid,DINING_WINE_BARS_AND_PUBS,new,,unclassified_other,transfer_p2p,transfer_p2p,Bank payment to a named individual.
Nintendo,Nintendo,3.49,debit,plaid,ENTERTAINMENT_MUSIC_VIDEO_GAMES_TV_AND_MOVIES,new,,gaming_console_pc,gaming_console_pc,gaming_console_pc,
J&f Consulting LTD,United Kingdom Account - Tn - Frank T J&F Consulting Ltd - SortCodeAccountNumber: 60837141492497,3562.5,debit,plaid,GENERAL_SERVICES_CONSULTING_AND_LEGAL_SERVICES,new,,business_services,legal_services,business_services,J&F Consulting is identifiable as consultancy; no evidence indicates legal work.
Tickets.gwr,tickets.gwr.com,12,debit,plaid,ENTERTAINMENT_EVENTS_AND_TICKETS,new,,sports_tickets,public_transport_rail_coach,public_transport_rail_coach,tickets.gwr is a Great Western Railway ticket purchase.
Council Tax,REVERSAL OF 28-07 COUNCIL TAX,-15,credit,plaid,TAX_REFUND_TAX_REFUND,new,,council_tax,council_tax,returned_payment,Narrative explicitly says REVERSAL of council-tax payment.
Pretty Little Thing,Pretty Little Thing,17.5,debit,plaid,GENERAL_MERCHANDISE_APPAREL_AND_ACCESSORIES,new,,clothing_general,clothing_womens,clothing_womens,PrettyLittleThing is a women's fashion retailer.
British Heart Founlondon,BRITISH HEART FOUNLONDON,5.5,debit,plaid,GENERAL_MERCHANDISE_APPAREL_AND_ACCESSORIES,new,,charity_shop,charity_shop,charity_shop,
Five Bites,Five bites,11.99,debit,plaid,FOOD_RETAIL_OTHER,new,,takeaway,restaurant_cafe,takeaway,Five Bites appears to be a food takeaway; the narrative does not indicate table service.
Mnv Trade LTD,Mnv Trade LTD,20,debit,plaid,TRANSFER_OUT_INVESTMENT_AND_RETIREMENT_FUNDS,new,,unclassified_other,unclassified_other,unclassified_other,Merchant could not be resolved confidently; investment native category is insufficient to distinguish the transaction.
Durham County Council,01      330548961X Durham County Council,227,debit,plaid,GOVERNMENTS_AND_NON_PROFIT_GOVERNMENTS_AND_NON_PROFIT,new,,council_tax,council_tax,council_tax,
United Kingdom,United Kingdom Account - Kerry Higson Kelly Heath - SortCodeAccountNumber: 60021380944213,8,debit,plaid,GENERAL_SERVICES_RELIGIOUS_SERVICES,new,,unclassified_other,transfer_p2p,transfer_p2p,Narrative contains named individuals and bank details.
Audleys Wood,Audleys Wood Hotel ,5.5,debit,plaid,TRAVEL_AND_TRANSPORTATION_LODGING,new,,accommodation,accommodation,accommodation,
D R Mills Car Insurance,D R MILLS         CAR INSURANCE,53,debit,plaid,INSURANCE_AND_TAX_INSURANCE,new,,insurance_motor,insurance_motor,insurance_motor,
Bermuda Club,Bermuda Club,6,debit,plaid,TRAVEL_AND_TRANSPORTATION_LODGING,new,,unclassified_other,unclassified_other,private_members_club,The Bermuda Club is a social/leisure club; the small payment is club spend rather than lodging.
U.S. Post Office,POST OFFICE 105 HIGH STREET 10SEP 08.16 ATM,-10,credit,plaid,TRANSFER_IN_CHECKS_AND_ATM,new,,cash_withdrawal,cash_withdrawal,cash_deposit,
Revolut,BENJAMIN JENKS    SENT FROM REVOLUT FP 28/06/25 1740  REV511288021827622,-132,credit,plaid,TRANSFER_IN_OTHER,new,,transfer_p2p,transfer_p2p,transfer_p2p,Credit at a Post Office ATM. cash_withdrawal is money out; this is cash_deposit.
Screwfix,SCREWFIX DIR LTD,7.39,debit,plaid,GENERAL_MERCHANDISE_FURNITURE_AND_HARDWARE,new,,tools,tools,tools,
Uber Eats,UBER * EATS PENDIN  ON 05 SEP CPM UBER   * EATS PENDING,25.65,debit,plaid,DINING_DINING,new,,takeaway,takeaway,takeaway,
Monzo,MONZO             Overdraft,190.46,debit,plaid,BANK_PENALTIES_CASH_ADVANCE_AND_OVERDRAFT_FEES,new,,overdraft_arranged,overdraft_arranged,overdraft_arranged,
James Paget Hospital,JAMES PAGET HOSPIT  ON 08 AUG CPM JAMES PAGET HOSPITAL,3,debit,plaid,MEDICAL_PRIMARY_CARE,new,,hospital,hospital,hospital,
Hmrc,HMRC TAX CREDIT RE  3741232887K STO,77,debit,plaid,INSURANCE_AND_TAX_TAX_PAYMENT,new,,tax_payment,tax_payment,tax_payment,
The Oaks Hotel,The Oaks Hotel,5.7,debit,plaid,TRAVEL_AND_TRANSPORTATION_LODGING,new,,accommodation,accommodation,accommodation,
Animal Health Care,ANIMAL HEALTH CARE,18.99,debit,plaid,PET_CARE_AND_SUPPLIES_VETERINARY_SERVICES,new,,veterinary,veterinary,veterinary,
Patricia Robinson,United Kingdom Account - Rent Patricia Robinson - SortCodeAccountNumber: 77010427581568,50,debit,plaid,RENT_AND_UTILITIES_RENT,new,,rent,rent,rent,
Milan Kroscen,Payment to MILAN KROSCEN 040003 71151836,0.45,debit,plaid,LOAN_PAYMENTS_PERSONAL_LOAN_PAYMENT,new,,unclassified_other,unclassified_other,transfer_p2p,Payment to a named individual.
British Gas,BRITISH GAS,10,debit,plaid,RENT_AND_UTILITIES_GAS_AND_ELECTRICITY,new,,energy,energy,energy,
Bet365,BET365  ON 12 AUG BCC bet365,7,debit,plaid,ENTERTAINMENT_CASINOS_AND_GAMBLING,new,,gambling_betting,gambling_betting,gambling_betting,
YouLend,YOULEND  PWBX2RV DDR,12,debit,plaid,LOAN_PAYMENTS_CASH_ADVANCES,new,,payday_loan,business_loan_repayment,business_loan_repayment,YouLend provides merchant/business finance.
Prime Video Rent Buy,Prime Video Rent /,3.49,debit,plaid,RENT_AND_UTILITIES_RENT,new,,streaming,streaming,streaming,
Savers Health & Be,SAVERS HEALTH & BE  ON 17 JUL CPM,15.04,debit,plaid,MEDICAL_PHARMACIES_AND_SUPPLEMENTS,new,,pharmacy,pharmacy,health_beauty_general,"Savers is AS Watson discount health-and-beauty, not a pharmacy-led chemist. pharmacy is Boots/Superdrug."
Matthew Gay,MATTHEW GAY 300000001615235413,1800,debit,plaid,DINING_WINE_BARS_AND_PUBS,new,,unclassified_other,unclassified_other,transfer_p2p,Payment to a named individual; native pub category is unsupported.
U.S. Post Office,LNK POST OFFICE,20,debit,plaid,TRANSFER_OUT_CHECKS_AND_ATM,new,,cash_withdrawal,cash_withdrawal,cash_withdrawal,
Revolut,Revolut**9566*  ON 16 AUG BCC REVOLUT**9566*,50,debit,plaid,TRANSFER_OUT_TRANSFER_OUT_FROM_APPS,new,,transfer_own_account,transfer_own_account,transfer_own_account,
Monzo,Monzo Plus cashback,-0.37,credit,plaid,LOAN_DISBURSEMENTS_CASH_ADVANCES,new,,cashback,cashback,cashback,
TV LICENSING,TV LICENCE MBP 2769698723,15,debit,plaid,ENTERTAINMENT_OTHER_ENTERTAINMENT,new,,tv_licence,tv_licence,tv_licence,
Zilch,Zilch,-2.15,credit,plaid,LOAN_DISBURSEMENTS_OTHER,new,,bnpl,bnpl,bnpl,
Sports Direct,Sports Direct,78,debit,plaid,GENERAL_MERCHANDISE_SPORTING_GOODS,new,,sportswear,sportswear,sportswear,
Bizlend LTD,BIZLEND LTD GBP AC BIZLEND3421,214.92,debit,plaid,LOAN_PAYMENTS_CASH_ADVANCES,new,,personal_loan_repayment,business_loan_repayment,business_loan_repayment,Bizlend is a business lender.
Lavazza,CARD PAYMENT TO LAVAZZA PROFESSIONAL U ON 15-08-2025,1.4,debit,plaid,DINING_COFFEE,new,,confectionary,confectionary,restaurant_cafe,
Rcn,RCN  0000238960-0040725 DDR,16.4,debit,plaid,RENT_AND_UTILITIES_INTERNET_AND_CABLE,new,,trade_union,broadband_tv_phone,trade_union,RCN is the Royal College of Nursing professional body and trade union.
Coinbase,"COINBASE   03AUG25 RTL-P2QLCXML 6a5f877d6e664bc2a8 RTL-P2QLCXML,6a5f877d6e664bc2a8",-135.88,credit,plaid,TRANSFER_IN_INVESTMENT_AND_RETIREMENT_FUNDS,new,,crypto,crypto,crypto,
Ck Sempol Padel,CK SEMPOL PADEL INDONESIA AMOUNT IN IDR 21500.00 ON 11 AUG VISA 21870.830873 FINAL GBP AMOUNT INCLUDES NON-STERLING TRANS FEE £0.03 ,1.01,debit,plaid,TRANSFER_OUT_CHECKING,new,,sports_participation,sports_participation,sports_participation,
Finmo Tax,Finmo Tax,20,debit,plaid,INSURANCE_AND_TAX_TAX_PAYMENT,new,,tax_payment,tax_payment,accountancy,
Zilch,ZILCH * MORECO  ON 30 JUL BCC ZILCH *      MORECO,-23.34,credit,plaid,LOAN_DISBURSEMENTS_STUDENT,new,,bnpl,bnpl,refund_received,Credit from Zilch naming an underlying merchant is most consistent with a BNPL purchase refund.
Zilch,202923 33570819  ZILCH MAMA PAYMENT FT,-342.12,credit,plaid,INCOME_GOVERNMENT_INCOME,new,,bnpl,bnpl,refund_received,Large Zilch credit is most consistent with returned purchase funds; exact underlying item is unclear.
Revolut,LAURENTA DUMITRU  SENT FROM REVOLUT FP 05/09/25 1811  REV570922845871298,-5,credit,plaid,TRANSFER_IN_OTHER,new,,transfer_own_account,transfer_p2p,transfer_p2p,Incoming Revolut transfer from a named person.
Ideal Flooring,IDEAL FLOORING 600000001614644226,70,debit,plaid,GENERAL_SERVICES_HOME_IMPROVEMENT_SERVICES,new,,home_improvement,home_improvement,home_improvement,
Decorum Vending,DECORUM VENDING PAYTER Decorum Vending Payter,1.5,debit,plaid,FOOD_RETAIL_OTHER,new,,confectionary,convenience_store,confectionary,Small vending-machine purchase; no evidence the item was specifically confectionery.
Spotify,Spotify pot transfer,-11.99,credit,plaid,TRANSFER_IN_SAVINGS,new,,streaming,savings_transfer,savings_transfer,Narrative explicitly says Spotify pot transfer; merchant label is misleading.
J Nainu,J NAINU 100000001632000301,35,debit,plaid,TRANSFER_OUT_INVESTMENT_AND_RETIREMENT_FUNDS,new,,unclassified_other,unclassified_other,transfer_p2p,Payment to a named individual.
Taxirahman,Contactless Payment RAHMAN TRA* TAXIRAHMAN,8.6,debit,plaid,INSURANCE_AND_TAX_TAX_PAYMENT,new,,taxi_rideshare,taxi_rideshare,taxi_rideshare,
Asda,8254 09JUL25 CD   ASDA SUPERSTORE   HARTLEPOOL GB,6.75,debit,plaid,FOOD_RETAIL_GROCERIES,new,,groceries,groceries,groceries,
Nintendo,Nintendo CA1444091,3.99,debit,plaid,ENTERTAINMENT_MUSIC_VIDEO_GAMES_TV_AND_MOVIES,new,,gaming_console_pc,gaming_console_pc,gaming_console_pc,
CeX,CEX CeX,82,debit,plaid,GENERAL_MERCHANDISE_COMPUTERS_AND_ELECTRONICS,new,,computing_devices,computing_devices,computing_devices,
AAA Membership,Direct debit AA MEMBERSHIP 200526 33924904,29.97,debit,plaid,TRAVEL_AND_TRANSPORTATION_AUTOMOTIVE,new,,breakdown_cover,breakdown_cover,breakdown_cover,
Espress Organi,Zettle_*ESPRESS ORGANI Espress Organi,2.5,debit,plaid,DINING_COFFEE,new,,restaurant_cafe,restaurant_cafe,restaurant_cafe,
Uber,"UBER BV    22JUN25 XP2471077642899223 XP2471077642899223,",-187.34,credit,plaid,INCOME_OTHER,new,,taxi_rideshare,refund_received,salary_gig,Large Uber credit with income native category is consistent with driver earnings.
Revolut,To Kieran Mcgriele - Sent from Revolut - SortCodeAccountNumber: 82197750565900,1677.98,debit,plaid,TRANSFER_OUT_TRANSFER_OUT_FROM_APPS,new,,transfer_own_account,transfer_p2p,transfer_p2p,Revolut transfer to a named person.
Save The Pennies,SAVE THE PENNIES 778566-00867071,0.6,debit,plaid,TRANSFER_OUT_SAVINGS,new,,savings_transfer,savings_transfer,savings_transfer,
Coalway Convenience Store,COALWAY CONVENIENC,6.73,debit,plaid,GENERAL_MERCHANDISE_CONVENIENCE_STORES,new,,convenience_store,convenience_store,convenience_store,
Dott,Dott,2.61,debit,plaid,TRAVEL_AND_TRANSPORTATION_OTHER_TRAVEL_AND_TRANSPORTATION,new,,bicycle,bicycle,bicycle,
Edf Uk Card Payments,EDF UK CARD PAYMEN,30,debit,plaid,RENT_AND_UTILITIES_GAS_AND_ELECTRICITY,new,,energy,energy,energy,
Aldi,Aldi 24 778,5.48,debit,plaid,FOOD_RETAIL_GROCERIES,new,,groceries,groceries,groceries,
Ls Staycity Aparthotel,Ls Staycity Aparthotel,8.5,debit,plaid,RENT_AND_UTILITIES_RENT,new,,accommodation,accommodation,accommodation,
Hospice In The Weald,Hospice In The Weald -,2,debit,plaid,MEDICAL_OTHER_MEDICAL,new,,charitable_donation,charitable_donation,charitable_donation,
Microsoft,3115 29AUG25      MICROSOFT*M       ARKETPLACE        MSBILL.INFO GB,3.29,debit,plaid,GENERAL_MERCHANDISE_COMPUTERS_AND_ELECTRONICS,new,,software,software,software,
Cs Choicesavings,CS CHOICESAVINGS,4.85,debit,plaid,TRANSFER_OUT_SAVINGS,new,,savings_transfer,savings_transfer,savings_transfer,
Jd Sports,JD Sports,25.4,debit,plaid,GENERAL_MERCHANDISE_SPORTING_GOODS,new,,sportswear,sportswear,sportswear,
Argos,Argos,40.84,debit,plaid,GENERAL_MERCHANDISE_DEPARTMENT_STORES,new,,catalogue_retail,catalogue_retail,catalogue_retail,
Central Bedfordshire Council,CENTRAL BEDS CNCL 01      85965712,204,debit,plaid,GOVERNMENTS_AND_NON_PROFIT_GOVERNMENTS_AND_NON_PROFIT,new,,council_tax,council_tax,council_tax,
Surevend,SUREVEND  ON 14 AUG CPM,1,debit,plaid,FOOD_RETAIL_OTHER,new,,convenience_store,unclassified_other,confectionary,Small vending-machine purchase; product is not specified.
Uber,UBER CD 5238,5.77,debit,plaid,TRAVEL_AND_TRANSPORTATION_TAXIS_AND_RIDE_SHARES,new,,taxi_rideshare,taxi_rideshare,taxi_rideshare,
Monzo,Monzo Plus cashback,-1.65,credit,plaid,LOAN_DISBURSEMENTS_CASH_ADVANCES,new,,cashback,cashback,cashback,
Screwfix,Screwfix Charlie Monti,37,debit,plaid,GENERAL_MERCHANDISE_FURNITURE_AND_HARDWARE,new,,tools,tools,tools,
White Horse Inn,White Horse Inn,7.9,debit,plaid,TRAVEL_AND_TRANSPORTATION_LODGING,new,,pub_bar,pub_bar,pub_bar,
Tiktok,TIKTOK IRELAND ON 09 JUL BCC,1.9,debit,plaid,ENTERTAINMENT_OTHER_ENTERTAINMENT,new,,online_services,online_services,online_services,
Uber,"UBER BV    27JUL25 XP4772099477767551 XP4772099477767551,",-212.26,credit,plaid,INCOME_OTHER,new,,taxi_rideshare,refund_received,salary_gig,Large Uber credit with income native category is consistent with driver earnings.
Apple Store,Apple Store,59.95,debit,plaid,GENERAL_MERCHANDISE_COMPUTERS_AND_ELECTRONICS,new,,software,computing_devices,computing_devices,Apple Store and electronics native category indicate a hardware purchase.
Wowcher,1260 25JUL25  D   WOWCHER           LONDON GB,9.99,debit,plaid,GENERAL_MERCHANDISE_ONLINE_MARKETPLACES,new,,marketplace_general,prize_competitions,marketplace_general,Wowcher is a deals marketplace; no evidence of a prize competition.
Cd Bubble Bar,9571 16AUG25 CD   BUBBLE BAR        MABLETHORPE GB,1.4,debit,plaid,DINING_WINE_BARS_AND_PUBS,new,,pub_bar,pub_bar,pub_bar,
Greene King,Greene King Brewing And Retailing L Greene King B&RNo2,-28.95,credit,plaid,INCOME_SALARY,new,,pub_bar,salary,salary,Credit is identified as salary and Greene King is a plausible employer.
HMRC,"DIRECT DEBIT PAYMENT TO HMRC NDDS REF 108395002736587942, MANDATE NO 0095",2000,debit,plaid,INSURANCE_AND_TAX_TAX_PAYMENT,new,,tax_payment,tax_payment,tax_payment,
Crypto.com,Visa purchase CRYPTO.COM APPLEPAY 2812,25.76,debit,plaid,TRANSFER_OUT_INVESTMENT_AND_RETIREMENT_FUNDS,new,,crypto,crypto,crypto,
Paddy Power,PADDY POWER  ON 03 JUL BCC Paddy Power,9.92,debit,plaid,ENTERTAINMENT_CASINOS_AND_GAMBLING,new,,gambling_betting,gambling_betting,gambling_betting,
Poundbakery,Poundbakery - Rhyl,3,debit,plaid,DINING_OTHER_DINING,new,,takeaway,restaurant_cafe,takeaway,Poundbakery is primarily counter-service bakery food.
Queens,CARD PAYMENT TO QUEENS PHARMACY ON 30-07-2025,1.99,debit,plaid,MEDICAL_PHARMACIES_AND_SUPPLEMENTS,new,,pharmacy,pharmacy,pharmacy,
Fanatics-intl,FANATICS-INTL,10.2,debit,plaid,GENERAL_MERCHANDISE_SPORTING_GOODS,new,,sports_equipment,sportswear,sportswear,Fanatics mainly sells sports apparel and fan clothing rather than participation equipment.
Uber,PENDING UBR* PENDING.UBER.COM,8.91,debit,plaid,TRAVEL_AND_TRANSPORTATION_TAXIS_AND_RIDE_SHARES,new,,taxi_rideshare,taxi_rideshare,taxi_rideshare,
Save The Pennies,SAVE THE PENNIES 877034-85519260,1.3,debit,plaid,TRANSFER_OUT_SAVINGS,new,,savings_transfer,savings_transfer,savings_transfer,
Klarna,KLARNA  6FW9XZ7-SIMBASLEEP UNP,-64.59,credit,plaid,LOAN_DISBURSEMENTS_BNPL_AND_EWA,new,,bnpl,bnpl,returned_payment,UNP marker on a Klarna credit indicates an unpresented/returned payment.
Hpi Instant Ink Uk,HPI INSTANT INK UK,4.49,debit,plaid,GOVERNMENTS_AND_NON_PROFIT_OTHER_GOVERNMENTS_AND_NON_PROFIT,new,,software,printing_supplies,printing_supplies,HP Instant Ink is an ink-supply subscription.
Bp Branchton Convenience,BP BRANCHTON CONVE,34.66,debit,plaid,TRAVEL_AND_TRANSPORTATION_OTHER_TRAVEL_AND_TRANSPORTATION,new,,fuel,fuel,fuel,
Revolut,Katrina Keylock  Sent from Revolut BGC,-10,credit,plaid,TRANSFER_IN_TRANSFER_IN_FROM_APPS,new,,transfer_mobile_app,transfer_p2p,transfer_p2p,Incoming Revolut transfer from a named person.
Deli Carlo,Deli carlo,6.9,debit,plaid,DINING_OTHER_DINING,new,,restaurant_cafe,restaurant_cafe,restaurant_cafe,
Monterey Peninsula Business Services,000IZU001 Peninsula Business Services ,273.88,debit,plaid,LOAN_PAYMENTS_MORTGAGE_AND_AUTO,new,,business_services,business_services,business_services,
St George's School Sho,"ST GEORGE'S SCHOOL SHO (VIA APPLE PAY), ON 03-10-2025",1,debit,plaid,CHILDCARE_AND_EDUCATION_CHILDCARE_AND_EDUCATION,new,,clothing_childrens,school_fees,school_fees,"Payment is to a school shop; the exact item is not shown, so school_fees is the closest education leaf."
National Health Service,NHSBSA PPC 2 DD14695314,11.45,debit,plaid,MEDICAL_OTHER_MEDICAL,new,,hospital,pharmacy,pharmacy,NHSBSA PPC is a prescription prepayment certificate.
Terry Monthly,"MOB, Stephen Terry, Monthly Board",387.26,debit,plaid,LOAN_PAYMENTS_PERSONAL_LOAN_PAYMENT,new,,personal_loan_repayment,unclassified_other,rent,"Narrative says monthly board, indicating housing/board rather than a loan."
Argos,WWW.ARGOS.CO.UK  ON 04 SEP BCC,25.5,debit,plaid,GENERAL_MERCHANDISE_DEPARTMENT_STORES,new,,catalogue_retail,catalogue_retail,catalogue_retail,
Issmedicleanltd,NYX*ISSMedicleanLt,1.3,debit,plaid,PERSONAL_CARE_OTHER_PERSONAL_CARE,new,,cleaning_services,cleaning_services,restaurant_cafe,
One Stop,ONE STOP STORES,24.55,debit,plaid,GENERAL_MERCHANDISE_CONVENIENCE_STORES,new,,convenience_store,convenience_store,convenience_store,
The Mortgage Lende,Returned direct debit THE MORTGAGE LENDE 070246 46502771,-676.02,credit,plaid,LOAN_DISBURSEMENTS_MORTGAGE_AND_AUTO,new,,mortgage,mortgage,returned_payment,Narrative explicitly says Returned direct debit.
DHA,DHA MAIN SAVING  DH DIVIDENDS STO,5000,debit,plaid,INTEREST_PAYMENTS_INTEREST_CHARGED,new,,dividend_received,savings_transfer,savings_transfer,Narrative identifies a main savings transfer; debit direction rules out dividend income.
Just For Pets,Contactless Payment JUST FOR PETS APPLEPAY 6404,40.73,debit,plaid,PET_CARE_AND_SUPPLIES_PET_SUPPLIES,new,,pet_supplies,pet_supplies,pet_supplies,
Clearpay,Clearpay,24.3,debit,plaid,LOAN_PAYMENTS_BNPL_AND_EWA,new,,bnpl,bnpl,bnpl,
Zopa,Zopa C34939505,40,debit,plaid,LOAN_PAYMENTS_PERSONAL_LOAN_PAYMENT,new,,personal_loan_repayment,personal_loan_repayment,personal_loan_repayment,
Revolut,To Emma Louise Barraclough - Sent from Revolut - SortCodeAccountNumber: 11116610927565,50,debit,plaid,TRANSFER_OUT_TRANSFER_OUT_FROM_APPS,new,,transfer_own_account,transfer_p2p,transfer_p2p,Revolut transfer to a named person.
Specsavers,SPECSAVERS,75,debit,plaid,MEDICAL_DENTAL_AND_VISION,new,,optician,optician,optician,
TK Maxx,TK MAXX TK Maxx,9.98,debit,plaid,GENERAL_MERCHANDISE_APPAREL_AND_ACCESSORIES,new,,department_store,clothing_general,department_store,TK Maxx is an off-price department store.
Corn Street Dental,CORN STREET DENTAL,49,debit,plaid,MEDICAL_DENTAL_AND_VISION,new,,dentist,dentist,dentist,
Save The Pennies,SAVE THE PENNIES 779111-00114207,2.84,debit,plaid,TRANSFER_OUT_SAVINGS,new,,savings_transfer,savings_transfer,savings_transfer,
Bavaria Motors,Bavaria motors LtdMA15 YYZ,694.76,debit,plaid,TRAVEL_AND_TRANSPORTATION_AUTOMOTIVE,new,,vehicle_servicing,vehicle_maintenance,vehicle_maintenance,Motor-business payment lacks enough detail to distinguish servicing from other maintenance.
Nga T Nguyen Nails,NGA T NGUYEN  NAILS FT,30,debit,plaid,PERSONAL_CARE_HAIR_AND_BEAUTY,new,,beauty_treatment,beauty_treatment,beauty_treatment,
Zilch,Visa credit ZILCH asos.com,-9.03,credit,plaid,LOAN_DISBURSEMENTS_CASH_ADVANCES,new,,bnpl,bnpl,refund_received,Visa credit from Zilch identifies an ASOS purchase refund.
Kaiser Investm,PPOINT_*KAISER INVESTM CD 1808,28.99,debit,plaid,TRANSFER_OUT_INVESTMENT_AND_RETIREMENT_FUNDS,new,,investment_trading,unclassified_other,investment_general,"Merchant and native category indicate investment, but not specifically trading."
Target Stores,PPOINT_*TARGET STO,9.98,debit,plaid,GENERAL_MERCHANDISE_SUPERSTORES,new,,retail_other,department_store,department_store,Target is a broad big-box/department-store retailer.
Cd Abbey Mini Market,5507 13JUL25 CD   ABBEY MINI MARKET BARKING GB,2.05,debit,plaid,GENERAL_MERCHANDISE_CONVENIENCE_STORES,new,,convenience_store,convenience_store,convenience_store,
YouLend,YOULEND  PWBX2RV DDR,12,debit,plaid,LOAN_PAYMENTS_CASH_ADVANCES,new,,personal_loan_repayment,business_loan_repayment,business_loan_repayment,YouLend provides merchant/business finance.
Cash Machine,ROYAL BK OF SCOTLAND Cash Machine,170,debit,plaid,TRANSFER_OUT_CHECKS_AND_ATM,new,,cash_withdrawal,cash_withdrawal,cash_withdrawal,
Pound Saver,Pound Saver,1.69,debit,plaid,GENERAL_MERCHANDISE_DISCOUNT_STORES,new,,discount_store,discount_store,discount_store,
Catering And Beverage Supplies,Catering And Beverage Supplies / ref: Inv 27834,198,debit,plaid,DINING_OTHER_DINING,new,,catering,catering,catering,
Zilch,Refund from Zilch Carryduff Auto Part,-67.11,credit,plaid,LOAN_DISBURSEMENTS_MORTGAGE_AND_AUTO,new,,bnpl,bnpl,refund_received,Narrative explicitly says Refund from Zilch.
Salvation Army Trading,The Salvation Army 977 Salvation Army Trading,31.5,debit,plaid,GENERAL_MERCHANDISE_DISCOUNT_STORES,new,,charity_shop,charity_shop,charity_shop,
Times Newspapers LTD,Times Newspapers Ltd,3.99,debit,plaid,GENERAL_MERCHANDISE_OTHER_GENERAL_MERCHANDISE,new,,newspapers,newspapers,newspapers,
Monzo,Monzo Plus cashback,-3,credit,plaid,LOAN_DISBURSEMENTS_CASH_ADVANCES,new,,cashback,cashback,cashback,
Brivio, Brivio,94.01,debit,plaid,GENERAL_SERVICES_ACCOUNTING_AND_FINANCIAL_SERVICES,new,,unclassified_other,unclassified_other,unclassified_other,Brivio name maps to several unrelated businesses; no exact merchant match was reliable.
Degrees Coffeesh,2455 28SEP25 C    200 DEGREES COFFEESH                ALFRETON GB,4,debit,plaid,DINING_COFFEE,new,,restaurant_cafe,restaurant_cafe,restaurant_cafe,
My Sticravenme,1042 25JUN25      ETSY.COM*MY       STICRAVENME       LONDON GB,1.99,debit,plaid,GENERAL_MERCHANDISE_APPAREL_AND_ACCESSORIES,new,,marketplace_general,marketplace_general,marketplace_general,
U.S. Post Office,POST OFFICE COUNTEWILLENHALL,6.3,debit,plaid,GENERAL_SERVICES_OTHER_SERVICES,new,,delivery_courier,government_services,delivery_courier,Post Office counter purchase is most consistent with postal/delivery services.
Octopus Energy,OCTOPUS ENERGY SER  OES OHME PAY 1908 BGC,-37.2,credit,plaid,RENT_AND_UTILITIES_OTHER_UTILITIES,new,,energy,energy,refund_received,Credit from Octopus Energy is most consistent with a refund or account credit.
Open All Hours Cd,OPEN ALL HOURS CD 7396,11.48,debit,plaid,GENERAL_SERVICES_OTHER_SERVICES,new,,unclassified_other,convenience_store,convenience_store,Open All Hours is a convenience-store merchant.
Klarna,Klarna*18KLARNA4  ON 18 AUG BCC KLARNA*18KLARNA4,-28.16,credit,plaid,LOAN_DISBURSEMENTS_BNPL_AND_EWA,new,,bnpl,bnpl,refund_received,Klarna credit is most consistent with a BNPL purchase refund.
Cofee Marrakech,COFEE MARRAKECH  ON 20 AUG CPM,10,debit,plaid,BANK_FEES_ATM,new,,restaurant_cafe,restaurant_cafe,restaurant_cafe,
Origin Communicati,ORIGIN COMMUNICATI OCLTDOR-4257,8.84,debit,plaid,RENT_AND_UTILITIES_INTERNET_AND_CABLE,new,,broadband_tv_phone,broadband_tv_phone,broadband_tv_phone,
Lvl-london Vet Special, Lvl-London Vet Special,500,debit,plaid,PET_CARE_AND_SUPPLIES_VETERINARY_SERVICES,new,,veterinary,veterinary,veterinary,
Animal Health Care Cj,ANIMAL HEALTH CARE  CJ001503389 DDR,15.99,debit,plaid,PET_CARE_AND_SUPPLIES_VETERINARY_SERVICES,new,,veterinary,veterinary,veterinary,
Cheque Via Bmb Rem,TAX REFUND  CHEQUE VIA BMB REM,-32.48,credit,plaid,TAX_REFUND_TAX_REFUND,new,,tax_refund,tax_refund,tax_refund,
Mr Kian Morgan,MR KIAN MORGAN 100000001615647739,25,debit,plaid,MEDICAL_PHARMACIES_AND_SUPPLEMENTS,new,,unclassified_other,unclassified_other,transfer_p2p,Payment to a named individual.
Bjs Of Ringwood,Bjs Of Ringwood,7.7,debit,plaid,GENERAL_MERCHANDISE_SUPERSTORES,new,,unclassified_other,unclassified_other,unclassified_other,BJS of Ringwood could not be resolved confidently from the descriptor.
Vapehouseuk,8037 25SEP25      PIX*VAPEHOUSEUK   LONDON GB,12.44,debit,plaid,GENERAL_MERCHANDISE_OTHER_GENERAL_MERCHANDISE,new,,vaping,vaping,vaping,
Zilch,ZILCH JD Sports Fa,-25,credit,plaid,LOAN_DISBURSEMENTS_OTHER,new,,bnpl,bnpl,refund_received,Zilch credit naming JD Sports is most consistent with a purchase refund.
Tv Licensing Spp,TV LICENSING SPP  ON 05 SEP BCC,6.98,debit,plaid,ENTERTAINMENT_OTHER_ENTERTAINMENT,new,,tv_licence,tv_licence,tv_licence,
Jaffa,Zettle_*JAFFA CORNLondon,15.15,debit,plaid,DINING_OTHER_DINING,new,,restaurant_cafe,restaurant_cafe,restaurant_cafe,
Hybridworld LTD,HYBRIDWORLD LTD  I10 AIRBAG FT,425,debit,plaid,TRAVEL_AND_TRANSPORTATION_FLIGHTS,new,,unclassified_other,unclassified_other,spares_repairs,Narrative explicitly identifies an i10 airbag purchase/repair.
Costa,COSTA - HAYLE,12.45,debit,plaid,DINING_COFFEE,new,,restaurant_cafe,restaurant_cafe,restaurant_cafe,
HP,HPI INSTANT INK UK,4.49,debit,plaid,GOVERNMENTS_AND_NON_PROFIT_OTHER_GOVERNMENTS_AND_NON_PROFIT,new,,software,office_supplies,printing_supplies,HP Instant Ink is an ink-supply subscription.
British Gas,British Gas,473.57,debit,plaid,RENT_AND_UTILITIES_GAS_AND_ELECTRICITY,new,,energy,energy,energy,
AliExpress,ALIEXPRESS.COM,37.19,debit,plaid,GENERAL_MERCHANDISE_ONLINE_MARKETPLACES,new,,marketplace_general,marketplace_general,marketplace_general,
Anthony Pestano,ANTHONY PESTANO 200000001618311277,10,debit,plaid,GENERAL_SERVICES_HOME_IMPROVEMENT_SERVICES,new,,unclassified_other,unclassified_other,transfer_p2p,Payment to a named individual.
HPI,HPI INSTANT INK UK CD 7891,4.49,debit,plaid,GOVERNMENTS_AND_NON_PROFIT_OTHER_GOVERNMENTS_AND_NON_PROFIT,new,,software,office_supplies,printing_supplies,HP Instant Ink is an ink-supply subscription.
Tiktok,TIKTOK SHOP SELLER,22.99,debit,plaid,ENTERTAINMENT_OTHER_ENTERTAINMENT,new,,online_services,marketplace_general,marketplace_general,Narrative explicitly identifies a TikTok Shop purchase.
Le-Vel,Level,8.2,debit,plaid,PERSONAL_CARE_OTHER_PERSONAL_CARE,new,,supplements,supplements,supplements,
Overdales Initial,OVERDALES         INITIAL PAYMENT,25,debit,plaid,LOAN_PAYMENTS_OTHER,new,,catalogue_retail,debt_collection,debt_collection,Overdales is a debt-recovery law firm.
Sky,Direct debit SKY DIGITAL 830608 10567095,218.47,debit,plaid,RENT_AND_UTILITIES_TELECOMMUNICATIONS,new,,broadband_tv_phone,broadband_tv_phone,broadband_tv_phone,
Beautiful Brows,Beautiful Brows,121,debit,plaid,PERSONAL_CARE_HAIR_AND_BEAUTY,new,,beauty_treatment,beauty_treatment,beauty_treatment,
Last Post,LAST POST,7.98,debit,plaid,GENERAL_SERVICES_OTHER_SERVICES,new,,unclassified_other,delivery_courier,pub_bar,The Last Post is a pub name and the small amount is consistent with bar spend; descriptor is otherwise ambiguous.
Kamsons Pharmacy,Contactless Payment KAMSONS PHARMACY APPLEPAY 4638,9.9,debit,plaid,MEDICAL_PHARMACIES_AND_SUPPLEMENTS,new,,pharmacy,pharmacy,pharmacy,
YouLend,"BILL PAYMENT VIA FASTER PAYMENT TO YOULEND LIMITED REFERENCE 60254289 COLLINS , MANDATE NO 22",20,debit,plaid,LOAN_PAYMENTS_CASH_ADVANCES,new,,personal_loan_repayment,business_loan_repayment,business_loan_repayment,YouLend provides merchant/business finance.
Royals Off Licence & Conv,Royals Off Licence & Conv,4.19,debit,plaid,FOOD_RETAIL_LIQUOR_STORES,new,,alcohol_beer_spirits,alcohol_beer_spirits,alcohol_beer_spirits,
Vitas Vending Machines Lt,VITAS VENDING MACH,0.4,debit,plaid,FOOD_RETAIL_OTHER,new,,confectionary,convenience_store,confectionary,Small vending-machine purchase; product is not specified.
Selecta Sas,SELECTA SAS,2.16,debit,plaid,BANK_FEES_FOREIGN_TRANSACTION_FEES,new,,confectionary,confectionary,confectionary,
WLC,WLC COUNCIL TAX,176,debit,plaid,INSURANCE_AND_TAX_TAX_PAYMENT,new,,council_tax,council_tax,council_tax,
Rbwm,Returned direct debit RBWM COUNCIL TAX 070806 01052737,-135,credit,plaid,TAX_REFUND_TAX_REFUND,new,,council_tax,council_tax,returned_payment,Narrative explicitly says Returned direct debit.
Kadima Career,"KADIMA CAREER XLR8R - 631 3rd Street, BROOKLYN",184.98,debit,plaid,CHILDCARE_AND_EDUCATION_CHILDCARE_AND_EDUCATION,new,,career_services,career_services,career_services,
Adz Lawro,ADZ LAWRO,5,debit,plaid,GENERAL_SERVICES_CONSULTING_AND_LEGAL_SERVICES,new,,unclassified_other,unclassified_other,unclassified_other,Merchant descriptor is too abbreviated to classify reliably.
Disney,Disney+,8.99,debit,plaid,ENTERTAINMENT_MUSIC_VIDEO_GAMES_TV_AND_MOVIES,new,,streaming,streaming,streaming,
Gurujee's Limited,GURUJEE'S LIMITED  ON 14 AUG CLP,0.99,debit,plaid,GENERAL_MERCHANDISE_FURNITURE_AND_HARDWARE,new,,unclassified_other,unclassified_other,unclassified_other,Gurujee's Limited could not be tied confidently to a specific product or service from this narrative.
Betano.co.uk,BETANO.CO.UK,40,debit,plaid,TRANSFER_OUT_OTHER,new,,gambling_betting,gambling_betting,gambling_betting,
Google Storage,Google Storage,7.99,debit,plaid,GENERAL_SERVICES_OTHER_SERVICES,new,,web_services,web_services,web_services,
William Hill,WILLIAMHILL*INTERNET      VISAXR CD6585 2025-06-06,-150,credit,plaid,ENTERTAINMENT_CASINOS_AND_GAMBLING,new,,gambling_betting,gambling_betting,gambling_betting,
Euro Plus,Euro Plus,8.49,debit,plaid,TRAVEL_AND_TRANSPORTATION_OTHER_TRAVEL_AND_TRANSPORTATION,new,,unclassified_other,foreign_currency,unclassified_card_spend,Euro Plus and travel native category indicate a currency-related travel transaction; evidence is limited.
Smarty Co Uk,SMARTY CO UK,12,debit,plaid,GENERAL_SERVICES_OTHER_SERVICES,new,,mobile_phone_contract,mobile_phone_contract,mobile_phone_contract,
Dew Drop Inn,SQ *DEW DROP INN CD 5250,14,debit,plaid,DINING_COFFEE,new,,pub_bar,pub_bar,pub_bar,
Louise,United Kingdom Account - From M Jones Louise  - SortCodeAccountNumber: 11020610517964,20,debit,plaid,GENERAL_SERVICES_RELIGIOUS_SERVICES,new,,transfer_p2p,transfer_p2p,transfer_p2p,
Ck Pantai Pererenan,CK PANTAI PERERENA INDONESIA AMOUNT IN IDR 29500.00 ON 11 AUG VISA 21870.830873 FINAL GBP AMOUNT INCLUDES NON-STERLING TRANS FEE £0.04 CK PANTAI PERERENAN,1.39,debit,plaid,TRANSFER_OUT_CHECKING,new,,foreign_spend_unspecified,foreign_spend_unspecified,foreign_spend_unspecified,
Uber,Visa purchase UBER *TRIP 3603,16.91,debit,plaid,TRAVEL_AND_TRANSPORTATION_TAXIS_AND_RIDE_SHARES,new,,taxi_rideshare,taxi_rideshare,taxi_rideshare,
Gk Estate,GK ESTATE         GK ESTATE         VIA MOBILE - PYMT FP 05/09/25 10    14094043723750000N,1590,debit,plaid,RENT_AND_UTILITIES_RENT,new,,rent,rent,rent,
Mayfair London Ass,MAYFAIR LONDON ASS 100000001608747364 PAYMENT 040605     10 26AUG25 07:57,2770,debit,plaid,RENT_AND_UTILITIES_INTERNET_AND_CABLE,new,,rent,rent,rent,
Samuel Jo,SAMUEL J GILBERT  0000 FT,30,debit,plaid,MEDICAL_PRIMARY_CARE,new,,unclassified_other,unclassified_other,transfer_p2p,Payment to a named individual.
Loqbox,9836 29JUL25  D   LOQBOX            BRISTOL GB        REFUND,-20,credit,plaid,BANK_PENALTIES_CASH_ADVANCE_AND_OVERDRAFT_FEES,new,,savings_transfer,refund_received,refund_received,Narrative explicitly states a LOQBOX refund.
Spencers News,PPOINT_*SPENCERS N  ON 28 SEP CLP PPOINT_*SPENCERS NEWS,6.3,debit,plaid,GENERAL_MERCHANDISE_OTHER_GENERAL_MERCHANDISE,new,,convenience_store,convenience_store,convenience_store,
Vanquis Bank,VANQUIS BANK,31.73,debit,plaid,LOAN_PAYMENTS_PERSONAL_LOAN_PAYMENT,new,,credit_card_repayment,credit_card_repayment,credit_card_repayment,
Lowell Group,00045804555604 Lowell Group,20,debit,plaid,GENERAL_SERVICES_ACCOUNTING_AND_FINANCIAL_SERVICES,new,,debt_collection,debt_collection,debt_collection,
O2,O2  D15743824 DDR,145.41,debit,plaid,RENT_AND_UTILITIES_TELECOMMUNICATIONS,new,,mobile_phone_contract,mobile_phone_contract,mobile_phone_contract,
Cardfactory,WWW.CARDFACTORY.COWWW.CARDFACTO,6.8,debit,plaid,TRANSFER_OUT_OTHER,new,,gifts_flowers,gifts_flowers,gifts_flowers,
Decathlon,Decathlon,35.26,debit,plaid,GENERAL_MERCHANDISE_SPORTING_GOODS,new,,sports_equipment,sports_equipment,sports_equipment,
Betfred Chargeback,BFCB,41,debit,plaid,BANK_FEES_OTHER_BANK_FEES,new,,gambling_betting,gambling_betting,gambling_betting,
ClassPass,ClassPass,-15,credit,plaid,PERSONAL_CARE_GYMS_AND_FITNESS_CENTERS,new,,gym_fitness,gym_fitness,refund_received,ClassPass credit is most consistent with a subscription refund.
Albert,Albert Paun - Withdrawing savings - IBAN: GB88REVO00997000177845,-10,credit,plaid,TRANSFER_IN_SAVINGS,new,,transfer_own_account,savings_transfer,savings_transfer,Narrative explicitly says withdrawing savings.
YouLend,To YouLend Limited,25,debit,plaid,LOAN_PAYMENTS_CASH_ADVANCES,new,,payday_loan,business_loan_repayment,business_loan_repayment,YouLend provides merchant/business finance.
Cd B&m,1203 28OCT25 CD   B&M 049 - ASTLE   PARK              WEST BROMWICH GB,20,debit,plaid,GENERAL_MERCHANDISE_DISCOUNT_STORES,new,,discount_store,discount_store,discount_store,
HP,HPI INSTANT INK UK,2.78,debit,plaid,GOVERNMENTS_AND_NON_PROFIT_OTHER_GOVERNMENTS_AND_NON_PROFIT,new,,software,printing_supplies,printing_supplies,HP Instant Ink is an ink-supply subscription.
British Gas,BRITISH GAS  850062672108010000 DDR,48.06,debit,plaid,RENT_AND_UTILITIES_GAS_AND_ELECTRICITY,new,,energy,energy,energy,
Bandoo,CARD PAYMENT TO BANDOO*CK ON 13-08-2025,40.7,debit,plaid,TRANSFER_OUT_CHECKING,new,,unclassified_other,unclassified_other,health_beauty_general,Bandoo is ionic foot-detox retail; health_beauty_general.
Coinbase,Bank credit Coinbase 2025-10-22,-724.82,credit,plaid,TRANSFER_IN_INVESTMENT_AND_RETIREMENT_FUNDS,new,,crypto,crypto,crypto,
Garry Potter,Garry Potter,10,debit,plaid,TRANSFER_OUT_OTHER,new,,unclassified_other,transfer_p2p,transfer_p2p,Payment to a named individual.
Cd B&m,3277 23SEP25 CD   B&M 553 -         BROMBOROUGH       BROMBOROUGH GB,18.66,debit,plaid,GENERAL_MERCHANDISE_DISCOUNT_STORES,new,,discount_store,discount_store,discount_store,
Scottishpower,SCOTTISHPOWER 16098063416,75.72,debit,plaid,RENT_AND_UTILITIES_GAS_AND_ELECTRICITY,new,,energy,energy,energy,
Total Bounceout,Total Bounceout,4.5,debit,plaid,BANK_PENALTIES_INSUFFICIENT_AND_LATE_FEES,new,,unclassified_other,returned_payment,days_out,Total Bounceout Ltd is an inflatable obstacle-course attraction. Narrative has no returned/unpaid marke
Virgin Media,"DIRECT DEBIT PAYMENT TO VIRGIN MEDIA PYMTS REF 021360805001, MANDATE NO 0019",30.81,debit,plaid,RENT_AND_UTILITIES_INTERNET_AND_CABLE,new,,broadband_tv_phone,broadband_tv_phone,broadband_tv_phone,
Mychildatschool Bromcom,Visa purchase MYCHILDATSCHOOL BROMCOM,30,debit,plaid,CHILDCARE_AND_EDUCATION_CHILDCARE_AND_EDUCATION,new,,school_fees,school_fees,school_fees,
Ref.v,REF.V-2508-24790  Dispute refund,-156.87,credit,plaid,TRANSFER_IN_OTHER,new,,refund_received,refund_received,refund_received,
Capital One,Capital One pot transfer,-11.48,credit,plaid,TRANSFER_IN_SAVINGS,new,,credit_card_repayment,savings_transfer,savings_transfer,Narrative explicitly says pot transfer.
Ovo Energy,WWW.OVOENERGY.COM  ON 20 AUG BCC OVO Energy,5,debit,plaid,RENT_AND_UTILITIES_OTHER_UTILITIES,new,,energy,energy,energy,
Easipay Carpets,EASIPAY CARPETS,17,debit,plaid,PET_CARE_AND_SUPPLIES_PET_SUPPLIES,new,,home_improvement,home_accessories,home_accessories,Easipay Carpets is a flooring/home-furnishing merchant.
Brandedvendingltd,NYX*BrandedVending,1,debit,plaid,FOOD_RETAIL_OTHER,new,,unclassified_other,convenience_store,confectionary,Small vending-machine purchase; product is not specified.
Creation.co.uk,REVERSAL OF 14-07 CREATION.CO.UK,-29.95,credit,plaid,LOAN_DISBURSEMENTS_OTHER,new,,retail_finance_repayment,retail_finance_repayment,returned_payment,Narrative explicitly says REVERSAL.
Odeon,CARD PAYMENT TO ODEON CINEMAS ON 07-09-2025,19.99,debit,plaid,ENTERTAINMENT_MUSIC_VIDEO_GAMES_TV_AND_MOVIES,new,,cinema,cinema,cinema,
Vendmarque Limited,VENDMARQUE LIMITED,1.1,debit,plaid,FOOD_RETAIL_OTHER,new,,unclassified_other,convenience_store,confectionary,Small vending-machine purchase; product is not specified.
Cd Nails,4137 25JUN25 CD   NAILS 4 U         ROWLEY REGIS GB,55,debit,plaid,PERSONAL_CARE_HAIR_AND_BEAUTY,new,,beauty_treatment,beauty_treatment,beauty_treatment,
YouLend,YOULEND  PWBX2RV DDR,12,debit,plaid,LOAN_PAYMENTS_CASH_ADVANCES,new,,personal_loan_repayment,business_loan_repayment,business_loan_repayment,YouLend provides merchant/business finance.
Zilch,4621 14JUL25      ZILCH *           TEMU.COM          LONDON GB         REFUND,-10.69,credit,plaid,LOAN_DISBURSEMENTS_CASH_ADVANCES,new,,bnpl,bnpl,refund_received,Narrative explicitly states REFUND.
Royal Mail,"BANK GIRO CREDIT REF ROYAL MAIL PENSION, CGUKM001340000523/",-262.38,credit,plaid,INCOME_GOVERNMENT_INCOME,new,,pension_received,pension_received,pension_received,
Nikepos Uk,NikePOS_UK  ON 13 SEP CPM NIKEPOS_UK,24.99,debit,plaid,GENERAL_MERCHANDISE_SPORTING_GOODS,new,,sportswear,sportswear,sportswear,
Shell,4588 21JUL25 CD   SHELL OXFORD HOUSETADWORTH GB,10.45,debit,plaid,TRAVEL_AND_TRANSPORTATION_OTHER_TRAVEL_AND_TRANSPORTATION,new,,fuel,fuel,fuel,
Caffe Nero,CAFFE NERO 737 LOU,3.52,debit,plaid,DINING_COFFEE,new,,restaurant_cafe,restaurant_cafe,restaurant_cafe,
Animal Health Care,ANIMAL HEALTH CARE CX001537554,18.99,debit,plaid,PET_CARE_AND_SUPPLIES_VETERINARY_SERVICES,new,,veterinary,veterinary,veterinary,
Argos,Argos  ON 29 AUG BCC ARGOS,39.99,debit,plaid,GENERAL_MERCHANDISE_DEPARTMENT_STORES,new,,catalogue_retail,catalogue_retail,catalogue_retail,
Coinbase,Coinbase,-104.86,credit,plaid,TRANSFER_IN_INVESTMENT_AND_RETIREMENT_FUNDS,new,,crypto,crypto,crypto,
Kings College Hospital,Kings College Hospital,1.15,debit,plaid,MEDICAL_OTHER_MEDICAL,new,,hospital,hospital,hospital,
Moneybox,Payment from Moneybox Pension - MONEYBOX REFUND,-100,credit,plaid,INCOME_GOVERNMENT_INCOME,new,,savings_transfer,pension_contribution,refund_received,Narrative explicitly states MONEYBOX REFUND.
Revolut,KENNEDY MCMANUS SENT FROM REVOLUT REV569194442979527,-4,credit,plaid,TRANSFER_IN_TRANSFER_IN_FROM_APPS,new,,transfer_own_account,transfer_p2p,transfer_p2p,Incoming Revolut transfer from a named person.
Monzo,Monzo Plus cashback,-0.08,credit,plaid,LOAN_DISBURSEMENTS_CASH_ADVANCES,new,,cashback,cashback,cashback,
Zilch,ZILCH INSTALMENT  ON 25 JUL BCC,-2.2,credit,plaid,LOAN_DISBURSEMENTS_STUDENT,new,,bnpl,bnpl,refund_received,Zilch instalment credit is most consistent with an instalment refund.
Zilch,CREDIT FROM ZILCH WWW.AMAZON.UK.CO ON 16-07-2025,-7.49,credit,plaid,LOAN_DISBURSEMENTS_CASH_ADVANCES,new,,bnpl,bnpl,refund_received,Narrative explicitly says CREDIT FROM ZILCH for an Amazon purchase.
Icpa Membership,ICPA MEMBERSHIP,124.8,debit,plaid,GOVERNMENTS_AND_NON_PROFIT_OTHER_GOVERNMENTS_AND_NON_PROFIT,new,,memberships,memberships,memberships,
Cd Sumup,2773 28AUG25 CD   SUMUP  *DOLLIES   BAKERY            HOVETON GB,2.2,debit,plaid,DINING_OTHER_DINING,new,,takeaway,restaurant_cafe,takeaway,Small payment to a bakery is most consistent with counter-service food.
Precise Mortgages,PRECISE MORTGAGES,1143.05,debit,plaid,LOAN_PAYMENTS_MORTGAGE_AND_AUTO,new,,mortgage,mortgage,mortgage,
Festival Republic,Festival Republic,14.5,debit,plaid,ENTERTAINMENT_EVENTS_AND_TICKETS,new,,event_planning,live_music,live_music,Festival Republic is a live-music festival promoter.
Revolut,LISA BIRD FLEET   OBAHKB7GWGPTIL1BN TPP REVOLUT LTD   FP 09/09/25 10    53194847409476000N,20,debit,plaid,TRANSFER_OUT_TRANSFER_OUT_FROM_APPS,new,,transfer_p2p,transfer_p2p,transfer_p2p,
I M Timmins,I M TIMMINS 600000001570896029,10,debit,plaid,GENERAL_SERVICES_CONSULTING_AND_LEGAL_SERVICES,new,,unclassified_other,unclassified_other,transfer_p2p,Payment to a named individual.
Paul Bray,PAUL BRAY 300000001635431192 770921     10 19SEP25 13:13,350,debit,plaid,TRANSFER_OUT_OTHER,new,,unclassified_other,transfer_p2p,transfer_p2p,Payment to a named individual.
Exchanged To Btc,Exchanged to BTC,0.6,debit,plaid,TRANSFER_OUT_INVESTMENT_AND_RETIREMENT_FUNDS,new,,crypto,crypto,crypto,
Uber,Uber,5.98,debit,plaid,TRAVEL_AND_TRANSPORTATION_TAXIS_AND_RIDE_SHARES,new,,taxi_rideshare,taxi_rideshare,taxi_rideshare,
Starbucks,STARBUCKS  ON 19 AUG CPM Starbucks,2.85,debit,plaid,DINING_COFFEE,new,,restaurant_cafe,restaurant_cafe,restaurant_cafe,
Selecta Sas,SELECTA SAS,2.68,debit,plaid,BANK_FEES_FOREIGN_TRANSACTION_FEES,new,,confectionary,confectionary,confectionary,
TV LICENSING,Direct debit TV LICENCE MBP 608009 30287634,15,debit,plaid,ENTERTAINMENT_OTHER_ENTERTAINMENT,new,,tv_licence,tv_licence,tv_licence,
GoFundMe,GoFundMe,11.75,debit,plaid,GOVERNMENTS_AND_NON_PROFIT_DONATIONS,new,,charitable_donation,charitable_donation,charitable_donation,
West Lothian Leisu,Direct debit WEST LOTHIAN LEISU 070436 21919402,21.95,debit,plaid,LOAN_PAYMENTS_STUDENT_LOAN_PAYMENT,new,,sports_participation,gym_fitness,gym_fitness,West Lothian Leisure direct debit is consistent with a leisure/gym membership.
Mr Raul,MR RAUL-CRISTIAN B  CK FT,40,debit,plaid,TRANSFER_OUT_CHECKING,new,,unclassified_other,transfer_p2p,transfer_p2p,Payment to a named individual.
Flix,FLIX,10.48,debit,plaid,ENTERTAINMENT_MUSIC_VIDEO_GAMES_TV_AND_MOVIES,new,,streaming,streaming,unclassified_card_spend,"FLIX is the FlixBus card descriptor, not a streaming subscription. £10.48 is a typical coach fare."
Selecta Sas,SELECTA SAS,1.56,debit,plaid,BANK_FEES_FOREIGN_TRANSACTION_FEES,new,,confectionary,confectionary,confectionary,
The Range,PENDING THE RANGE,18.14,debit,plaid,GENERAL_MERCHANDISE_FURNITURE_AND_HARDWARE,new,,home_accessories,home_accessories,home_accessories,
Albert,Albert Paun - Withdrawing savings - IBAN: GB88REVO00997000177845,-1,credit,plaid,TRANSFER_IN_SAVINGS,new,,transfer_own_account,savings_transfer,savings_transfer,Narrative explicitly says withdrawing savings.
Assurant Auk,ASSURANT AUK00000286538,11.99,debit,plaid,LOAN_PAYMENTS_STUDENT_LOAN_PAYMENT,new,,insurance_other,insurance_general,insurance_other,Assurant commonly provides device/protection insurance; no more specific insurance leaf applies.
Just Eat,ZILCH Just Eat  ON 23 JUL BCC ZILCH JUST EAT,-8.87,credit,plaid,LOAN_DISBURSEMENTS_STUDENT,new,,bnpl,takeaway,refund_received,Zilch/Just Eat credit. Credits cannot be takeaway spend; this is refund_received.
HPI,HPI INSTANT INK UK CD 7271,2.78,debit,plaid,GOVERNMENTS_AND_NON_PROFIT_OTHER_GOVERNMENTS_AND_NON_PROFIT,new,,unclassified_other,office_supplies,printing_supplies,HP Instant Ink is an ink-supply subscription.
Pets At Home,PETS AT HOME LTD  SALFORD,17.98,debit,plaid,PET_CARE_AND_SUPPLIES_PET_SUPPLIES,new,,pet_supplies,pet_supplies,pet_supplies,
RAC Insurance Services,BISL RAC INSURANCE  136705833398790742 UNP,-47.84,credit,plaid,INSURANCE_AND_TAX_INSURANCE,new,,insurance_motor,insurance_motor,returned_payment,UNP marker on an insurance credit indicates an unpresented/returned payment.
Clearpay,Visa purchase CLEARPAY 2961 2025-08-31,1.46,debit,plaid,LOAN_PAYMENTS_BNPL_AND_EWA,new,,bnpl,bnpl,bnpl,
JustGiving,JustGiving Shelter,20,debit,plaid,GOVERNMENTS_AND_NON_PROFIT_DONATIONS,new,,charitable_donation,charitable_donation,charitable_donation,
Coaliment,"COALIMENT 1          ))))
EUR                      15.00
Rate                     1.124
Includes Non-sterling transaction fee £0.35",13.33,debit,plaid,BANK_FEES_FOREIGN_TRANSACTION_FEES,new,,unclassified_other,unclassified_other,groceries,Coaliment is a Spanish supermarket/convenience-food chain.
The Mortgage Lende,Returned direct debit THE MORTGAGE LENDE 070246 46502771,-676.02,credit,plaid,LOAN_DISBURSEMENTS_MORTGAGE_AND_AUTO,new,,mortgage,mortgage,returned_payment,Narrative explicitly says Returned direct debit.
Argos,Argos  ON 29 JUL CPM ARGOS,6.99,debit,plaid,GENERAL_MERCHANDISE_DEPARTMENT_STORES,new,,catalogue_retail,catalogue_retail,catalogue_retail,
Bb-samsung,BB-SAMSUNG GERMANY ON 11 JUL BCC,1.46,debit,plaid,GENERAL_MERCHANDISE_CONVENIENCE_STORES,new,,computing_devices,unclassified_other,unclassified_other,BB-Samsung Germany cannot be resolved confidently from the merchant and amount.
Uber,PAYPAL *UBERTRIP CD 0927,8.83,debit,plaid,TRAVEL_AND_TRANSPORTATION_TAXIS_AND_RIDE_SHARES,new,,taxi_rideshare,taxi_rideshare,taxi_rideshare,
Lps Plumbing And H,LPS PLUMBING AND H 600000001639760601,1100,debit,plaid,GENERAL_SERVICES_HOME_IMPROVEMENT_SERVICES,new,,home_repair,tradesmen,tradesmen,Narrative names a plumbing contractor.
Beenetwork,BEENETWORK.COM/CHA0161 244 1000,4,debit,plaid,RENT_AND_UTILITIES_RENT,new,,broadband_tv_phone,unclassified_other,public_transport_rail_coach,beenetwork.com is Transport for Greater Manchester's bus/tram fare service.
James Obita Ck,JAMES  OBITA      CK                VIA MOBILE - LVP  FP 21/09/25 10    35145554584233000N,86.58,debit,plaid,TRANSFER_OUT_CHECKING,new,,unclassified_other,transfer_p2p,transfer_p2p,Payment to a named individual.
Whatnot,WHATNOT,9.69,debit,plaid,GENERAL_MERCHANDISE_ONLINE_MARKETPLACES,new,,marketplace_general,marketplace_general,marketplace_general,
Blackpool Council,BLACKPOOL COUNCIL Blackpool Council,4,debit,plaid,GENERAL_SERVICES_HOME_IMPROVEMENT_SERVICES,new,,council_tax,council_tax,government_services,Small Blackpool Council payment has no evidence that it is council tax.
Yellow Vending,6460 08AUG25 CD   NYA*YELLOW VENDINGABERYSTWYTH GB,1.75,debit,plaid,FOOD_RETAIL_OTHER,new,,convenience_store,convenience_store,confectionary,
Sky Tv,SKY TV  ON 13 JUL BCC,20,debit,plaid,RENT_AND_UTILITIES_INTERNET_AND_CABLE,new,,broadband_tv_phone,broadband_tv_phone,broadband_tv_phone,
Asda.george,asda.george.com,11.23,debit,plaid,TRANSFER_OUT_CHECKS_AND_ATM,new,,clothing_general,clothing_general,clothing_general,
Daniel Hill Loan,DANIEL HILL       LOAN              VIA MOBILE - PYMT FP 28/06/25 10    44195059475653000N,20,debit,plaid,LOAN_PAYMENTS_PERSONAL_LOAN_PAYMENT,new,,unclassified_other,personal_loan_repayment,personal_loan_repayment,Narrative explicitly states LOAN and the native category is personal-loan payment.
Yorkshire Water,YORKSHIRE WATER 19123 4567 5626 79,11.7,debit,plaid,RENT_AND_UTILITIES_WATER,new,,water,water,water,
Lantern,LANTERN  0455847 DDR,5,debit,plaid,LOAN_PAYMENTS_OTHER,new,,loan_repayment_dd,loan_repayment_other,debt_collection,Lantern is a debt purchaser and collection company.
Lowell Financial,LOWELL PORTFOLIO 1  00042939776304 DDR,3.75,debit,plaid,GENERAL_SERVICES_ACCOUNTING_AND_FINANCIAL_SERVICES,new,,debt_collection,debt_collection,debt_collection,
Nhsggc,Nhsggc,1.3,debit,plaid,INSURANCE_AND_TAX_TAX_PAYMENT,new,,unclassified_other,hospital,hospital,NHSGGC is NHS Greater Glasgow and Clyde.
T&i Vaughan,GB Account - Dividends T&I Vaughan - SortCodeAccountNumber: 53503955230490,1500,debit,plaid,INTEREST_PAYMENTS_INTEREST_CHARGED,new,,unclassified_other,dividend_received,transfer_p2p,Outbound bank transfer to a named party with dividend reference; dividend_received would contradict debit direction.
U.S. Post Office,POST OFFICE 35 MARLOW ROAD 02SEP 12.27 ATM,-500,credit,plaid,TRANSFER_IN_CHECKS_AND_ATM,new,,delivery_courier,cash_deposit,cash_deposit,"Post Office ATM credit and transfer-in native category indicate a cash deposit, though the direction is unusual."
Oxfam,OXFAM F0845       MIRFIELD,4,debit,plaid,GOVERNMENTS_AND_NON_PROFIT_DONATIONS,new,,charity_shop,charity_shop,charity_shop,
Aral Tankstelle,Aral Tankstelle 201898,3.69,debit,plaid,BANK_PENALTIES_CASH_ADVANCE_AND_OVERDRAFT_FEES,new,,fuel,fuel,fuel,
Falkinghamandtaylor,NYX*FalkinghamandT,0.2,debit,plaid,PERSONAL_CARE_HAIR_AND_BEAUTY,new,,beauty_treatment,beauty_treatment,beauty_treatment,
Capital One,CAPITAL ONE XXXXXXXXXXXX6235,30,debit,plaid,LOAN_PAYMENTS_CREDIT_CARD_PAYMENT,new,,credit_card_repayment,credit_card_repayment,credit_card_repayment,
Tradify,TRADIFY CD 7827,165.2,debit,plaid,GENERAL_SERVICES_OTHER_SERVICES,new,,business_services,software,software,Tradify is job-management software for trades businesses.
Dvla-k,DVLA-K321NAY 000000000071007896,16.62,debit,plaid,GOVERNMENTS_AND_NON_PROFIT_GOVERNMENTS_AND_NON_PROFIT,new,,road_tax,road_tax,road_tax,
Zilch,Zilch - 7th  pot transfer,-4,credit,plaid,TRANSFER_IN_SAVINGS,new,,bnpl,savings_transfer,savings_transfer,Narrative explicitly says pot transfer.
Sinners,Visa purchase SP SINNERS APPLEPAY 3976,65,debit,plaid,GENERAL_MERCHANDISE_OTHER_GENERAL_MERCHANDISE,new,,unclassified_other,unclassified_other,clothing_mens,Sinners is a UK menswear brand and the amount is consistent with apparel.
The Coffee Blo,SumUp  *The Coffee,7.45,debit,plaid,DINING_COFFEE,new,,restaurant_cafe,restaurant_cafe,restaurant_cafe,
Specsavers,Specsavers Finance Specsavers,36,debit,plaid,MEDICAL_DENTAL_AND_VISION,new,,optician,optician,optician,
Barclaycard,BARCLAYCARD       NORTHAMPTON,400,debit,plaid,LOAN_PAYMENTS_CREDIT_CARD_PAYMENT,new,,credit_card_repayment,credit_card_repayment,credit_card_repayment,
Cash Convert Ers Yorkshir,Cash Converters Yorksh,106,debit,plaid,BANK_FEES_ATM,new,,pawnbroker,pawnbroker,pawnbroker,
Sports Direct,"Card 74, Sportsdirect.Com",81.98,debit,plaid,GENERAL_MERCHANDISE_SPORTING_GOODS,new,,sportswear,sportswear,sportswear,
Revolut,Steven Bailey     Sent from Revolut,-20,credit,plaid,TRANSFER_IN_TRANSFER_IN_FROM_APPS,new,,transfer_mobile_app,transfer_p2p,transfer_p2p,Incoming Revolut transfer from a named person.
Next Redhouse,NEXT REDHOUSE,3.15,debit,plaid,RENT_AND_UTILITIES_RENT,new,,clothing_general,clothing_general,clothing_general,
Assurant Auk,ASSURANT AUK00000286538,11.99,debit,plaid,LOAN_PAYMENTS_STUDENT_LOAN_PAYMENT,new,,insurance_other,insurance_other,insurance_other,
Monzo,MONZO             Overdraft,40.05,debit,plaid,BANK_PENALTIES_CASH_ADVANCE_AND_OVERDRAFT_FEES,new,,overdraft_arranged,overdraft_unarranged,overdraft_arranged,Monzo offers arranged overdrafts; narrative does not evidence an unarranged facility.
YouLend,To Youlend - 6SMED87,18.51,debit,plaid,LOAN_PAYMENTS_CASH_ADVANCES,new,,personal_loan_repayment,business_loan_repayment,business_loan_repayment,YouLend provides merchant/business finance.
Thorne Conveinience,Thorne Conveinience,10,debit,plaid,GENERAL_MERCHANDISE_CONVENIENCE_STORES,new,,convenience_store,convenience_store,convenience_store,
Microsoft,CARD PAYMENT TO MICROSOFT*MICROSOFT 36 ON 27-06-2025,1.99,debit,plaid,GENERAL_MERCHANDISE_COMPUTERS_AND_ELECTRONICS,new,,software,software,software,
Pamela,Pamela O'Rourke & C Muldoon,2,debit,plaid,GENERAL_MERCHANDISE_FURNITURE_AND_HARDWARE,new,,unclassified_other,unclassified_other,transfer_p2p,Payment to named individuals.
Ben Almaden,"Benalmadena          ))))
EUR                      7.45
Rate                     1.122
Includes Non-sterling transaction fee £0.17",6.63,debit,plaid,BANK_FEES_FOREIGN_TRANSACTION_FEES,new,,foreign_spend_unspecified,foreign_spend_unspecified,foreign_spend_unspecified,
Savers Health & Beauty,SAVERS HEALTH & BE,22.41,debit,plaid,MEDICAL_PHARMACIES_AND_SUPPLEMENTS,new,,pharmacy,pharmacy,health_beauty_general,"Savers is a health-and-beauty retailer, not specifically a pharmacy."
Savers Health & Beauty,SAVERS HEALTH & BE,52.81,debit,plaid,MEDICAL_PHARMACIES_AND_SUPPLEMENTS,new,,pharmacy,pharmacy,health_beauty_general,"Savers is a health-and-beauty retailer, not specifically a pharmacy."
Tiktok,TIKTOK SHOP SELLER  ON 19 JUL CPM,28,debit,plaid,ENTERTAINMENT_OTHER_ENTERTAINMENT,new,,online_services,marketplace_general,marketplace_general,Narrative explicitly identifies a TikTok Shop purchase.
Betfred Chargeback,BFCB,30,debit,plaid,BANK_FEES_OTHER_BANK_FEES,new,,gambling_betting,gambling_betting,gambling_betting,
Revolut,From Savings - Sent from Revolut,-75,credit,plaid,TRANSFER_IN_SAVINGS,new,,transfer_own_account,savings_transfer,savings_transfer,Narrative explicitly says From Savings.
Legal & General,0S10960985 Legal & General,36.03,debit,plaid,GENERAL_SERVICES_CONSULTING_AND_LEGAL_SERVICES,new,,insurance_general,insurance_life,insurance_life,Small recurring Legal & General debit is consistent with life/protection insurance.
Cd B&m,3273 27SEP25 CD   B&M 410 -         DARLINGTON        DARLINGTON GB,23.16,debit,plaid,GENERAL_MERCHANDISE_DISCOUNT_STORES,new,,discount_store,discount_store,discount_store,
Wowcher,WOWCHER,37.09,debit,plaid,GENERAL_MERCHANDISE_ONLINE_MARKETPLACES,new,,marketplace_general,marketplace_general,marketplace_general,
Lbh Council,LBH COUNCIL TAX 39658845,195,debit,plaid,INSURANCE_AND_TAX_TAX_PAYMENT,new,,council_tax,council_tax,council_tax,
Advantage Finance ,A258106 Advantage Finance,258.37,debit,plaid,LOAN_PAYMENTS_MORTGAGE_AND_AUTO,new,,retail_finance_repayment,car_finance_repayment,car_finance_repayment,Advantage Finance is a motor-finance lender.
Moriarty Law,CARD PAYMENT TO MORIARTY LAW - VT ON 15-08-2025,10,debit,plaid,GENERAL_SERVICES_CONSULTING_AND_LEGAL_SERVICES,new,,legal_services,legal_services,debt_collection,Moriarty Law specialises in debt recovery; payment is more specific than generic legal services.
Moneybox,Moneybox,55,debit,plaid,TRANSFER_OUT_INVESTMENT_AND_RETIREMENT_FUNDS,new,,savings_transfer,savings_transfer,savings_transfer,
Hazard Creation,CARD PAYMENT TO PAYPAL *HAZARDCREATION ON 08-10-2025,25,debit,plaid,LOAN_PAYMENTS_CREDIT_CARD_PAYMENT,new,,unclassified_other,unclassified_other,unclassified_other,Underlying PayPal merchant Hazard Creation could not be resolved confidently.
Excelvendingltd,Contactless Payment NYX*ExcelVendingLtd GOOGLE 6482,1.2,debit,plaid,FOOD_RETAIL_OTHER,new,,unclassified_other,convenience_store,confectionary,Small vending-machine purchase; product is not specified.
Gbp Childcare,To GBP Childcare,20,debit,plaid,CHILDCARE_AND_EDUCATION_CHILDCARE_AND_EDUCATION,new,,childcare,childcare,childcare,
Ck Sempol Padel,CK SEMPOL PADEL INDONESIA AMOUNT IN IDR 27000.00 ON 31 JUL VISA 21647.833052 FINAL GBP AMOUNT INCLUDES NON-STERLING TRANS FEE £0.04 ,1.29,debit,plaid,TRANSFER_OUT_CHECKING,new,,sports_participation,sports_participation,sports_participation,
Zilch,CREDIT FROM ZILCH * INSTALMEN ON 25-07-2025,-1.86,credit,plaid,LOAN_DISBURSEMENTS_OTHER,new,,bnpl,bnpl,refund_received,Narrative explicitly says CREDIT FROM ZILCH for an instalment.
Parsons London,Parsons           London,14.6,debit,plaid,TRAVEL_AND_TRANSPORTATION_PUBLIC_TRANSIT,new,,unclassified_other,unclassified_other,restaurant_cafe,Parsons London is a Covent Garden restaurant; native public-transit category is spurious.
One Stop,ONE STOP (6413),7.79,debit,plaid,GENERAL_MERCHANDISE_CONVENIENCE_STORES,new,,convenience_store,convenience_store,convenience_store,
Polish,Polish My Nails Ltd - Alisha - Nails - SortCodeAccountNumber: 04000461436400,87,debit,plaid,PERSONAL_CARE_HAIR_AND_BEAUTY,new,,beauty_treatment,beauty_treatment,beauty_treatment,
Bargain World,"BARGAIN WORLD (VIA GOOGLE PAY), ON 03-08-2025",2.5,debit,plaid,GENERAL_MERCHANDISE_DISCOUNT_STORES,new,,discount_store,discount_store,discount_store,
Startline Motor Finance,STARTLINE MOTOR FI  19239602 DDR Startline Motor Finance,247.78,debit,plaid,LOAN_PAYMENTS_MORTGAGE_AND_AUTO,new,,car_finance_repayment,car_finance_repayment,car_finance_repayment,
Apple Store,Contactless Payment APPLE STORE R244 APPLEPAY 2347,309,debit,plaid,GENERAL_MERCHANDISE_COMPUTERS_AND_ELECTRONICS,new,,computing_devices,computing_devices,computing_devices,
Petar Kirilov,Petar Kirilov     no ref,30,debit,plaid,PET_CARE_AND_SUPPLIES_PET_SUPPLIES,new,,unclassified_other,unclassified_other,transfer_p2p,Payment to a named individual.
Capital One,CAPITAL ONE  XXXXXXXXXXXX0365 UNP,-100,credit,plaid,LOAN_DISBURSEMENTS_OTHER,new,,credit_card_repayment,loan_disbursement,returned_payment,"CAPITAL ONE … UNP. Barclays UNP = unpaid. A £100 credit tagged unpaid is a returned item, not a loan disbursement."
BT Group,BT GROUP PLC,-8.99,credit,plaid,INTERESTS_AND_DIVIDENDS_INTERESTS_AND_DIVIDENDS,new,,broadband_tv_phone,dividend_received,dividend_received,Credit from BT Group with dividends native category is consistent with a dividend.
Street,0809 18OCT25 C    AUGHTON STREET    WHOLESA           ORMSKIRK GB,16.35,debit,plaid,GENERAL_MERCHANDISE_DISCOUNT_STORES,new,,discount_store,discount_store,discount_store,
KFC,QUEENSCT-KFC MEADO  ON 05 AUG CPM,3.99,debit,plaid,DINING_DINING,new,,takeaway,takeaway,takeaway,
Village News,Village News  ON 27 JUN CPM,6.78,debit,plaid,GENERAL_MERCHANDISE_CONVENIENCE_STORES,new,,convenience_store,convenience_store,convenience_store,
BetFred,3170 09AUG25      BETFRED           GIBRALTAR GI,30,debit,plaid,ENTERTAINMENT_CASINOS_AND_GAMBLING,new,,gambling_betting,gambling_betting,gambling_betting,
VCE,VCE2775821076 SAVE,31.25,debit,plaid,TRANSFER_OUT_SAVINGS,new,,unclassified_other,savings_transfer,savings_transfer,Narrative and native category indicate a savings transfer.
Primark,Primark from Pot Pot,14,debit,plaid,GENERAL_MERCHANDISE_APPAREL_AND_ACCESSORIES,new,,clothing_general,clothing_general,clothing_general,
Broadway Casino,Broadway Gaming Lt  ON 19 JUL BCC Broadway Casino,40,debit,plaid,ENTERTAINMENT_CASINOS_AND_GAMBLING,new,,gambling_casino,gambling_casino,gambling_casino,
Portsmouth Water,Direct debit PORTSMOUTH WATER L 308012 11385660,7.59,debit,plaid,RENT_AND_UTILITIES_WATER,new,,water,water,water,
Lothian Buses,Lothian Buses Edtrams,6.4,debit,plaid,TRAVEL_AND_TRANSPORTATION_PUBLIC_TRANSIT,new,,public_transport_rail_coach,public_transport_rail_coach,public_transport_rail_coach,
Marks & Spencer,MARKS&SPENCER PLC  ON 12 SEP CPM M&S,5.36,debit,plaid,GENERAL_MERCHANDISE_DEPARTMENT_STORES,new,,department_store,department_store,department_store,
Cd Mieszko,6107 02JUN25 CD   MIESZKO           SUDBURYHILL       GREENFORD GB,4.6,debit,plaid,DINING_OTHER_DINING,new,,restaurant_cafe,restaurant_cafe,groceries_specialist,Mieszko is a Polish food shop rather than a restaurant.
Barclays Bank,BARCLAYS UK MTGES 9745870217,641.1,debit,plaid,LOAN_PAYMENTS_MORTGAGE_AND_AUTO,new,,mortgage,mortgage,mortgage,
Spring Tank Studio,4827 16AUG25 C    SQ *SPRING TANK   STUDIO            SHEFFIELD GB,8,debit,plaid,PERSONAL_CARE_HAIR_AND_BEAUTY,new,,beauty_treatment,beauty_treatment,beauty_treatment,
Octopus Energy,OCTOPUS ENERGY Y5ZFVGV,40,debit,plaid,RENT_AND_UTILITIES_OTHER_UTILITIES,new,,energy,energy,energy,
News Food And,1580 14JUN25 CD   CODSALL NEWS FOOD AND               WOLVERHAMPTO GB,2.1,debit,plaid,FOOD_RETAIL_GROCERIES,new,,convenience_store,convenience_store,convenience_store,
easyJet,Easyjet Dnata In Flight G,4.35,debit,plaid,TRAVEL_AND_TRANSPORTATION_FLIGHTS,new,,flights,flights,airport_spend,Narrative identifies an easyJet in-flight purchase rather than the flight fare.
YouLend,"YOULEND LIMITED YL60292552OUT 010F274252402V0L 608382     10 28AUG25 07:15 YL60292552OUT,010F274252402V0L",-822,credit,plaid,INCOME_SALARY,new,,personal_loan_repayment,business_loan_repayment,loan_disbursement,"Large credit from YouLend is consistent with business-loan proceeds, not a repayment."
Usebounce,BOUNCE - USEBOUNCE PORTUGAL AMOUNT IN EUR 6.70 ON 11 OCT VISA 1.14604 FINAL GBP AMOUNT INCLUDES NON-STERLING TRANS FEE £0.17 BOUNCE - USEBOUNCE.COM,6.02,debit,plaid,BANK_PENALTIES_INSUFFICIENT_AND_LATE_FEES,new,,accommodation,transport_other,storage,Bounce provides short-term luggage storage.
Cash Convert Ers Thornaby,CASH CONVERTERS TH,19.99,debit,plaid,BANK_FEES_ATM,new,,pawnbroker,pawnbroker,pawnbroker,
Bhm Station Tvm,BHM STATION TVM Bhm Station Tvm,3.9,debit,plaid,TRAVEL_AND_TRANSPORTATION_PUBLIC_TRANSIT,new,,public_transport_rail_coach,public_transport_rail_coach,public_transport_rail_coach,
The Mortgage Lende,Returned direct debit THE MORTGAGE LENDE 070246 46502771,-676.02,credit,plaid,LOAN_DISBURSEMENTS_MORTGAGE_AND_AUTO,new,,mortgage,mortgage,returned_payment,Narrative explicitly says Returned direct debit.
Bushra Khan Save,Bushra khan       Save,20,debit,plaid,TRANSFER_OUT_SAVINGS,new,,transfer_p2p,savings_transfer,transfer_p2p,Named-person bank payment; Save reference alone does not prove an own savings account.
Uber,Uber BV,-116.15,credit,plaid,INCOME_OTHER,new,,taxi_rideshare,refund_received,salary_gig,Uber credit with income native category is consistent with driver earnings.
Klarna,Refund from Klarna*klarna,-64.04,credit,plaid,LOAN_DISBURSEMENTS_BNPL_AND_EWA,new,,bnpl,refund_received,refund_received,Narrative explicitly states Refund from Klarna.
Arriva,8443 21AUG25 CD   ARRIVA THE SHIRES LIMI              THURMASTON GB,2.5,debit,plaid,TRAVEL_AND_TRANSPORTATION_PUBLIC_TRANSIT,new,,public_transport_rail_coach,public_transport_rail_coach,public_transport_rail_coach,
The Global,THE GLOBAL NEWSAGE,2.1,debit,plaid,GENERAL_SERVICES_CONSULTING_AND_LEGAL_SERVICES,new,,newspapers,convenience_store,convenience_store,Merchant appears to be a newsagent/convenience shop; specific purchased item is unknown.
Pets At Home,PETS AT HOME LTD  ON 02 JUN CPM Pets at Home,34,debit,plaid,PET_CARE_AND_SUPPLIES_PET_SUPPLIES,new,,pet_supplies,pet_supplies,pet_supplies,
Beauty Box,Beauty box,30,debit,plaid,PERSONAL_CARE_HAIR_AND_BEAUTY,new,,health_beauty_general,beauty_treatment,beauty_treatment,£30 Beauty Box charge and personal-care native category are most consistent with a salon treatment.
Southern Water,SOUTHERN WATER SERWORTHING,68.58,debit,plaid,RENT_AND_UTILITIES_WATER,new,,water,water,water,
Hpi Instant Ink Uk,HPI INSTANT INK UK,2.78,debit,plaid,GOVERNMENTS_AND_NON_PROFIT_OTHER_GOVERNMENTS_AND_NON_PROFIT,new,,software,office_supplies,printing_supplies,HP Instant Ink is an ink-supply subscription.
Water World,WATER WORLD       BURTON  SOUTH,9.99,debit,plaid,PERSONAL_CARE_GYMS_AND_FITNESS_CENTERS,new,,days_out,days_out,days_out,
Go Local Extra,Go Local Extra,17.24,debit,plaid,TRANSFER_OUT_OTHER,new,,unclassified_other,convenience_store,convenience_store,Go Local Extra is a convenience-store fascia.
Buisness,BUISNESS BOX      PHOINIX HEALTHCARE,649,debit,plaid,MEDICAL_PRIMARY_CARE,new,,unclassified_other,health_other,health_other,Narrative identifies Phoenix Healthcare; exact medical product or service is unclear.
Cdc Revs,Direct debit CDC REVS 600524 26121204,128,debit,plaid,LOAN_PAYMENTS_STUDENT_LOAN_PAYMENT,new,,student_loan_repayment,student_loan_repayment,council_tax,CDC REVS is a council revenues direct debit; student-loan category is unsupported.
J Pennington,J PENNINGTON 777754 72527868,6,debit,plaid,PET_CARE_AND_SUPPLIES_PET_SUPPLIES,new,,unclassified_other,unclassified_other,transfer_p2p,Payment to a named individual.
Coinbase,Coinbase RTL-UST8Z8ZZ,-97,credit,plaid,TRANSFER_IN_INVESTMENT_AND_RETIREMENT_FUNDS,new,,crypto,crypto,crypto,
Hire Station,8248 24JUN25      HIRE STATION LTD  01159737400 GB    REFUND,-100,credit,plaid,INCOME_SALARY,new,,refund_received,refund_received,refund_received,
Tina Clark,Payment to TINA CLARK 040003 50901980,20,debit,plaid,DINING_WINE_BARS_AND_PUBS,new,,transfer_p2p,transfer_p2p,transfer_p2p,
U.S. Post Office,LNK POST OFFICE,10,debit,plaid,TRANSFER_OUT_CHECKS_AND_ATM,new,,delivery_courier,government_services,cash_withdrawal,"LNK is the UK LINK ATM network. £10 debit at Post Office + ATM native category is cash_withdrawal, not postage."
Klarna,Klarna*AliExpress,-6.96,credit,plaid,LOAN_DISBURSEMENTS_BNPL_AND_EWA,new,,bnpl,bnpl,refund_received,Klarna credit naming AliExpress is most consistent with a purchase refund.
Jhon,JHON CULLEN 500000001611783197,90,debit,plaid,TRANSFER_OUT_OTHER,new,,unclassified_other,transfer_p2p,transfer_p2p,Payment to a named individual.
Trowell S W Costa,TROWELL S/W COSTA,5.7,debit,plaid,FOOD_RETAIL_GROCERIES,new,,restaurant_cafe,restaurant_cafe,restaurant_cafe,
The Butterfly Hospice Tru,THE BUTTERFLY HOSP,7.5,debit,plaid,MEDICAL_OTHER_MEDICAL,new,,charitable_donation,charitable_donation,charitable_donation,
Premier Margate Express,Premier Margate Ex,1.65,debit,plaid,MEDICAL_OTHER_MEDICAL,new,,convenience_store,convenience_store,convenience_store,
South West Water,SOUTH WEST WATER,124.99,debit,plaid,RENT_AND_UTILITIES_WATER,new,,water,water,water,
Overdales,OVERDALES,40,debit,plaid,LOAN_PAYMENTS_OTHER,new,,unclassified_other,debt_collection,debt_collection,Overdales is a debt-recovery law firm.
Primark,PRIMARK 673,36.15,debit,plaid,GENERAL_MERCHANDISE_APPAREL_AND_ACCESSORIES,new,,clothing_general,clothing_general,clothing_general,
Rac Motoring,RAC MOTORING SERVI RAC01679462,42.84,debit,plaid,TRAVEL_AND_TRANSPORTATION_AUTOMOTIVE,new,,breakdown_cover,breakdown_cover,breakdown_cover,
Mieszko Hounslow,Mieszko Hounslow,2.49,debit,plaid,GENERAL_SERVICES_CONSULTING_AND_LEGAL_SERVICES,new,,unclassified_other,unclassified_other,groceries_specialist,Mieszko is a Polish food shop.
Walker Convenience,WALKER CONVENIENCE,6.19,debit,plaid,GENERAL_MERCHANDISE_CONVENIENCE_STORES,new,,convenience_store,convenience_store,convenience_store,
Tst-snowflake Gelato,3692 21AUG25 CD   TST-SNOWFLAKE     GELATO M          GATESHEAD GB,11.9,debit,plaid,DINING_OTHER_DINING,new,,eating_out_other,restaurant_cafe,restaurant_cafe,Gelato outlet purchase is best represented as café/dessert dining.
Monzo,KRISTIAN KALACHEV SENT FROM MONZO   FP 08/09/25 1804  P3M9GEXIDC7K4TKU0B,-40,credit,plaid,TRANSFER_IN_OTHER,new,,transfer_mobile_app,transfer_p2p,transfer_p2p,Incoming Monzo transfer from a named person.
Littlejohn Ck,LITTLEJOHN CK,123.5,debit,plaid,TRANSFER_OUT_CHECKING,new,,unclassified_other,cheque,cheque,CK marker and checking native category indicate a cheque transaction.
Pandopioneer,PandOPioneer  ON 07 AUG BCC PANDOPIONEER,93,debit,plaid,RENT_AND_UTILITIES_INTERNET_AND_CABLE,new,,unclassified_other,broadband_tv_phone,unclassified_other,PandoPioneer could not be resolved confidently; internet native category alone is insufficient.
Pokerstars,POKERSTARS,14.4,debit,plaid,ENTERTAINMENT_CASINOS_AND_GAMBLING,new,,gambling_casino,gambling_casino,gambling_casino,
Zilch,ZILCH BP PULSE HAR,-41.47,credit,plaid,LOAN_DISBURSEMENTS_OTHER,new,,bnpl,bnpl,refund_received,Zilch credit naming BP Pulse is most consistent with a purchase refund.
Cash Convert Ers Jarrow,CASH CONVERTERS JA,32.5,debit,plaid,BANK_FEES_ATM,new,,pawnbroker,pawnbroker,pawnbroker,
Capital One,CAPITAL ONE PI1310923834306410,22,debit,plaid,LOAN_PAYMENTS_CREDIT_CARD_PAYMENT,new,,credit_card_repayment,credit_card_repayment,credit_card_repayment,
Monzo,MONZO             Overdraft,149.66,debit,plaid,BANK_PENALTIES_CASH_ADVANCE_AND_OVERDRAFT_FEES,new,,overdraft_arranged,overdraft_unarranged,overdraft_arranged,Monzo offers arranged overdrafts; narrative does not evidence an unarranged facility.
J Nainu,J NAINU 200000001601192044,30,debit,plaid,TRANSFER_OUT_INVESTMENT_AND_RETIREMENT_FUNDS,new,,unclassified_other,transfer_p2p,transfer_p2p,Payment to a named individual.
Lloyds Bank,CLUB LLOYDS FEE,5,debit,plaid,BANK_FEES_OTHER_BANK_FEES,new,,account_charge,account_charge,account_charge,
Klarna,"DIRECT DEBIT REVERSAL REF 5F7KDX3-KLARNA, MANDATE NO 0023",-14.86,credit,plaid,LOAN_DISBURSEMENTS_BNPL_AND_EWA,new,,bnpl,bnpl,returned_payment,Narrative explicitly says DIRECT DEBIT REVERSAL.
Zilch,ZILCH INSTALMENT  ON 25 JUL BCC,-0.18,credit,plaid,LOAN_DISBURSEMENTS_STUDENT,new,,bnpl,bnpl,refund_received,Zilch instalment credit is most consistent with an instalment refund.
Cd Pdsa Aston Pet Hospita,6861 02JUL25 CD   PDSA ASTON PET    HOSPITA           BIRMINGHAM GB,30,debit,plaid,PET_CARE_AND_SUPPLIES_VETERINARY_SERVICES,new,,veterinary,veterinary,veterinary,
Stanif Client Ac,"STANIF CLIENT AC TSP - TAX REFUND RP4659982286918500 TSP - TAX REFUND,RP4659982286918500",-3035.38,credit,plaid,TAX_REFUND_TAX_REFUND,new,,tax_refund,tax_refund,tax_refund,
Argos,Argos  ON 19 JUL CPM ARGOS,53.94,debit,plaid,GENERAL_MERCHANDISE_DEPARTMENT_STORES,new,,catalogue_retail,catalogue_retail,catalogue_retail,
Aafes Kosovo Cmlt Bran,KOSOVO CMLT_BRANCH USA AMOUNT IN USD 9.79 ON 26 JUN VISA 1.358801 FINAL GBP AMOUNT INCLUDES NON-STERLING TRANS FEE £0.22 AAFES KOSOVO CMLT BRAN,7.42,debit,plaid,BANK_FEES_OTHER_BANK_FEES,new,,foreign_spend_unspecified,foreign_spend_unspecified,foreign_spend_unspecified,
Clearpay.co.u,8044 19AUG25  D   CLEARPAY          CLEARPAY.CO.U GB  REFUND,-68.75,credit,plaid,LOAN_DISBURSEMENTS_OTHER,new,,bnpl,bnpl,refund_received,Narrative explicitly states REFUND.
Zilch,ZILCH Vinted  ON 22 JUL BCC ZILCH VINTED,-7.36,credit,plaid,LOAN_DISBURSEMENTS_STUDENT,new,,bnpl,bnpl,refund_received,Zilch credit naming Vinted is most consistent with a purchase refund.
Monzo,MONZO             Overdraft,290.96,debit,plaid,BANK_PENALTIES_CASH_ADVANCE_AND_OVERDRAFT_FEES,new,,overdraft_arranged,overdraft_unarranged,overdraft_arranged,Monzo offers arranged overdrafts; narrative does not evidence an unarranged facility.
Super Sam Xl LTD,Super Sam Xl LTD,10.99,debit,plaid,GENERAL_MERCHANDISE_SUPERSTORES,new,,unclassified_other,unclassified_other,groceries_specialist,Super Sam XL appears to be a local superstore/convenience retailer.
Apetito,"DIRECT DEBIT PAYMENT TO APETITO LIMITED REF SAP - 4401587, MANDATE NO 0030",577.2,debit,plaid,PET_CARE_AND_SUPPLIES_PET_SUPPLIES,new,,catering,groceries_specialist,catering,Large direct debit to Apetito is consistent with its prepared-meal catering service.
Wilco Motor Spares,9410 16JUL25 CD   WILCO MOTOR SPARES) 1               BURY ST EDMUN GB,78.75,debit,plaid,TRAVEL_AND_TRANSPORTATION_AUTOMOTIVE,new,,spares_repairs,spares_repairs,spares_repairs,
Specsavers,SPECSAVERS 0154600,27.6,debit,plaid,MEDICAL_DENTAL_AND_VISION,new,,optician,optician,optician,
Cash Machine,E02563300000000 Cash Machine,40,debit,plaid,TRANSFER_OUT_CHECKS_AND_ATM,new,,cash_withdrawal,cash_withdrawal,cash_withdrawal,
Link Financial,"DIRECT DEBIT PAYMENT TO LINK FINANCIAL REF 01LC 3505746, MANDATE NO 0083",10,debit,plaid,LOAN_PAYMENTS_OTHER,new,,loan_repayment_dd,debt_collection,debt_collection,Link Financial is a debt purchaser and collection company.
Cd Aberdeen Berryden,6462 29JUN25 CD   ABERDEEN BERRYDEN SPOR              03439092793 GB,17.99,debit,plaid,GENERAL_MERCHANDISE_SPORTING_GOODS,new,,sports_equipment,sports_equipment,sportswear,Descriptor is Sports Direct Aberdeen Berryden (phone 0343 909 2793). The same gold file already labels Sports Direct as sportswear.
The Works,Contactless Payment THE WORKS APPLEPAY 0236,5.5,debit,plaid,GENERAL_MERCHANDISE_OTHER_GENERAL_MERCHANDISE,new,,books,books,books,
Dvla-wa,DVLA-WA68UUE  000000000053173293 DDR,17.06,debit,plaid,GOVERNMENTS_AND_NON_PROFIT_GOVERNMENTS_AND_NON_PROFIT,new,,road_tax,road_tax,road_tax,
Sofology Limited Cd,Sofology Limited CD 7217,35,debit,plaid,FOOD_RETAIL_OTHER,new,,home_accessories,home_accessories,home_accessories,
BPO Collections,BPO COLLECTIONS LTFIRST PAYMENT,35,debit,plaid,LOAN_PAYMENTS_OTHER,new,,debt_collection,debt_collection,debt_collection,
K R Woods Aha,K R WOODS         AHA               VIA MOBILE - PYMT FP 27/07/25 10    35202851455985000N,20,debit,plaid,RENT_AND_UTILITIES_GAS_AND_ELECTRICITY,new,,unclassified_other,transfer_p2p,transfer_p2p,Payment to a named individual.
Nds Tr & Co,PPOINT_*NDS TR & C,3.3,debit,plaid,TRANSFER_OUT_OTHER,new,,unclassified_other,unclassified_other,unclassified_other,NDS TR & Co descriptor is too truncated to classify reliably.
Screwfix,SCREWFIX DIR LTD,7.49,debit,plaid,GENERAL_MERCHANDISE_FURNITURE_AND_HARDWARE,new,,tools,tools,tools,
Coinbase,COINBASE          RTL-MPXR32AF      FP 19/07/25 1934  996A8FBC2E78420B8D,-35,credit,plaid,TRANSFER_IN_INVESTMENT_AND_RETIREMENT_FUNDS,new,,crypto,crypto,crypto,
Klarna,Klarna*Cleens     London,-159.38,credit,plaid,LOAN_DISBURSEMENTS_BNPL_AND_EWA,new,,bnpl,bnpl,refund_received,Klarna credit naming an underlying retailer is most consistent with a purchase refund.
Revolut,Henry Bone Sent from Revolut,-5,credit,plaid,INCOME_SALARY,new,,transfer_p2p,transfer_p2p,transfer_p2p,
Cancer Research UK,CANCER RESEARCH UK,8,debit,plaid,GOVERNMENTS_AND_NON_PROFIT_DONATIONS,new,,charitable_donation,charitable_donation,charitable_donation,
HP,HPI INSTANT INK UK,13.49,debit,plaid,GOVERNMENTS_AND_NON_PROFIT_OTHER_GOVERNMENTS_AND_NON_PROFIT,new,,software,printing_supplies,printing_supplies,HP Instant Ink is an ink-supply subscription.
Poundland,Poundland,3,debit,plaid,GENERAL_MERCHANDISE_OTHER_GENERAL_MERCHANDISE,new,,discount_store,discount_store,discount_store,
Revolut,James Gasarah  Sent from Revolut BGC,-20,credit,plaid,TRANSFER_IN_TRANSFER_IN_FROM_APPS,new,,transfer_p2p,transfer_p2p,transfer_p2p,
DHA,DHA MAIN SAVING  DH DIVIDENDS STO,5000,debit,plaid,INTEREST_PAYMENTS_INTEREST_CHARGED,new,,dividend_received,savings_transfer,savings_transfer,Narrative identifies a main savings transfer; debit direction rules out dividend income.
The Wharf Postoffice,Contactless Payment THE WHARF POSTOFFICE A APPLEPAY 0063,24.98,debit,plaid,DINING_DINING,new,,government_services,government_services,delivery_courier,Post Office contactless purchase is most consistent with postal/delivery services.
Northern,NORTHERN SKY MOTOR  KELMEC LTD BBP,503.99,debit,plaid,TRAVEL_AND_TRANSPORTATION_AUTOMOTIVE,new,,vehicle_servicing,vehicle_maintenance,vehicle_maintenance,Motor-business payment lacks enough detail to distinguish servicing from other maintenance.
Deliveroo,Deliveroo,14.56,debit,plaid,DINING_DINING,new,,takeaway,takeaway,takeaway,
Dvla Vehicle,0114 31JUL25      DVLA VEHICLE TAX  SWANSEA GB,265,debit,plaid,GOVERNMENTS_AND_NON_PROFIT_GOVERNMENTS_AND_NON_PROFIT,new,,road_tax,road_tax,road_tax,
Octopus Energy,OCTOPUS,127.02,debit,plaid,RENT_AND_UTILITIES_GAS_AND_ELECTRICITY,new,,energy,energy,energy,
Alphera Financial Services,"DIRECT DEBIT PAYMENT TO ALPHERA FINANCIAL REF 3796179/111133346, MANDATE NO 0022",321.58,debit,plaid,LOAN_PAYMENTS_MORTGAGE_AND_AUTO,new,,car_finance_repayment,car_finance_repayment,car_finance_repayment,
Hollywood Bowl,NYA*Hollywood Bowl,10,debit,plaid,PERSONAL_CARE_GYMS_AND_FITNESS_CENTERS,new,,entertainment_other,days_out,days_out,Hollywood Bowl is a leisure attraction.
Zurich Assurance,ZURICH ASSURANCE L,25.44,debit,plaid,INSURANCE_AND_TAX_INSURANCE,new,,insurance_general,insurance_life,insurance_life,Small recurring Zurich Assurance debit is consistent with life/protection insurance.
Aral Tankstelle,Aral Tankstelle 181303,5.96,debit,plaid,BANK_PENALTIES_CASH_ADVANCE_AND_OVERDRAFT_FEES,new,,fuel,fuel,fuel,
Xplore Dundee,Visa purchase XPLORE DUNDEE (TAYSIDE GOOGLE 6482,4.65,debit,plaid,TRAVEL_AND_TRANSPORTATION_PUBLIC_TRANSIT,new,,public_transport_rail_coach,public_transport_rail_coach,public_transport_rail_coach,
Jack's,Jack's Holiday Money pot transfer,-10,credit,plaid,TRANSFER_IN_SAVINGS,new,,savings_transfer,savings_transfer,savings_transfer,
Hmrc Shipley,HMRC SHIPLEY      475PL010340582509 FP 27/08/25 30    41023310987180000N,50,debit,plaid,INSURANCE_AND_TAX_TAX_PAYMENT,new,,tax_payment,tax_payment,tax_payment,
Bates House & Gard,BATES HOUSE & GARD,70,debit,plaid,RENT_AND_UTILITIES_RENT,new,,unclassified_other,unclassified_other,garden,Bates House & Garden is a house-and-garden retailer.
Mr Simms Olde Sweet Shopp,Contactless Payment MR SIMMS OLDE SWEET SHOPP APPLEPAY 5564,8.93,debit,plaid,DINING_OTHER_DINING,new,,confectionary,confectionary,confectionary,
Assurant Auk,ASSURANT AUK00000282001,11.99,debit,plaid,LOAN_PAYMENTS_STUDENT_LOAN_PAYMENT,new,,insurance_other,insurance_general,insurance_other,Assurant commonly provides device/protection insurance; no more specific insurance leaf applies.
KFC,KFC(GB)LTD-DISBURS182 KFC GB LTD    FP 29/08/25 0520  09030326874022000N182 KFC GB LTD,-427.13,credit,plaid,INCOME_SALARY,new,,unclassified_other,salary,salary,Credit is identified as salary and narrative says KFC disbursement.
Oasis Tanning Centre,OASIS TANNING CENT,20,debit,plaid,PERSONAL_CARE_OTHER_PERSONAL_CARE,new,,beauty_treatment,beauty_treatment,beauty_treatment,
Broadway Hotel,Broadway Hotel,1.35,debit,plaid,TRAVEL_AND_TRANSPORTATION_LODGING,new,,accommodation,accommodation,accommodation,
Motor Fuel Limited Bp Wes,MOTOR FUEL LIMITED,40.99,debit,plaid,TRAVEL_AND_TRANSPORTATION_AUTOMOTIVE,new,,fuel,fuel,fuel,
Microsoft,PAYPAL *MICROSOFT CD 7903,9.99,debit,plaid,GENERAL_MERCHANDISE_COMPUTERS_AND_ELECTRONICS,new,,software,software,software,
Gentoo Group Limit,GENTOO GROUP LIMIT  ON 21 AUG BCC,165,debit,plaid,BANK_PENALTIES_INSUFFICIENT_AND_LATE_FEES,new,,rent,rent,rent,
O2,O2 UK PAY AND GO,20,debit,plaid,RENT_AND_UTILITIES_TELECOMMUNICATIONS,new,,mobile_phone_contract,mobile_phone_contract,mobile_phone_contract,
Klarna,7208 07AUG25      KLARNA*KLARNA     LONDON GB         REFUND,-19.33,credit,plaid,LOAN_DISBURSEMENTS_BNPL_AND_EWA,new,,bnpl,bnpl,refund_received,Narrative explicitly states REFUND.
Ivanhoe Wmc,SumUp  *Ivanhoe WM,2.9,debit,plaid,GENERAL_MERCHANDISE_APPAREL_AND_ACCESSORIES,new,,retail_small_independent,unclassified_other,pub_bar,Ivanhoe WMC is most plausibly a working men's club bar purchase.
TV LICENSING,"TV LICENCE MBP
TV LICENCE MBP - SortCodeAccountNumber: 60800930287634",34.9,debit,plaid,ENTERTAINMENT_OTHER_ENTERTAINMENT,new,,tv_licence,tv_licence,tv_licence,
Mcparland Pharmacies,McParland Pharmacies,3,debit,plaid,MEDICAL_PHARMACIES_AND_SUPPLEMENTS,new,,pharmacy,pharmacy,pharmacy,
Ladbrokes,Ladbrokes,10,debit,plaid,ENTERTAINMENT_CASINOS_AND_GAMBLING,new,,gambling_betting,gambling_betting,gambling_betting,
Bandoo,Bandoo*CK,40.7,debit,plaid,TRANSFER_OUT_CHECKING,new,,unclassified_other,unclassified_other,health_beauty_general,Bandoo is ionic foot-detox retail; health_beauty_general.
Bullsmoor Express,Bullsmoor Express  ON 20 JUL CPM BULLSMOOR EXPRESS,2.88,debit,plaid,TRAVEL_AND_TRANSPORTATION_OTHER_TRAVEL_AND_TRANSPORTATION,new,,convenience_store,convenience_store,convenience_store,
Completesave,Visa purchase WWW.COMPLETESAVE.CO.UK 5869,18,debit,plaid,LOAN_PAYMENTS_PERSONAL_LOAN_PAYMENT,new,,savings_transfer,unclassified_other,memberships,Complete Savings is a paid cashback-membership service.
National Health Service,Direct debit NHSBSA PPC 2 607080 10027823,11.45,debit,plaid,MEDICAL_OTHER_MEDICAL,new,,health_other,health_other,pharmacy,NHSBSA PPC is a prescription prepayment certificate.
City Ink Refills,CITY INK REFILLS  COVENTRY,2.49,debit,plaid,LOAN_PAYMENTS_STUDENT_LOAN_PAYMENT,new,,office_supplies,printing_supplies,printing_supplies,City Ink Refills is explicitly an ink-supplies merchant.
Nike,ZILCH NIKE Retail,-20.99,credit,plaid,LOAN_DISBURSEMENTS_MORTGAGE_AND_AUTO,new,,bnpl,bnpl,refund_received,Zilch credit naming Nike is most consistent with a purchase refund.
Nuffield Health,NUFFIELD HEALTH  142030320 DDR Nuffield Health,61.9,debit,plaid,MEDICAL_OTHER_MEDICAL,new,,gym_fitness,gym_fitness,gym_fitness,
Uber,Uber BV,-259.96,credit,plaid,INCOME_OTHER,new,,unclassified_other,income_other_unspecified,salary_gig,Large Uber credit with income native category is consistent with driver earnings.
The Millennium,SumUp  *THE MILLENNIUM Sumup *the Millennium,1.5,debit,plaid,TRAVEL_AND_TRANSPORTATION_LODGING,new,,pub_bar,unclassified_other,pub_bar,Small SumUp purchase at The Millennium is most consistent with pub/bar spend; descriptor is ambiguous.
Protect Your Bubble,PROTECT YOUR BUBBL AUK00000238998,7.59,debit,plaid,INSURANCE_AND_TAX_INSURANCE,new,,insurance_other,insurance_general,insurance_other,Protect Your Bubble provides gadget/device insurance.
Filler Warehouse,FILLER WAREHOUSE LTD CD 1760,78.71,debit,plaid,GENERAL_SERVICES_OTHER_SERVICES,new,,unclassified_other,unclassified_other,health_beauty_general,Filler Warehouse sells professional aesthetic/beauty products.
Places For People Leisure,PLACES FOR PEOPLE,38,debit,plaid,CHILDCARE_AND_EDUCATION_CHILDCARE_AND_EDUCATION,new,,sports_participation,gym_fitness,gym_fitness,Places Leisure payment is consistent with a leisure/gym membership.
easyJet,EASYJET,48,debit,plaid,TRAVEL_AND_TRANSPORTATION_FLIGHTS,new,,flights,flights,flights,
Deliveroo,DELIVEROO,17.01,debit,plaid,DINING_DINING,new,,takeaway,takeaway,takeaway,
Voxi,WWW.VOXI.CO.UK  ON 25 JUN BCC,10,debit,plaid,RENT_AND_UTILITIES_TELECOMMUNICATIONS,new,,mobile_phone_contract,mobile_phone_contract,mobile_phone_contract,
Octopus Energy,OCTOPUS ENERGY LTD,4,debit,plaid,RENT_AND_UTILITIES_OTHER_UTILITIES,new,,energy,energy,energy,
DPAS,DPAS LIMITED,19.85,debit,plaid,MEDICAL_DENTAL_AND_VISION,new,,pharmacy,dentist,dentist,DPAS administers dental payment plans.
Klarna,KLARNA FSUK,7.83,debit,plaid,LOAN_PAYMENTS_BNPL_AND_EWA,new,,bnpl,bnpl,bnpl,
KFC,KFC(GB)LTD-DISBURS195 KFC GB LTD    FP 30/06/25 0307  16030726784522000N195 KFC GB LTD,-619.52,credit,plaid,INCOME_SALARY,new,,takeaway,salary,salary,Credit is identified as salary and narrative says KFC disbursement.
Pc Staysure,PC/STAYSURE  04AEOV6294/011/114 DDR,12.72,debit,plaid,TRAVEL_AND_TRANSPORTATION_LODGING,new,,insurance_travel,insurance_travel,insurance_travel,
Council,Returned direct debit COUNCIL TAX 074456 13047253,-24.7,credit,plaid,TAX_REFUND_TAX_REFUND,new,,returned_payment,returned_payment,returned_payment,
Lbth Council,LBTH COUNCIL TAX 01      1000948927,130,debit,plaid,INSURANCE_AND_TAX_TAX_PAYMENT,new,,council_tax,council_tax,council_tax,
HMRC,HMRC NDDS 108602902772365089,28,debit,plaid,INSURANCE_AND_TAX_TAX_PAYMENT,new,,tax_payment,tax_payment,tax_payment,
Preen And Clean Hu,PREEN AND CLEAN HU 600000001598251917,12,debit,plaid,PERSONAL_CARE_OTHER_PERSONAL_CARE,new,,cleaning_services,cleaning_services,cleaning_services,
Legal & General,L&g Assce Soc Ltd Legal & General,20.2,debit,plaid,GENERAL_SERVICES_CONSULTING_AND_LEGAL_SERVICES,new,,insurance_general,insurance_life,insurance_life,Small recurring Legal & General debit is consistent with life/protection insurance.
Reading Transport Limited,Contactless Payment READING TRANSPORT LIMITED,4.3,debit,plaid,TRAVEL_AND_TRANSPORTATION_PUBLIC_TRANSIT,new,,public_transport_rail_coach,public_transport_rail_coach,public_transport_rail_coach,
Serco Leisure Oper,SERCO LEISURE OPER A/HW111759,13.75,debit,plaid,ENTERTAINMENT_EVENTS_AND_TICKETS,new,,days_out,gym_fitness,gym_fitness,Serco Leisure recurring payment is consistent with a leisure/gym membership.
Wowcher,Wowcher,22.99,debit,plaid,GENERAL_MERCHANDISE_ONLINE_MARKETPLACES,new,,marketplace_general,experience_days,marketplace_general,Wowcher is a deals marketplace; the purchase is not specifically an experience.
The Beach Hut,The Beach Hut,2,debit,plaid,TRAVEL_AND_TRANSPORTATION_LODGING,new,,unclassified_other,unclassified_other,restaurant_cafe,Small purchase at The Beach Hut is most consistent with a café.
Intrum Uk,INTRUM UK CS/2616501,1,debit,plaid,LOAN_PAYMENTS_OTHER,new,,debt_collection,debt_collection,debt_collection,
Uber,9742 20AUG25      UBER   *TRIP      HELP.UBER.COM GB,11.44,debit,plaid,TRAVEL_AND_TRANSPORTATION_TAXIS_AND_RIDE_SHARES,new,,taxi_rideshare,taxi_rideshare,taxi_rideshare,
Cofee Marrakech,COFEE MARRAKECH  ON 06 AUG CPM,8,debit,plaid,BANK_FEES_ATM,new,,restaurant_cafe,restaurant_cafe,restaurant_cafe,
Translink,"TRANSLINK FARE CHARGE (VIA APPLE PAY), ON 06-08-2025",2.3,debit,plaid,TRAVEL_AND_TRANSPORTATION_PUBLIC_TRANSIT,new,,public_transport_rail_coach,public_transport_rail_coach,public_transport_rail_coach,
Starbucks,STARBUCKS         LONDON,5.55,debit,plaid,DINING_COFFEE,new,,restaurant_cafe,restaurant_cafe,restaurant_cafe,
Window Cleaner,WINDOW CLEANER 200000001637939848,8,debit,plaid,PERSONAL_CARE_OTHER_PERSONAL_CARE,new,,cleaning_services,cleaning_services,cleaning_services,
Uber,ZILCH UBER * EATS  ON 19 JUL BCC ZILCH UBER   * EATS PE,-4.31,credit,plaid,LOAN_DISBURSEMENTS_STUDENT,new,,bnpl,takeaway,refund_received,Zilch Uber Eats credit. Every other Zilch credit in the shard was labelled refund_received. takeaway is spend.
Canterbury City Intern,Visa purchase CANTERBURY CITY INTERN,400,debit,plaid,TRAVEL_AND_TRANSPORTATION_FLIGHTS,new,,unclassified_other,unclassified_other,education_general,Canterbury City International is associated with education; £400 is consistent with an education payment.
Svl Leisure Limite,Svl Leisure Limite,8.8,debit,plaid,ENTERTAINMENT_EVENTS_AND_TICKETS,new,,entertainment_other,entertainment_other,entertainment_other,
Atkins School Of M,ATKINS SCHOOL OF M 100000001629078372,96,debit,plaid,CHILDCARE_AND_EDUCATION_CHILDCARE_AND_EDUCATION,new,,childcare,education_general,driving_tuition,Atkins School of M is a truncated School of Motoring descriptor.
AliExpress,"CARD PAYMENT TO ALIEXPRESS.COM ,894.21 LKR, RATE 0.0024/GBP ON 27-07-2025",2.21,debit,plaid,GENERAL_MERCHANDISE_ONLINE_MARKETPLACES,new,,marketplace_general,marketplace_general,marketplace_general,
Cash Convert Ers Byker,CASH CONVERTERS BY,55.25,debit,plaid,BANK_FEES_ATM,new,,pawnbroker,pawnbroker,pawnbroker,
Electronic First Fz Ll,Electronic First F U.A.EMIRATES ON 28 JUL BCC ELECTRONIC FIRST FZ LL,11.76,debit,plaid,TRAVEL_AND_TRANSPORTATION_FLIGHTS,new,,unclassified_other,unclassified_other,gaming_console_pc,Electronic First sells digital game keys and gaming subscriptions.
Council Tax,REVERSAL OF 28-07 COUNCIL TAX,-95,credit,plaid,TAX_REFUND_TAX_REFUND,new,,council_tax,council_tax,returned_payment,Narrative explicitly says REVERSAL of council-tax payment.
Toolstation,TOOLSTATION UK  ON 22 SEP BCC,11.68,debit,plaid,GENERAL_MERCHANDISE_FURNITURE_AND_HARDWARE,new,,tools,tools,tools,
Zilch,ZILCH INSTALMENT  ON 25 JUL BCC,-16.48,credit,plaid,LOAN_DISBURSEMENTS_STUDENT,new,,bnpl,bnpl,refund_received,Zilch instalment credit is most consistent with an instalment refund.
Wizz Air,INT'L 0064837503  Wizz Air MalMI7RKFValetta           EUR 271.97        @1.1453 Visa Rate,237.46,debit,plaid,TRAVEL_AND_TRANSPORTATION_FLIGHTS,new,,flights,flights,flights,
Jsm Vending,Jsm Vending,1.1,debit,plaid,FOOD_RETAIL_OTHER,new,,unclassified_other,convenience_store,confectionary,Small vending-machine purchase; product is not specified.
Lowtownstore Limited,LOWTOWNSTORE LIMIT,6.98,debit,plaid,INTEREST_PAYMENTS_INTEREST_CHARGED,new,,unclassified_other,unclassified_other,retail_small_independent,Lowtownstore is a retail merchant; native interest category is spurious.
Savers Health & Be,SAVERS HEALTH & BEMIDDLESEX,21.01,debit,plaid,MEDICAL_PHARMACIES_AND_SUPPLEMENTS,new,,pharmacy,pharmacy,health_beauty_general,"Savers is a health-and-beauty retailer, not specifically a pharmacy."
Monzo,MONZO             Overdraft,291.87,debit,plaid,BANK_PENALTIES_CASH_ADVANCE_AND_OVERDRAFT_FEES,new,,overdraft_arranged,overdraft_unarranged,overdraft_arranged,Monzo offers arranged overdrafts; narrative does not evidence an unarranged facility.
Oculus,Oculus,7.99,debit,plaid,GENERAL_MERCHANDISE_COMPUTERS_AND_ELECTRONICS,new,,gaming_console_pc,gaming_console_pc,gaming_console_pc,
Virgin Media,Virgin Media,30,debit,plaid,RENT_AND_UTILITIES_INTERNET_AND_CABLE,new,,broadband_tv_phone,broadband_tv_phone,broadband_tv_phone,
PureGym,Pure Gym Ltd PureGym,25.99,debit,plaid,PERSONAL_CARE_GYMS_AND_FITNESS_CENTERS,new,,gym_fitness,gym_fitness,gym_fitness,
The Lexington,The Lexington,2,debit,plaid,GENERAL_SERVICES_CONSULTING_AND_LEGAL_SERVICES,new,,unclassified_other,pub_bar,pub_bar,The Lexington is a pub/live-music venue; small amount is consistent with bar spend.
Susan Jones,SUSAN JONES  00 FT,20,debit,plaid,MEDICAL_PRIMARY_CARE,new,,unclassified_other,unclassified_other,transfer_p2p,Payment to a named individual.
easyJet,EASYJET IN F AMOUNT IN EUR 9.75 ON 04 AUG VISA 1.14353 FINAL GBP AMOUNT INCLUDES NON-STERLING TRANS FEE £0.26 CPM EASYJET DNATA IN FLIGH,8.79,debit,plaid,TRAVEL_AND_TRANSPORTATION_FLIGHTS,new,,flights,flights,airport_spend,Narrative identifies an easyJet in-flight purchase rather than the flight fare.
Monzo,"PAUL FAKIR SENT FROM MONZO PAEEF6E2TH5WA4QSNP SENT FROM MONZO,PAEEF6E2TH5WA4QSNP",-30,credit,plaid,TRANSFER_IN_OTHER,new,,transfer_p2p,transfer_p2p,transfer_p2p,
Marks & Spencer,Visa purchase MARKS&SPENCER PLC 2025-09-28,100.1,debit,plaid,GENERAL_MERCHANDISE_DEPARTMENT_STORES,new,,department_store,department_store,department_store,
Cd Evology,8384 08OCT25 CD   EVOLOGY KIOSK     CHORLEY GB,3.4,debit,plaid,PERSONAL_CARE_OTHER_PERSONAL_CARE,new,,health_beauty_general,unclassified_other,car_parking,Evology is a parking payment service; kiosk descriptor and Chorley address support parking.
Elios,Elios  ON 06 SEP CPM ELIOS,10.8,debit,plaid,DINING_DINING,new,,restaurant_cafe,restaurant_cafe,restaurant_cafe,
Clearpay,1425 23SEP25      CLEARPAY          MANCHESTER GB,8.87,debit,plaid,LOAN_PAYMENTS_BNPL_AND_EWA,new,,bnpl,bnpl,bnpl,
Shemed,Shemed,99,debit,plaid,MEDICAL_PRIMARY_CARE,new,,unclassified_other,medicine,weight_loss,"SheMed is a clinician-led GLP-1 weight-loss programme (Wegovy/Mounjaro), advertised around £59–£99."
Cd The Harbour Inn Gar,9047 24JUN25 CD   THE HARBOUR INN   GARLIESTON GB,115.7,debit,plaid,TRAVEL_AND_TRANSPORTATION_LODGING,new,,accommodation,accommodation,accommodation,
Capital One,Direct debit CAPITAL ONE 400250 81077082,47.78,debit,plaid,LOAN_PAYMENTS_CREDIT_CARD_PAYMENT,new,,credit_card_repayment,credit_card_repayment,credit_card_repayment,
Usebounce,BOUNCE - USEBOUNCE,19.1,debit,plaid,BANK_PENALTIES_INSUFFICIENT_AND_LATE_FEES,new,,unclassified_other,account_charge,storage,Bounce provides short-term luggage storage.
Intrum Uk,INTRUM UK,5,debit,plaid,LOAN_PAYMENTS_OTHER,new,,debt_collection,debt_collection,debt_collection,
Mill View Primary Scho,Mill View Primary  ON 23 SEP BCC MILL VIEW PRIMARY SCHO,8.25,debit,plaid,CHILDCARE_AND_EDUCATION_CHILDCARE_AND_EDUCATION,new,,school_fees,school_fees,school_fees,
Utility Warehouse,UTILITY WAREHOUSE  2050221/2050221/23 DDR Utility Warehouse,81,debit,plaid,RENT_AND_UTILITIES_OTHER_UTILITIES,new,,utility_other,utility_other,utility_other,
Uber,UBR* PENDING.UBER.,24.96,debit,plaid,TRAVEL_AND_TRANSPORTATION_TAXIS_AND_RIDE_SHARES,new,,taxi_rideshare,taxi_rideshare,taxi_rideshare,
Rbwm,Returned direct debit RBWM COUNCIL TAX 070806 01052737,-135,credit,plaid,TAX_REFUND_TAX_REFUND,new,,council_tax,council_tax,returned_payment,Narrative explicitly says Returned direct debit.
Legal & General,L&G INSURANCE MI  0251618617-250929 DDR Legal & General,6.08,debit,plaid,GENERAL_SERVICES_CONSULTING_AND_LEGAL_SERVICES,new,,insurance_general,insurance_life,insurance_life,Small recurring Legal & General debit is consistent with life/protection insurance.
Cash Convert Ers Yorkshir,Cash Converters Yorksh,26,debit,plaid,BANK_FEES_ATM,new,,pawnbroker,pawnbroker,pawnbroker,
Octopus Energy,OCTOPUS ENERGY,150,debit,plaid,RENT_AND_UTILITIES_OTHER_UTILITIES,new,,energy,energy,energy,
Rcn,RCN 0000569409-0011025,34.14,debit,plaid,RENT_AND_UTILITIES_INTERNET_AND_CABLE,new,,unclassified_other,broadband_tv_phone,trade_union,RCN is the Royal College of Nursing professional body and trade union.
Bumble,PAYPAL *BUMBLE,17.14,debit,plaid,PERSONAL_CARE_OTHER_PERSONAL_CARE,new,,online_dating,online_dating,online_dating,
Mandy Prime,Payment to MANDY PRIME 110575 12483069,44.14,debit,plaid,TRANSFER_OUT_OTHER,new,,transfer_p2p,transfer_p2p,transfer_p2p,
United Utilities,UNITED UTILITIES W 4319851435,44.05,debit,plaid,RENT_AND_UTILITIES_WATER,new,,water,water,water,
Nutmeg,NUTMEG  29HS8V3 DDR Nutmeg,35,debit,plaid,TRANSFER_OUT_INVESTMENT_AND_RETIREMENT_FUNDS,new,,investment_general,investment_general,investment_general,
Areas S.a.u.,AREAS S.A.U. SPAIN AMOUNT IN EUR 3.60 ON 02 AUG VISA 1.145161 FINAL GBP AMOUNT INCLUDES NON-STERLING TRANS FEE £0.09 ,3.23,debit,plaid,BANK_FEES_OTHER_BANK_FEES,new,,foreign_spend_unspecified,foreign_spend_unspecified,foreign_spend_unspecified,
Klarna,Klarna*boohoo.co.u  ON 13 JUL BCC KLARNA*BOOHOO.CO.UK,-3.99,credit,plaid,LOAN_DISBURSEMENTS_BNPL_AND_EWA,new,,bnpl,bnpl,refund_received,Klarna credit naming Boohoo is most consistent with a purchase refund.
Lloyds Bank,CLUB LLOYDS FEE,5,debit,plaid,BANK_FEES_OTHER_BANK_FEES,new,,account_charge,account_charge,account_charge,
Activities Away,ACTIVITIES AWAY  ON 11 AUG BCC,5,debit,plaid,ENTERTAINMENT_EVENTS_AND_TICKETS,new,,experience_days,days_out,experience_days,Activities Away provides bookable outdoor and water-sports experiences.
Octopus Energy,OCTOPUS ENERGY,150,debit,plaid,RENT_AND_UTILITIES_OTHER_UTILITIES,new,,energy,energy,energy,
Intuit Limited,INTUIT LIMITED    00017NGD6S677-0001,39.6,debit,plaid,GENERAL_SERVICES_ACCOUNTING_AND_FINANCIAL_SERVICES,new,,software,software,software,
Diamond Discounts An,Diamond Discounts an )))),4.2,debit,plaid,INTEREST_PAYMENTS_INTEREST_CHARGED,new,,unclassified_other,interest_charged,discount_store,Merchant name indicates a discount retailer; interest native category is spurious.
Post And Parcel,CARD PAYMENT TO POST AND PARCEL 3 BIRM ON 09-08-2025,204,debit,plaid,GENERAL_SERVICES_OTHER_SERVICES,new,,delivery_courier,delivery_courier,delivery_courier,
Victoria Smk,Victoria Smk L,15.74,debit,plaid,GENERAL_MERCHANDISE_FURNITURE_AND_HARDWARE,new,,unclassified_other,unclassified_other,unclassified_other,Victoria SMK descriptor could not be resolved confidently.
Legal & General,L&G INSURANCE MI  0225612118-251003 DDR Legal & General,8.85,debit,plaid,GENERAL_SERVICES_CONSULTING_AND_LEGAL_SERVICES,new,,insurance_general,insurance_life,insurance_life,Small recurring Legal & General debit is consistent with life/protection insurance.
Keys Totton,KEYS TOTTON  ON 06 JUL CPM 23375 - KEYS TOTTON -,6.57,debit,plaid,TRAVEL_AND_TRANSPORTATION_OTHER_TRAVEL_AND_TRANSPORTATION,new,,unclassified_other,fuel,pub_bar,Keys Totton is a public house; fuel inference is unsupported.
Three Moto,Three  Moto,17.65,debit,plaid,GENERAL_SERVICES_OTHER_SERVICES,new,,mobile_phone_contract,mobile_phone_contract,mobile_phone_contract,
Jack's,Jack's Savings pot transfer,-10,credit,plaid,TRANSFER_IN_SAVINGS,new,,savings_transfer,savings_transfer,savings_transfer,
Revolut,Daria Czekajska   To Revolut -YGQM-,200,debit,plaid,TRANSFER_OUT_TRANSFER_OUT_FROM_APPS,new,,transfer_own_account,transfer_own_account,transfer_own_account,
H K Discount Store,H K DISCOUNT STORE,1,debit,plaid,GENERAL_MERCHANDISE_DISCOUNT_STORES,new,,discount_store,discount_store,discount_store,
Dvla-vn,DVLA-VN65DLO  000000000066882672 DDR,1.75,debit,plaid,GOVERNMENTS_AND_NON_PROFIT_GOVERNMENTS_AND_NON_PROFIT,new,,road_tax,road_tax,road_tax,
Easy Saver,TO Easy Saver 772208-30979568,350,debit,plaid,TRANSFER_OUT_SAVINGS,new,,savings_transfer,savings_transfer,savings_transfer,
Sky Tv,SKY TV  ON 19 AUG BCC,26.57,debit,plaid,RENT_AND_UTILITIES_INTERNET_AND_CABLE,new,,broadband_tv_phone,broadband_tv_phone,broadband_tv_phone,
Uber,"CHARLIE PERROW UBER       27JUL25 93781413527410796 UBER       27JUL25,93781413527410796",-30,credit,plaid,INCOME_OTHER,new,,taxi_rideshare,taxi_rideshare,transfer_p2p,"Credit identifies a named individual with Uber as the reference, not a merchant card transaction."
Willowbrook Hospice,Willowbrook Hospice,3,debit,plaid,MEDICAL_OTHER_MEDICAL,new,,charitable_donation,charitable_donation,charitable_donation,
Council Tax,REVERSAL OF 30-06 COUNCIL TAX,-116,credit,plaid,TAX_REFUND_TAX_REFUND,new,,council_tax,council_tax,returned_payment,Narrative explicitly says REVERSAL of council-tax payment.
Zilch,Visa credit ZILCH WWW.DUNELONDON.COM,-49.27,credit,plaid,LOAN_DISBURSEMENTS_CASH_ADVANCES,new,,bnpl,bnpl,refund_received,Visa credit from Zilch names Dune London and is most consistent with a purchase refund.
Ryanair,Ryanair,91.57,debit,plaid,TRAVEL_AND_TRANSPORTATION_FLIGHTS,new,,flights,flights,flights,
Nrhealthandfitness,"NYX*NRHEALTHANDFITNESS (VIA APPLE PAY), ON 05-07-2025",2.5,debit,plaid,PERSONAL_CARE_GYMS_AND_FITNESS_CENTERS,new,,gym_fitness,gym_fitness,gym_fitness,
Savers Health & Beauty,Contactless Payment SAVERS HEALTH & BEAUTY APPLEPAY 8561,31.92,debit,plaid,PERSONAL_CARE_HAIR_AND_BEAUTY,new,,pharmacy,pharmacy,health_beauty_general,"Savers is a health-and-beauty retailer, not specifically a pharmacy."
Dvla-j,DVLA-J24HUG  000000000062048784 DDR,29.31,debit,plaid,GOVERNMENTS_AND_NON_PROFIT_GOVERNMENTS_AND_NON_PROFIT,new,,road_tax,road_tax,road_tax,
Coinbase,VISA DIRECT PAYMENT Coinbase ON 20 AUG CRE,-4.45,credit,plaid,TRANSFER_IN_INVESTMENT_AND_RETIREMENT_FUNDS,new,,crypto,crypto,crypto,
Microsoft,MICROSOFT*STORE  ON 12 SEP BCC,1,debit,plaid,GENERAL_MERCHANDISE_COMPUTERS_AND_ELECTRONICS,new,,software,software,software,
easyJet,Visa purchase EASYJET K9XJ2DN,261.44,debit,plaid,TRAVEL_AND_TRANSPORTATION_FLIGHTS,new,,flights,flights,flights,
Heron Foods,HERON FOODS MARSH,17.48,debit,plaid,FOOD_RETAIL_GROCERIES,new,,groceries,groceries,groceries,
Ipvanish,IPVANISH 840          15.59 VISAXR   1.35095 CD 3021 15JUN25,11.54,debit,plaid,GENERAL_SERVICES_OTHER_SERVICES,new,,web_services,web_services,web_services,
Capital One,CAPITAL ONE                           REFERENCE: XXXXXXXXXXXX0615,9.89,debit,plaid,LOAN_PAYMENTS_CREDIT_CARD_PAYMENT,new,,credit_card_repayment,credit_card_repayment,credit_card_repayment,
Thames Water,Thames Water,60,debit,plaid,RENT_AND_UTILITIES_WATER,new,,water,water,water,
Monzo,MONZO             Overdraft,265,debit,plaid,BANK_PENALTIES_CASH_ADVANCE_AND_OVERDRAFT_FEES,new,,overdraft_arranged,overdraft_unarranged,overdraft_arranged,Monzo offers arranged overdrafts; narrative does not evidence an unarranged facility.
Pets At Home,PETS AT HOME LTD,23.9,debit,plaid,PET_CARE_AND_SUPPLIES_PET_SUPPLIES,new,,pet_supplies,pet_supplies,pet_supplies,
Hpi Instant Ink Uk,HPI INSTANT INK UK,1.79,debit,plaid,GOVERNMENTS_AND_NON_PROFIT_OTHER_GOVERNMENTS_AND_NON_PROFIT,new,,printing_supplies,printing_supplies,printing_supplies,
Zilch,ZILCH * Vinted  ON 20 JUL BCC ZILCH *      VINTED,-15.18,credit,plaid,LOAN_DISBURSEMENTS_STUDENT,new,,bnpl,bnpl,refund_received,Zilch credit naming Vinted is most consistent with a purchase refund.
Bizlend LTD,BIZLEND LTD GBP AC BIZLEND3421,214.92,debit,plaid,LOAN_PAYMENTS_CASH_ADVANCES,new,,personal_loan_repayment,business_loan_repayment,business_loan_repayment,Bizlend is a business lender.
Larkdance Studios Limi,5377 31JUL25  D   LARKDANCE STUDIOS LIMI              MANCHESTER GB,30,debit,plaid,PERSONAL_CARE_GYMS_AND_FITNESS_CENTERS,new,,gym_fitness,gym_fitness,sports_participation,"Dance-studio payment is participation in an activity, not a general gym membership."
West Lothian Leisu,Direct debit WEST LOTHIAN LEISU 070436 21919402,21.95,debit,plaid,LOAN_PAYMENTS_STUDENT_LOAN_PAYMENT,new,,gym_fitness,gym_fitness,gym_fitness,
Monzo,Afzal  Mk MONZO,-10,credit,plaid,TRANSFER_IN_OTHER,new,,transfer_mobile_app,transfer_own_account,transfer_p2p,"Incoming Monzo transfer identifies a named person, so own-account ownership is not supported."
Dividends Gareth Jenkins,Dividends Gareth Jenkins,557,debit,plaid,INTEREST_PAYMENTS_INTEREST_CHARGED,new,,dividend_received,dividend_received,transfer_p2p,Outbound transfer to a named person with dividend reference; dividend_received contradicts debit direction.
Fitness And Physique,Fitness And Physique,13.4,debit,plaid,PERSONAL_CARE_GYMS_AND_FITNESS_CENTERS,new,,gym_fitness,gym_fitness,gym_fitness,
Tgtg,TGTG 7qmt189epmac0,6,debit,plaid,GENERAL_MERCHANDISE_SUPERSTORES,new,,takeaway,takeaway,takeaway,
Revolut,"MUHAMMAD USMAN KHA SENT FROM REVOLUT REV548249318767654 10AUG25 SENT FROM REVOLUT,REV548249318767654",-376,credit,plaid,TRANSFER_IN_TRANSFER_IN_FROM_APPS,new,,transfer_own_account,transfer_p2p,transfer_p2p,Incoming Revolut transfer from a named person.
Cd Wh Smith Black Pool Vic,1318 10OCT25 CD   WH SMITH BLACKPOOLVIC               BLACKPOOL GB,1.39,debit,plaid,GENERAL_SERVICES_HOME_IMPROVEMENT_SERVICES,new,,books,books,books,
PRA Group,PRA GROUP UK LIMI  1396153 STO PRA Group,3,debit,plaid,LOAN_PAYMENTS_OTHER,new,,debt_collection,debt_collection,debt_collection,
Dvla,000000000071346270 DVLA,30.18,debit,plaid,GOVERNMENTS_AND_NON_PROFIT_GOVERNMENTS_AND_NON_PROFIT,new,,road_tax,road_tax,road_tax,
Circuit Go,Circuit Go,2.3,debit,plaid,FOOD_RETAIL_OTHER,new,,unclassified_other,unclassified_other,laundry,Circuit Go is a managed laundry-payment platform.
Miss Amani K Musht,MISS AMANI K MUSHT 200000001612555609,140,debit,plaid,TRANSFER_OUT_OTHER,new,,transfer_p2p,transfer_p2p,transfer_p2p,
Dimond Stores,DIMOND STORES  ON 27 JUL CLP,5,debit,plaid,GENERAL_MERCHANDISE_ONLINE_MARKETPLACES,new,,unclassified_other,unclassified_other,convenience_store,Merchant name indicates a local store.
Reddish Discount,CARD PAYMENT TO REDDISH DISCOUNT BARGA ON 28-08-2025,9.2,debit,plaid,GENERAL_MERCHANDISE_DISCOUNT_STORES,new,,discount_store,discount_store,discount_store,
Lunesdale Bakery,Lunesdale Bakery,2.95,debit,plaid,DINING_OTHER_DINING,new,,groceries_specialist,restaurant_cafe,restaurant_cafe,Lunesdale Bakery is an artisan bakery with tea rooms.
Jason Philo Xxx,JASON PHILO       XXX               VIA MOBILE - PYMT FP 27/06/25 10    54103648422981000N,30,debit,plaid,ENTERTAINMENT_MUSIC_VIDEO_GAMES_TV_AND_MOVIES,new,,transfer_p2p,transfer_p2p,transfer_p2p,
Donations Nfg,"GOOGLE DONATIONS NFG (VIA GOOGLE PAY), ON 10-09-2025",2,debit,plaid,GOVERNMENTS_AND_NON_PROFIT_DONATIONS,new,,charitable_donation,charitable_donation,charitable_donation,
SKY,SKY TV 00624775464420,35,debit,plaid,ENTERTAINMENT_MUSIC_VIDEO_GAMES_TV_AND_MOVIES,new,,broadband_tv_phone,broadband_tv_phone,broadband_tv_phone,
Gentoo Group Limit,GENTOO GROUP LIMIT  ON 01 AUG BCC,300,debit,plaid,BANK_PENALTIES_INSUFFICIENT_AND_LATE_FEES,new,,rent,rent,rent,
Better,PENDING WWW.BETTER.ORG.UK,8.3,debit,plaid,GOVERNMENTS_AND_NON_PROFIT_DONATIONS,new,,charitable_donation,charitable_donation,gym_fitness,"better.org.uk is the Better leisure-centre network, not a donation site."
Assurant Auk,ASSURANT AUK00000286538,11.99,debit,plaid,LOAN_PAYMENTS_STUDENT_LOAN_PAYMENT,new,,insurance_other,insurance_other,insurance_other,
Babyclinic,Babyclinic,49,debit,plaid,MEDICAL_PRIMARY_CARE,new,,health_other,baby_products,health_other,"Babyclinic and primary-care native category indicate a clinic service, not a retail baby product."
Asda,3193 07JUN25 CD   ASDA STORE 4706   NEWTON HEATH GB,6.19,debit,plaid,FOOD_RETAIL_GROCERIES,new,,groceries,groceries,groceries,
Blue Motor Finance,BLUE MOTOR FINAN,216.88,debit,plaid,LOAN_PAYMENTS_PERSONAL_LOAN_PAYMENT,new,,car_finance_repayment,car_finance_repayment,car_finance_repayment,
A Rookes Amy,A Rookes          Amy,100,debit,plaid,DINING_OTHER_DINING,new,,unclassified_other,transfer_p2p,transfer_p2p,Payment to a named individual.
White Lion,WHITE LION (FRENCH,5.6,debit,plaid,DINING_WINE_BARS_AND_PUBS,new,,pub_bar,pub_bar,pub_bar,
All Star Soccer,ALL  STAR SOCCER W 500000001603282150,50,debit,plaid,ENTERTAINMENT_EVENTS_AND_TICKETS,new,,sports_participation,sports_participation,sports_participation,
Uber,Uber,-8.49,credit,plaid,INCOME_OTHER,new,,taxi_rideshare,refund_received,refund_received,Small Uber credit is most consistent with a ride refund.
Bounce No1 LTD,BOUNCE NO1 LTD,3.5,debit,plaid,BANK_PENALTIES_INSUFFICIENT_AND_LATE_FEES,new,,unclassified_other,unclassified_other,days_out,Bounce is a social ping-pong/leisure venue.
Monzo,MONZO             Overdraft,950,debit,plaid,BANK_PENALTIES_CASH_ADVANCE_AND_OVERDRAFT_FEES,new,,overdraft_arranged,overdraft_unarranged,overdraft_arranged,Monzo offers arranged overdrafts; narrative does not evidence an unarranged facility.
O2,O2 pot transfer,-2.37,credit,plaid,TRANSFER_IN_SAVINGS,new,,transfer_own_account,savings_transfer,savings_transfer,Narrative explicitly says pot transfer.
Pj's,PJ's,16,debit,plaid,ENTERTAINMENT_CASINOS_AND_GAMBLING,new,,unclassified_other,unclassified_other,gambling_unspecified,Native category identifies gambling but the exact gambling type is unclear.
Scott Veterinary Clinic,SCOTT VETERINARY C,70.95,debit,plaid,PET_CARE_AND_SUPPLIES_VETERINARY_SERVICES,new,,veterinary,veterinary,veterinary,
Bp Phoenix Filling Stat,BP PHOENIX FILLING,10,debit,plaid,TRAVEL_AND_TRANSPORTATION_OTHER_TRAVEL_AND_TRANSPORTATION,new,,fuel,fuel,fuel,
T J Morris LTD,T J MORRIS LTD  ON 29 JUL CPM,21.22,debit,plaid,GENERAL_MERCHANDISE_DEPARTMENT_STORES,new,,discount_store,discount_store,discount_store,
Uber,Uber * Pending,7.92,debit,plaid,TRAVEL_AND_TRANSPORTATION_TAXIS_AND_RIDE_SHARES,new,,taxi_rideshare,taxi_rideshare,taxi_rideshare,
Spotify,Spotify P38CE78C23,5.99,debit,plaid,ENTERTAINMENT_MUSIC_VIDEO_GAMES_TV_AND_MOVIES,new,,streaming,streaming,streaming,
Natwest Loan,NATWEST LOAN,201.23,debit,plaid,LOAN_PAYMENTS_PERSONAL_LOAN_PAYMENT,new,,loan_repayment_manual,personal_loan_repayment,personal_loan_repayment,Narrative explicitly states NATWEST LOAN.
Klarna,klarna pot transfer,-3.15,credit,plaid,TRANSFER_IN_SAVINGS,new,,transfer_own_account,savings_transfer,savings_transfer,Narrative explicitly says pot transfer.
Nest Client,Returned direct debit NEST CLIENT ACCOUN 070806 30658407,-74,credit,plaid,GENERAL_SERVICES_RELIGIOUS_SERVICES,new,,pension_contribution,pension_contribution,returned_payment,Narrative explicitly says Returned direct debit.
Uber,Uber,10.73,debit,plaid,TRAVEL_AND_TRANSPORTATION_TAXIS_AND_RIDE_SHARES,new,,taxi_rideshare,taxi_rideshare,taxi_rideshare,
Miniml Refills,SP MINIML REFILLS  ON 09 SEP BCC,33.72,debit,plaid,LOAN_PAYMENTS_STUDENT_LOAN_PAYMENT,new,,unclassified_other,groceries_specialist,retail_other,Miniml Refills sells household cleaning and personal-care refills; no more specific product is shown.
Uw Ppm Top Up,UW PPM TOP UP  ON 08 OCT BCC,30,debit,plaid,RENT_AND_UTILITIES_RENT,new,,unclassified_other,energy,energy,UW prepaid-meter top-up is an energy payment.
Bp Camelot Garage,BP CAMELOT GARAGE,74.28,debit,plaid,TRAVEL_AND_TRANSPORTATION_OTHER_TRAVEL_AND_TRANSPORTATION,new,,fuel,fuel,fuel,
Kings Pawfection,Payment to KINGS PAWFECTION L 206815 83739589,282,debit,plaid,PET_CARE_AND_SUPPLIES_PET_SUPPLIES,new,,pet_supplies,pet_supplies,pet_other,Kings Pawfection is most consistent with pet grooming/care rather than supplies.
Coinbase,VISA DIRECT PAYMENT Coinbase ON 15 SEP CRE,-88.2,credit,plaid,TRANSFER_IN_INVESTMENT_AND_RETIREMENT_FUNDS,new,,crypto,crypto,crypto,
Window Cleaner,"MOB, Window Cleaner, 46 walverden road",14,debit,plaid,PERSONAL_CARE_OTHER_PERSONAL_CARE,new,,home_repair,cleaning_services,cleaning_services,Narrative explicitly identifies a window cleaner.
Agoda,3104 05OCT25      AGODA.COM IBIS    LONDO             INTERNET DE       REFUND,-38.81,credit,plaid,TAX_REFUND_TAX_REFUND,new,,refund_received,accommodation,refund_received,Narrative explicitly states an Agoda hotel refund.
Lloyds Bank,CLUB LLOYDS FEE,5,debit,plaid,BANK_FEES_OTHER_BANK_FEES,new,,account_charge,account_charge,account_charge,
Revolut,Courtney Hatcher & Jack Houghton         Sent from Revolut,-120,credit,plaid,TRANSFER_IN_TRANSFER_IN_FROM_APPS,new,,transfer_mobile_app,transfer_p2p,transfer_p2p,Incoming Revolut transfer from named people.
Sean Philburn Powe None,SEAN PHILBURN POWE  NONE FT,15,debit,plaid,TRANSFER_OUT_INVESTMENT_AND_RETIREMENT_FUNDS,new,,unclassified_other,unclassified_other,transfer_p2p,"SEAN PHILBURN POWE NONE FT is a Faster Payment to a named individual (Sean Philburn-Powell), i.e. transfer_p2p."
United Utilities,UNITED UTILITIES W,36.05,debit,plaid,RENT_AND_UTILITIES_WATER,new,,water,water,water,
North Park Convenience,North Park Convenience,2,debit,plaid,GENERAL_MERCHANDISE_CONVENIENCE_STORES,new,,convenience_store,convenience_store,convenience_store,
HMRC,HMRC NDDS  800607451804031840 DDR,133.64,debit,plaid,INSURANCE_AND_TAX_TAX_PAYMENT,new,,tax_payment,tax_payment,tax_payment,
Big Discount Dewsbury,BIG DISCOUNT DEWSBDEWSBURY,14.48,debit,plaid,GENERAL_MERCHANDISE_DISCOUNT_STORES,new,,discount_store,discount_store,discount_store,
Salutation,The Salutation Tynemou,10.4,debit,plaid,TRAVEL_AND_TRANSPORTATION_LODGING,new,,pub_bar,accommodation,pub_bar,The Salutation Tynemouth is a pub; small amount is not accommodation.
Revolut,9144 22JUL25  D   REVOLUT**3959*    LONDON GB,10,debit,plaid,TRANSFER_OUT_TRANSFER_OUT_FROM_APPS,new,,transfer_own_account,transfer_own_account,transfer_own_account,
Zilch,ZILCH INSTALMENT  ON 17 MAY BCC,-7.73,credit,plaid,LOAN_DISBURSEMENTS_OTHER,new,,bnpl,bnpl,refund_received,Zilch instalment credit is most consistent with an instalment refund.
CO-OP,CO-OP GROUP 070033,7,debit,plaid,FOOD_RETAIL_GROCERIES,new,,groceries,groceries,groceries,
John Lewis & Partners,JOHN LEWIS PENSION,-108.57,credit,plaid,INCOME_GOVERNMENT_INCOME,new,,pension_received,pension_received,pension_received,
British Gas,BRITISH GAS,70,debit,plaid,RENT_AND_UTILITIES_GAS_AND_ELECTRICITY,new,,energy,energy,energy,
Assurant Auk,ASSURANT AUK00000271934,8.99,debit,plaid,LOAN_PAYMENTS_STUDENT_LOAN_PAYMENT,new,,insurance_other,insurance_other,insurance_other,
Capital One,Capital One - SortCodeAccountNumber: 40025081077082,23.82,debit,plaid,LOAN_PAYMENTS_CREDIT_CARD_PAYMENT,new,,credit_card_repayment,credit_card_repayment,credit_card_repayment,
Airband,Direct debit AIRBAND 070436 43891935,45,debit,plaid,TRAVEL_AND_TRANSPORTATION_FLIGHTS,new,,broadband_tv_phone,broadband_tv_phone,broadband_tv_phone,
Costa Antrim,COSTA             ANTRIM,5.65,debit,plaid,DINING_COFFEE,new,,restaurant_cafe,restaurant_cafe,restaurant_cafe,
First Central Insufp,FIRST CENTRAL INSUFP 04/08/25 30    24013031401919000N,30,debit,plaid,BANK_PENALTIES_INSUFFICIENT_AND_LATE_FEES,new,,insurance_motor,insurance_motor,insurance_motor,
Emap,WWW.EMAP.COM CD 5145,360,debit,plaid,GENERAL_SERVICES_OTHER_SERVICES,new,,unclassified_other,unclassified_other,magazines,EMAP is a magazine and business-media publisher.
Nuijewellery,Etsy.com*NuiJewell,17,debit,plaid,INCOME_GOVERNMENT_INCOME,new,,jewellery,marketplace_general,jewellery,Underlying Etsy merchant is explicitly a jewellery seller.
Lloyds Bank,CLUB LLOYDS FEE,5,debit,plaid,BANK_FEES_OTHER_BANK_FEES,new,,account_charge,account_charge,account_charge,
Coinbase,"COINBASE RTL-LUHY3Y7J 6f7cbd23d45d4a5e94 RTL-LUHY3Y7J,6f7cbd23d45d4a5e94",-93.96,credit,plaid,TRANSFER_IN_INVESTMENT_AND_RETIREMENT_FUNDS,new,,crypto,crypto,crypto,
Schoolgrid,SCHOOLGRID,6,debit,plaid,CHILDCARE_AND_EDUCATION_CHILDCARE_AND_EDUCATION,new,,school_fees,school_fees,school_fees,
Zilch,ZILCH *      INSTA,-3.06,credit,plaid,LOAN_DISBURSEMENTS_OTHER,new,,bnpl,bnpl,refund_received,Zilch credit is most consistent with returned purchase funds; underlying merchant is truncated.
Ring Standard Planlondon,RING STANDARD PLANLONDON,7.99,debit,plaid,GENERAL_SERVICES_OTHER_SERVICES,new,,home_accessories,home_accessories,home_accessories,
W Boyes & Co LTD,W BOYES & CO LTD,16.98,debit,plaid,GENERAL_MERCHANDISE_APPAREL_AND_ACCESSORIES,new,,department_store,department_store,department_store,
Asda,ASDA GROCERIES ONL,25.43,debit,plaid,FOOD_RETAIL_GROCERIES,new,,groceries,groceries,groceries,
Coinbase,Coinbase  RTL-X2ETFCTA BGC,-97,credit,plaid,TRANSFER_IN_INVESTMENT_AND_RETIREMENT_FUNDS,new,,crypto,crypto,crypto,
Leandro Campanico Bras Leandro,Leandro Campanico Bras Leandro Campanico,60,debit,plaid,TRAVEL_AND_TRANSPORTATION_LODGING,new,,unclassified_other,unclassified_other,transfer_p2p,Payment to a named individual.
Kfc-dagenham,Contactless Payment KFC-DAGENHAM APPLEPAY 1652,9.99,debit,plaid,DINING_DINING,new,,takeaway,takeaway,takeaway,
Cd Mk Food And Wine,6251 11SEP25 CD   MK FOOD AND WINE  LTD               READING GB,1.69,debit,plaid,FOOD_RETAIL_LIQUOR_STORES,new,,alcohol_wine,alcohol_wine,alcohol_wine,
Zilch,CREDIT FROM ZILCH VINTED ON 12-07-2025,-2.72,credit,plaid,LOAN_DISBURSEMENTS_OTHER,new,,bnpl,bnpl,refund_received,Narrative explicitly says CREDIT FROM ZILCH for Vinted.
Vape Nation,Vape Nation,10,debit,plaid,GENERAL_MERCHANDISE_OTHER_GENERAL_MERCHANDISE,new,,vaping,vaping,vaping,
Baildon Veterinary Cen,BAILDON VETERINARY  ON 07 JUL CLP BAILDON VETERINARY CEN,55,debit,plaid,PET_CARE_AND_SUPPLIES_VETERINARY_SERVICES,new,,veterinary,veterinary,veterinary,
Save The Pennies,SAVE THE PENNIES 777628-00021229,2.89,debit,plaid,TRANSFER_OUT_SAVINGS,new,,savings_transfer,savings_transfer,savings_transfer,
Affinity Water,Direct debit AFFINITY WATER 200503 20992747,64.76,debit,plaid,RENT_AND_UTILITIES_WATER,new,,water,water,water,
Thames Water,THAMES WATER  900016764228 UNP,-70,credit,plaid,RENT_AND_UTILITIES_WATER,new,,water,water,returned_payment,UNP marker on a Thames Water credit indicates an unpresented/returned payment.
Revolut,To Roger Lyle - Sent from Revolut - SortCodeAccountNumber: 04000478692230,7,debit,plaid,TRANSFER_OUT_TRANSFER_OUT_FROM_APPS,new,,transfer_own_account,transfer_p2p,transfer_p2p,Revolut transfer to a named person.
Revolut,JAY RAMGI         SENT FROM REVOLUT FP 20/08/25 1509  REV556989661414403,-12,credit,plaid,TRANSFER_IN_TRANSFER_IN_FROM_APPS,new,,transfer_own_account,transfer_p2p,transfer_p2p,Incoming Revolut transfer from a named person.
One Stop,ONE STOP 2723  ON 09 SEP CPM One Stop,13,debit,plaid,GENERAL_MERCHANDISE_CONVENIENCE_STORES,new,,convenience_store,convenience_store,convenience_store,
U.S. Post Office,POST OFFICE 343 BARLOW MOOR RO 23JUL 14.58 ATM,-95,credit,plaid,TRANSFER_IN_CHECKS_AND_ATM,new,,delivery_courier,cash_withdrawal,cash_deposit,Post Office ATM credit is a cash deposit (T2); direction credit.
Credit,7474 02JUL25      PAYPAL *PAYPAL    CREDIT            35314369001 GB,100,debit,plaid,TRANSFER_OUT_TRANSFER_OUT_FROM_APPS,new,,payment_intermediary,payment_intermediary,revolving_credit_repayment,Narrative explicitly identifies PayPal Credit repayment; PayPal Credit is a revolving credit line.
Klarna,"Card 76, Klarna*Tiktok Shop S",14.33,debit,plaid,LOAN_PAYMENTS_BNPL_AND_EWA,new,,bnpl,bnpl,bnpl,
First Choice Off Lice,First Choice Off Licen,1.6,debit,plaid,INTEREST_PAYMENTS_INTEREST_CHARGED,new,,unclassified_other,alcohol_beer_spirits,alcohol_beer_spirits,Merchant is explicitly an off licence.
Larkmead Veterinar,LARKMEAD VETERINAR,23.15,debit,plaid,PET_CARE_AND_SUPPLIES_VETERINARY_SERVICES,new,,veterinary,veterinary,veterinary,
Cash Convert Ers Tamwor,CASH CONVERTERS TA  ON 02 SEP BCC CASH CONVERTERS TAMWOR,32.5,debit,plaid,BANK_FEES_ATM,new,,pawnbroker,pawnbroker,pawnbroker,
North East Wales,NORTH EAST WALES H 400000001568853725,135,debit,plaid,ENTERTAINMENT_EVENTS_AND_TICKETS,new,,unclassified_other,unclassified_other,unclassified_other,North East Wales H descriptor is truncated and could not be classified beyond unclassified_other.
The Tan London,(((-THE TAN LONDON,4,debit,plaid,PERSONAL_CARE_HAIR_AND_BEAUTY,new,,beauty_treatment,beauty_treatment,beauty_treatment,
Co Op Rent Ft,CO OP  RENT FT,100,debit,plaid,RENT_AND_UTILITIES_RENT,new,,rent,rent,rent,
Mr Raul,MR RAUL-CRISTIAN B  CK FT,30,debit,plaid,TRANSFER_OUT_CHECKING,new,,unclassified_other,transfer_p2p,transfer_p2p,Payment to a named individual.
Ee Home Bill Payments,EE HOME BILL PAYME,47.86,debit,plaid,RENT_AND_UTILITIES_TELECOMMUNICATIONS,new,,broadband_tv_phone,broadband_tv_phone,broadband_tv_phone,
Asda,Contactless Payment ASDA STORES APPLEPAY 0506,8.35,debit,plaid,FOOD_RETAIL_GROCERIES,new,,groceries,groceries,groceries,
