row,gold_set,provider,merchant_raw,description_raw,amount,direction,gold_leaf,gold_general,review_notes,agree,native_category_raw,plaid_leaf,plaid_general,pipeline_leaf,pipeline_general,pipeline_tier,gold_matches_plaid,gold_matches_pipeline,gold_matches_plaid_general,gold_matches_pipeline_general,llm_consensus_leaf,llm_consensus_general,llm_consensus_how,gold_matches_llm_consensus,gemini_leaf,sonnet_leaf,opus_leaf,haiku_draft_leaf,sonnet_draft_leaf
1,v4_unmatched_plaid,plaid,S Hussain Barry,S  Hussain        Barry             VIA MOBILE - PYMT FP 08/09/25 10    26172239350667000N,50.0,debit,transfer_p2p,transfers,Named person S Hussain; mobile FPS debit; no other purpose in the narrative.,yes,TRANSFER_OUT_OTHER,unclassified_transfer,unclassified,transfer_p2p,transfers,T4_dictionary,no,yes,no,yes,transfer_p2p,transfers,gemini_sonnet_agree,yes,transfer_p2p,transfer_p2p,transfer_p2p,transfer_p2p,transfer_p2p
2,v4_unmatched_plaid,plaid,M Rafferty Amy,M rafferty        Amy,80.0,debit,transfer_p2p,transfers,Named person M Rafferty Amy; debit with no product or merchant purpose.,yes,TRANSFER_OUT_OTHER,unclassified_transfer,unclassified,transfer_p2p,transfers,T4_dictionary,no,yes,no,yes,transfer_p2p,transfers,gemini_sonnet_agree,yes,transfer_p2p,transfer_p2p,transfer_p2p,transfer_p2p,transfer_p2p
3,v4_unmatched_plaid,plaid,Goodramgateltd,MS* GOODRAMGATELTD,316.8,debit,unclassified_other,unclassified,"MS* GOODRAMGATELTD: Goodramgate Ltd is a York construction company, while native is dining and Goodramgate is a restaurant street. Name collision; do not force restaurant_cafe.",yes,DINING_DINING,restaurant_cafe,eating_drinking_out,restaurant_cafe,eating_drinking_out,T6_native_fallback,no,no,no,no,unclassified_other,unclassified,opus_tiebreak,yes,accommodation,unclassified_other,unclassified_other,restaurant_cafe,restaurant_cafe
4,v4_unmatched_plaid,plaid,Cd Mr,3859 09AUG25 CD   MR MULLIGANS      NORWICH           NORWICH GB,4.0,debit,days_out,entertainment_leisure,"Override both models' pub_bar. CD MR MULLIGANS NORWICH is Mr Mulligan's crazy-golf / games venue; £4 is venue spend. Primary business is days out, not a pub.",yes,FOOD_RETAIL_GROCERIES,groceries,groceries_household_essentials,groceries,groceries_household_essentials,T6_native_fallback,no,no,no,no,pub_bar,eating_drinking_out,opus_tiebreak,no,days_out,pub_bar,pub_bar,pub_bar,pub_bar
5,v4_unmatched_plaid,plaid,Trainline,8499 02OCT25  D   TRAINLINE         WWW.THETRAINL GB,3.4,debit,public_transport_rail_coach,transport_motoring,Trainline rail-ticket debit; public-transit native matches.,yes,TRAVEL_AND_TRANSPORTATION_PUBLIC_TRANSIT,public_transport_rail_coach,transport_motoring,public_transport_rail_coach,transport_motoring,T6_native_fallback,yes,yes,yes,yes,public_transport_rail_coach,transport_motoring,gemini_sonnet_agree,yes,public_transport_rail_coach,public_transport_rail_coach,public_transport_rail_coach,public_transport_rail_coach,public_transport_rail_coach
6,v4_unmatched_plaid,plaid,Priyo Bazaar Cd,PRIYO BAZAAR CD 2217,24.98,debit,groceries_specialist,groceries_household_essentials,"Priyo Bazaar is a specialist ethnic grocery (halal meat, Bangladeshi goods).",yes,GENERAL_MERCHANDISE_OTHER_GENERAL_MERCHANDISE,retail_other,general_retail_marketplaces,retail_other,general_retail_marketplaces,T6_native_fallback,no,no,no,no,groceries_specialist,groceries_household_essentials,gemini_sonnet_agree,yes,groceries_specialist,groceries_specialist,groceries_specialist,groceries_specialist,groceries_specialist
7,v4_unmatched_plaid,plaid,Morr Paignton,MORR PAIGNTON Morr Paignton,25.0,debit,groceries,groceries_household_essentials,"MORR PAIGNTON is Morrisons Paignton supermarket. Gambling native is spurious; £25 is typical grocery spend, not a bookmaker.",no,ENTERTAINMENT_CASINOS_AND_GAMBLING,gambling_unspecified,gambling,gambling_unspecified,gambling,T6_native_fallback,no,no,no,no,unclassified_other,unclassified,opus_tiebreak,no,groceries,unclassified_other,unclassified_other,unclassified_other,gambling_unspecified
8,v4_unmatched_plaid,plaid,Prime Video Add-on,Prime Video*H73XV8  ON 31 OCT BCC PRIME  VIDEO ADD-ON,7.99,debit,streaming,digital_subscriptions_services,Prime Video add-on subscription; established streaming holds.,established,ENTERTAINMENT_MUSIC_VIDEO_GAMES_TV_AND_MOVIES,entertainment_other,entertainment_leisure,entertainment_other,entertainment_leisure,T6_native_fallback,no,no,no,no,streaming,digital_subscriptions_services,gemini_sonnet_agree,yes,streaming,streaming,streaming,,
9,v4_unmatched_plaid,plaid,Chaotic,1326 10AUG25  D   CHAOTIC           REDHILL GB,5.25,debit,prize_competitions,gambling,"Chaotic Redhill is Chaotic.co.uk prize-draw competitions (Chaoss Entertainment, Redhill), not a restaurant.",established,ENTERTAINMENT_OTHER_ENTERTAINMENT,entertainment_other,entertainment_leisure,entertainment_other,entertainment_leisure,T6_native_fallback,no,no,no,no,unclassified_other,unclassified,gemini_sonnet_agree,no,unclassified_other,unclassified_other,unclassified_card_spend,,
10,v4_unmatched_plaid,plaid,St George's School Sho,"ST GEORGE'S SCHOOL SHO (VIA APPLE PAY), ON 10-10-2025",1.5,debit,school_fees,childcare_education,St George's School shop Apple Pay; school_fees is the closest education leaf (brief/worked example).,established,CHILDCARE_AND_EDUCATION_CHILDCARE_AND_EDUCATION,childcare,childcare_education,school_fees,childcare_education,T4_dictionary,no,yes,yes,yes,school_fees,childcare_education,gemini_sonnet_agree,yes,school_fees,school_fees,school_fees,,
11,v4_unmatched_plaid,plaid,Sony Playstation,PlayStation Networ  ON 30 JUL BCC PLAYSTATION NETWORK,6.99,debit,gaming_console_pc,entertainment_leisure,PlayStation Network subscription debit.,yes,ENTERTAINMENT_MUSIC_VIDEO_GAMES_TV_AND_MOVIES,entertainment_other,entertainment_leisure,entertainment_other,entertainment_leisure,T6_native_fallback,no,no,yes,yes,gaming_console_pc,entertainment_leisure,gemini_sonnet_agree,yes,gaming_console_pc,gaming_console_pc,gaming_console_pc,gaming_console_pc,gaming_console_pc
12,v4_unmatched_plaid,plaid,Jackpotz Competitions,Jackpotz Competitions,2.97,debit,prize_competitions,gambling,"Jackpotz Competitions is a prize-draw platform, not licensed betting.",yes,ENTERTAINMENT_CASINOS_AND_GAMBLING,gambling_unspecified,gambling,prize_competitions,gambling,T4_dictionary,no,yes,yes,yes,prize_competitions,gambling,gemini_sonnet_agree,yes,prize_competitions,prize_competitions,prize_competitions,prize_competitions,prize_competitions
13,v4_unmatched_plaid,plaid,Arnold Varga Pi,ARNOLD VARGA PI9714840265427745,100.0,debit,transfer_p2p,transfers,Named person Arnold Varga; PI reference; no other purpose.,yes,TRANSFER_OUT_OTHER,unclassified_transfer,unclassified,unclassified_transfer,unclassified,T6_native_fallback,no,no,no,no,transfer_p2p,transfers,gemini_sonnet_agree,yes,transfer_p2p,transfer_p2p,transfer_p2p,transfer_p2p,transfer_p2p
14,v4_unmatched_plaid,plaid,Bettavendltd,NYX*BettaVendLtd,1.0,debit,confectionary,groceries_household_essentials,NYX*BettaVendLtd vending; £1 snack/confectionary.,yes,FOOD_RETAIL_OTHER,groceries,groceries_household_essentials,groceries,groceries_household_essentials,T6_native_fallback,no,no,yes,yes,confectionary,groceries_household_essentials,gemini_sonnet_agree,yes,confectionary,confectionary,confectionary,confectionary,confectionary
15,v4_unmatched_plaid,plaid,T S Clements Gaa,T S CLEMENTS  GAA FT,50.0,debit,sports_participation,entertainment_leisure,T S CLEMENTS GAA is a GAA (Gaelic Athletic Association) club payment; medical native is spurious.,no,MEDICAL_OTHER_MEDICAL,health_other,health_medical,health_other,health_medical,T6_native_fallback,no,no,no,no,transfer_p2p,transfers,gemini_sonnet_agree,no,transfer_p2p,transfer_p2p,transfer_p2p,sports_participation,unclassified_other
16,v4_unmatched_plaid,plaid,Natalia Rola Pi,NATALIA ROLA PI5599466051797963,10.0,debit,transfer_p2p,transfers,Named person Natalia Rola; PI debit; no other purpose.,yes,TRANSFER_OUT_OTHER,unclassified_transfer,unclassified,unclassified_transfer,unclassified,T6_native_fallback,no,no,no,no,transfer_p2p,transfers,gemini_sonnet_agree,yes,transfer_p2p,transfer_p2p,transfer_p2p,transfer_p2p,transfer_p2p
17,v4_unmatched_plaid,plaid,United Kingdom,United Kingdom Account - From S Moran Rebecca Jepson - SortCodeAccountNumber: 11006212256069,20.0,debit,transfer_p2p,transfers,Debit to a UK account labelled with named person S Moran Rebecca Jepson; no own-account evidence.,established,TRANSFER_OUT_OTHER,unclassified_transfer,unclassified,unclassified_transfer,unclassified,T6_native_fallback,no,no,no,no,transfer_p2p,transfers,gemini_sonnet_agree,yes,transfer_p2p,transfer_p2p,transfer_p2p,,
18,v4_unmatched_plaid,plaid,Exchanged To Eth,Exchanged to ETH,1.0,debit,crypto,savings_investments,Narrative explicitly 'Exchanged to ETH'.,yes,TRANSFER_OUT_OTHER,unclassified_transfer,unclassified,crypto,savings_investments,T4_dictionary,no,yes,no,yes,crypto,savings_investments,gemini_sonnet_agree,yes,crypto,crypto,crypto,crypto,crypto
19,v4_unmatched_plaid,plaid,Apple,2685 15AUG25      APPLE.COM/BILL    08001076285 IE,0.99,debit,software,digital_subscriptions_services,"Apple.com/bill small debit; App Store/iCloud digital purchase, not hardware.",established,GENERAL_MERCHANDISE_COMPUTERS_AND_ELECTRONICS,computing_devices,general_retail_marketplaces,software,digital_subscriptions_services,T4_dictionary,no,yes,no,yes,software,digital_subscriptions_services,gemini_sonnet_agree,yes,software,software,software,,
20,v4_unmatched_plaid,plaid,Transport for London,TFL TRAVEL CH TfL,8.9,debit,public_transport_rail_coach,transport_motoring,TfL travel charge.,yes,TRAVEL_AND_TRANSPORTATION_PUBLIC_TRANSIT,public_transport_rail_coach,transport_motoring,public_transport_rail_coach,transport_motoring,T4_dictionary,yes,yes,yes,yes,public_transport_rail_coach,transport_motoring,gemini_sonnet_agree,yes,public_transport_rail_coach,public_transport_rail_coach,public_transport_rail_coach,public_transport_rail_coach,public_transport_rail_coach
21,v4_unmatched_plaid,plaid,Pxtb,PXTB,17.3,debit,unclassified_other,unclassified,PXTB with no expandable merchant; could be a broker but the string is too thin to force forex.,no,TRANSFER_OUT_OTHER,unclassified_transfer,unclassified,unclassified_transfer,unclassified,T6_native_fallback,no,no,yes,yes,unclassified_other,unclassified,gemini_sonnet_agree,yes,unclassified_other,unclassified_other,unclassified_other,unclassified_other,forex_trading
22,v4_unmatched_plaid,plaid,Www.getbits.app,www.getbits.app,49.06,debit,financial_services_other,credit_loan_repayments,"www.getbits.app is Bits (Fea Card Ltd), a UK credit-builder card/app, not crypto. £49.06 is a fintech payment.",no,TRANSFER_OUT_OTHER,unclassified_transfer,unclassified,unclassified_transfer,unclassified,T6_native_fallback,no,no,no,no,unclassified_other,unclassified,opus_tiebreak,no,revolving_credit_repayment,unclassified_other,unclassified_other,unclassified_other,crypto
23,v4_unmatched_plaid,plaid,White Lion Cd,White Lion CD 2413,5.1,debit,pub_bar,eating_drinking_out,White Lion CD; wine-bars-and-pubs native; classic pub name.,established,DINING_WINE_BARS_AND_PUBS,pub_bar,eating_drinking_out,pub_bar,eating_drinking_out,T6_native_fallback,yes,yes,yes,yes,pub_bar,eating_drinking_out,gemini_sonnet_agree,yes,pub_bar,pub_bar,pub_bar,,
24,v4_unmatched_plaid,plaid,Moneyboat.co.uk,Visa purchase MONEYBOAT.CO.UK-1106147,255.21,debit,payday_loan,high_cost_distress_credit,Moneyboat.co.uk is a high-cost short-term lender; personal-loan native.,yes,LOAN_PAYMENTS_PERSONAL_LOAN_PAYMENT,personal_loan_repayment,credit_loan_repayments,payday_loan,high_cost_distress_credit,T4_dictionary,no,yes,no,yes,payday_loan,high_cost_distress_credit,gemini_sonnet_agree,yes,payday_loan,payday_loan,payday_loan,payday_loan,payday_loan
25,v4_unmatched_plaid,plaid,SkyBet,Visa purchase SKY BET 4782,5.0,debit,gambling_betting,gambling,Sky Bet debit stake.,yes,ENTERTAINMENT_CASINOS_AND_GAMBLING,gambling_unspecified,gambling,gambling_betting,gambling,T4_dictionary,no,yes,yes,yes,gambling_betting,gambling,gemini_sonnet_agree,yes,gambling_betting,gambling_betting,gambling_betting,gambling_betting,gambling_betting
26,v4_unmatched_plaid,plaid,Colwyn Bay Cricket,COLWYN BAY CRICKET  ON 08 SEP CPM,9.9,debit,restaurant_cafe,eating_drinking_out,Colwyn Bay Cricket club card spend with dining native and £9.90; clubhouse food/drink rather than match participation.,no,DINING_DINING,restaurant_cafe,eating_drinking_out,restaurant_cafe,eating_drinking_out,T6_native_fallback,yes,yes,yes,yes,sports_participation,entertainment_leisure,gemini_sonnet_agree,no,sports_participation,sports_participation,sports_participation,sports_participation,restaurant_cafe
27,v4_unmatched_plaid,plaid,Apple,Visa purchase APPLE.COM/BILL,2.99,debit,software,digital_subscriptions_services,Apple.com/bill; digital purchase.,established,GENERAL_MERCHANDISE_COMPUTERS_AND_ELECTRONICS,computing_devices,general_retail_marketplaces,software,digital_subscriptions_services,T4_dictionary,no,yes,no,yes,software,digital_subscriptions_services,gemini_sonnet_agree,yes,software,software,software,,
28,v4_unmatched_plaid,plaid,Five Bridges,FIVE BRIDGES,43.42,debit,pub_bar,eating_drinking_out,"Five Bridges is a Marston's pub (Queenborough / Sheppey), not an unclassified payee.",no,TRANSFER_OUT_OTHER,unclassified_transfer,unclassified,unclassified_transfer,unclassified,T6_native_fallback,no,no,no,no,pub_bar,eating_drinking_out,opus_tiebreak,yes,pub_bar,unclassified_other,pub_bar,pub_bar,unclassified_other
29,v4_unmatched_plaid,plaid,James Brain Garden Ft,JAMES BRAIN  GARDEN FT,25.0,debit,tradesmen,home_garden,"Named person James Brain with explicit GARDEN memo; gardener/garden-service payment, not a generic P2P.",no,GENERAL_MERCHANDISE_APPAREL_AND_ACCESSORIES,clothing_general,clothing_personal_care,clothing_general,clothing_personal_care,T6_native_fallback,no,no,no,no,unclassified_other,unclassified,opus_tiebreak,no,transfer_p2p,garden,unclassified_other,garden,transfer_p2p
30,v4_unmatched_plaid,plaid,Aulds Piazza Shopping Cen,AULDS PIAZZA SHOPP,3.09,debit,restaurant_cafe,eating_drinking_out,"Aulds Piazza Shopping Centre is Aulds the Baker cafe/bakery in Paisley Piazza, not a convenience store.",no,DINING_DINING,restaurant_cafe,eating_drinking_out,restaurant_cafe,eating_drinking_out,T6_native_fallback,yes,yes,yes,yes,restaurant_cafe,eating_drinking_out,opus_tiebreak,yes,takeaway,unclassified_other,restaurant_cafe,convenience_store,restaurant_cafe
31,v4_unmatched_plaid,plaid,Cd Pfc,7978 25JUN25 CD   PFC               LONDON GB,5.5,debit,takeaway,eating_drinking_out,CD PFC LONDON £5.50; PFC is Perfect Fried Chicken takeaway shops in London. Transfer native is wrong.,no,TRANSFER_OUT_OTHER,unclassified_transfer,unclassified,unclassified_transfer,unclassified,T6_native_fallback,no,no,no,no,takeaway,eating_drinking_out,opus_tiebreak,yes,takeaway,unclassified_other,takeaway,unclassified_card_spend,unclassified_other
32,v4_unmatched_plaid,plaid,T Allen,T ALLEN 777118 36648660,2.0,debit,transfer_p2p,transfers,Named person T Allen; small FPS-style debit; no other purpose.,no,TRANSFER_OUT_OTHER,unclassified_transfer,unclassified,transfer_p2p,transfers,T5_R02,no,yes,no,yes,transfer_p2p,transfers,gemini_sonnet_agree,yes,transfer_p2p,transfer_p2p,transfer_p2p,unclassified_other,transfer_p2p
33,v4_unmatched_plaid,plaid,Pepes Luton,Pepes Luton  ON 27 SEP CPM PEPES LUTON,5.99,debit,takeaway,eating_drinking_out,"Pepe's Luton is Pepe's Piri Piri fast-food takeaway, not table-service restaurant.",no,GENERAL_SERVICES_OTHER_SERVICES,business_services,business_self_employment,business_services,business_self_employment,T6_native_fallback,no,no,no,no,takeaway,eating_drinking_out,gemini_sonnet_agree,yes,takeaway,takeaway,takeaway,restaurant_cafe,takeaway
34,v4_unmatched_plaid,plaid,Douglas Kell,DOUGLAS KELL 100000001592508112,10.0,debit,transfer_p2p,transfers,Named person Douglas Kell; numeric reference; no other purpose.,no,TRANSFER_OUT_OTHER,unclassified_transfer,unclassified,transfer_p2p,transfers,T4_dictionary,no,yes,no,yes,transfer_p2p,transfers,gemini_sonnet_agree,yes,transfer_p2p,transfer_p2p,transfer_p2p,unclassified_other,transfer_p2p
35,v4_unmatched_plaid,plaid,Smoke And Vape,Contactless Payment SMOKE AND VAPE 2.0 APPLEPAY 8991,2.89,debit,vaping,groceries_household_essentials,Smoke and Vape contactless; vape retailer.,yes,GENERAL_MERCHANDISE_OTHER_GENERAL_MERCHANDISE,retail_other,general_retail_marketplaces,vaping,groceries_household_essentials,T4_dictionary,no,yes,no,yes,vaping,groceries_household_essentials,gemini_sonnet_agree,yes,vaping,vaping,vaping,vaping,vaping
36,v4_unmatched_plaid,plaid,N Poole,N POOLE 110123 11623969,5.0,debit,transfer_p2p,transfers,Named person N Poole; no other purpose.,no,TRANSFER_OUT_OTHER,unclassified_transfer,unclassified,transfer_p2p,transfers,T5_R02,no,yes,no,yes,transfer_p2p,transfers,gemini_sonnet_agree,yes,transfer_p2p,transfer_p2p,transfer_p2p,unclassified_other,transfer_p2p
37,v4_unmatched_plaid,plaid,Aecc Su Bar,Aecc Su Bar,1.25,debit,pub_bar,eating_drinking_out,AECC SU Bar is a student-union bar.,yes,DINING_DINING,restaurant_cafe,eating_drinking_out,pub_bar,eating_drinking_out,T4_dictionary,no,yes,yes,yes,pub_bar,eating_drinking_out,gemini_sonnet_agree,yes,pub_bar,pub_bar,pub_bar,pub_bar,pub_bar
38,v4_unmatched_plaid,plaid,Apple,Apple,0.99,debit,software,digital_subscriptions_services,Apple small debit; digital purchase.,established,GENERAL_MERCHANDISE_OTHER_GENERAL_MERCHANDISE,retail_other,general_retail_marketplaces,software,digital_subscriptions_services,T4_dictionary,no,yes,no,yes,software,digital_subscriptions_services,gemini_sonnet_agree,yes,software,software,software,,
39,v4_unmatched_plaid,plaid,Euan Hadley Food,EUAN HADLEY       FOOD              VIA MOBILE - LVP  FP 11/08/25 10    22065133172857000N,7.0,debit,transfer_p2p,transfers,"Named person Euan Hadley; FOOD is a customer memo, not a restaurant merchant. Paying a person.",no,TRANSFER_OUT_OTHER,unclassified_transfer,unclassified,transfer_p2p,transfers,T4_dictionary,no,yes,no,yes,transfer_p2p,transfers,gemini_sonnet_agree,yes,transfer_p2p,transfer_p2p,transfer_p2p,restaurant_cafe,transfer_p2p
40,v4_unmatched_plaid,plaid,Apple,9074 12SEP25      APPLE.COM/BILL    08001076285 IE,12.99,debit,software,digital_subscriptions_services,Apple.com/bill £12.99; digital subscription/purchase.,established,GENERAL_MERCHANDISE_COMPUTERS_AND_ELECTRONICS,computing_devices,general_retail_marketplaces,software,digital_subscriptions_services,T4_dictionary,no,yes,no,yes,software,digital_subscriptions_services,gemini_sonnet_agree,yes,software,software,software,,
41,v4_unmatched_plaid,plaid,Douglas Kell,DOUGLAS KELL 200000001619989543,25.0,debit,transfer_p2p,transfers,Named person Douglas Kell; no other purpose.,no,TRANSFER_OUT_OTHER,unclassified_transfer,unclassified,transfer_p2p,transfers,T4_dictionary,no,yes,no,yes,transfer_p2p,transfers,gemini_sonnet_agree,yes,transfer_p2p,transfer_p2p,transfer_p2p,unclassified_other,transfer_p2p
42,v4_unmatched_plaid,plaid,RingGo,RINGGO PARKING,4.3,debit,car_parking,transport_motoring,RingGo parking.,yes,TRAVEL_AND_TRANSPORTATION_OTHER_TRAVEL_AND_TRANSPORTATION,transport_other,transport_motoring,transport_other,transport_motoring,T6_native_fallback,no,no,yes,yes,car_parking,transport_motoring,gemini_sonnet_agree,yes,car_parking,car_parking,car_parking,car_parking,car_parking
43,v4_unmatched_plaid,plaid,Voi,Voi UK,1.6,debit,bicycle,transport_motoring,Voi UK is e-scooter/e-bike hire. bicycle is the micromobility leaf; not taxi_rideshare.,no,TRAVEL_AND_TRANSPORTATION_OTHER_TRAVEL_AND_TRANSPORTATION,transport_other,transport_motoring,transport_other,transport_motoring,T6_native_fallback,no,no,yes,yes,taxi_rideshare,transport_motoring,opus_tiebreak,no,bicycle,taxi_rideshare,taxi_rideshare,taxi_rideshare,bicycle
44,v4_unmatched_plaid,plaid,Icelandair,ICELAND Iceland,1.15,debit,groceries,groceries_household_essentials,Merchant Icelandair is Plaid's common alias for Iceland supermarket; narrative ICELAND + groceries native. Not an airline ticket.,established,FOOD_RETAIL_GROCERIES,groceries,groceries_household_essentials,groceries,groceries_household_essentials,T6_native_fallback,yes,yes,yes,yes,groceries,groceries_household_essentials,opus_tiebreak,yes,groceries,foreign_spend_unspecified,groceries,,
45,v4_unmatched_plaid,plaid,G Gibson,G GIBSON 110394 18716669,4.99,debit,transfer_p2p,transfers,Named person G Gibson; no other purpose.,no,TRANSFER_OUT_OTHER,unclassified_transfer,unclassified,transfer_p2p,transfers,T5_R02,no,yes,no,yes,transfer_p2p,transfers,gemini_sonnet_agree,yes,transfer_p2p,transfer_p2p,transfer_p2p,unclassified_other,transfer_p2p
46,v4_unmatched_plaid,plaid,Taptap Send,TapTap Send,1.0,debit,transfer_international,transfers,TapTap Send remittance.,yes,TRANSFER_OUT_OTHER,unclassified_transfer,unclassified,unclassified_transfer,unclassified,T6_native_fallback,no,no,no,no,transfer_international,transfers,gemini_sonnet_agree,yes,transfer_international,transfer_international,transfer_international,transfer_international,transfer_international
47,v4_unmatched_plaid,plaid,G Crossan,G CROSSAN,10.0,debit,transfer_p2p,transfers,Named person G Crossan; no other purpose.,no,TRANSFER_OUT_OTHER,unclassified_transfer,unclassified,transfer_p2p,transfers,T5_R02,no,yes,no,yes,transfer_p2p,transfers,gemini_sonnet_agree,yes,transfer_p2p,transfer_p2p,transfer_p2p,unclassified_other,transfer_p2p
48,v4_unmatched_plaid,plaid,Acorn Insurance,ACORN INSURANCE AN 01HVNPC0470665,169.44,debit,insurance_motor,insurance,Acorn Insurance is a specialist non-standard motor insurer; £169.44 is a typical premium. Not multi-line general.,no,INSURANCE_AND_TAX_INSURANCE,insurance_general,insurance,insurance_general,insurance,T6_native_fallback,no,no,yes,yes,insurance_motor,insurance,gemini_sonnet_agree,yes,insurance_motor,insurance_motor,insurance_motor,insurance_general,insurance_motor
49,v4_unmatched_plaid,plaid,SkyBet,Sky Bet,6.63,debit,gambling_betting,gambling,Sky Bet debit.,yes,ENTERTAINMENT_CASINOS_AND_GAMBLING,gambling_unspecified,gambling,gambling_betting,gambling,T4_dictionary,no,yes,yes,yes,gambling_betting,gambling,gemini_sonnet_agree,yes,gambling_betting,gambling_betting,gambling_betting,gambling_betting,gambling_betting
50,v4_unmatched_plaid,plaid,Savers Health And Beauty,Savers Health and Beauty,2.67,debit,health_beauty_general,clothing_personal_care,"Savers is health-and-beauty retail, not a pharmacy.",yes,PERSONAL_CARE_HAIR_AND_BEAUTY,skin_hair_care,clothing_personal_care,pharmacy,health_medical,T4_dictionary,no,no,yes,no,health_beauty_general,clothing_personal_care,gemini_sonnet_agree,yes,health_beauty_general,health_beauty_general,health_beauty_general,health_beauty_general,health_beauty_general
51,v4_unmatched_plaid,plaid,Domino's,Domino’s,105.29,debit,takeaway,eating_drinking_out,Domino's pizza; takeaway even at £105.,established,DINING_DINING,restaurant_cafe,eating_drinking_out,restaurant_cafe,eating_drinking_out,T6_native_fallback,no,no,yes,yes,takeaway,eating_drinking_out,gemini_sonnet_agree,yes,takeaway,takeaway,takeaway,,
52,v4_unmatched_plaid,plaid,Boston Grill,Boston Grill,55.98,debit,restaurant_cafe,eating_drinking_out,Boston Grill; dining native; grill restaurant.,yes,DINING_DINING,restaurant_cafe,eating_drinking_out,restaurant_cafe,eating_drinking_out,T6_native_fallback,yes,yes,yes,yes,restaurant_cafe,eating_drinking_out,opus_tiebreak,yes,restaurant_cafe,takeaway,restaurant_cafe,restaurant_cafe,restaurant_cafe
53,v4_unmatched_plaid,plaid,Morr Brampton Barnsley,MORR BRAMPTON     BARNSLEY,20.0,debit,groceries,groceries_household_essentials,"MORR BRAMPTON BARNSLEY is Morrisons Brampton/Cortonwood, Barnsley. Both models left it unclassified; supermarket grocery debit.",yes,DINING_DINING,restaurant_cafe,eating_drinking_out,restaurant_cafe,eating_drinking_out,T6_native_fallback,no,no,no,no,unclassified_other,unclassified,opus_tiebreak,no,groceries,unclassified_other,unclassified_other,unclassified_other,unclassified_other
54,v4_unmatched_plaid,plaid,Sainsbury's Petrol Station,SAINSBURYS PETROL  ON 02 JUL CPM Sainsbury's - Fuel,2.0,debit,fuel,transport_motoring,Sainsbury's petrol/fuel narrative.,established,TRAVEL_AND_TRANSPORTATION_OTHER_TRAVEL_AND_TRANSPORTATION,transport_other,transport_motoring,fuel,transport_motoring,T5_R05,no,yes,yes,yes,fuel,transport_motoring,gemini_sonnet_agree,yes,fuel,fuel,fuel,,
55,v4_unmatched_plaid,plaid,Transport for London,TFL TRAVEL CH  ON 12 OCT CPM TFL TRAVEL CHARGE,1.75,debit,public_transport_rail_coach,transport_motoring,TfL travel charge.,yes,TRAVEL_AND_TRANSPORTATION_PUBLIC_TRANSIT,public_transport_rail_coach,transport_motoring,public_transport_rail_coach,transport_motoring,T4_dictionary,yes,yes,yes,yes,public_transport_rail_coach,transport_motoring,gemini_sonnet_agree,yes,public_transport_rail_coach,public_transport_rail_coach,public_transport_rail_coach,public_transport_rail_coach,public_transport_rail_coach
56,v4_unmatched_plaid,plaid,Dvla-w,REVERSAL OF 18-09 DVLA-W359MCL      FIRST PAYMENT,31.5,credit,returned_payment,fees_charges,"CREDIT with REVERSAL OF DVLA. Brief: REVERSAL OF on a credit is returned_payment, not road_tax spend. Models both labelled road_tax.",yes,GOVERNMENTS_AND_NON_PROFIT_GOVERNMENTS_AND_NON_PROFIT,council_tax,council_tax_government,road_tax,transport_motoring,T4_dictionary,no,no,no,no,road_tax,transport_motoring,gemini_sonnet_agree,no,road_tax,road_tax,road_tax,road_tax,road_tax
57,v4_unmatched_plaid,plaid,Jack Fishpool,United Kingdom Account - From T.s. Plaste Jack Fishpool - SortCodeAccountNumber: 30944388751068,350.0,debit,transfer_p2p,transfers,Named person Jack Fishpool (T.s. Plaste); flights native is spurious.,yes,TRAVEL_AND_TRANSPORTATION_FLIGHTS,flights,travel_holidays,flights,travel_holidays,T6_native_fallback,no,no,no,no,transfer_p2p,transfers,gemini_sonnet_agree,yes,transfer_p2p,transfer_p2p,transfer_p2p,transfer_p2p,transfer_p2p
58,v4_unmatched_plaid,plaid,Brent Parking,8321 07SEP25      BRENT PARKING     WWW.BRENT.GOV GB,0.4,debit,car_parking,transport_motoring,Brent Parking brent.gov.uk.,yes,TRAVEL_AND_TRANSPORTATION_OTHER_TRAVEL_AND_TRANSPORTATION,transport_other,transport_motoring,car_parking,transport_motoring,T4_dictionary,no,yes,yes,yes,car_parking,transport_motoring,gemini_sonnet_agree,yes,car_parking,car_parking,car_parking,car_parking,car_parking
59,v4_unmatched_plaid,plaid,Current,204660 03377172  OPTIONAL FT Barclays current account,50.0,debit,transfer_own_account,transfers,OPTIONAL FT Barclays current account is an own-account transfer. 'Current' as a junk string does not override an explicit current-account narrative. Override both models' unclassified_other.,yes,TRANSFER_OUT_OTHER,unclassified_transfer,unclassified,unclassified_other,unclassified,T4_dictionary,no,no,no,no,unclassified_other,unclassified,opus_tiebreak,no,transfer_own_account,unclassified_other,unclassified_other,unclassified_other,unclassified_other
60,v4_unmatched_plaid,plaid,Joshuas,"JOSHUAS CONVENIENCE ST (VIA APPLE PAY), ON 19-07-2025",4.5,debit,convenience_store,groceries_household_essentials,Joshuas Convenience Store Apple Pay.,yes,GENERAL_MERCHANDISE_CONVENIENCE_STORES,convenience_store,groceries_household_essentials,convenience_store,groceries_household_essentials,T4_dictionary,yes,yes,yes,yes,convenience_store,groceries_household_essentials,gemini_sonnet_agree,yes,convenience_store,convenience_store,convenience_store,convenience_store,convenience_store
61,v4_unmatched_plaid,plaid,Prize Paradise,Prize Paradise,6.37,debit,prize_competitions,gambling,Prize Paradise is a UK skill-based prize-competition site (not a bookmaker subtype).,no,ENTERTAINMENT_CASINOS_AND_GAMBLING,gambling_unspecified,gambling,prize_competitions,gambling,T4_dictionary,no,yes,yes,yes,prize_competitions,gambling,gemini_sonnet_agree,yes,prize_competitions,prize_competitions,prize_competitions,prize_competitions,gambling_unspecified
62,v4_unmatched_plaid,plaid,Amazon,AMZNMktplace*R74W9,13.59,debit,marketplace_amazon,general_retail_marketplaces,AMZNMktplace debit.,established,GENERAL_MERCHANDISE_ONLINE_MARKETPLACES,marketplace_general,general_retail_marketplaces,marketplace_amazon,general_retail_marketplaces,T4_dictionary,no,yes,yes,yes,marketplace_amazon,general_retail_marketplaces,gemini_sonnet_agree,yes,marketplace_amazon,marketplace_amazon,marketplace_amazon,,
63,v4_unmatched_plaid,plaid,Google One,GOOGLE *Google One,1.59,debit,web_services,digital_subscriptions_services,"Google One storage/subscription. Adversarial: Google One is consumer cloud storage (same as row 247), not App Store software.",established,GENERAL_SERVICES_OTHER_SERVICES,business_services,business_self_employment,business_services,business_self_employment,T6_native_fallback,no,no,no,no,software,digital_subscriptions_services,gemini_sonnet_agree,no,software,software,web_services,,
64,v4_unmatched_plaid,plaid,Bobbing Corner Service,BOBBING CORNER SER  ON 06 AUG CPM BOBBING CORNER SERVICE,10.26,debit,fuel,transport_motoring,"Bobbing Corner Service is the Asda/forecourt filling station at Bobbing Corner, Sittingbourne.",no,TRAVEL_AND_TRANSPORTATION_OTHER_TRAVEL_AND_TRANSPORTATION,transport_other,transport_motoring,transport_other,transport_motoring,T6_native_fallback,no,no,yes,yes,fuel,transport_motoring,gemini_sonnet_agree,yes,fuel,fuel,fuel,unclassified_other,fuel
65,v4_unmatched_plaid,plaid,Kj Barbers Sho,Kj Barbers Sho,15.0,debit,beauty_treatment,clothing_personal_care,KJ Barbers; haircut.,yes,PERSONAL_CARE_HAIR_AND_BEAUTY,skin_hair_care,clothing_personal_care,skin_hair_care,clothing_personal_care,T6_native_fallback,no,no,yes,yes,beauty_treatment,clothing_personal_care,gemini_sonnet_agree,yes,beauty_treatment,beauty_treatment,beauty_treatment,beauty_treatment,beauty_treatment
66,v4_unmatched_plaid,plaid,Saikou Jaiteh,SAIKOU JAITEH 200000001616910241,15.0,debit,transfer_p2p,transfers,Named person Saikou Jaiteh; no other purpose.,yes,TRANSFER_OUT_OTHER,unclassified_transfer,unclassified,transfer_p2p,transfers,T4_dictionary,no,yes,no,yes,transfer_p2p,transfers,gemini_sonnet_agree,yes,transfer_p2p,transfer_p2p,transfer_p2p,transfer_p2p,transfer_p2p
67,v4_unmatched_plaid,plaid,A C,To A/C 55793436   KAUR A            Via Mobile Xfer,171.0,debit,transfer_p2p,transfers,Override established transfer_bank_unspecified. Payee is named person KAUR A via mobile transfer.,established,TRANSFER_OUT_OTHER,unclassified_transfer,unclassified,unclassified_transfer,unclassified,T6_native_fallback,no,no,no,no,transfer_p2p,transfers,gemini_sonnet_agree,yes,transfer_p2p,transfer_p2p,transfer_p2p,,
68,v4_unmatched_plaid,plaid,Blaenymaes Stores,PPOINT_*BLAENYMAES,4.4,debit,convenience_store,groceries_household_essentials,PayPoint at Blaenymaes Stores; local store.,yes,TRANSFER_OUT_OTHER,unclassified_transfer,unclassified,unclassified_transfer,unclassified,T6_native_fallback,no,no,no,no,convenience_store,groceries_household_essentials,gemini_sonnet_agree,yes,convenience_store,convenience_store,convenience_store,convenience_store,convenience_store
69,v4_unmatched_plaid,plaid,Kiley,KILEY SILLETT     ELEC              VIA MOBILE - PYMT,20.0,debit,transfer_p2p,transfers,"Named person Kiley Sillett; ELEC memo is a split/bill note, not a payment to an energy supplier.",yes,RENT_AND_UTILITIES_GAS_AND_ELECTRICITY,energy,utilities_household_bills,energy,utilities_household_bills,T4_dictionary,no,no,no,no,transfer_p2p,transfers,gemini_sonnet_agree,yes,transfer_p2p,transfer_p2p,energy,transfer_p2p,transfer_p2p
70,v4_unmatched_plaid,plaid,Mcpherson Jw,To A/C 54813557   MCPHERSON JW      Via Mobile Xfer,0.72,debit,transfer_p2p,transfers,Named person McPherson JW; mobile transfer.,yes,TRANSFER_OUT_OTHER,unclassified_transfer,unclassified,transfer_p2p,transfers,T4_dictionary,no,yes,no,yes,transfer_p2p,transfers,gemini_sonnet_agree,yes,transfer_p2p,transfer_p2p,transfer_p2p,transfer_p2p,transfer_p2p
71,v4_unmatched_plaid,plaid,E.ON UK,9504 25AUG25      E.ON NEXT         COVENTRY GB,5.0,debit,energy,utilities_household_bills,E.ON Next debit.,yes,RENT_AND_UTILITIES_GAS_AND_ELECTRICITY,energy,utilities_household_bills,energy,utilities_household_bills,T6_native_fallback,yes,yes,yes,yes,energy,utilities_household_bills,gemini_sonnet_agree,yes,energy,energy,energy,energy,energy
72,v4_unmatched_plaid,plaid,Spar Market Strand,SPAR MARKET STRAND,10.99,debit,groceries,groceries_household_essentials,SPAR Market Strand; symbol-group grocer is groceries.,yes,FOOD_RETAIL_GROCERIES,groceries,groceries_household_essentials,groceries,groceries_household_essentials,T4_dictionary,yes,yes,yes,yes,groceries,groceries_household_essentials,gemini_sonnet_agree,yes,groceries,groceries,groceries,groceries,groceries
73,v4_unmatched_plaid,plaid,Frasers Group,FRASERS GROUP FINASN5636            TPP TRUELAYER LIMIFP 25/07/25 10    55151329922498000N,10.0,debit,retail_finance_repayment,credit_loan_repayments,"Frasers Group finance via TrueLayer is Frasers Plus / group retail finance, not a till sale.",yes,TRANSFER_OUT_OTHER,unclassified_transfer,unclassified,retail_finance_repayment,credit_loan_repayments,T4_dictionary,no,yes,no,yes,retail_finance_repayment,credit_loan_repayments,gemini_sonnet_agree,yes,retail_finance_repayment,retail_finance_repayment,retail_finance_repayment,retail_finance_repayment,retail_finance_repayment
74,v4_unmatched_plaid,plaid,Apple,Visa purchase APPLE.COM/BILL APPLEPAY 9787,3.99,debit,software,digital_subscriptions_services,Apple.com/bill digital purchase.,established,GENERAL_MERCHANDISE_COMPUTERS_AND_ELECTRONICS,computing_devices,general_retail_marketplaces,software,digital_subscriptions_services,T4_dictionary,no,yes,no,yes,software,digital_subscriptions_services,gemini_sonnet_agree,yes,software,software,software,,
75,v4_unmatched_plaid,plaid,Mr S,MR S NASSEUR  NACER FT,9.0,debit,transfer_p2p,transfers,Named person Mr S Nasseur Nacer; dining native spurious.,yes,DINING_DINING,restaurant_cafe,eating_drinking_out,transfer_p2p,transfers,T5_R01,no,yes,no,yes,transfer_p2p,transfers,gemini_sonnet_agree,yes,transfer_p2p,transfer_p2p,transfer_p2p,transfer_p2p,transfer_p2p
76,v4_unmatched_plaid,plaid,Home Retail Group,HOME RETAIL GROUP,88.84,debit,catalogue_retail,general_retail_marketplaces,"Override established retail_other. Home Retail Group with shopping native is Argos catalogue retail (brief), not generic retail_other and not store-card repayment (no Card Services/DDR).",established,GENERAL_MERCHANDISE_OTHER_GENERAL_MERCHANDISE,retail_other,general_retail_marketplaces,retail_other,general_retail_marketplaces,T6_native_fallback,no,no,yes,yes,catalogue_retail,general_retail_marketplaces,gemini_sonnet_agree,yes,catalogue_retail,catalogue_retail,catalogue_retail,,
77,v4_unmatched_plaid,plaid,Darren Dolan,DARREN DOLAN 300000001615372531,23.0,debit,transfer_p2p,transfers,Named person Darren Dolan.,yes,TRANSFER_OUT_OTHER,unclassified_transfer,unclassified,unclassified_transfer,unclassified,T6_native_fallback,no,no,no,no,transfer_p2p,transfers,gemini_sonnet_agree,yes,transfer_p2p,transfer_p2p,transfer_p2p,transfer_p2p,transfer_p2p
78,v4_unmatched_plaid,plaid,Craft Bakery,"SQ *CRAFT BAKERY - NOR (VIA GOOGLE PAY), ON 25-08-2025",1.7,debit,restaurant_cafe,eating_drinking_out,Square Craft Bakery; bakery/cafe food.,yes,DINING_OTHER_DINING,restaurant_cafe,eating_drinking_out,restaurant_cafe,eating_drinking_out,T6_native_fallback,yes,yes,yes,yes,restaurant_cafe,eating_drinking_out,gemini_sonnet_agree,yes,restaurant_cafe,restaurant_cafe,restaurant_cafe,restaurant_cafe,restaurant_cafe
79,v4_unmatched_plaid,plaid,Nettleship Ag,To A/C 47457198   NETTLESHIP AG     Via Mobile Xfer,48.78,debit,transfer_p2p,transfers,Named person Nettleship AG; mobile transfer.,no,TRANSFER_OUT_OTHER,unclassified_transfer,unclassified,unclassified_transfer,unclassified,T6_native_fallback,no,no,no,no,transfer_p2p,transfers,gemini_sonnet_agree,yes,transfer_p2p,transfer_p2p,transfer_p2p,unclassified_other,transfer_p2p
80,v4_unmatched_plaid,plaid,McDonald's,Contactless Payment MCDONALDS 496 APPLEPAY 8991,22.16,debit,takeaway,eating_drinking_out,McDonald's contactless; takeaway.,yes,DINING_DINING,restaurant_cafe,eating_drinking_out,takeaway,eating_drinking_out,T4_dictionary,no,yes,yes,yes,takeaway,eating_drinking_out,gemini_sonnet_agree,yes,takeaway,takeaway,takeaway,takeaway,takeaway
81,v4_unmatched_plaid,plaid,North Wilts Model Engi,North Wilts Model Engi,6.0,debit,days_out,entertainment_leisure,"North Wilts Model Engineering runs Coate Water Miniature Railway; £6 is consistent with a public ride, not furniture retail.",yes,GENERAL_MERCHANDISE_FURNITURE_AND_HARDWARE,home_accessories,home_garden,home_accessories,home_garden,T6_native_fallback,no,no,no,no,days_out,entertainment_leisure,opus_tiebreak,yes,days_out,unclassified_other,days_out,unclassified_other,unclassified_other
82,v4_unmatched_plaid,plaid,Amazon,3551 30JUN25      AMAZON* WR0BV4OA5 LONDON GB,8.99,debit,marketplace_amazon,general_retail_marketplaces,Amazon debit.,established,GENERAL_MERCHANDISE_ONLINE_MARKETPLACES,marketplace_general,general_retail_marketplaces,marketplace_amazon,general_retail_marketplaces,T4_dictionary,no,yes,yes,yes,marketplace_amazon,general_retail_marketplaces,gemini_sonnet_agree,yes,marketplace_amazon,marketplace_amazon,marketplace_amazon,,
83,v4_unmatched_plaid,plaid,James Anderson Butcher,James Anderson Butcher,1.46,debit,groceries_specialist,groceries_household_essentials,James Anderson Butcher; specialist food.,yes,FOOD_RETAIL_GROCERIES,groceries,groceries_household_essentials,groceries,groceries_household_essentials,T6_native_fallback,no,no,yes,yes,groceries_specialist,groceries_household_essentials,gemini_sonnet_agree,yes,groceries_specialist,groceries_specialist,groceries_specialist,groceries_specialist,groceries_specialist
84,v4_unmatched_plaid,plaid,Beagle St,Direct debit BEAGLE ST 600001 49126342,10.36,debit,insurance_life,insurance,"Override Haiku pub_bar. Direct debit BEAGLE ST is Beagle Street life insurance (OneFamily), not The Beagle pub.",no,GENERAL_SERVICES_ACCOUNTING_AND_FINANCIAL_SERVICES,financial_services_other,credit_loan_repayments,financial_services_other,credit_loan_repayments,T6_native_fallback,no,no,no,no,insurance_life,insurance,gemini_sonnet_agree,yes,insurance_life,insurance_life,insurance_life,pub_bar,insurance_life
85,v4_unmatched_plaid,plaid,Danielle Gallacher,DANIELLE GALLACHER,15.0,debit,transfer_p2p,transfers,Named person Danielle Gallacher.,yes,TRANSFER_OUT_OTHER,unclassified_transfer,unclassified,unclassified_transfer,unclassified,T6_native_fallback,no,no,no,no,transfer_p2p,transfers,gemini_sonnet_agree,yes,transfer_p2p,transfer_p2p,transfer_p2p,transfer_p2p,transfer_p2p
86,v4_unmatched_plaid,plaid,HM Revenue and Customs,Hmrc Child Benefit Child Benefit,104.2,credit,benefits_state,income_benefits_state_support,HMRC Child Benefit credit.,yes,INCOME_SALARY,salary,income_employment,tax_payment,council_tax_government,T4_dictionary,no,no,no,no,benefits_state,income_benefits_state_support,gemini_sonnet_agree,yes,benefits_state,benefits_state,benefits_state,benefits_state,benefits_state
87,v4_unmatched_plaid,plaid,Newboro Ugh Pharmacy,NEWBOROUGH PHARMAC,3.99,debit,pharmacy,health_medical,Newborough Pharmacy.,yes,MEDICAL_PHARMACIES_AND_SUPPLEMENTS,pharmacy,health_medical,pharmacy,health_medical,T5_R11,yes,yes,yes,yes,pharmacy,health_medical,gemini_sonnet_agree,yes,pharmacy,pharmacy,pharmacy,pharmacy,pharmacy
88,v4_unmatched_plaid,plaid,Premier,Premier,8.49,debit,unclassified_other,unclassified,Bare 'Premier' collides (Premier Stores groceries vs Premier Inn vs other). Accounting native and no store fascia in the narrative; do not force groceries.,no,GENERAL_SERVICES_ACCOUNTING_AND_FINANCIAL_SERVICES,financial_services_other,credit_loan_repayments,financial_services_other,credit_loan_repayments,T6_native_fallback,no,no,no,no,groceries,groceries_household_essentials,opus_tiebreak,no,groceries,unclassified_other,groceries,groceries,unclassified_other
89,v4_unmatched_plaid,plaid,Sony Playstation, Playstation,6.99,debit,gaming_console_pc,entertainment_leisure,PlayStation Network.,yes,ENTERTAINMENT_MUSIC_VIDEO_GAMES_TV_AND_MOVIES,entertainment_other,entertainment_leisure,entertainment_other,entertainment_leisure,T6_native_fallback,no,no,yes,yes,gaming_console_pc,entertainment_leisure,gemini_sonnet_agree,yes,gaming_console_pc,gaming_console_pc,gaming_console_pc,gaming_console_pc,gaming_console_pc
90,v4_unmatched_plaid,plaid,Brodericks Love Manvend,BRODERICKS LOVE MA,1.75,debit,confectionary,groceries_household_essentials,Brodericks / Love Manvend vending-style £1.75 snack.,yes,GENERAL_MERCHANDISE_APPAREL_AND_ACCESSORIES,clothing_general,clothing_personal_care,clothing_general,clothing_personal_care,T6_native_fallback,no,no,no,no,confectionary,groceries_household_essentials,gemini_sonnet_agree,yes,confectionary,confectionary,confectionary,confectionary,confectionary
91,v4_unmatched_plaid,plaid,Flex,Flex,4.49,debit,unclassified_other,unclassified,Bare Flex; many unrelated UK payees. Established unclassified_other holds.,established,GENERAL_SERVICES_ACCOUNTING_AND_FINANCIAL_SERVICES,financial_services_other,credit_loan_repayments,financial_services_other,credit_loan_repayments,T6_native_fallback,no,no,no,no,unclassified_other,unclassified,gemini_sonnet_agree,yes,unclassified_other,unclassified_other,unclassified_other,,
92,v4_unmatched_plaid,plaid,Sky Store,Sky Store,13.99,debit,streaming,digital_subscriptions_services,"Sky Store is paid movie buy/rent (digital video), closer to streaming than a physical TV/retail purchase. Convenience native is wrong.",no,GENERAL_MERCHANDISE_CONVENIENCE_STORES,convenience_store,groceries_household_essentials,convenience_store,groceries_household_essentials,T6_native_fallback,no,no,no,no,streaming,digital_subscriptions_services,gemini_sonnet_agree,yes,streaming,streaming,streaming,streaming,retail_tv_online_shopping
93,v4_unmatched_plaid,plaid,Gmg Consumer LLC,GMG CONSUMER LLC U.A.EMIRATES AMOUNT IN AED 13.10 ON 20 AUG VISA 4.947801 FINAL GBP AMOUNT INCLUDES NON-STERLING TRANS FEE £0.08 ,2.73,debit,foreign_spend_unspecified,travel_holidays,"GMG Consumer LLC, UAE, amount in AED with FX fee; foreign card spend, purpose not identifiable.",no,TRAVEL_AND_TRANSPORTATION_AUTOMOTIVE,vehicle_maintenance,transport_motoring,vehicle_maintenance,transport_motoring,T6_native_fallback,no,no,no,no,foreign_spend_unspecified,travel_holidays,gemini_sonnet_agree,yes,foreign_spend_unspecified,foreign_spend_unspecified,foreign_spend_unspecified,unclassified_other,foreign_spend_unspecified
94,v4_unmatched_plaid,plaid,Transport for London,TFL TRAVEL CH,5.8,debit,public_transport_rail_coach,transport_motoring,TfL travel charge.,yes,TRAVEL_AND_TRANSPORTATION_PUBLIC_TRANSIT,public_transport_rail_coach,transport_motoring,public_transport_rail_coach,transport_motoring,T4_dictionary,yes,yes,yes,yes,public_transport_rail_coach,transport_motoring,gemini_sonnet_agree,yes,public_transport_rail_coach,public_transport_rail_coach,public_transport_rail_coach,public_transport_rail_coach,public_transport_rail_coach
95,v4_unmatched_plaid,plaid,Sonia Vargas Da Rosa Noah,Sonia Vargas Da Rosa Noah,90.0,debit,transfer_p2p,transfers,Named person Sonia Vargas Da Rosa Noah.,yes,TRANSFER_OUT_OTHER,unclassified_transfer,unclassified,unclassified_transfer,unclassified,T6_native_fallback,no,no,no,no,transfer_p2p,transfers,gemini_sonnet_agree,yes,transfer_p2p,transfer_p2p,transfer_p2p,transfer_p2p,transfer_p2p
96,v4_unmatched_plaid,plaid,Mr Colin Worton,MR COLIN WORTON  XXXXXXXXXXXX4068 BBP,100.0,debit,transfer_p2p,transfers,Named person Mr Colin Worton.,yes,TRANSFER_OUT_OTHER,unclassified_transfer,unclassified,transfer_p2p,transfers,T5_R01,no,yes,no,yes,transfer_p2p,transfers,opus_tiebreak,yes,transfer_p2p,unclassified_other,transfer_p2p,transfer_p2p,transfer_p2p
97,v4_unmatched_plaid,plaid,Mr Cameron Luke,MR CAMERON LUKE 100000001576158532,75.0,debit,transfer_p2p,transfers,Named person Mr Cameron Luke.,yes,TRANSFER_OUT_OTHER,unclassified_transfer,unclassified,transfer_p2p,transfers,T5_R01,no,yes,no,yes,transfer_p2p,transfers,gemini_sonnet_agree,yes,transfer_p2p,transfer_p2p,transfer_p2p,transfer_p2p,transfer_p2p
98,v4_unmatched_plaid,plaid,Excelvendingltd,Contactless Payment NYX*ExcelVendingLtd GOOGLE 6482,1.2,debit,confectionary,groceries_household_essentials,NYX ExcelVendingLtd vending snack.,established,FOOD_RETAIL_OTHER,groceries,groceries_household_essentials,confectionary,groceries_household_essentials,T4_dictionary,no,yes,yes,yes,confectionary,groceries_household_essentials,gemini_sonnet_agree,yes,confectionary,confectionary,confectionary,,
99,v4_unmatched_plaid,plaid,Goldwire Conve,PPOINT_*GOLDWIRE C  ON 12 JUL CLP PPOINT_*GOLDWIRE CONVE,18.34,debit,convenience_store,groceries_household_essentials,"PayPoint Goldwire Conve is Goldwire Convenience Store (Best-one), Monmouth. Override both models' unclassified.",yes,TRANSFER_OUT_OTHER,unclassified_transfer,unclassified,unclassified_transfer,unclassified,T6_native_fallback,no,no,no,no,convenience_store,groceries_household_essentials,opus_tiebreak,yes,convenience_store,unclassified_other,convenience_store,unclassified_other,unclassified_other
100,v4_unmatched_plaid,plaid,Xwidget,XWIDGET.NET,10.02,debit,software,digital_subscriptions_services,"XWIDGET.NET is XWidget desktop-widget software, not a generic web host.",no,GENERAL_SERVICES_OTHER_SERVICES,business_services,business_self_employment,business_services,business_self_employment,T6_native_fallback,no,no,no,no,software,digital_subscriptions_services,opus_tiebreak,yes,software,web_services,software,unclassified_other,web_services
101,v4_unmatched_plaid,plaid,The Medical Hall Lim,The Medical Hall Lim,6.59,debit,pharmacy,health_medical,The Medical Hall; pharmacy.,yes,MEDICAL_OTHER_MEDICAL,health_other,health_medical,health_other,health_medical,T6_native_fallback,no,no,yes,yes,pharmacy,health_medical,gemini_sonnet_agree,yes,pharmacy,pharmacy,pharmacy,pharmacy,pharmacy
102,v4_unmatched_plaid,plaid,Sues Store,SUES STORE,25.46,debit,convenience_store,groceries_household_essentials,Sues Store; convenience native.,yes,GENERAL_MERCHANDISE_CONVENIENCE_STORES,convenience_store,groceries_household_essentials,convenience_store,groceries_household_essentials,T6_native_fallback,yes,yes,yes,yes,convenience_store,groceries_household_essentials,opus_tiebreak,yes,convenience_store,unclassified_other,convenience_store,convenience_store,convenience_store
103,v4_unmatched_plaid,plaid,Best Wood Off,7834 30JUN25 C    BEST WOOD OFF     LICENCE           NOTTINGHAM GB,6.89,debit,alcohol_beer_spirits,groceries_household_essentials,Best Wood Off Licence; explicit off-licence.,established,GENERAL_MERCHANDISE_SPORTING_GOODS,sportswear,clothing_personal_care,sportswear,clothing_personal_care,T6_native_fallback,no,no,no,no,alcohol_beer_spirits,groceries_household_essentials,gemini_sonnet_agree,yes,alcohol_beer_spirits,alcohol_beer_spirits,alcohol_beer_spirits,,
104,v4_unmatched_plaid,plaid,Cardtronics,CARDTRONICS UK LTD BURWELL 07JUL 14.40 ATM,120.0,debit,cash_withdrawal,cash,Cardtronics ATM Burwell.,yes,TRANSFER_OUT_CHECKS_AND_ATM,cash_withdrawal,cash,cash_withdrawal,cash,T6_native_fallback,yes,yes,yes,yes,cash_withdrawal,cash,gemini_sonnet_agree,yes,cash_withdrawal,cash_withdrawal,cash_withdrawal,cash_withdrawal,cash_withdrawal
105,v4_unmatched_plaid,plaid,Up Steps Inn,Up Steps Inn,13.5,debit,pub_bar,eating_drinking_out,Up Steps Inn is a Wetherspoon pub in Oldham. Lodging native is wrong; £13.50 is bar/food.,no,TRAVEL_AND_TRANSPORTATION_LODGING,accommodation,travel_holidays,accommodation,travel_holidays,T6_native_fallback,no,no,no,no,pub_bar,eating_drinking_out,gemini_sonnet_agree,yes,pub_bar,pub_bar,pub_bar,pub_bar,accommodation
106,v4_unmatched_plaid,plaid,J Hamblet,J HAMBLET 113709 11884666,10.0,debit,transfer_p2p,transfers,Named person J Hamblet.,no,TRANSFER_OUT_OTHER,unclassified_transfer,unclassified,transfer_p2p,transfers,T5_R02,no,yes,no,yes,transfer_p2p,transfers,gemini_sonnet_agree,yes,transfer_p2p,transfer_p2p,unclassified_other,unclassified_other,transfer_p2p
107,v4_unmatched_plaid,plaid,Kath Money,KATH              MONEY             VIA MOBILE - PYMT FP 13/09/25 10    30222324681370000N,10.0,debit,transfer_p2p,transfers,Named person Kath; MONEY memo is not a financial product.,yes,TRANSFER_OUT_OTHER,unclassified_transfer,unclassified,transfer_p2p,transfers,T4_dictionary,no,yes,no,yes,transfer_p2p,transfers,gemini_sonnet_agree,yes,transfer_p2p,transfer_p2p,transfer_p2p,transfer_p2p,transfer_p2p
108,v4_unmatched_plaid,plaid,The Wonky Teapot,THE WONKY TEAPOT  ON 08 AUG CPM,14.0,debit,restaurant_cafe,eating_drinking_out,The Wonky Teapot; coffee native; cafe.,yes,DINING_COFFEE,restaurant_cafe,eating_drinking_out,restaurant_cafe,eating_drinking_out,T4_dictionary,yes,yes,yes,yes,restaurant_cafe,eating_drinking_out,gemini_sonnet_agree,yes,restaurant_cafe,restaurant_cafe,restaurant_cafe,restaurant_cafe,restaurant_cafe
109,v4_unmatched_plaid,plaid,Jp Gardening Designs,JP gardening designs,10.0,debit,tradesmen,home_garden,"JP gardening designs £10; gardening service, not garden-centre retail.",no,GENERAL_MERCHANDISE_OTHER_GENERAL_MERCHANDISE,retail_other,general_retail_marketplaces,retail_other,general_retail_marketplaces,T6_native_fallback,no,no,no,no,garden,home_garden,opus_tiebreak,no,tradesmen,garden,garden,tradesmen,garden
110,v4_unmatched_plaid,plaid,Premia Solutions,220/189873-6885 Premia Solutions,8.99,debit,insurance_motor,insurance,"Premia Solutions sells dealer add-on motor products (GAP, tyre/alloy, SMART). £8.99 looks like an instalment. Not consulting.",no,GENERAL_SERVICES_CONSULTING_AND_LEGAL_SERVICES,legal_services,business_self_employment,legal_services,business_self_employment,T6_native_fallback,no,no,no,no,insurance_other,insurance,opus_tiebreak,no,insurance_motor,unclassified_other,insurance_other,services_unspecified,insurance_general
111,v4_unmatched_plaid,plaid,Baric Storage,BARIC STORAGE LTD 500000001629314090,20.0,debit,storage,housing,Baric Storage Ltd.,yes,GENERAL_SERVICES_OTHER_SERVICES,business_services,business_self_employment,business_services,business_self_employment,T6_native_fallback,no,no,no,no,storage,housing,gemini_sonnet_agree,yes,storage,storage,storage,storage,storage
112,v4_unmatched_plaid,plaid,Co-op Food,Co-op Food,11.55,debit,groceries,groceries_household_essentials,Co-op Food supermarket.,yes,FOOD_RETAIL_GROCERIES,groceries,groceries_household_essentials,groceries,groceries_household_essentials,T4_dictionary,yes,yes,yes,yes,groceries,groceries_household_essentials,gemini_sonnet_agree,yes,groceries,groceries,groceries,groceries,groceries
113,v4_unmatched_plaid,plaid,Chloe Nicholson,CHLOE NICHOLSON 200000001611701938,1.0,debit,transfer_p2p,transfers,Named person Chloe Nicholson.,yes,TRANSFER_OUT_OTHER,unclassified_transfer,unclassified,transfer_p2p,transfers,T4_dictionary,no,yes,no,yes,transfer_p2p,transfers,gemini_sonnet_agree,yes,transfer_p2p,transfer_p2p,transfer_p2p,transfer_p2p,transfer_p2p
114,v4_unmatched_plaid,plaid,Rocket,ROCKET,2.49,debit,unclassified_other,unclassified,Bare Rocket £2.49; personal-loan native is weak for this amount and the string collides (fintech/lender/other). Do not force a loan leaf.,no,LOAN_PAYMENTS_PERSONAL_LOAN_PAYMENT,personal_loan_repayment,credit_loan_repayments,personal_loan_repayment,credit_loan_repayments,T6_native_fallback,no,no,no,no,unclassified_other,unclassified,gemini_sonnet_agree,yes,unclassified_other,unclassified_other,unclassified_other,unclassified_other,personal_loan_repayment
115,v4_unmatched_plaid,plaid,C Bentall Centre,3824 07JUN25 C    BENTALL CENTRE    KINGSTON UPON GB,5.5,debit,unclassified_card_spend,unclassified,"Card at Bentall Centre Kingston; shopping-centre location only, purpose not identifiable.",no,TRANSFER_OUT_OTHER,unclassified_transfer,unclassified,unclassified_transfer,unclassified,T6_native_fallback,no,no,yes,yes,unclassified_card_spend,unclassified,opus_tiebreak,yes,car_parking,unclassified_card_spend,unclassified_card_spend,unclassified_card_spend,unclassified_other
116,v4_unmatched_plaid,plaid,Airfoods,INT'L 1651621484  AIRFOODS FUERTEVENARGANDA DEL R     EUR 11.20 @ 1.1678MAS Rate,9.59,debit,foreign_spend_unspecified,travel_holidays,"Airfoods Fuerteventura, EUR amount with FX; Spanish airport food. Follow foreign-spend convention rather than UK groceries.",no,FOOD_RETAIL_GROCERIES,groceries,groceries_household_essentials,groceries,groceries_household_essentials,T6_native_fallback,no,no,no,no,foreign_spend_unspecified,travel_holidays,gemini_sonnet_agree,yes,foreign_spend_unspecified,foreign_spend_unspecified,foreign_spend_unspecified,foreign_spend_unspecified,groceries
117,v4_unmatched_plaid,plaid,Charlie Park,"CHARLIE PARK (VIA APPLE PAY), ON 07-07-2025",3.2,debit,days_out,entertainment_leisure,"Charlie Park Apple Pay £3.20 is Charlie Park indoor soft-play (Atherton), not a P2P name.",no,TRANSFER_OUT_OTHER,unclassified_transfer,unclassified,transfer_p2p,transfers,T4_dictionary,no,no,no,no,unclassified_other,unclassified,opus_tiebreak,no,restaurant_cafe,transfer_p2p,unclassified_other,unclassified_other,transfer_p2p
118,v4_unmatched_plaid,plaid,Chaotic,CHAOTIC,1.08,debit,prize_competitions,gambling,Chaotic again; dining native is wrong. Prize-draw operator.,established,DINING_DINING,restaurant_cafe,eating_drinking_out,restaurant_cafe,eating_drinking_out,T6_native_fallback,no,no,no,no,unclassified_other,unclassified,gemini_sonnet_agree,no,unclassified_other,unclassified_other,unclassified_other,,
119,v4_unmatched_plaid,plaid,The Gym Group,B535649A-THE-GYM The Gym Group,20.99,debit,gym_fitness,health_medical,The Gym Group membership.,yes,PERSONAL_CARE_GYMS_AND_FITNESS_CENTERS,gym_fitness,health_medical,gym_fitness,health_medical,T4_dictionary,yes,yes,yes,yes,gym_fitness,health_medical,gemini_sonnet_agree,yes,gym_fitness,gym_fitness,gym_fitness,gym_fitness,gym_fitness
120,v4_unmatched_plaid,plaid,A Watson,A WATSON   17AUG25 110225 11261866,1.46,debit,transfer_p2p,transfers,Named person A Watson.,no,TRANSFER_OUT_OTHER,unclassified_transfer,unclassified,transfer_p2p,transfers,T5_R02,no,yes,no,yes,transfer_p2p,transfers,gemini_sonnet_agree,yes,transfer_p2p,transfer_p2p,transfer_p2p,unclassified_other,transfer_p2p
121,v4_unmatched_plaid,plaid,Gary,GARY HUGHES       JONJO             VIA MOBILE - PYMT FP 02/08/25 10    30155207536052000J,5.0,debit,transfer_p2p,transfers,Named person Gary Hughes / Jonjo memo; paying a person.,yes,TRANSFER_OUT_OTHER,unclassified_transfer,unclassified,unclassified_transfer,unclassified,T6_native_fallback,no,no,no,no,transfer_p2p,transfers,gemini_sonnet_agree,yes,transfer_p2p,transfer_p2p,transfer_p2p,transfer_p2p,transfer_p2p
122,v4_unmatched_plaid,plaid,Co Op Group Food,CO OP GROUP FOOD,23.19,debit,groceries,groceries_household_essentials,Co-op Group Food.,yes,FOOD_RETAIL_GROCERIES,groceries,groceries_household_essentials,groceries,groceries_household_essentials,T4_dictionary,yes,yes,yes,yes,groceries,groceries_household_essentials,gemini_sonnet_agree,yes,groceries,groceries,groceries,groceries,groceries
123,v4_unmatched_plaid,plaid,The Venue,THE VENUE,4.1,debit,eating_out_other,eating_drinking_out,"The Venue + dining native; generic venue name, food/drink out but not clearly pub vs restaurant.",yes,DINING_DINING,restaurant_cafe,eating_drinking_out,eating_out_other,eating_drinking_out,T4_dictionary,no,yes,yes,yes,eating_out_other,eating_drinking_out,gemini_sonnet_agree,yes,eating_out_other,eating_out_other,eating_out_other,eating_out_other,eating_out_other
124,v4_unmatched_plaid,plaid,Current,206719 63144062  MOBILE-CHANNEL FT Barclays current account,30.0,debit,transfer_own_account,transfers,MOBILE-CHANNEL FT Barclays current account is own-account. Override unclassified_other junk-string convention.,yes,TRANSFER_OUT_OTHER,unclassified_transfer,unclassified,unclassified_other,unclassified,T4_dictionary,no,no,no,no,unclassified_other,unclassified,opus_tiebreak,no,transfer_own_account,unclassified_other,unclassified_other,unclassified_other,unclassified_other
125,v4_unmatched_plaid,plaid,Ross And Roberts Limited,Visa purchase ROSS AND ROBERTS LIMITED,340.17,debit,debt_enforcement,high_cost_distress_credit,"Ross and Roberts Limited are enforcement agents/bailiffs. Apparel native is wrong. £340.17 is a typical enforcement collection. Adversarial: Ross & Roberts are certificated High Court Enforcement Officers/bailiffs, not a DCA. Taxonomy: debt_enforcement is the more severe leaf.",yes,GENERAL_MERCHANDISE_APPAREL_AND_ACCESSORIES,clothing_general,clothing_personal_care,clothing_general,clothing_personal_care,T6_native_fallback,no,no,no,no,unclassified_other,unclassified,opus_tiebreak,no,debt_enforcement,unclassified_other,unclassified_other,unclassified_other,unclassified_other
126,v4_unmatched_plaid,plaid,Trainline,TRAINLINE Trainline,23.09,debit,public_transport_rail_coach,transport_motoring,Trainline.,yes,TRAVEL_AND_TRANSPORTATION_PUBLIC_TRANSIT,public_transport_rail_coach,transport_motoring,public_transport_rail_coach,transport_motoring,T6_native_fallback,yes,yes,yes,yes,public_transport_rail_coach,transport_motoring,gemini_sonnet_agree,yes,public_transport_rail_coach,public_transport_rail_coach,public_transport_rail_coach,public_transport_rail_coach,public_transport_rail_coach
127,v4_unmatched_plaid,plaid,Ring Basic Plan Ring,RING BASIC PLAN Ring,49.99,debit,online_services,digital_subscriptions_services,"Ring Basic Plan is a consumer digital home-security subscription. Worked example ring protect plans → online_services (not a device purchase, not infrastructure web_services).",established,GENERAL_SERVICES_OTHER_SERVICES,business_services,business_self_employment,business_services,business_self_employment,T6_native_fallback,no,no,no,no,online_services,digital_subscriptions_services,opus_tiebreak,yes,online_services,home_accessories,online_services,,
128,v4_unmatched_plaid,plaid,Woodside Stores,Woodsidestores,0.95,debit,convenience_store,groceries_household_essentials,Woodside Stores.,yes,DINING_DINING,restaurant_cafe,eating_drinking_out,restaurant_cafe,eating_drinking_out,T6_native_fallback,no,no,no,no,convenience_store,groceries_household_essentials,gemini_sonnet_agree,yes,convenience_store,convenience_store,convenience_store,convenience_store,convenience_store
129,v4_unmatched_plaid,plaid,F Everard,F EVERARD  27JUL25 309877 36812660,70.0,debit,transfer_p2p,transfers,Named person F Everard.,no,TRANSFER_OUT_OTHER,unclassified_transfer,unclassified,transfer_p2p,transfers,T5_R02,no,yes,no,yes,unclassified_other,unclassified,opus_tiebreak,no,transfer_p2p,unclassified_other,unclassified_other,unclassified_other,transfer_p2p
130,v4_unmatched_plaid,plaid,B & Q,B&Q,3.71,debit,home_improvement,home_garden,B&Q; DIY/home improvement.,established,GENERAL_MERCHANDISE_FURNITURE_AND_HARDWARE,home_accessories,home_garden,home_accessories,home_garden,T6_native_fallback,no,no,yes,yes,home_improvement,home_garden,gemini_sonnet_agree,yes,home_improvement,home_improvement,home_improvement,,
131,v4_unmatched_plaid,plaid,SkyBet,5629 07SEP25  D   SKY BET           LEEDS GB,20.0,debit,gambling_betting,gambling,Sky Bet debit.,yes,ENTERTAINMENT_CASINOS_AND_GAMBLING,gambling_unspecified,gambling,gambling_betting,gambling,T4_dictionary,no,yes,yes,yes,gambling_betting,gambling,gemini_sonnet_agree,yes,gambling_betting,gambling_betting,gambling_betting,gambling_betting,gambling_betting
132,v4_unmatched_plaid,plaid,Raylo,Raylo - MXV8ZEG,72.18,debit,retail_finance_repayment,credit_loan_repayments,Raylo is Raylo's own device-finance product; retail finance repayment.,yes,GENERAL_MERCHANDISE_ONLINE_MARKETPLACES,marketplace_general,general_retail_marketplaces,retail_finance_repayment,credit_loan_repayments,T4_dictionary,no,yes,no,yes,retail_finance_repayment,credit_loan_repayments,gemini_sonnet_agree,yes,retail_finance_repayment,retail_finance_repayment,retail_finance_repayment,retail_finance_repayment,retail_finance_repayment
133,v4_unmatched_plaid,plaid,R&co Property Mana,R&CO PROPERTY MANA 309897 35000963,650.0,debit,property_management,housing,R&Co Property Mana £650; letting/property agent collection. Dining native spurious.,yes,DINING_DINING,restaurant_cafe,eating_drinking_out,restaurant_cafe,eating_drinking_out,T6_native_fallback,no,no,no,no,property_management,housing,gemini_sonnet_agree,yes,property_management,property_management,property_management,property_management,property_management
134,v4_unmatched_plaid,plaid,Aspire,ALLPAY *ASPIRE HOU,450.0,debit,rent,housing,"ALLPAY *ASPIRE HOU £450 is Aspire Housing rent via Allpay, not a credit-card payment.",no,LOAN_PAYMENTS_CREDIT_CARD_PAYMENT,credit_card_repayment,credit_loan_repayments,credit_card_repayment,credit_loan_repayments,T6_native_fallback,no,no,no,no,rent,housing,gemini_sonnet_agree,yes,rent,rent,rent,unclassified_other,rent
135,v4_unmatched_plaid,plaid,Amazon,Amazon,17.0,debit,marketplace_amazon,general_retail_marketplaces,Amazon debit.,established,GENERAL_MERCHANDISE_ONLINE_MARKETPLACES,marketplace_general,general_retail_marketplaces,marketplace_amazon,general_retail_marketplaces,T4_dictionary,no,yes,yes,yes,marketplace_amazon,general_retail_marketplaces,gemini_sonnet_agree,yes,marketplace_amazon,marketplace_amazon,marketplace_amazon,,
136,v4_unmatched_plaid,plaid,Thesnackboxvendin,Contactless Payment NYX*TheSnackBoxVendin APPLEPAY 3580,1.0,debit,confectionary,groceries_household_essentials,NYX TheSnackBoxVendin vending snack.,yes,FOOD_RETAIL_OTHER,groceries,groceries_household_essentials,groceries,groceries_household_essentials,T6_native_fallback,no,no,yes,yes,confectionary,groceries_household_essentials,gemini_sonnet_agree,yes,confectionary,confectionary,confectionary,confectionary,confectionary
137,v4_unmatched_plaid,plaid,Country Storage Co Container,COUNTRY STORAGE CO  CONTAINER 47 DIEGO FT,90.0,debit,storage,housing,Country Storage Co container.,yes,GENERAL_SERVICES_OTHER_SERVICES,business_services,business_self_employment,business_services,business_self_employment,T6_native_fallback,no,no,no,no,storage,housing,gemini_sonnet_agree,yes,storage,storage,storage,storage,storage
138,v4_unmatched_plaid,plaid,B20 Tx Verify,Txvrfy,15.02,debit,unclassified_other,unclassified,B20 Tx Verify / Txvrfy £15.02; looks like a card-verification or obscure fintech string. Personal-loan native insufficient.,yes,LOAN_PAYMENTS_PERSONAL_LOAN_PAYMENT,personal_loan_repayment,credit_loan_repayments,personal_loan_repayment,credit_loan_repayments,T6_native_fallback,no,no,no,no,unclassified_other,unclassified,gemini_sonnet_agree,yes,unclassified_other,unclassified_other,unclassified_other,unclassified_other,unclassified_other
139,v4_unmatched_plaid,plaid,Apple,APPLE.COM/BILL,14.99,debit,software,digital_subscriptions_services,Apple.com/bill.,established,GENERAL_MERCHANDISE_COMPUTERS_AND_ELECTRONICS,computing_devices,general_retail_marketplaces,software,digital_subscriptions_services,T4_dictionary,no,yes,no,yes,software,digital_subscriptions_services,gemini_sonnet_agree,yes,software,software,software,,
140,v4_unmatched_plaid,plaid,L And L,6485 20SEP25      L AND L EUROPE    LONDON GB,100.0,debit,unclassified_other,unclassified,L AND L EUROPE £100; payee not uniquely identifiable.,yes,TRANSFER_OUT_OTHER,unclassified_transfer,unclassified,unclassified_transfer,unclassified,T6_native_fallback,no,no,yes,yes,gambling_casino,gambling,opus_tiebreak,no,gambling_casino,unclassified_other,gambling_casino,unclassified_other,unclassified_other
141,v4_unmatched_plaid,plaid,C Rymond,C RYMOND-BRYAN 110595 12411066,20.0,debit,transfer_p2p,transfers,Named person C Rymond-Bryan.,yes,TRANSFER_OUT_OTHER,unclassified_transfer,unclassified,transfer_p2p,transfers,T5_R02,no,yes,no,yes,transfer_p2p,transfers,opus_tiebreak,yes,transfer_p2p,unclassified_other,transfer_p2p,transfer_p2p,transfer_p2p
142,v4_unmatched_plaid,plaid,Southern Co-op,SOUTHERN CO-OP RET  ON 29 AUG CPM SOUTHERN CO-OP RETAIL,4.0,debit,groceries,groceries_household_essentials,Southern Co-op retail food.,established,FOOD_RETAIL_GROCERIES,groceries,groceries_household_essentials,groceries,groceries_household_essentials,T6_native_fallback,yes,yes,yes,yes,groceries,groceries_household_essentials,gemini_sonnet_agree,yes,groceries,groceries,groceries,,
143,v4_unmatched_plaid,plaid,Transport for London,TFL TRAVEL CH  ON 13 JUL CPM TFL TRAVEL CHARGE,7.0,debit,public_transport_rail_coach,transport_motoring,TfL travel charge.,yes,TRAVEL_AND_TRANSPORTATION_PUBLIC_TRANSIT,public_transport_rail_coach,transport_motoring,public_transport_rail_coach,transport_motoring,T4_dictionary,yes,yes,yes,yes,public_transport_rail_coach,transport_motoring,gemini_sonnet_agree,yes,public_transport_rail_coach,public_transport_rail_coach,public_transport_rail_coach,public_transport_rail_coach,public_transport_rail_coach
144,v4_unmatched_plaid,plaid,Ensign Bus Company,Ensign Bus Company Lim,2.7,debit,public_transport_rail_coach,transport_motoring,Ensign Bus Company.,yes,TRAVEL_AND_TRANSPORTATION_PUBLIC_TRANSIT,public_transport_rail_coach,transport_motoring,public_transport_rail_coach,transport_motoring,T4_dictionary,yes,yes,yes,yes,public_transport_rail_coach,transport_motoring,gemini_sonnet_agree,yes,public_transport_rail_coach,public_transport_rail_coach,public_transport_rail_coach,public_transport_rail_coach,public_transport_rail_coach
145,v4_unmatched_plaid,plaid,Miss Kamron,Payment to MISS KAMRON GRANT 608371 12508646 2025-10-19,10.26,debit,transfer_p2p,transfers,Named person Miss Kamron Grant.,yes,TRANSFER_OUT_OTHER,unclassified_transfer,unclassified,transfer_p2p,transfers,T5_R01,no,yes,no,yes,transfer_p2p,transfers,gemini_sonnet_agree,yes,transfer_p2p,transfer_p2p,transfer_p2p,transfer_p2p,transfer_p2p
146,v4_unmatched_plaid,plaid,Amazon,AMZNMktplace*RT6H7amazon.co.uk,9.99,debit,marketplace_amazon,general_retail_marketplaces,Amazon Marketplace.,established,GENERAL_MERCHANDISE_ONLINE_MARKETPLACES,marketplace_general,general_retail_marketplaces,marketplace_amazon,general_retail_marketplaces,T4_dictionary,no,yes,yes,yes,marketplace_amazon,general_retail_marketplaces,gemini_sonnet_agree,yes,marketplace_amazon,marketplace_amazon,marketplace_amazon,,
147,v4_unmatched_plaid,plaid,Ellie Ellie Ft,ELLIE  ELLIE FT,30.0,debit,transfer_p2p,transfers,Named person Ellie.,yes,TRANSFER_OUT_OTHER,unclassified_transfer,unclassified,unclassified_transfer,unclassified,T6_native_fallback,no,no,no,no,transfer_p2p,transfers,gemini_sonnet_agree,yes,transfer_p2p,transfer_p2p,transfer_p2p,transfer_p2p,transfer_p2p
148,v4_unmatched_plaid,plaid,RingGo,RINGGO,5.2,debit,car_parking,transport_motoring,RingGo.,yes,TRAVEL_AND_TRANSPORTATION_OTHER_TRAVEL_AND_TRANSPORTATION,transport_other,transport_motoring,transport_other,transport_motoring,T6_native_fallback,no,no,yes,yes,car_parking,transport_motoring,gemini_sonnet_agree,yes,car_parking,car_parking,car_parking,car_parking,car_parking
149,v4_unmatched_plaid,plaid,Apple,Apple,2.99,debit,software,digital_subscriptions_services,Apple digital purchase.,established,GENERAL_MERCHANDISE_OTHER_GENERAL_MERCHANDISE,retail_other,general_retail_marketplaces,software,digital_subscriptions_services,T4_dictionary,no,yes,no,yes,software,digital_subscriptions_services,gemini_sonnet_agree,yes,software,software,software,,
150,v4_unmatched_plaid,plaid,Ky Pocket Money,KY                POCKET MONEY      VIA MOBILE - PYMT,3.0,debit,transfer_p2p,transfers,KY pocket money to a person; loan native is wrong. Not a debt keyword list match.,yes,LOAN_PAYMENTS_PERSONAL_LOAN_PAYMENT,personal_loan_repayment,credit_loan_repayments,transfer_p2p,transfers,T4_dictionary,no,yes,no,yes,transfer_p2p,transfers,gemini_sonnet_agree,yes,transfer_p2p,transfer_p2p,transfer_p2p,transfer_p2p,transfer_p2p
151,v4_unmatched_plaid,plaid,HM Revenue and Customs,HMRC CHILD BENEFIT                    REFERENCE: HENDRIEADELE841712,43.3,credit,benefits_state,income_benefits_state_support,HMRC Child Benefit credit.,yes,TAX_REFUND_TAX_REFUND,tax_refund,income_other,tax_payment,council_tax_government,T4_dictionary,no,no,no,no,benefits_state,income_benefits_state_support,gemini_sonnet_agree,yes,benefits_state,benefits_state,benefits_state,benefits_state,benefits_state
152,v4_unmatched_plaid,plaid,Flower Lane Sp,Flower Lane Sp4,60.0,debit,unclassified_other,unclassified,Flower Lane Sp4: Sp4 may hint SPAR or postcode SP4; no reliable store match. Do not force groceries.,yes,GENERAL_MERCHANDISE_OTHER_GENERAL_MERCHANDISE,retail_other,general_retail_marketplaces,retail_other,general_retail_marketplaces,T6_native_fallback,no,no,no,no,unclassified_other,unclassified,gemini_sonnet_agree,yes,unclassified_other,unclassified_other,convenience_store,unclassified_other,unclassified_other
153,v4_unmatched_plaid,plaid,Prince Kaetu-smith,PRINCE KAETU-SMITH  SERVICES FT,130.0,debit,transfer_p2p,transfers,Named person Prince Kaetu-smith; SERVICES memo is too generic to call tradesmen. Automotive native unsupported.,no,TRAVEL_AND_TRANSPORTATION_AUTOMOTIVE,vehicle_maintenance,transport_motoring,vehicle_maintenance,transport_motoring,T6_native_fallback,no,no,no,no,unclassified_other,unclassified,opus_tiebreak,no,transfer_p2p,business_services,unclassified_other,unclassified_other,transfer_p2p
154,v4_unmatched_plaid,plaid,Js Minimarket,JS MINIMARKET  ON 26 AUG CPM,3.49,debit,convenience_store,groceries_household_essentials,JS Minimarket.,yes,FOOD_RETAIL_GROCERIES,groceries,groceries_household_essentials,convenience_store,groceries_household_essentials,T4_dictionary,no,yes,yes,yes,convenience_store,groceries_household_essentials,gemini_sonnet_agree,yes,convenience_store,convenience_store,convenience_store,convenience_store,convenience_store
155,v4_unmatched_plaid,plaid,Courthouse Bar,Courthouse Bar,12.8,debit,pub_bar,eating_drinking_out,Courthouse Bar.,yes,DINING_DINING,restaurant_cafe,eating_drinking_out,pub_bar,eating_drinking_out,T4_dictionary,no,yes,yes,yes,pub_bar,eating_drinking_out,gemini_sonnet_agree,yes,pub_bar,pub_bar,pub_bar,pub_bar,pub_bar
156,v4_unmatched_plaid,plaid,Zable,ZABLE,11.0,debit,credit_card_repayment,credit_loan_repayments,Zable is a UK credit-builder card (Lendable). Credit-card native and £11 fits a card repayment better than unclassified.,no,LOAN_PAYMENTS_CREDIT_CARD_PAYMENT,credit_card_repayment,credit_loan_repayments,credit_card_repayment,credit_loan_repayments,T6_native_fallback,yes,yes,yes,yes,credit_card_repayment,credit_loan_repayments,opus_tiebreak,yes,credit_card_repayment,unclassified_other,credit_card_repayment,unclassified_other,credit_card_repayment
157,v4_unmatched_plaid,plaid,Jade Hunter,Payment to JADE HUNTER 400500 20366412,3.0,debit,transfer_p2p,transfers,Named person Jade Hunter.,yes,TRANSFER_OUT_OTHER,unclassified_transfer,unclassified,transfer_p2p,transfers,T4_dictionary,no,yes,no,yes,transfer_p2p,transfers,gemini_sonnet_agree,yes,transfer_p2p,transfer_p2p,transfer_p2p,transfer_p2p,transfer_p2p
158,v4_unmatched_plaid,plaid,Pollyanna Kean,Starling Bank account - Dave Pollyanna Kean - SortCodeAccountNumber: 60837172858124,50.0,debit,transfer_p2p,transfers,"Starling account labelled Dave Pollyanna Kean — named other person, not evidence this is the holder's own pot. Override Haiku transfer_own_account.",no,TRANSFER_OUT_OTHER,unclassified_transfer,unclassified,unclassified_transfer,unclassified,T6_native_fallback,no,no,no,no,transfer_p2p,transfers,gemini_sonnet_agree,yes,transfer_p2p,transfer_p2p,transfer_p2p,transfer_own_account,transfer_p2p
159,v4_unmatched_plaid,plaid,Nbplyx,Nbplyx E0000517,86.55,debit,insurance_general,insurance,Nbplyx E0000517 with insurance native; payee string is opaque but native is usable evidence for unidentifiable insurance. Not a named insurer brand.,no,INSURANCE_AND_TAX_INSURANCE,insurance_general,insurance,insurance_general,insurance,T6_native_fallback,yes,yes,yes,yes,unclassified_other,unclassified,gemini_sonnet_agree,no,unclassified_other,unclassified_other,unclassified_other,unclassified_other,insurance_general
160,v4_unmatched_plaid,plaid,Melissa Carney Aubrey,MELISSA CARNEY    AUBREY            VIA MOBILE - PYMT,15.0,debit,transfer_p2p,transfers,Named person Melissa Carney Aubrey.,yes,TRANSFER_OUT_OTHER,unclassified_transfer,unclassified,unclassified_transfer,unclassified,T6_native_fallback,no,no,no,no,transfer_p2p,transfers,gemini_sonnet_agree,yes,transfer_p2p,transfer_p2p,transfer_p2p,transfer_p2p,transfer_p2p
161,v4_unmatched_plaid,plaid,Apple,APPLE.COM/BILL CD 8988,1.99,debit,software,digital_subscriptions_services,Apple.com/bill.,established,GENERAL_MERCHANDISE_COMPUTERS_AND_ELECTRONICS,computing_devices,general_retail_marketplaces,software,digital_subscriptions_services,T4_dictionary,no,yes,no,yes,software,digital_subscriptions_services,gemini_sonnet_agree,yes,software,software,software,,
162,v4_unmatched_plaid,plaid,Apple,0215 28SEP25  D   APPLE.COM/BILL    08001076285 IE,1.99,debit,software,digital_subscriptions_services,Apple.com/bill.,established,GENERAL_MERCHANDISE_COMPUTERS_AND_ELECTRONICS,computing_devices,general_retail_marketplaces,software,digital_subscriptions_services,T4_dictionary,no,yes,no,yes,software,digital_subscriptions_services,gemini_sonnet_agree,yes,software,software,software,,
163,v4_unmatched_plaid,plaid,Flex,Flex,0.09,debit,unclassified_other,unclassified,Bare Flex £0.09; established unclassified_other holds.,established,GENERAL_SERVICES_ACCOUNTING_AND_FINANCIAL_SERVICES,financial_services_other,credit_loan_repayments,financial_services_other,credit_loan_repayments,T6_native_fallback,no,no,no,no,unclassified_other,unclassified,gemini_sonnet_agree,yes,unclassified_other,unclassified_other,unclassified_other,,
164,v4_unmatched_plaid,plaid,Dvla-lb,DVLA-LB06KVD 000000000061828530,18.37,debit,road_tax,transport_motoring,DVLA-LB VRN-style reference; vehicle excise debit.,yes,GOVERNMENTS_AND_NON_PROFIT_GOVERNMENTS_AND_NON_PROFIT,council_tax,council_tax_government,road_tax,transport_motoring,T4_dictionary,no,yes,no,yes,road_tax,transport_motoring,gemini_sonnet_agree,yes,road_tax,road_tax,road_tax,road_tax,road_tax
165,v4_unmatched_plaid,plaid,Mr Paul J Stockdal,MR PAUL J STOCKDAL 200000001595787401,13.0,debit,transfer_p2p,transfers,Named person Mr Paul J Stockdal.,yes,TRANSFER_OUT_OTHER,unclassified_transfer,unclassified,transfer_p2p,transfers,T5_R01,no,yes,no,yes,transfer_p2p,transfers,opus_tiebreak,yes,transfer_p2p,unclassified_other,transfer_p2p,transfer_p2p,transfer_p2p
166,v4_unmatched_plaid,plaid,Home Retail Group,8252 12JUN25      HOME RETAIL GROUP LONDON GB,35.0,debit,catalogue_retail,general_retail_marketplaces,Home Retail Group shopping debit is Argos catalogue retail (brief). Override established retail_other.,established,GENERAL_MERCHANDISE_OTHER_GENERAL_MERCHANDISE,retail_other,general_retail_marketplaces,retail_other,general_retail_marketplaces,T6_native_fallback,no,no,yes,yes,catalogue_retail,general_retail_marketplaces,gemini_sonnet_agree,yes,catalogue_retail,catalogue_retail,catalogue_retail,,
167,v4_unmatched_plaid,plaid,Jamie Stone,Jamie Stone,11.0,debit,transfer_p2p,transfers,Named person Jamie Stone.,yes,TRANSFER_OUT_OTHER,unclassified_transfer,unclassified,unclassified_transfer,unclassified,T6_native_fallback,no,no,no,no,transfer_p2p,transfers,gemini_sonnet_agree,yes,transfer_p2p,transfer_p2p,transfer_p2p,transfer_p2p,transfer_p2p
168,v4_unmatched_plaid,plaid,Hastings Insurance,HASTINGS INSURANCE,59.29,debit,insurance_general,insurance,Hastings Insurance: Hastings Direct is motor-led but also sells home/other lines; keep multi-line insurance_general rather than forcing motor-only.,established,INSURANCE_AND_TAX_INSURANCE,insurance_general,insurance,insurance_general,insurance,T6_native_fallback,yes,yes,yes,yes,insurance_motor,insurance,opus_tiebreak,no,insurance_motor,insurance_general,insurance_motor,,
169,v4_unmatched_plaid,plaid,Hills Of Corby Hill Sp,HILLS OF CORBY HIL  ON 05 JUL CPM HILLS OF CORBY HILL SP,1.25,debit,groceries,groceries_household_essentials,Hills of Corby Hill Sp is the SPAR at Corby Hill; symbol-group grocer. Travel native is wrong.,no,TRAVEL_AND_TRANSPORTATION_OTHER_TRAVEL_AND_TRANSPORTATION,transport_other,transport_motoring,transport_other,transport_motoring,T6_native_fallback,no,no,no,no,convenience_store,groceries_household_essentials,gemini_sonnet_agree,no,convenience_store,convenience_store,convenience_store,unclassified_other,convenience_store
170,v4_unmatched_plaid,plaid,Current,TRANSFER TO EVERYDAY CURRENT ACCOUNT,10.0,debit,transfer_own_account,transfers,Narrative TRANSFER TO EVERYDAY CURRENT ACCOUNT.,yes,TRANSFER_OUT_OTHER,unclassified_transfer,unclassified,unclassified_other,unclassified,T4_dictionary,no,no,no,no,transfer_own_account,transfers,gemini_sonnet_agree,yes,transfer_own_account,transfer_own_account,transfer_own_account,transfer_own_account,transfer_own_account
171,v4_unmatched_plaid,plaid,Pak Foods,PAK FOODS,9.56,debit,groceries_specialist,groceries_household_essentials,Pak Foods; world-food grocer.,yes,FOOD_RETAIL_GROCERIES,groceries,groceries_household_essentials,groceries,groceries_household_essentials,T6_native_fallback,no,no,yes,yes,groceries_specialist,groceries_household_essentials,gemini_sonnet_agree,yes,groceries_specialist,groceries_specialist,takeaway,groceries_specialist,groceries_specialist
172,v4_unmatched_plaid,plaid,Costa Coffee,COSTA COFFEE 43011,5.0,debit,restaurant_cafe,eating_drinking_out,Costa Coffee.,yes,DINING_COFFEE,restaurant_cafe,eating_drinking_out,restaurant_cafe,eating_drinking_out,T6_native_fallback,yes,yes,yes,yes,restaurant_cafe,eating_drinking_out,gemini_sonnet_agree,yes,restaurant_cafe,restaurant_cafe,restaurant_cafe,restaurant_cafe,restaurant_cafe
173,v4_unmatched_plaid,plaid,Mnk Village Food & Win,Mnk Village Food & Win,8.0,debit,convenience_store,groceries_household_essentials,"Mnk Village Food & Wine is a local food-and-wine/off-licence shop, not a specialist grocer chain.",no,FOOD_RETAIL_GROCERIES,groceries,groceries_household_essentials,groceries,groceries_household_essentials,T6_native_fallback,no,no,yes,yes,convenience_store,groceries_household_essentials,gemini_sonnet_agree,yes,convenience_store,convenience_store,convenience_store,convenience_store,groceries_specialist
174,v4_unmatched_plaid,plaid,Goals Heathrow Bar,Goals heathrow bar  ON 17 JUL CPM GOALS HEATHROW BAR,7.4,debit,pub_bar,eating_drinking_out,Goals Heathrow Bar; 5-a-side centre bar.,yes,DINING_DINING,restaurant_cafe,eating_drinking_out,restaurant_cafe,eating_drinking_out,T6_native_fallback,no,no,yes,yes,pub_bar,eating_drinking_out,gemini_sonnet_agree,yes,pub_bar,pub_bar,pub_bar,pub_bar,pub_bar
175,v4_unmatched_plaid,plaid,Mr Philip M Spence,MR PHILIP M SPENCE 600000001606720538,100.0,debit,transfer_p2p,transfers,Named person Mr Philip M Spence.,yes,TRANSFER_OUT_OTHER,unclassified_transfer,unclassified,transfer_p2p,transfers,T5_R01,no,yes,no,yes,transfer_p2p,transfers,opus_tiebreak,yes,transfer_p2p,unclassified_other,transfer_p2p,transfer_p2p,transfer_p2p
176,v4_unmatched_plaid,plaid,Niki Brothers,SumUp  *NIKI BROTH,4.99,debit,unclassified_other,unclassified,SumUp *NIKI BROTHERS £4.99; several unrelated Niki/Niki Brothers businesses; purpose not unique.,no,TRANSFER_OUT_OTHER,unclassified_transfer,unclassified,unclassified_transfer,unclassified,T6_native_fallback,no,no,yes,yes,unclassified_other,unclassified,opus_tiebreak,yes,convenience_store,unclassified_other,unclassified_other,unclassified_other,restaurant_cafe
177,v4_unmatched_plaid,plaid,Ary Court,0320 03OCT25 C    STANNARY COURT    PLYMOUTH GB,6.79,debit,pub_bar,eating_drinking_out,"Stannary Court Plymouth card £6.79 is The Stannary Court Wetherspoon in Plympton, not student-hall rent.",no,TRANSFER_OUT_OTHER,unclassified_transfer,unclassified,unclassified_transfer,unclassified,T6_native_fallback,no,no,no,no,unclassified_card_spend,unclassified,opus_tiebreak,no,pub_bar,unclassified_other,unclassified_card_spend,restaurant_cafe,unclassified_other
178,v4_unmatched_plaid,plaid,Canteen Harrow,CANTEEN HARROW  ON 19 JUN CPM,3.6,debit,catering,eating_drinking_out,"Canteen Harrow is workplace/canteen catering, not a high-street restaurant.",no,FOOD_RETAIL_OTHER,groceries,groceries_household_essentials,groceries,groceries_household_essentials,T6_native_fallback,no,no,no,no,restaurant_cafe,eating_drinking_out,gemini_sonnet_agree,no,restaurant_cafe,restaurant_cafe,restaurant_cafe,catering,restaurant_cafe
179,v4_unmatched_plaid,plaid,3s Retail LTD,3S RETAIL LTD,3.34,debit,convenience_store,groceries_household_essentials,Override established retail_other. 3S Retail Ltd SIC 47110 is a food/drink/tobacco non-specialised shop; £3.34 is convenience spend.,established,LOAN_PAYMENTS_PERSONAL_LOAN_PAYMENT,personal_loan_repayment,credit_loan_repayments,personal_loan_repayment,credit_loan_repayments,T6_native_fallback,no,no,no,no,unclassified_other,unclassified,opus_tiebreak,no,convenience_store,unclassified_other,unclassified_other,,
180,v4_unmatched_plaid,plaid,Uk Funerals,UK FUNERALS  2022 16180307,24.91,debit,funeral,health_medical,UK Funerals plan/payment.,yes,ENTERTAINMENT_EVENTS_AND_TICKETS,live_music,entertainment_leisure,funeral,health_medical,T4_dictionary,no,yes,no,yes,funeral,health_medical,gemini_sonnet_agree,yes,funeral,funeral,funeral,funeral,funeral
181,v4_unmatched_plaid,plaid,Showcase Cinema de Lux,2667 04JUL25 CD   SHOWCASE          PETERBOROUGH      NOTTINGHAM GB,16.45,debit,cinema,entertainment_leisure,Showcase Cinema de Lux Peterborough.,yes,ENTERTAINMENT_MUSIC_VIDEO_GAMES_TV_AND_MOVIES,entertainment_other,entertainment_leisure,cinema,entertainment_leisure,T4_dictionary,no,yes,yes,yes,cinema,entertainment_leisure,gemini_sonnet_agree,yes,cinema,cinema,cinema,cinema,cinema
182,v4_unmatched_plaid,plaid,Stripe Re Shopify Capital Uk,DBYLQFFUL1NDYZYRR8 Stripe Re Shopify Capital Uk,407.47,debit,business_loan_repayment,business_self_employment,"Stripe Re Shopify Capital UK is Shopify Capital merchant-cash-advance / business funding repayment, not a generic loan_other.",no,TRANSFER_OUT_OTHER,unclassified_transfer,unclassified,unclassified_transfer,unclassified,T6_native_fallback,no,no,no,no,business_loan_repayment,business_self_employment,gemini_sonnet_agree,yes,business_loan_repayment,business_loan_repayment,business_loan_repayment,loan_repayment_other,business_loan_repayment
183,v4_unmatched_plaid,plaid,Miss,MISS HAYLEY D GOULD                      RENT from son,15.0,debit,rent,housing,Debit to Miss Hayley Gould with memo RENT from son. Housing payment to a named landlord/parent; rent not P2P.,no,RENT_AND_UTILITIES_RENT,rent,housing,transfer_p2p,transfers,T4_dictionary,yes,no,yes,no,rent,housing,opus_tiebreak,yes,rent,transfer_p2p,rent,transfer_p2p,rent
184,v4_unmatched_plaid,plaid,Nuns Bridge Filling Stati,NUNS BRIDGE FILLIN,7.74,debit,fuel,transport_motoring,Nuns Bridge Filling Station.,yes,FOOD_RETAIL_GROCERIES,groceries,groceries_household_essentials,fuel,transport_motoring,T4_dictionary,no,yes,no,yes,fuel,transport_motoring,gemini_sonnet_agree,yes,fuel,fuel,fuel,fuel,fuel
185,v4_unmatched_plaid,plaid,Vape Empire Chorley,Vape Empire Chorley,18.0,debit,vaping,groceries_household_essentials,Vape Empire Chorley.,yes,GENERAL_MERCHANDISE_OTHER_GENERAL_MERCHANDISE,retail_other,general_retail_marketplaces,vaping,groceries_household_essentials,T4_dictionary,no,yes,no,yes,vaping,groceries_household_essentials,gemini_sonnet_agree,yes,vaping,vaping,vaping,vaping,vaping
186,v4_unmatched_plaid,plaid,Icelandair,Iceland,22.3,debit,groceries,groceries_household_essentials,Iceland supermarket (Plaid Icelandair alias) + groceries native; not flights.,established,FOOD_RETAIL_GROCERIES,groceries,groceries_household_essentials,groceries,groceries_household_essentials,T6_native_fallback,yes,yes,yes,yes,groceries,groceries_household_essentials,opus_tiebreak,yes,groceries,flights,groceries,,
187,v4_unmatched_plaid,plaid,Crocseu,CrocsEU,89.97,debit,footwear,clothing_personal_care,Crocs EU.,yes,TRANSFER_OUT_OTHER,unclassified_transfer,unclassified,footwear,clothing_personal_care,T4_dictionary,no,yes,no,yes,footwear,clothing_personal_care,gemini_sonnet_agree,yes,footwear,footwear,footwear,footwear,footwear
188,v4_unmatched_plaid,plaid,Sofia Pemberton Frm Zoe,SOFIA PEMBERTON  FRM ZOE FT,30.0,debit,transfer_p2p,transfers,Named person Sofia Pemberton from Zoe.,yes,TRANSFER_OUT_OTHER,unclassified_transfer,unclassified,transfer_p2p,transfers,T4_dictionary,no,yes,no,yes,transfer_p2p,transfers,gemini_sonnet_agree,yes,transfer_p2p,transfer_p2p,transfer_p2p,transfer_p2p,transfer_p2p
189,v4_unmatched_plaid,plaid,Ragulans Brothers Limi,Ragulans Brothers Limi,12.0,debit,convenience_store,groceries_household_essentials,"Ragulans Brothers is Ragulans newsagent/off-licence (food, drink, tobacco), not a specialist grocer.",no,FOOD_RETAIL_GROCERIES,groceries,groceries_household_essentials,groceries,groceries_household_essentials,T6_native_fallback,no,no,yes,yes,unclassified_other,unclassified,opus_tiebreak,no,convenience_store,unclassified_other,unclassified_other,groceries_specialist,convenience_store
190,v4_unmatched_plaid,plaid,Mob Nichola Borrowed,"MOB, Nichola, Borrowed",81.0,debit,loan_repayment_manual,credit_loan_repayments,"MOB Nichola Borrowed: informal loan to a named person. 'Borrowed' is an explicit lend/IOU marker — loan_repayment_manual not P2P Adversary: memo is Borrowed, which is not on the explicit LOAN/LEND/OWE/DEBT/IOU list, so P2P. Labeller treated Borrowed as an informal-loan marker. Left as loan_repayment_manual for you to decide.",no,TRANSFER_OUT_OTHER,unclassified_transfer,unclassified,unclassified_transfer,unclassified,T6_native_fallback,no,no,no,no,loan_repayment_manual,credit_loan_repayments,gemini_sonnet_agree,yes,loan_repayment_manual,loan_repayment_manual,loan_repayment_manual,transfer_p2p,loan_repayment_manual
191,v4_unmatched_plaid,plaid,LC International,5649 25JUL25  D   LC INTERNATIONAL  LTD               GIBRALTAR GI,5.0,debit,gambling_betting,gambling,LC International Gibraltar is Ladbrokes Coral betting.,yes,ENTERTAINMENT_CASINOS_AND_GAMBLING,gambling_unspecified,gambling,gambling_betting,gambling,T4_dictionary,no,yes,yes,yes,gambling_betting,gambling,gemini_sonnet_agree,yes,gambling_betting,gambling_betting,gambling_betting,gambling_betting,gambling_betting
192,v4_unmatched_plaid,plaid,Cd Nash Supermarket,4137 17JUN25 CD   NASH SUPERMARKET  OLDBURY GB,4.05,debit,groceries,groceries_household_essentials,Nash Supermarket Oldbury.,yes,FOOD_RETAIL_GROCERIES,groceries,groceries_household_essentials,groceries,groceries_household_essentials,T4_dictionary,yes,yes,yes,yes,groceries,groceries_household_essentials,gemini_sonnet_agree,yes,groceries,groceries,groceries,groceries,groceries
193,v4_unmatched_plaid,plaid,Sky Betting And Ga,SKY BETTING AND GA  GZO9SWXJ5QA136LDLL FT,5.0,debit,gambling_betting,gambling,Sky Betting and Gaming.,yes,ENTERTAINMENT_CASINOS_AND_GAMBLING,gambling_unspecified,gambling,gambling_betting,gambling,T4_dictionary,no,yes,yes,yes,gambling_betting,gambling,gemini_sonnet_agree,yes,gambling_betting,gambling_betting,gambling_betting,gambling_betting,gambling_betting
194,v4_unmatched_plaid,plaid,K Brown,K BROWN 100000001606516412,50.0,debit,transfer_p2p,transfers,Named person K Brown; automotive native unsupported.,yes,TRAVEL_AND_TRANSPORTATION_AUTOMOTIVE,vehicle_maintenance,transport_motoring,transfer_p2p,transfers,T5_R02,no,yes,no,yes,transfer_p2p,transfers,gemini_sonnet_agree,yes,transfer_p2p,transfer_p2p,transfer_p2p,transfer_p2p,transfer_p2p
195,v4_unmatched_plaid,plaid,Trainline,"TRAINLINE (VIA APPLE PAY), ON 18-10-2025",4.3,debit,public_transport_rail_coach,transport_motoring,Trainline Apple Pay.,yes,TRAVEL_AND_TRANSPORTATION_PUBLIC_TRANSIT,public_transport_rail_coach,transport_motoring,public_transport_rail_coach,transport_motoring,T6_native_fallback,yes,yes,yes,yes,public_transport_rail_coach,transport_motoring,gemini_sonnet_agree,yes,public_transport_rail_coach,public_transport_rail_coach,public_transport_rail_coach,public_transport_rail_coach,public_transport_rail_coach
196,v4_unmatched_plaid,plaid,Bee Network,BEE NETWORK,2.0,debit,public_transport_rail_coach,transport_motoring,Bee Network TfGM bus/tram; personal-loan native is wrong.,yes,LOAN_PAYMENTS_PERSONAL_LOAN_PAYMENT,personal_loan_repayment,credit_loan_repayments,public_transport_rail_coach,transport_motoring,T4_dictionary,no,yes,no,yes,public_transport_rail_coach,transport_motoring,gemini_sonnet_agree,yes,public_transport_rail_coach,public_transport_rail_coach,public_transport_rail_coach,public_transport_rail_coach,public_transport_rail_coach
197,v4_unmatched_plaid,plaid,Newcastle City Council 6c,NEWCASTLE CITY COU,8.44,debit,government_services,council_tax_government,Newcastle City Council £8.44; too small/unspecific for council tax. County/city service fee.,yes,GOVERNMENTS_AND_NON_PROFIT_GOVERNMENTS_AND_NON_PROFIT,council_tax,council_tax_government,council_tax,council_tax_government,T6_native_fallback,no,no,yes,yes,government_services,council_tax_government,opus_tiebreak,yes,government_services,council_tax,government_services,government_services,government_services
198,v4_unmatched_plaid,plaid,Ljmu,7274 14OCT25      LJMU VIP          LIVERPOOL GB,7.5,debit,education_general,childcare_education,LJMU VIP Liverpool John Moores University campus spend; gambling native is wrong.,yes,ENTERTAINMENT_CASINOS_AND_GAMBLING,gambling_unspecified,gambling,gambling_unspecified,gambling,T6_native_fallback,no,no,no,no,education_general,childcare_education,gemini_sonnet_agree,yes,education_general,education_general,education_general,education_general,education_general
199,v4_unmatched_plaid,plaid,Essentialphoto,SP ESSENTIALPHOTO CD 3551,535.96,debit,camera_photography,general_retail_marketplaces,"SP Essentialphoto is EssentialPhoto & Video lighting/camera retailer, not a photography shoot service. £535.96 hardware.",no,GENERAL_MERCHANDISE_COMPUTERS_AND_ELECTRONICS,computing_devices,general_retail_marketplaces,computing_devices,general_retail_marketplaces,T6_native_fallback,no,no,yes,yes,camera_photography,general_retail_marketplaces,gemini_sonnet_agree,yes,camera_photography,camera_photography,camera_photography,photography_services,camera_photography
200,v4_unmatched_plaid,plaid,Cd Argos Ur,7547 19JUL25 CD   ARGOS URMSTON     URMSTON GB,12.0,debit,catalogue_retail,general_retail_marketplaces,Argos Urmston store; catalogue retail.,yes,GENERAL_MERCHANDISE_DEPARTMENT_STORES,department_store,general_retail_marketplaces,department_store,general_retail_marketplaces,T6_native_fallback,no,no,yes,yes,catalogue_retail,general_retail_marketplaces,gemini_sonnet_agree,yes,catalogue_retail,catalogue_retail,catalogue_retail,catalogue_retail,catalogue_retail
201,v4_unmatched_plaid,plaid,S Harris-day,S HARRIS-DAY 308459 70297160,8.0,debit,transfer_p2p,transfers,Named person S Harris-day.,no,TRANSFER_OUT_OTHER,unclassified_transfer,unclassified,transfer_p2p,transfers,T4_dictionary,no,yes,no,yes,transfer_p2p,transfers,gemini_sonnet_agree,yes,transfer_p2p,transfer_p2p,unclassified_other,unclassified_other,transfer_p2p
202,v4_unmatched_plaid,plaid,Cd Metrolink Tvm,8864 22SEP25 CD   METROLINK TVM     03000 035035 GB,3.8,debit,public_transport_rail_coach,transport_motoring,Metrolink TVM ticket machine.,yes,TRAVEL_AND_TRANSPORTATION_PUBLIC_TRANSIT,public_transport_rail_coach,transport_motoring,public_transport_rail_coach,transport_motoring,T4_dictionary,yes,yes,yes,yes,public_transport_rail_coach,transport_motoring,gemini_sonnet_agree,yes,public_transport_rail_coach,public_transport_rail_coach,public_transport_rail_coach,public_transport_rail_coach,public_transport_rail_coach
203,v4_unmatched_plaid,plaid,Coles,COLES 4461 AUSTRALIA AMOUNT IN AUD 8.60 ON 27 SEP VISA 2.034998 FINAL GBP AMOUNT INCLUDES NON-STERLING TRANS FEE £0.13 ,4.36,debit,foreign_spend_unspecified,travel_holidays,Coles Australia AUD with FX fee; foreign supermarket spend filed as foreign_spend_unspecified.,yes,TRANSFER_OUT_OTHER,unclassified_transfer,unclassified,groceries,groceries_household_essentials,T4_dictionary,no,no,no,no,foreign_spend_unspecified,travel_holidays,gemini_sonnet_agree,yes,foreign_spend_unspecified,foreign_spend_unspecified,foreign_spend_unspecified,foreign_spend_unspecified,foreign_spend_unspecified
204,v4_unmatched_plaid,plaid,Meli Art Coffee & Pastries, Meli Art Coffee & Pastries,3.5,debit,restaurant_cafe,eating_drinking_out,Meli Art Coffee & Pastries.,yes,DINING_OTHER_DINING,restaurant_cafe,eating_drinking_out,restaurant_cafe,eating_drinking_out,T6_native_fallback,yes,yes,yes,yes,restaurant_cafe,eating_drinking_out,gemini_sonnet_agree,yes,restaurant_cafe,restaurant_cafe,restaurant_cafe,restaurant_cafe,restaurant_cafe
205,v4_unmatched_plaid,plaid,Parkview Pharmacy,PARKVIEW PHARMACY,2.99,debit,pharmacy,health_medical,Parkview Pharmacy.,yes,MEDICAL_PHARMACIES_AND_SUPPLEMENTS,pharmacy,health_medical,pharmacy,health_medical,T5_R11,yes,yes,yes,yes,pharmacy,health_medical,gemini_sonnet_agree,yes,pharmacy,pharmacy,pharmacy,pharmacy,pharmacy
206,v4_unmatched_plaid,plaid,Cheshire Mortgage,CHESHIRE MORTGAGE,442.0,debit,mortgage,housing,Cheshire Mortgage debit £442.,yes,LOAN_PAYMENTS_MORTGAGE_AND_AUTO,mortgage,housing,mortgage,housing,T6_native_fallback,yes,yes,yes,yes,mortgage,housing,gemini_sonnet_agree,yes,mortgage,mortgage,mortgage,mortgage,mortgage
207,v4_unmatched_plaid,plaid,Falcon Coaches Limited,FALCON COACHES LIM,3.0,debit,public_transport_rail_coach,transport_motoring,Falcon Coaches; coach operator despite automotive native.,yes,TRAVEL_AND_TRANSPORTATION_AUTOMOTIVE,vehicle_maintenance,transport_motoring,public_transport_rail_coach,transport_motoring,T4_dictionary,no,yes,yes,yes,public_transport_rail_coach,transport_motoring,gemini_sonnet_agree,yes,public_transport_rail_coach,public_transport_rail_coach,public_transport_rail_coach,public_transport_rail_coach,public_transport_rail_coach
208,v4_unmatched_plaid,plaid,Prestwich Mark,SumUp *Prestwich M  ON 05 OCT CPM SUMUP  *PRESTWICH MARK,2.68,debit,unclassified_other,unclassified,SumUp *Prestwich Mark £2.68; market stall or person; purpose not unique.,no,TRANSFER_OUT_TRANSFER_OUT_FROM_APPS,transfer_p2p,transfers,transfer_p2p,transfers,T6_native_fallback,no,no,no,no,unclassified_other,unclassified,gemini_sonnet_agree,yes,unclassified_other,unclassified_other,unclassified_other,unclassified_other,transfer_p2p
209,v4_unmatched_plaid,plaid,D Nie,D NIE 776325 74930460,20.0,debit,transfer_p2p,transfers,Named person D Nie.,no,TRANSFER_OUT_OTHER,unclassified_transfer,unclassified,transfer_p2p,transfers,T5_R02,no,yes,no,yes,transfer_p2p,transfers,gemini_sonnet_agree,yes,transfer_p2p,transfer_p2p,unclassified_other,unclassified_other,transfer_p2p
210,v4_unmatched_plaid,plaid,Sony Playstation,8479 10OCT25      PLAYSTATION       NETWORK           SONY PSN GB,3.99,debit,gaming_console_pc,entertainment_leisure,PlayStation Network.,yes,ENTERTAINMENT_MUSIC_VIDEO_GAMES_TV_AND_MOVIES,entertainment_other,entertainment_leisure,entertainment_other,entertainment_leisure,T6_native_fallback,no,no,yes,yes,gaming_console_pc,entertainment_leisure,gemini_sonnet_agree,yes,gaming_console_pc,gaming_console_pc,gaming_console_pc,gaming_console_pc,gaming_console_pc
211,v4_unmatched_plaid,plaid,Hakko House,Hakko House,13.0,debit,restaurant_cafe,eating_drinking_out,Hakko House; dining.,yes,DINING_DINING,restaurant_cafe,eating_drinking_out,restaurant_cafe,eating_drinking_out,T6_native_fallback,yes,yes,yes,yes,restaurant_cafe,eating_drinking_out,gemini_sonnet_agree,yes,restaurant_cafe,restaurant_cafe,restaurant_cafe,restaurant_cafe,restaurant_cafe
212,v4_unmatched_plaid,plaid,Sean Dowrick,Sean Dowrick,5.0,debit,transfer_p2p,transfers,Named person Sean Dowrick.,no,TRANSFER_OUT_OTHER,unclassified_transfer,unclassified,unclassified_transfer,unclassified,T6_native_fallback,no,no,no,no,transfer_p2p,transfers,gemini_sonnet_agree,yes,transfer_p2p,transfer_p2p,transfer_p2p,unclassified_other,transfer_p2p
213,v4_unmatched_plaid,plaid,Tiktok Shop,TikTok Shop,23.19,debit,marketplace_general,general_retail_marketplaces,TikTok Shop debit spend (not a seller payout credit).,yes,GENERAL_MERCHANDISE_ONLINE_MARKETPLACES,marketplace_general,general_retail_marketplaces,marketplace_general,general_retail_marketplaces,T6_native_fallback,yes,yes,yes,yes,marketplace_general,general_retail_marketplaces,gemini_sonnet_agree,yes,marketplace_general,marketplace_general,marketplace_general,marketplace_general,marketplace_general
214,v4_unmatched_plaid,plaid,Cambridge Sd,CAMBRIDGE SPORTS D  ON 21 AUG CPM CAMBRIDGE SD,102.98,debit,sportswear,clothing_personal_care,"Cambridge Sports Direct / Cambridge SD is a Sports Direct store, not sports participation. Events native is wrong.",no,ENTERTAINMENT_EVENTS_AND_TICKETS,live_music,entertainment_leisure,live_music,entertainment_leisure,T6_native_fallback,no,no,no,no,sports_equipment,entertainment_leisure,opus_tiebreak,no,sportswear,sports_equipment,sports_equipment,sports_equipment,sports_participation
215,v4_unmatched_plaid,plaid,Mom Barclays,Payment to MOM BARCLAYS 207070 70264474,35.0,debit,transfer_p2p,transfers,"Payment to MOM BARCLAYS — mum's Barclays account; named family P2P, not unclassified.",no,TRANSFER_OUT_OTHER,unclassified_transfer,unclassified,transfer_p2p,transfers,T5_R03,no,yes,no,yes,transfer_p2p,transfers,gemini_sonnet_agree,yes,transfer_p2p,transfer_p2p,transfer_p2p,unclassified_other,transfer_p2p
216,v4_unmatched_plaid,plaid,T J Morris LTD,T J MORRIS LTD CD 9646,36.71,debit,discount_store,groceries_household_essentials,T J Morris is Home Bargains; discount store.,established,TRANSFER_OUT_OTHER,unclassified_transfer,unclassified,unclassified_transfer,unclassified,T6_native_fallback,no,no,no,no,discount_store,groceries_household_essentials,gemini_sonnet_agree,yes,discount_store,discount_store,discount_store,,
217,v4_unmatched_plaid,plaid,Parking Mtcbc,Contactless Payment PARKING MTCBC APPLEPAY 7834,0.7,debit,car_parking,transport_motoring,Parking MTCBC (Merthyr Tydfil CBC parking).,yes,TRAVEL_AND_TRANSPORTATION_OTHER_TRAVEL_AND_TRANSPORTATION,transport_other,transport_motoring,car_parking,transport_motoring,T4_dictionary,no,yes,yes,yes,car_parking,transport_motoring,gemini_sonnet_agree,yes,car_parking,car_parking,car_parking,car_parking,car_parking
218,v4_unmatched_plaid,plaid,Dsolpay,DSolPay E0000480,19.99,debit,unclassified_other,unclassified,"Dsolpay E0000480; opaque processor string, transfer native, purpose unknown.",yes,TRANSFER_OUT_OTHER,unclassified_transfer,unclassified,unclassified_transfer,unclassified,T6_native_fallback,no,no,yes,yes,unclassified_other,unclassified,opus_tiebreak,yes,payment_intermediary,unclassified_other,unclassified_other,unclassified_other,unclassified_other
219,v4_unmatched_plaid,plaid,Lime,Lime,2.16,debit,bicycle,transport_motoring,"Lime is e-scooter/e-bike hire; same micromobility leaf as Voi, not taxi.",no,TRAVEL_AND_TRANSPORTATION_OTHER_TRAVEL_AND_TRANSPORTATION,transport_other,transport_motoring,taxi_rideshare,transport_motoring,T4_dictionary,no,no,yes,yes,taxi_rideshare,transport_motoring,gemini_sonnet_agree,no,taxi_rideshare,taxi_rideshare,taxi_rideshare,taxi_rideshare,bicycle
220,v4_unmatched_plaid,plaid,Claritycheckcomuk,CRV*CLARITYCHECKCO  ON 18 JUL BCC CRV*CLARITYCHECKCOMUK,0.5,debit,credit_reporting_service,high_cost_distress_credit,ClarityCheck.co.uk identity/credit-check subscription.,yes,GENERAL_SERVICES_OTHER_SERVICES,business_services,business_self_employment,business_services,business_self_employment,T6_native_fallback,no,no,no,no,credit_reporting_service,high_cost_distress_credit,opus_tiebreak,yes,online_services,credit_reporting_service,credit_reporting_service,credit_reporting_service,credit_reporting_service
221,v4_unmatched_plaid,plaid,Tumelo Senatsi Tumelo,TUMELO SENATSI    TUMELO            VIA MOBILE - PYMT FP 19/08/25 10    51015555972866000N,21.53,debit,transfer_p2p,transfers,Named person Tumelo Senatsi.,yes,TRANSFER_OUT_OTHER,unclassified_transfer,unclassified,unclassified_transfer,unclassified,T6_native_fallback,no,no,no,no,transfer_p2p,transfers,gemini_sonnet_agree,yes,transfer_p2p,transfer_p2p,transfer_p2p,transfer_p2p,transfer_p2p
222,v4_unmatched_plaid,plaid,Pridgeon Farms,Zettle_*PRIDGEON F  ON 18 JUN CPM ZETTLE_*PRIDGEON FARMS,35.62,debit,groceries_specialist,groceries_household_essentials,Zettle Pridgeon Farms; farm-shop produce. Personal-loan native is wrong.,yes,LOAN_PAYMENTS_PERSONAL_LOAN_PAYMENT,personal_loan_repayment,credit_loan_repayments,personal_loan_repayment,credit_loan_repayments,T6_native_fallback,no,no,no,no,groceries_specialist,groceries_household_essentials,gemini_sonnet_agree,yes,groceries_specialist,groceries_specialist,groceries_specialist,groceries_specialist,groceries_specialist
223,v4_unmatched_plaid,plaid,Miss Jessica Bull,MISS JESSICA BULL  NEW ACCOUNT FT,10.0,debit,transfer_p2p,transfers,Named person Miss Jessica Bull; NEW ACCOUNT memo is still P2P.,yes,TRANSFER_OUT_OTHER,unclassified_transfer,unclassified,transfer_p2p,transfers,T5_R01,no,yes,no,yes,transfer_p2p,transfers,opus_tiebreak,yes,transfer_own_account,transfer_p2p,transfer_p2p,transfer_p2p,transfer_p2p
224,v4_unmatched_plaid,plaid,A C,To A/C 20789483   OJO MO            Via Mobile Xfer,1984.84,debit,transfer_p2p,transfers,"Override established transfer_bank_unspecified. Payee is named person OJO MO via mobile transfer, even at £1984.84.",established,TRANSFER_OUT_OTHER,unclassified_transfer,unclassified,unclassified_transfer,unclassified,T6_native_fallback,no,no,no,no,transfer_p2p,transfers,gemini_sonnet_agree,yes,transfer_p2p,transfer_p2p,transfer_p2p,,
225,v4_unmatched_plaid,plaid,HM Revenue and Customs,HMRC CHILD BENEFIT  BULL000JESSI951111 BGC,43.3,credit,benefits_state,income_benefits_state_support,HMRC Child Benefit credit. Tax-refund native and Haiku tax_refund are wrong; Child Benefit is state benefit income.,no,TAX_REFUND_TAX_REFUND,tax_refund,income_other,tax_payment,council_tax_government,T4_dictionary,no,no,no,no,benefits_state,income_benefits_state_support,gemini_sonnet_agree,yes,benefits_state,benefits_state,benefits_state,tax_refund,benefits_state
226,v4_unmatched_plaid,plaid,SkyBet,VISA DIRECT PAYMENT Sky Bet ON 23 AUG CRE,120.0,credit,gambling_unspecified,gambling,"Sky Bet CREDIT (Visa Direct). Gambling credits/winnings are T1 gambling_unspecified, never the spend subtype gambling_betting and never salary despite native INCOME_SALARY.",yes,INCOME_SALARY,salary,income_employment,gambling_betting,gambling,T4_dictionary,no,no,no,yes,gambling_betting,gambling,gemini_sonnet_agree,no,gambling_betting,gambling_betting,gambling_betting,gambling_betting,gambling_betting
227,v4_unmatched_plaid,plaid,Apple,INT'L 0024304796  APPLE.COM/BILL    CORK,2.99,debit,software,digital_subscriptions_services,"APPLE.COM/BILL Cork £2.99 is App Store / Apple billing, not hardware.",established,GENERAL_MERCHANDISE_COMPUTERS_AND_ELECTRONICS,computing_devices,general_retail_marketplaces,software,digital_subscriptions_services,T4_dictionary,no,yes,no,yes,software,digital_subscriptions_services,gemini_sonnet_agree,yes,software,software,software,,
228,v4_unmatched_plaid,plaid,McDonald's,MCDONALDS,13.17,debit,takeaway,eating_drinking_out,McDonald's debit is takeaway.,yes,DINING_DINING,restaurant_cafe,eating_drinking_out,takeaway,eating_drinking_out,T4_dictionary,no,yes,yes,yes,takeaway,eating_drinking_out,gemini_sonnet_agree,yes,takeaway,takeaway,takeaway,takeaway,takeaway
229,v4_unmatched_plaid,plaid,Lowell,LOWELL,81.04,debit,debt_collection,high_cost_distress_credit,"Lowell is a UK debt collector; classify by the financial product (collection), not a trade name.",yes,TRANSFER_OUT_OTHER,unclassified_transfer,unclassified,debt_collection,high_cost_distress_credit,T4_dictionary,no,yes,no,yes,debt_collection,high_cost_distress_credit,gemini_sonnet_agree,yes,debt_collection,debt_collection,debt_collection,debt_collection,debt_collection
230,v4_unmatched_plaid,plaid,Amazon,Amazon,24.99,debit,marketplace_amazon,general_retail_marketplaces,Amazon debit spend is marketplace_amazon.,established,GENERAL_MERCHANDISE_ONLINE_MARKETPLACES,marketplace_general,general_retail_marketplaces,marketplace_amazon,general_retail_marketplaces,T4_dictionary,no,yes,yes,yes,marketplace_amazon,general_retail_marketplaces,gemini_sonnet_agree,yes,marketplace_amazon,marketplace_amazon,marketplace_amazon,,
231,v4_unmatched_plaid,plaid,Mr D E Smith,MR D E SMITH 300000001628229970,5.0,debit,transfer_p2p,transfers,Named person Mr D E Smith; no purpose in the narrative.,yes,TRANSFER_OUT_OTHER,unclassified_transfer,unclassified,transfer_p2p,transfers,T5_R01,no,yes,no,yes,transfer_p2p,transfers,gemini_sonnet_agree,yes,transfer_p2p,transfer_p2p,transfer_p2p,transfer_p2p,transfer_p2p
232,v4_unmatched_plaid,plaid,Evapo,Evapo Ltd,15.39,debit,vaping,groceries_household_essentials,"Evapo Ltd is a UK vape-shop chain (kits, e-liquids, pods).",no,GENERAL_MERCHANDISE_OTHER_GENERAL_MERCHANDISE,retail_other,general_retail_marketplaces,retail_other,general_retail_marketplaces,T6_native_fallback,no,no,no,no,vaping,groceries_household_essentials,gemini_sonnet_agree,yes,vaping,vaping,vaping,unclassified_other,vaping
233,v4_unmatched_plaid,plaid,COOP,CENTRAL ENG COOP,10.5,debit,groceries,groceries_household_essentials,Central England Co-op supermarket grocery till.,established,FOOD_RETAIL_GROCERIES,groceries,groceries_household_essentials,groceries,groceries_household_essentials,T6_native_fallback,yes,yes,yes,yes,groceries,groceries_household_essentials,gemini_sonnet_agree,yes,groceries,groceries,groceries,,
234,v4_unmatched_plaid,plaid,Amazon,AMAZON* R76DG5LQ4 Amazon,17.84,debit,marketplace_amazon,general_retail_marketplaces,Amazon marketplace debit spend.,established,GENERAL_MERCHANDISE_ONLINE_MARKETPLACES,marketplace_general,general_retail_marketplaces,marketplace_amazon,general_retail_marketplaces,T4_dictionary,no,yes,yes,yes,marketplace_amazon,general_retail_marketplaces,gemini_sonnet_agree,yes,marketplace_amazon,marketplace_amazon,marketplace_amazon,,
235,v4_unmatched_plaid,plaid,Mnk Mak Foods,Mnk Mak Foods,19.66,debit,groceries_specialist,groceries_household_essentials,Mnk Mak Foods with groceries native; MAK is an Eastern European deli/world-food grocer. Not a general supermarket.,no,FOOD_RETAIL_GROCERIES,groceries,groceries_household_essentials,groceries,groceries_household_essentials,T6_native_fallback,no,no,yes,yes,groceries_specialist,groceries_household_essentials,opus_tiebreak,yes,groceries,groceries_specialist,groceries_specialist,groceries_specialist,groceries
236,v4_unmatched_plaid,plaid,Miss D Thornton Roxi & Keegie,MISS D THORNTON   ROXI & KEEGIE     VIA MOBILE - PYMT FP 23/09/25 10    02083204684350000N,20.0,debit,transfer_p2p,transfers,Named person Miss D Thornton; memo Roxi & Keegie; mobile FPS. No debt keyword.,yes,TRANSFER_OUT_OTHER,unclassified_transfer,unclassified,transfer_p2p,transfers,T5_R01,no,yes,no,yes,transfer_p2p,transfers,gemini_sonnet_agree,yes,transfer_p2p,transfer_p2p,transfer_p2p,transfer_p2p,transfer_p2p
237,v4_unmatched_plaid,plaid,SkyBet,Sky Bet,10.0,debit,gambling_betting,gambling,Sky Bet debit stake is gambling_betting.,yes,ENTERTAINMENT_CASINOS_AND_GAMBLING,gambling_unspecified,gambling,gambling_betting,gambling,T4_dictionary,no,yes,yes,yes,gambling_betting,gambling,gemini_sonnet_agree,yes,gambling_betting,gambling_betting,gambling_betting,gambling_betting,gambling_betting
238,v4_unmatched_plaid,plaid,Company Shop,Company Shop,4.6,debit,groceries,groceries_household_essentials,"Company Shop is a membership surplus supermarket (food discounter), not a newsagent-style convenience store. Override models' convenience_store.",yes,GENERAL_MERCHANDISE_CONVENIENCE_STORES,convenience_store,groceries_household_essentials,convenience_store,groceries_household_essentials,T6_native_fallback,no,no,yes,yes,groceries,groceries_household_essentials,gemini_sonnet_agree,yes,groceries,groceries,groceries,convenience_store,convenience_store
239,v4_unmatched_plaid,plaid,Price Street Sports Lo,Price Street Sports Lo,4.4,debit,pub_bar,eating_drinking_out,Price Street Sports Lounge Ltd operates Sharks Pool & Sports Bar (Birkenhead). £4.40 contactless is consistent with bar spend at a sports bar.,no,ENTERTAINMENT_EVENTS_AND_TICKETS,live_music,entertainment_leisure,live_music,entertainment_leisure,T6_native_fallback,no,no,no,no,unclassified_other,unclassified,opus_tiebreak,no,pub_bar,sports_equipment,unclassified_other,sports_participation,sports_equipment
240,v4_unmatched_plaid,plaid,Amazon,Amazon.co.uk*IS7OC  ON 25 JUN BCC,14.7,debit,marketplace_amazon,general_retail_marketplaces,Amazon.co.uk debit spend.,established,GENERAL_MERCHANDISE_ONLINE_MARKETPLACES,marketplace_general,general_retail_marketplaces,marketplace_amazon,general_retail_marketplaces,T4_dictionary,no,yes,yes,yes,marketplace_amazon,general_retail_marketplaces,gemini_sonnet_agree,yes,marketplace_amazon,marketplace_amazon,marketplace_amazon,,
241,v4_unmatched_plaid,plaid,Ahmed Bros Wholesaoldham,AHMED BROS WHOLESAOLDHAM,86.48,debit,cash_and_carry,groceries_household_essentials,"Ahmed Bros Oldham is a trade cash-and-carry (food/catering wholesale), not a consumer grocer.",no,TRANSFER_OUT_OTHER,unclassified_transfer,unclassified,unclassified_transfer,unclassified,T6_native_fallback,no,no,no,no,cash_and_carry,groceries_household_essentials,gemini_sonnet_agree,yes,cash_and_carry,cash_and_carry,cash_and_carry,groceries_specialist,cash_and_carry
242,v4_unmatched_plaid,plaid,CRE,PAYPAL *PAYPAL CRE35314369001,500.0,debit,revolving_credit_repayment,credit_loan_repayments,"PAYPAL *PAYPAL CRE £500 with personal-loan native is PayPal Credit repayment. PayPal Credit is a revolving credit line, not a payment rail and not Klarna-style BNPL.",no,LOAN_PAYMENTS_PERSONAL_LOAN_PAYMENT,personal_loan_repayment,credit_loan_repayments,personal_loan_repayment,credit_loan_repayments,T6_native_fallback,no,no,yes,yes,revolving_credit_repayment,credit_loan_repayments,opus_tiebreak,yes,revolving_credit_repayment,payment_intermediary,revolving_credit_repayment,payment_intermediary,personal_loan_repayment
243,v4_unmatched_plaid,plaid,Takyiwah S,To A/C 42361176   TAKYIWAH S        Via Mobile Xfer,130.0,debit,transfer_p2p,transfers,Named person Takyiwah S; mobile transfer; no purpose.,yes,TRANSFER_OUT_OTHER,unclassified_transfer,unclassified,unclassified_transfer,unclassified,T6_native_fallback,no,no,no,no,transfer_p2p,transfers,gemini_sonnet_agree,yes,transfer_p2p,transfer_p2p,transfer_p2p,transfer_p2p,transfer_p2p
244,v4_unmatched_plaid,plaid,Ruzgar Limited,RUZGAR LIMITED,2.34,debit,unclassified_other,unclassified,Ruzgar Limited SIC is other services n.e.c.; £2.34 cannot be uniquely identified.,yes,TRANSFER_OUT_OTHER,unclassified_transfer,unclassified,unclassified_transfer,unclassified,T6_native_fallback,no,no,yes,yes,unclassified_other,unclassified,opus_tiebreak,yes,convenience_store,unclassified_other,unclassified_other,unclassified_other,unclassified_other
245,v4_unmatched_plaid,plaid,A C,To A/C 95729046   ROMERO S          Via Mobile Xfer,1.0,debit,transfer_p2p,transfers,Narrative is To A/C … ROMERO S Via Mobile Xfer — a named other person. Override established transfer_bank_unspecified.,established,TRANSFER_OUT_OTHER,unclassified_transfer,unclassified,unclassified_transfer,unclassified,T6_native_fallback,no,no,no,no,transfer_p2p,transfers,gemini_sonnet_agree,yes,transfer_p2p,transfer_p2p,transfer_p2p,,
246,v4_unmatched_plaid,plaid,One London,7394 15JUL25      GOOGLE ONE        LONDON GB,1.59,debit,web_services,digital_subscriptions_services,"GOOGLE ONE £1.59 is Google One cloud-storage subscription (same family as Google Storage), not App Store software. Override established software.",yes,TRANSFER_OUT_OTHER,unclassified_transfer,unclassified,unclassified_transfer,unclassified,T6_native_fallback,no,no,no,no,software,digital_subscriptions_services,gemini_sonnet_agree,no,software,software,web_services,software,software
247,v4_unmatched_plaid,plaid,Foodie Fella,Contactless Payment FOODIE FELLA APPLEPAY 4106,5.0,debit,takeaway,eating_drinking_out,"Foodie Fella is a London chicken/kebab takeaway (Deptford Broadway), not a sit-in cafe.",no,FOOD_RETAIL_GROCERIES,groceries,groceries_household_essentials,groceries,groceries_household_essentials,T6_native_fallback,no,no,no,no,takeaway,eating_drinking_out,opus_tiebreak,yes,takeaway,restaurant_cafe,takeaway,restaurant_cafe,takeaway
248,v4_unmatched_plaid,plaid,Capital Resolve,CAPITAL RESOLVE LI  ON 02 SEP BCC CAPITAL RESOLVE LIMITE,10.0,debit,debt_collection,high_cost_distress_credit,"Capital Resolve Ltd is a FCA-regulated UK debt collection agency, not a DMP administrator.",no,LOAN_PAYMENTS_OTHER,loan_repayment_other,credit_loan_repayments,loan_repayment_other,credit_loan_repayments,T6_native_fallback,no,no,no,no,debt_collection,high_cost_distress_credit,gemini_sonnet_agree,yes,debt_collection,debt_collection,debt_collection,debt_management_plan,debt_collection
249,v4_unmatched_plaid,plaid,Callum Faulkner John,CALLUM FAULKNER  JOHN FT,20.0,debit,transfer_p2p,transfers,Named person Callum Faulkner; no purpose.,yes,TRANSFER_OUT_OTHER,unclassified_transfer,unclassified,unclassified_transfer,unclassified,T6_native_fallback,no,no,no,no,transfer_p2p,transfers,gemini_sonnet_agree,yes,transfer_p2p,transfer_p2p,transfer_p2p,transfer_p2p,transfer_p2p
250,v4_unmatched_plaid,plaid,Ring Basic Plan,RING BASIC PLAN,4.99,debit,online_services,digital_subscriptions_services,Ring Basic Plan consumer digital subscription.,established,GENERAL_SERVICES_OTHER_SERVICES,business_services,business_self_employment,business_services,business_self_employment,T6_native_fallback,no,no,no,no,online_services,digital_subscriptions_services,gemini_sonnet_agree,yes,online_services,online_services,online_services,,
251,v4_unmatched_plaid,plaid,Icelandair,Iceland,38.75,debit,groceries,groceries_household_essentials,"Merchant normalised as Icelandair but narrative is Iceland and native is groceries — Iceland Foods supermarket, not the airline.",established,FOOD_RETAIL_GROCERIES,groceries,groceries_household_essentials,groceries,groceries_household_essentials,T6_native_fallback,yes,yes,yes,yes,flights,travel_holidays,gemini_sonnet_agree,no,flights,flights,flights,,
252,v4_unmatched_plaid,plaid,Current,TRANSFER TO EVERYDAY CURRENT ACCOUNT,200.0,debit,transfer_own_account,transfers,Narrative explicitly transfers to Everyday Current Account — own-account evidence.,yes,TRANSFER_OUT_OTHER,unclassified_transfer,unclassified,unclassified_other,unclassified,T4_dictionary,no,no,no,no,transfer_own_account,transfers,gemini_sonnet_agree,yes,transfer_own_account,transfer_own_account,transfer_own_account,transfer_own_account,transfer_own_account
253,v4_unmatched_plaid,plaid,Smc Re,SMC RE UNITY UNITYL872047,4.34,debit,unclassified_other,unclassified,SMC RE UNITY reference is too opaque to identify a product or payee.,yes,GENERAL_SERVICES_OTHER_SERVICES,business_services,business_self_employment,business_services,business_self_employment,T6_native_fallback,no,no,no,no,unclassified_other,unclassified,gemini_sonnet_agree,yes,unclassified_other,unclassified_other,unclassified_other,unclassified_other,unclassified_other
254,v4_unmatched_plaid,plaid,Cd Probus School,7004 07JUL25 CD   PROBUS SCHOOL     FILLING           TRURO GB,12.09,debit,fuel,transport_motoring,"Probus School Filling, Truro — narrative says FILLING; forecourt fuel.",yes,TRAVEL_AND_TRANSPORTATION_OTHER_TRAVEL_AND_TRANSPORTATION,transport_other,transport_motoring,transport_other,transport_motoring,T6_native_fallback,no,no,yes,yes,fuel,transport_motoring,gemini_sonnet_agree,yes,fuel,fuel,fuel,fuel,fuel
255,v4_unmatched_plaid,plaid,Bentleys Restauran,Bentleys RestauranIpswich,5.8,debit,restaurant_cafe,eating_drinking_out,Bentleys Restaurant Ipswich; dining native; sit-in restaurant.,yes,DINING_DINING,restaurant_cafe,eating_drinking_out,restaurant_cafe,eating_drinking_out,T4_dictionary,yes,yes,yes,yes,restaurant_cafe,eating_drinking_out,gemini_sonnet_agree,yes,restaurant_cafe,restaurant_cafe,restaurant_cafe,restaurant_cafe,restaurant_cafe
256,v4_unmatched_plaid,plaid,Cafe Barista,Cafe Barista         )))),2.95,debit,restaurant_cafe,eating_drinking_out,Cafe Barista coffee shop.,yes,DINING_COFFEE,restaurant_cafe,eating_drinking_out,restaurant_cafe,eating_drinking_out,T6_native_fallback,yes,yes,yes,yes,restaurant_cafe,eating_drinking_out,gemini_sonnet_agree,yes,restaurant_cafe,restaurant_cafe,restaurant_cafe,restaurant_cafe,restaurant_cafe
257,v4_unmatched_plaid,plaid,Ewa Stepien,EWA STEPIEN 300000001599251501,10.0,debit,transfer_p2p,transfers,Named person Ewa Stepien; no purpose.,yes,TRANSFER_OUT_OTHER,unclassified_transfer,unclassified,transfer_p2p,transfers,T4_dictionary,no,yes,no,yes,transfer_p2p,transfers,gemini_sonnet_agree,yes,transfer_p2p,transfer_p2p,transfer_p2p,transfer_p2p,transfer_p2p
258,v4_unmatched_plaid,plaid,P Pisula,P Pisula - SortCodeAccountNumber: 77912951356560,25.0,debit,transfer_p2p,transfers,Named person P Pisula; sort-code transfer; no purpose.,yes,TRANSFER_OUT_OTHER,unclassified_transfer,unclassified,transfer_p2p,transfers,T5_R02,no,yes,no,yes,transfer_p2p,transfers,gemini_sonnet_agree,yes,transfer_p2p,transfer_p2p,transfer_p2p,transfer_p2p,transfer_p2p
259,v4_unmatched_plaid,plaid,Guven Express,GUVEN EXPRESS  ON 14 JUL CLP,19.97,debit,convenience_store,groceries_household_essentials,"Guven Express Limited is a Bournemouth convenience store (SIC 47110 food/tobacco retail), not a taxi despite the name and transport native.",no,TRAVEL_AND_TRANSPORTATION_OTHER_TRAVEL_AND_TRANSPORTATION,transport_other,transport_motoring,transport_other,transport_motoring,T6_native_fallback,no,no,no,no,takeaway,eating_drinking_out,opus_tiebreak,no,convenience_store,takeaway,takeaway,taxi_rideshare,convenience_store
260,v4_unmatched_plaid,plaid,Parsons London,Parsons           London,2.0,debit,restaurant_cafe,eating_drinking_out,Parsons London is a Covent Garden restaurant; public-transit native is spurious.,established,TRAVEL_AND_TRANSPORTATION_PUBLIC_TRANSIT,public_transport_rail_coach,transport_motoring,restaurant_cafe,eating_drinking_out,T4_dictionary,no,yes,no,yes,restaurant_cafe,eating_drinking_out,gemini_sonnet_agree,yes,restaurant_cafe,restaurant_cafe,restaurant_cafe,,
261,v4_unmatched_plaid,plaid,Darwen Sst,0162 05AUG25 C    DARWEN SST        DARWEN GB,3.7,debit,unclassified_other,unclassified,"DARWEN SST Darwen £3.70 card tap. SST could be service station, bus station or another local fascia; narrative does not uniquely identify the payee.",no,TRAVEL_AND_TRANSPORTATION_OTHER_TRAVEL_AND_TRANSPORTATION,transport_other,transport_motoring,transport_other,transport_motoring,T6_native_fallback,no,no,no,no,unclassified_card_spend,unclassified,opus_tiebreak,no,fuel,unclassified_other,unclassified_card_spend,public_transport_rail_coach,unclassified_other
262,v4_unmatched_plaid,plaid,Novaed,0665 16AUG25      NOVAED            SUFFOLK GB,10.0,debit,unclassified_other,unclassified,Novaed Ltd (Ipswich) files education SICs but also operates Mans Club poker; £10 cannot be uniquely classified without forcing a guess.,yes,TRANSFER_OUT_OTHER,unclassified_transfer,unclassified,unclassified_transfer,unclassified,T6_native_fallback,no,no,yes,yes,unclassified_other,unclassified,opus_tiebreak,yes,education_general,unclassified_other,unclassified_other,unclassified_other,unclassified_other
263,v4_unmatched_plaid,plaid,Theseotext,5788 20JUN25      THESEOTEXT        BRATISLAVA SK,97.0,debit,unclassified_other,unclassified,THESEOTEXT Bratislava £97; no reliable UK/SK company match. Do not force advertising_services.,no,TRANSFER_OUT_OTHER,unclassified_transfer,unclassified,unclassified_transfer,unclassified,T6_native_fallback,no,no,yes,yes,advertising_services,business_self_employment,opus_tiebreak,no,advertising_services,unclassified_other,advertising_services,unclassified_other,advertising_services
264,v4_unmatched_plaid,plaid,Metro Prepaid Limited,METRO PREPAID LIMI  ON 10 OCT BCC METRO PREPAID LIMITED,20.0,debit,energy,utilities_household_bills,"Metro Prepaid Limited sells prepaid electricity top-up codes for landlord sub-meters — energy, not a prepaid card.",no,RENT_AND_UTILITIES_TELECOMMUNICATIONS,mobile_phone_contract,utilities_household_bills,mobile_phone_contract,utilities_household_bills,T6_native_fallback,no,no,yes,yes,prepaid_card,transfers,opus_tiebreak,no,energy,prepaid_card,prepaid_card,prepaid_card,energy
265,v4_unmatched_plaid,plaid,Apple,5273 29AUG25  D   APPLE.COM/BILL    APPLE.COM/BIL IE,7.99,debit,software,digital_subscriptions_services,APPLE.COM/BILL Ireland £7.99 App Store billing.,established,GENERAL_MERCHANDISE_COMPUTERS_AND_ELECTRONICS,computing_devices,general_retail_marketplaces,software,digital_subscriptions_services,T4_dictionary,no,yes,no,yes,software,digital_subscriptions_services,gemini_sonnet_agree,yes,software,software,software,,
266,v4_unmatched_plaid,plaid,Raylo,SSB2EXN Raylo,37.48,debit,retail_finance_repayment,credit_loan_repayments,Raylo device-finance instalment — own product analogue.,yes,GENERAL_MERCHANDISE_ONLINE_MARKETPLACES,marketplace_general,general_retail_marketplaces,retail_finance_repayment,credit_loan_repayments,T4_dictionary,no,yes,no,yes,retail_finance_repayment,credit_loan_repayments,gemini_sonnet_agree,yes,retail_finance_repayment,retail_finance_repayment,retail_finance_repayment,retail_finance_repayment,retail_finance_repayment
267,v4_unmatched_plaid,plaid,Olive Catering,Olive Catering RPL  ON 18 AUG CLP OLIVE CATERING RPL1,3.7,debit,catering,eating_drinking_out,Olive Catering RPL contactless is workplace/contract catering.,yes,DINING_OTHER_DINING,restaurant_cafe,eating_drinking_out,restaurant_cafe,eating_drinking_out,T6_native_fallback,no,no,yes,yes,catering,eating_drinking_out,gemini_sonnet_agree,yes,catering,catering,catering,catering,catering
268,v4_unmatched_plaid,plaid,Marcus,Payment to MARCUS CONDUCT 110300 00737213,23.0,debit,transfer_p2p,transfers,"Payment to MARCUS CONDUCT at Halifax sort code 11-03-00. Looks like a named person, not Goldman Sachs Marcus (UK savings uses a linked account, not this sort code). No LOAN keyword. Override models' personal_loan_repayment and Plaid loan native.",yes,LOAN_PAYMENTS_PERSONAL_LOAN_PAYMENT,personal_loan_repayment,credit_loan_repayments,personal_loan_repayment,credit_loan_repayments,T6_native_fallback,no,no,no,no,unclassified_other,unclassified,opus_tiebreak,no,savings_transfer,transfer_p2p,unclassified_other,personal_loan_repayment,personal_loan_repayment
269,v4_unmatched_plaid,plaid,Forum Kayseri-gise,195-Forum Kayseri-Gise,3.52,debit,foreign_spend_unspecified,travel_holidays,"Forum Kayseri-Gise is a ticket-gate/till at Forum Kayseri shopping mall, Turkey. Foreign spend; underlying shop unknown.",no,TRANSFER_OUT_OTHER,unclassified_transfer,unclassified,unclassified_transfer,unclassified,T6_native_fallback,no,no,no,no,foreign_spend_unspecified,travel_holidays,opus_tiebreak,yes,foreign_spend_unspecified,unclassified_other,foreign_spend_unspecified,foreign_spend_unspecified,unclassified_other
270,v4_unmatched_plaid,plaid,Gordons,Gordons 75776,2.65,debit,groceries,groceries_household_essentials,Gordons 75776 with groceries native; several UK Gordons grocers/off-licences exist. Native groceries and small till amount support groceries over alcohol-only.,no,FOOD_RETAIL_GROCERIES,groceries,groceries_household_essentials,groceries,groceries_household_essentials,T6_native_fallback,yes,yes,yes,yes,unclassified_other,unclassified,opus_tiebreak,no,pharmacy,unclassified_other,unclassified_other,alcohol_beer_spirits,groceries
271,v4_unmatched_plaid,plaid,McDonald's,Contactless Payment MCDONALDS SAMSUNG 0070,2.09,debit,takeaway,eating_drinking_out,McDonald's contactless debit is takeaway.,yes,DINING_DINING,restaurant_cafe,eating_drinking_out,takeaway,eating_drinking_out,T4_dictionary,no,yes,yes,yes,takeaway,eating_drinking_out,gemini_sonnet_agree,yes,takeaway,takeaway,takeaway,takeaway,takeaway
272,v4_unmatched_plaid,plaid,Apple,apple.com/bill,0.99,debit,software,digital_subscriptions_services,apple.com/bill £0.99 App Store.,established,GENERAL_MERCHANDISE_COMPUTERS_AND_ELECTRONICS,computing_devices,general_retail_marketplaces,software,digital_subscriptions_services,T4_dictionary,no,yes,no,yes,software,digital_subscriptions_services,gemini_sonnet_agree,yes,software,software,software,,
273,v4_unmatched_plaid,plaid,Quotrade-edu,Visa purchase QUOTRADE-EDU.COM,50.0,debit,education_general,childcare_education,QUOTRADE-EDU.COM £50 with education native; trading-education site. Education leaf is the closest honest fit.,yes,CHILDCARE_AND_EDUCATION_CHILDCARE_AND_EDUCATION,childcare,childcare_education,childcare,childcare_education,T6_native_fallback,no,no,yes,yes,education_general,childcare_education,opus_tiebreak,yes,education_general,unclassified_other,education_general,education_general,education_general
274,v4_unmatched_plaid,plaid,Taptap Send,Account - jLwqy3NnIWCW TapTap Send - SortCodeAccountNumber: 04007246254056,5.21,debit,transfer_international,transfers,TapTap Send is a remittance service.,yes,TRANSFER_OUT_OTHER,unclassified_transfer,unclassified,unclassified_transfer,unclassified,T6_native_fallback,no,no,no,no,transfer_international,transfers,gemini_sonnet_agree,yes,transfer_international,transfer_international,transfer_international,transfer_international,transfer_international
275,v4_unmatched_plaid,plaid,Trainline,Trainline,3.35,debit,public_transport_rail_coach,transport_motoring,Trainline rail/coach ticket.,yes,TRAVEL_AND_TRANSPORTATION_PUBLIC_TRANSIT,public_transport_rail_coach,transport_motoring,public_transport_rail_coach,transport_motoring,T6_native_fallback,yes,yes,yes,yes,public_transport_rail_coach,transport_motoring,gemini_sonnet_agree,yes,public_transport_rail_coach,public_transport_rail_coach,public_transport_rail_coach,public_transport_rail_coach,public_transport_rail_coach
276,v4_unmatched_plaid,plaid,Utilita Energy,3546 03OCT25      UTILITA ENERGY    LIMITED           01962679088 GB,33.0,debit,energy,utilities_household_bills,Utilita Energy Limited gas/electricity.,yes,RENT_AND_UTILITIES_GAS_AND_ELECTRICITY,energy,utilities_household_bills,energy,utilities_household_bills,T6_native_fallback,yes,yes,yes,yes,energy,utilities_household_bills,gemini_sonnet_agree,yes,energy,energy,energy,energy,energy
277,v4_unmatched_plaid,plaid,A Pasker,A PASKER 400000001606158883,30.0,debit,transfer_p2p,transfers,Named person A Pasker; no purpose. Override haiku unclassified_other.,no,TRANSFER_OUT_OTHER,unclassified_transfer,unclassified,transfer_p2p,transfers,T5_R02,no,yes,no,yes,transfer_p2p,transfers,opus_tiebreak,yes,transfer_p2p,unclassified_other,transfer_p2p,unclassified_other,transfer_p2p
278,v4_unmatched_plaid,plaid,Transport for London,TFL TRAVEL CH  ON 11 OCT CPM TFL TRAVEL CHARGE,8.4,debit,public_transport_rail_coach,transport_motoring,TfL travel charge.,yes,TRAVEL_AND_TRANSPORTATION_PUBLIC_TRANSIT,public_transport_rail_coach,transport_motoring,public_transport_rail_coach,transport_motoring,T4_dictionary,yes,yes,yes,yes,public_transport_rail_coach,transport_motoring,gemini_sonnet_agree,yes,public_transport_rail_coach,public_transport_rail_coach,public_transport_rail_coach,public_transport_rail_coach,public_transport_rail_coach
279,v4_unmatched_plaid,plaid,Cabot Fncl,CABOT FNCL (EUROPE,27.01,debit,debt_collection,high_cost_distress_credit,Cabot Financial (Europe) is a debt collector; department-store native is wrong.,yes,GENERAL_MERCHANDISE_DEPARTMENT_STORES,department_store,general_retail_marketplaces,debt_collection,high_cost_distress_credit,T4_dictionary,no,yes,no,yes,debt_collection,high_cost_distress_credit,gemini_sonnet_agree,yes,debt_collection,debt_collection,debt_collection,debt_collection,debt_collection
280,v4_unmatched_plaid,plaid,Transport for London,Contactless Payment TFL TRAVEL CH APPLEPAY 6767,1.75,debit,public_transport_rail_coach,transport_motoring,TfL Apple Pay travel charge.,yes,TRAVEL_AND_TRANSPORTATION_PUBLIC_TRANSIT,public_transport_rail_coach,transport_motoring,public_transport_rail_coach,transport_motoring,T4_dictionary,yes,yes,yes,yes,public_transport_rail_coach,transport_motoring,gemini_sonnet_agree,yes,public_transport_rail_coach,public_transport_rail_coach,public_transport_rail_coach,public_transport_rail_coach,public_transport_rail_coach
281,v4_unmatched_plaid,plaid,Gcuk,Gcuk Sheffield,5.4,debit,unclassified_other,unclassified,Gcuk Sheffield £5.40 dining native; possible Chinese kitchen but the descriptor is too abbreviated to classify uniquely.,yes,DINING_DINING,restaurant_cafe,eating_drinking_out,restaurant_cafe,eating_drinking_out,T6_native_fallback,no,no,no,no,unclassified_other,unclassified,gemini_sonnet_agree,yes,unclassified_other,unclassified_other,unclassified_other,unclassified_other,unclassified_other
282,v4_unmatched_plaid,plaid,Gentle Freshness Lda,Contactless Payment GENTLE FRESHNESS LDA EUR 15.00000 at 1.1494 APPLEPAY 5415,13.05,debit,foreign_spend_unspecified,travel_holidays,Gentle Freshness Lda charged in EUR — foreign spend; shop type not needed once FX is clear.,yes,FOOD_RETAIL_GROCERIES,groceries,groceries_household_essentials,groceries,groceries_household_essentials,T6_native_fallback,no,no,no,no,foreign_spend_unspecified,travel_holidays,gemini_sonnet_agree,yes,foreign_spend_unspecified,foreign_spend_unspecified,foreign_spend_unspecified,foreign_spend_unspecified,foreign_spend_unspecified
283,v4_unmatched_plaid,plaid,Ojuolape S,Ojuolape S A IbrahMonzo account,10.0,debit,transfer_p2p,transfers,Named person Ojuolape S to a Monzo account; no purpose.,yes,TRANSFER_OUT_OTHER,unclassified_transfer,unclassified,transfer_p2p,transfers,T4_dictionary,no,yes,no,yes,transfer_p2p,transfers,gemini_sonnet_agree,yes,transfer_p2p,transfer_p2p,transfer_p2p,transfer_p2p,transfer_p2p
284,v4_unmatched_plaid,plaid,The Tipsy Cow,SumUp  *The Tipsy,6.35,debit,pub_bar,eating_drinking_out,SumUp *The Tipsy Cow is a pub/bar.,yes,DINING_DINING,restaurant_cafe,eating_drinking_out,pub_bar,eating_drinking_out,T4_dictionary,no,yes,yes,yes,pub_bar,eating_drinking_out,gemini_sonnet_agree,yes,pub_bar,pub_bar,pub_bar,pub_bar,pub_bar
285,v4_unmatched_plaid,plaid,The Wild Olive,THE WILD OLIVE 21 SEASCALE,43.7,debit,restaurant_cafe,eating_drinking_out,"The Wild Olive, Seascale — restaurant/dining.",yes,DINING_DINING,restaurant_cafe,eating_drinking_out,restaurant_cafe,eating_drinking_out,T6_native_fallback,yes,yes,yes,yes,restaurant_cafe,eating_drinking_out,gemini_sonnet_agree,yes,restaurant_cafe,restaurant_cafe,restaurant_cafe,restaurant_cafe,restaurant_cafe
286,v4_unmatched_plaid,plaid,K M Noble Mum,K M NOBLE         MUM               VIA MOBILE - LVP,6.0,debit,transfer_p2p,transfers,Named person K M Noble; memo Mum; mobile LVP.,yes,TRANSFER_OUT_OTHER,unclassified_transfer,unclassified,transfer_p2p,transfers,T4_dictionary,no,yes,no,yes,transfer_p2p,transfers,gemini_sonnet_agree,yes,transfer_p2p,transfer_p2p,transfer_p2p,transfer_p2p,transfer_p2p
287,v4_unmatched_plaid,plaid,Beginning Of,To Beginning of month 1k,80.0,debit,savings_transfer,savings_investments,"To Beginning of month 1k is a labelled budget/savings pot movement, not a P2P payee.",no,TRANSFER_OUT_OTHER,unclassified_transfer,unclassified,unclassified_transfer,unclassified,T6_native_fallback,no,no,no,no,savings_transfer,savings_investments,opus_tiebreak,yes,savings_transfer,unclassified_other,savings_transfer,transfer_p2p,savings_transfer
288,v4_unmatched_plaid,plaid,Poles Tamworth Garage Tam,POLESWORTH GARAGE TAMWORTH,19.97,debit,fuel,transport_motoring,"Polesworth Garage Tamworth is a Gulf filling station. £19.97 is consistent with fuel, not workshop labour. Override vehicle_maintenance.",no,TRAVEL_AND_TRANSPORTATION_AUTOMOTIVE,vehicle_maintenance,transport_motoring,vehicle_maintenance,transport_motoring,T6_native_fallback,no,no,yes,yes,vehicle_maintenance,transport_motoring,gemini_sonnet_agree,no,vehicle_maintenance,vehicle_maintenance,fuel,vehicle_maintenance,fuel
289,v4_unmatched_plaid,plaid,SkyBet,SKYBET,8.33,credit,gambling_unspecified,gambling,"SKYBET CREDIT. Gambling winnings → gambling_unspecified, not gambling_betting.",yes,ENTERTAINMENT_CASINOS_AND_GAMBLING,gambling_unspecified,gambling,gambling_betting,gambling,T4_dictionary,yes,no,yes,yes,gambling_betting,gambling,gemini_sonnet_agree,no,gambling_betting,gambling_betting,gambling_betting,gambling_betting,gambling_betting
290,v4_unmatched_plaid,plaid,J M Hoare Treat,J M HOARE  TREAT FT,2.0,debit,transfer_p2p,transfers,"Named person J M Hoare; memo Treat. Personal name, not a restaurant.",no,DINING_OTHER_DINING,restaurant_cafe,eating_drinking_out,restaurant_cafe,eating_drinking_out,T6_native_fallback,no,no,no,no,transfer_p2p,transfers,gemini_sonnet_agree,yes,transfer_p2p,transfer_p2p,transfer_p2p,restaurant_cafe,unclassified_other
291,v4_unmatched_plaid,plaid,Now 5 Ecdb Entertai,NOW 5ECDB Entertai,6.99,debit,streaming,digital_subscriptions_services,"NOW 5ECDB Entertainment £6.99 is NOW (formerly Now TV) Entertainment membership streaming, not dining.",no,DINING_DINING,restaurant_cafe,eating_drinking_out,restaurant_cafe,eating_drinking_out,T6_native_fallback,no,no,no,no,streaming,digital_subscriptions_services,gemini_sonnet_agree,yes,streaming,streaming,streaming,entertainment_other,streaming
292,v4_unmatched_plaid,plaid,Ornament.health,INT'L 0061465375  ORNAMENT.HEALTH   LIMASSOL,30.99,debit,online_services,digital_subscriptions_services,"ornament.health Limassol is a health-monitoring / wellness app subscription billed from Cyprus. Broader than a UK clinic visit. Adversarial: Ornament.health (Limassol) is a wellness/lab-tracking app, not a healthcare provider. Do not use a medical leaf.",yes,MEDICAL_OTHER_MEDICAL,health_other,health_medical,health_other,health_medical,T6_native_fallback,no,no,no,no,health_other,health_medical,opus_tiebreak,no,online_services,unclassified_other,health_other,health_other,health_other
293,v4_unmatched_plaid,plaid,Apple,APPLE.COM/BILL CD 2783,0.99,debit,software,digital_subscriptions_services,APPLE.COM/BILL £0.99.,established,GENERAL_MERCHANDISE_COMPUTERS_AND_ELECTRONICS,computing_devices,general_retail_marketplaces,software,digital_subscriptions_services,T4_dictionary,no,yes,no,yes,software,digital_subscriptions_services,gemini_sonnet_agree,yes,software,software,software,,
294,v4_unmatched_plaid,plaid,Apple,APPLE.COM/BILL,0.99,debit,software,digital_subscriptions_services,Apple.com/bill.,established,GENERAL_MERCHANDISE_COMPUTERS_AND_ELECTRONICS,computing_devices,general_retail_marketplaces,software,digital_subscriptions_services,T4_dictionary,no,yes,no,yes,software,digital_subscriptions_services,gemini_sonnet_agree,yes,software,software,software,,
295,v4_unmatched_plaid,plaid,Vape Club,Vape Club,28.99,debit,vaping,groceries_household_essentials,Vape Club is a specialist vape retailer.,yes,GENERAL_MERCHANDISE_OTHER_GENERAL_MERCHANDISE,retail_other,general_retail_marketplaces,vaping,groceries_household_essentials,T4_dictionary,no,yes,no,yes,vaping,groceries_household_essentials,gemini_sonnet_agree,yes,vaping,vaping,vaping,vaping,vaping
296,v4_unmatched_plaid,plaid,Sky Betting And Gaming,Sky Betting and Gaming                   03WI2C8G37DNBU2C02,50.0,debit,gambling_betting,gambling,Sky Betting and Gaming debit £50 is a betting stake.,yes,ENTERTAINMENT_CASINOS_AND_GAMBLING,gambling_unspecified,gambling,gambling_betting,gambling,T5_R07,no,yes,yes,yes,gambling_betting,gambling,gemini_sonnet_agree,yes,gambling_betting,gambling_betting,gambling_betting,gambling_betting,gambling_betting
297,v4_unmatched_plaid,plaid,Jac Store,9076 25JUL25 CD   SUMUP  *JAC STORE LTD               LONDON GB,4.0,debit,convenience_store,groceries_household_essentials,SumUp *Jac Store Ltd London; convenience native; small till.,yes,GENERAL_MERCHANDISE_CONVENIENCE_STORES,convenience_store,groceries_household_essentials,convenience_store,groceries_household_essentials,T6_native_fallback,yes,yes,yes,yes,convenience_store,groceries_household_essentials,opus_tiebreak,yes,convenience_store,retail_small_independent,convenience_store,convenience_store,convenience_store
298,v4_unmatched_plaid,plaid,C Treetop Adventure Golf B'ham,0622 29JUN25 C    TREETOP ADVENTURE GOLF              B'HAM B5 4 GB,18.25,debit,days_out,entertainment_leisure,Treetop Adventure Golf Birmingham is a leisure attraction.,yes,ENTERTAINMENT_EVENTS_AND_TICKETS,live_music,entertainment_leisure,live_music,entertainment_leisure,T6_native_fallback,no,no,yes,yes,days_out,entertainment_leisure,opus_tiebreak,yes,entertainment_other,days_out,days_out,days_out,days_out
299,v4_unmatched_plaid,plaid,Nicole Sheridan,NICOLE SHERIDAN,4.0,debit,transfer_p2p,transfers,Named person Nicole Sheridan.,yes,TRANSFER_OUT_OTHER,unclassified_transfer,unclassified,unclassified_transfer,unclassified,T6_native_fallback,no,no,no,no,transfer_p2p,transfers,gemini_sonnet_agree,yes,transfer_p2p,transfer_p2p,transfer_p2p,transfer_p2p,transfer_p2p
300,v4_unmatched_plaid,plaid,Wandsworth Borough,WANDSWORTH BOROUGH,20.0,debit,government_services,council_tax_government,"Wandsworth Borough £20 debit. Billing authority could be council tax, parking or another service; amount is small for a typical CT instalment so do not force council_tax.",yes,GOVERNMENTS_AND_NON_PROFIT_GOVERNMENTS_AND_NON_PROFIT,council_tax,council_tax_government,council_tax,council_tax_government,T6_native_fallback,no,no,yes,yes,council_tax,council_tax_government,opus_tiebreak,no,government_services,council_tax,council_tax,council_tax,council_tax
301,v4_unmatched_plaid,plaid,Amazon,CARD PAYMENT TO AMAZON.CO.UK ON 29-07-2025,8.34,debit,marketplace_amazon,general_retail_marketplaces,Amazon.co.uk card payment.,established,GENERAL_MERCHANDISE_ONLINE_MARKETPLACES,marketplace_general,general_retail_marketplaces,marketplace_amazon,general_retail_marketplaces,T4_dictionary,no,yes,yes,yes,marketplace_amazon,general_retail_marketplaces,gemini_sonnet_agree,yes,marketplace_amazon,marketplace_amazon,marketplace_amazon,,
302,v4_unmatched_plaid,plaid,Apple,Apple,24.95,debit,software,digital_subscriptions_services,Bare Apple £24.95 (not /BILL). Could be accessory hardware but Apple billing at this amount is commonly digital; keep software rather than invent a store visit.,established,GENERAL_MERCHANDISE_OTHER_GENERAL_MERCHANDISE,retail_other,general_retail_marketplaces,software,digital_subscriptions_services,T4_dictionary,no,yes,no,yes,software,digital_subscriptions_services,gemini_sonnet_agree,yes,software,software,software,,
303,v4_unmatched_plaid,plaid,Amazon,AMZNMktplace,14.24,credit,refund_received,income_other,"AMZNMktplace CREDIT. Retailer credit is refund_received, never marketplace spend. Override established marketplace_amazon.",established,GENERAL_MERCHANDISE_ONLINE_MARKETPLACES,marketplace_general,general_retail_marketplaces,marketplace_amazon,general_retail_marketplaces,T4_dictionary,no,no,no,no,marketplace_amazon,general_retail_marketplaces,opus_tiebreak,no,refund_received,marketplace_amazon,marketplace_amazon,,
304,v4_unmatched_plaid,plaid,C Plum Tree Farm,3316 12AUG25 C    PLUM TREE FARM    BLACKPOOL GB,10.6,debit,pub_bar,eating_drinking_out,"Plum Tree Farm Blackpool is a Farmhouse Inns pub restaurant/carvery, not a garden centre. Native furniture/hardware is wrong.",no,GENERAL_MERCHANDISE_FURNITURE_AND_HARDWARE,home_accessories,home_garden,home_accessories,home_garden,T6_native_fallback,no,no,no,no,days_out,entertainment_leisure,opus_tiebreak,no,restaurant_cafe,groceries_specialist,days_out,garden,retail_small_independent
305,v4_unmatched_plaid,plaid,Waqqas Ali Freddie,WAQQAS ALI        FREDDIE           VIA MOBILE - PYMT FP 28/08/25 10    26032500402515000N,100.0,debit,transfer_p2p,transfers,Named person Waqqas Ali; memo Freddie.,yes,TRANSFER_OUT_OTHER,unclassified_transfer,unclassified,transfer_p2p,transfers,T4_dictionary,no,yes,no,yes,transfer_p2p,transfers,gemini_sonnet_agree,yes,transfer_p2p,transfer_p2p,transfer_p2p,transfer_p2p,transfer_p2p
306,v4_unmatched_plaid,plaid,City Convenience Store,City Convenience Store,4.38,debit,convenience_store,groceries_household_essentials,City Convenience Store — name and native agree.,yes,GENERAL_MERCHANDISE_CONVENIENCE_STORES,convenience_store,groceries_household_essentials,convenience_store,groceries_household_essentials,T6_native_fallback,yes,yes,yes,yes,convenience_store,groceries_household_essentials,gemini_sonnet_agree,yes,convenience_store,convenience_store,convenience_store,convenience_store,convenience_store
307,v4_unmatched_plaid,plaid,F Mart Mini LLC,Contactless Payment F MART MINI LLC APPLEPAY 6024,21.18,debit,convenience_store,groceries_household_essentials,F Mart Mini LLC contactless; mini-mart / convenience.,yes,TRAVEL_AND_TRANSPORTATION_OTHER_TRAVEL_AND_TRANSPORTATION,transport_other,transport_motoring,transport_other,transport_motoring,T6_native_fallback,no,no,no,no,convenience_store,groceries_household_essentials,gemini_sonnet_agree,yes,convenience_store,convenience_store,convenience_store,convenience_store,convenience_store
308,v4_unmatched_plaid,plaid,Apple,Visa purchase APPLE.COM/BILL,3.99,debit,software,digital_subscriptions_services,APPLE.COM/BILL £3.99.,established,GENERAL_MERCHANDISE_COMPUTERS_AND_ELECTRONICS,computing_devices,general_retail_marketplaces,software,digital_subscriptions_services,T4_dictionary,no,yes,no,yes,software,digital_subscriptions_services,gemini_sonnet_agree,yes,software,software,software,,
309,v4_unmatched_plaid,plaid,Apple,Visa purchase APPLE.COM/BILL,10.99,debit,software,digital_subscriptions_services,APPLE.COM/BILL £10.99.,established,GENERAL_MERCHANDISE_COMPUTERS_AND_ELECTRONICS,computing_devices,general_retail_marketplaces,software,digital_subscriptions_services,T4_dictionary,no,yes,no,yes,software,digital_subscriptions_services,gemini_sonnet_agree,yes,software,software,software,,
310,v4_unmatched_plaid,plaid,Greenford Grocers LTD, Greenford Grocers Ltd,10.33,debit,groceries,groceries_household_essentials,Greenford Grocers Ltd; groceries native.,yes,FOOD_RETAIL_GROCERIES,groceries,groceries_household_essentials,groceries,groceries_household_essentials,T6_native_fallback,yes,yes,yes,yes,groceries,groceries_household_essentials,gemini_sonnet_agree,yes,groceries,groceries,groceries_specialist,groceries,groceries
311,v4_unmatched_plaid,plaid,Christopher Clayton Leisure,Christopher Clayton Leisure,10.0,debit,gym_fitness,health_medical,Christopher Clayton Leisure is a leisure/gym operator.,yes,ENTERTAINMENT_EVENTS_AND_TICKETS,live_music,entertainment_leisure,live_music,entertainment_leisure,T6_native_fallback,no,no,no,no,unclassified_other,unclassified,opus_tiebreak,no,entertainment_other,gym_fitness,unclassified_other,gym_fitness,gym_fitness
312,v4_unmatched_plaid,plaid,Joint Utilities,JOINT UTILITIES,14.54,debit,utility_other,utilities_household_bills,JOINT UTILITIES £14.54 with gas/electric native. Bundled/unspecified utility bill; do not force energy vs water.,no,RENT_AND_UTILITIES_GAS_AND_ELECTRICITY,energy,utilities_household_bills,energy,utilities_household_bills,T6_native_fallback,no,no,yes,yes,utility_other,utilities_household_bills,gemini_sonnet_agree,yes,utility_other,utility_other,utility_other,energy,utility_other
313,v4_unmatched_plaid,plaid,Washington Tax,Washington Tax,5.0,debit,unclassified_other,unclassified,"Washington Tax £5. Could be US state tax, Tyne-and-Wear Washington, or another fee. Name collision and tiny amount — do not force tax_payment.",yes,INSURANCE_AND_TAX_TAX_PAYMENT,tax_payment,council_tax_government,tax_payment,council_tax_government,T6_native_fallback,no,no,no,no,unclassified_other,unclassified,opus_tiebreak,yes,taxi_rideshare,unclassified_other,unclassified_other,tax_payment,tax_payment
314,v4_unmatched_plaid,plaid,Streetshirts,SP STREETSHIRTS,15.98,debit,clothing_general,clothing_personal_care,SP STREETSHIRTS Shopify apparel.,yes,GENERAL_MERCHANDISE_APPAREL_AND_ACCESSORIES,clothing_general,clothing_personal_care,clothing_general,clothing_personal_care,T6_native_fallback,yes,yes,yes,yes,clothing_general,clothing_personal_care,opus_tiebreak,yes,printing_services,clothing_general,clothing_general,clothing_general,clothing_general
315,v4_unmatched_plaid,plaid,Apple,Visa purchase APPLE.COM/BILL,1.59,debit,software,digital_subscriptions_services,APPLE.COM/BILL £1.59.,established,GENERAL_MERCHANDISE_COMPUTERS_AND_ELECTRONICS,computing_devices,general_retail_marketplaces,software,digital_subscriptions_services,T4_dictionary,no,yes,no,yes,software,digital_subscriptions_services,gemini_sonnet_agree,yes,software,software,software,,
316,v4_unmatched_plaid,plaid,Dillans Food And Wine,DILLANS FOOD and W,3.0,debit,convenience_store,groceries_household_essentials,"Dillans Food and Wine is a mixed food-and-off-licence corner shop, not a wine specialist.",no,FOOD_RETAIL_GROCERIES,groceries,groceries_household_essentials,groceries,groceries_household_essentials,T6_native_fallback,no,no,yes,yes,alcohol_wine,groceries_household_essentials,gemini_sonnet_agree,no,alcohol_wine,alcohol_wine,convenience_store,alcohol_wine,groceries_specialist
317,v4_unmatched_plaid,plaid,ITVX,ITVX PREMIUM,3.99,debit,streaming,digital_subscriptions_services,ITVX Premium is video streaming.,established,ENTERTAINMENT_MUSIC_VIDEO_GAMES_TV_AND_MOVIES,entertainment_other,entertainment_leisure,entertainment_other,entertainment_leisure,T6_native_fallback,no,no,no,no,streaming,digital_subscriptions_services,gemini_sonnet_agree,yes,streaming,streaming,streaming,,
318,v4_unmatched_plaid,plaid,Abbi Wynne,ABBI WYNNE 300000001615165258,150.0,debit,transfer_p2p,transfers,Named person Abbi Wynne.,yes,TRANSFER_OUT_OTHER,unclassified_transfer,unclassified,unclassified_transfer,unclassified,T6_native_fallback,no,no,no,no,transfer_p2p,transfers,gemini_sonnet_agree,yes,transfer_p2p,transfer_p2p,transfer_p2p,transfer_p2p,transfer_p2p
319,v4_unmatched_plaid,plaid,Peter Gardner Money,PETER GARDNER     MONEY             VIA MOBILE - PYMT FP 12/09/25 10    15115500831033000N,20.0,debit,transfer_p2p,transfers,"Named person Peter Gardner; memo MONEY. MONEY is not a listed debt keyword (LOAN/LEND/OWE/DEBT/IOU), so this stays P2P.",yes,TRANSFER_OUT_OTHER,unclassified_transfer,unclassified,unclassified_transfer,unclassified,T6_native_fallback,no,no,no,no,transfer_p2p,transfers,gemini_sonnet_agree,yes,transfer_p2p,transfer_p2p,transfer_p2p,transfer_p2p,transfer_p2p
320,v4_unmatched_plaid,plaid,Kulture,5831 20SEP25 CD   SUMUP  *KULTURE   EVENTS            IPSWICH GB,10.0,debit,entertainment_other,entertainment_leisure,SumUp *Kulture Events Ipswich £10 is a customer tap at an events venue/promoter. More likely entry/ticket than hiring an event planner; exact event type unknown.,yes,TRANSFER_OUT_OTHER,unclassified_transfer,unclassified,unclassified_transfer,unclassified,T6_native_fallback,no,no,no,no,event_planning,entertainment_leisure,gemini_sonnet_agree,no,event_planning,event_planning,entertainment_other,event_planning,event_planning
321,v4_unmatched_plaid,plaid,Current,202686 80699039  OPTIONAL FT Barclays current account,10.0,debit,transfer_own_account,transfers,OPTIONAL FT Barclays current account — own current-account transfer. Override models' unclassified_other (junk-string Current does not apply when the narrative names the account).,yes,TRANSFER_OUT_OTHER,unclassified_transfer,unclassified,unclassified_other,unclassified,T4_dictionary,no,no,no,no,unclassified_other,unclassified,opus_tiebreak,no,transfer_own_account,unclassified_other,unclassified_other,unclassified_other,unclassified_other
322,v4_unmatched_plaid,plaid,Milkbotretailcepro,Nyx*milkbotretailcepro,1.5,debit,groceries_specialist,groceries_household_essentials,"Nyx*milkbotretailcepro £1.50 is a Nayax-paid farm Milkbot milk vending machine, not confectionery.",no,FOOD_RETAIL_GROCERIES,groceries,groceries_household_essentials,groceries,groceries_household_essentials,T6_native_fallback,no,no,yes,yes,confectionary,groceries_household_essentials,opus_tiebreak,no,groceries_specialist,unclassified_other,confectionary,confectionary,groceries
323,v4_unmatched_plaid,plaid,Halton Village Stores,Halton Village Stores,3.5,debit,convenience_store,groceries_household_essentials,Halton Village Stores; convenience native.,yes,GENERAL_MERCHANDISE_CONVENIENCE_STORES,convenience_store,groceries_household_essentials,convenience_store,groceries_household_essentials,T4_dictionary,yes,yes,yes,yes,convenience_store,groceries_household_essentials,gemini_sonnet_agree,yes,convenience_store,convenience_store,convenience_store,convenience_store,convenience_store
324,v4_unmatched_plaid,plaid,Gcc Fin Serv Ecomm,GCC FIN SERV ECOMM,57.0,debit,unclassified_other,unclassified,"GCC FIN SERV ECOMM £57. Could be council e-commerce, remittance (GCC Remit) or a card acquirer. Name collision — do not force a financial-services leaf.",no,TRANSFER_OUT_OTHER,unclassified_transfer,unclassified,government_services,council_tax_government,T4_dictionary,no,no,yes,no,unclassified_other,unclassified,opus_tiebreak,yes,financial_services_other,unclassified_other,unclassified_other,financial_services_other,unclassified_other
325,v4_unmatched_plaid,plaid,Twinlakespark,TWINLAKESPARK.COM 01664567777,53.35,debit,days_out,entertainment_leisure,twinlakespark.com is Twinlakes theme park (Melton Mowbray). Casino native is wrong.,yes,ENTERTAINMENT_CASINOS_AND_GAMBLING,gambling_unspecified,gambling,gambling_unspecified,gambling,T6_native_fallback,no,no,no,no,days_out,entertainment_leisure,gemini_sonnet_agree,yes,days_out,days_out,days_out,days_out,days_out
326,v4_unmatched_plaid,plaid,Cd Savers Health & Beauty,5103 30AUG25 CD   SAVERS HEALTH &   BEAUTY            LOUGHBOROUGH GB,29.12,debit,health_beauty_general,clothing_personal_care,"Savers Health & Beauty is AS Watson discount health-and-beauty, not a pharmacy.",yes,PERSONAL_CARE_HAIR_AND_BEAUTY,skin_hair_care,clothing_personal_care,pharmacy,health_medical,T4_dictionary,no,no,yes,no,health_beauty_general,clothing_personal_care,gemini_sonnet_agree,yes,health_beauty_general,health_beauty_general,health_beauty_general,health_beauty_general,health_beauty_general
327,v4_unmatched_plaid,plaid,Trainline,PAYPAL *TRAINLINE 35314369001,21.4,debit,public_transport_rail_coach,transport_motoring,"PayPal *Trainline — label the underlying rail ticket, not the intermediary.",yes,TRAVEL_AND_TRANSPORTATION_PUBLIC_TRANSIT,public_transport_rail_coach,transport_motoring,public_transport_rail_coach,transport_motoring,T6_native_fallback,yes,yes,yes,yes,public_transport_rail_coach,transport_motoring,gemini_sonnet_agree,yes,public_transport_rail_coach,public_transport_rail_coach,public_transport_rail_coach,public_transport_rail_coach,public_transport_rail_coach
328,v4_unmatched_plaid,plaid,Amazon Prime,8983 20JUN25      AMAZON            PRIME*L11XS0HW5   AMZN.CO.UK/PM GB,8.99,debit,streaming,digital_subscriptions_services,Amazon Prime* subscription.,established,ENTERTAINMENT_MUSIC_VIDEO_GAMES_TV_AND_MOVIES,entertainment_other,entertainment_leisure,entertainment_other,entertainment_leisure,T6_native_fallback,no,no,no,no,streaming,digital_subscriptions_services,gemini_sonnet_agree,yes,streaming,streaming,streaming,,
329,v4_unmatched_plaid,plaid,Raylo,AFKXKF7 Raylo,40.99,debit,retail_finance_repayment,credit_loan_repayments,Raylo instalment.,yes,GENERAL_MERCHANDISE_ONLINE_MARKETPLACES,marketplace_general,general_retail_marketplaces,retail_finance_repayment,credit_loan_repayments,T4_dictionary,no,yes,no,yes,retail_finance_repayment,credit_loan_repayments,gemini_sonnet_agree,yes,retail_finance_repayment,retail_finance_repayment,retail_finance_repayment,retail_finance_repayment,retail_finance_repayment
330,v4_unmatched_plaid,plaid,SkyBet,SKY BET Sky Bet,10.0,debit,gambling_betting,gambling,Sky Bet debit stake.,yes,ENTERTAINMENT_CASINOS_AND_GAMBLING,gambling_unspecified,gambling,gambling_betting,gambling,T4_dictionary,no,yes,yes,yes,gambling_betting,gambling,gemini_sonnet_agree,yes,gambling_betting,gambling_betting,gambling_betting,gambling_betting,gambling_betting
331,v4_unmatched_plaid,plaid,Miss Sholanda,Miss Sholanda S Burris sb,5.0,debit,transfer_p2p,transfers,Named person Miss Sholanda S Burris.,yes,TRANSFER_OUT_OTHER,unclassified_transfer,unclassified,transfer_p2p,transfers,T5_R01,no,yes,no,yes,transfer_p2p,transfers,gemini_sonnet_agree,yes,transfer_p2p,transfer_p2p,transfer_p2p,transfer_p2p,transfer_p2p
332,v4_unmatched_plaid,plaid,The Spitfire,The Spitfire from Groceries Pot,15.35,debit,pub_bar,eating_drinking_out,"The Spitfire (Shepherd Neame pub, West Malling). From Groceries Pot is a Monzo funding source, not the merchant. Override groceries.",no,FOOD_RETAIL_GROCERIES,groceries,groceries_household_essentials,groceries,groceries_household_essentials,T6_native_fallback,no,no,no,no,pub_bar,eating_drinking_out,opus_tiebreak,yes,pub_bar,savings_transfer,pub_bar,pub_bar,groceries
333,v4_unmatched_plaid,plaid,Current,206651 33976114  MOBILE-CHANNEL FT Barclays current account,100.0,debit,transfer_own_account,transfers,MOBILE-CHANNEL FT Barclays current account — own-account transfer. Override unclassified_other.,yes,TRANSFER_OUT_OTHER,unclassified_transfer,unclassified,unclassified_other,unclassified,T4_dictionary,no,no,no,no,transfer_own_account,transfers,opus_tiebreak,yes,transfer_own_account,unclassified_other,transfer_own_account,unclassified_other,unclassified_other
334,v4_unmatched_plaid,plaid,Tandoori Knights,Tandoori Knights,2.0,debit,takeaway,eating_drinking_out,"Tandoori Knights £2 is consistent with an Indian takeaway, not table service.",no,DINING_DINING,restaurant_cafe,eating_drinking_out,restaurant_cafe,eating_drinking_out,T6_native_fallback,no,no,yes,yes,takeaway,eating_drinking_out,gemini_sonnet_agree,yes,takeaway,takeaway,takeaway,restaurant_cafe,takeaway
335,v4_unmatched_plaid,plaid,Bp Bovey Sf Connect,Contactless Payment BP BOVEY SF CONNECT,8.45,debit,fuel,transport_motoring,BP Bovey SF Connect is a BP forecourt.,yes,TRAVEL_AND_TRANSPORTATION_OTHER_TRAVEL_AND_TRANSPORTATION,transport_other,transport_motoring,fuel,transport_motoring,T4_dictionary,no,yes,yes,yes,fuel,transport_motoring,gemini_sonnet_agree,yes,fuel,fuel,fuel,fuel,fuel
336,v4_unmatched_plaid,plaid,Apple,APPLE.COM/BILL Apple App Store,5.99,debit,software,digital_subscriptions_services,APPLE.COM/BILL Apple App Store £5.99.,established,GENERAL_MERCHANDISE_COMPUTERS_AND_ELECTRONICS,computing_devices,general_retail_marketplaces,software,digital_subscriptions_services,T4_dictionary,no,yes,no,yes,software,digital_subscriptions_services,gemini_sonnet_agree,yes,software,software,software,,
337,v4_unmatched_plaid,plaid,Cd Ridgewood Stores,8213 01OCT25 CD   RIDGEWOOD STORES  LTD               UCKFIELD GB,0.85,debit,convenience_store,groceries_household_essentials,Ridgewood Stores Ltd Uckfield; local store. Apparel native is wrong.,yes,GENERAL_MERCHANDISE_APPAREL_AND_ACCESSORIES,clothing_general,clothing_personal_care,clothing_general,clothing_personal_care,T6_native_fallback,no,no,no,no,convenience_store,groceries_household_essentials,gemini_sonnet_agree,yes,convenience_store,convenience_store,convenience_store,convenience_store,convenience_store
338,v4_unmatched_plaid,plaid,Horse And Jockey,HORSE AND JOCKEY Horse And Jockey,16.95,debit,pub_bar,eating_drinking_out,Horse and Jockey is a pub name; casino native is wrong.,yes,ENTERTAINMENT_CASINOS_AND_GAMBLING,gambling_unspecified,gambling,gambling_unspecified,gambling,T6_native_fallback,no,no,no,no,pub_bar,eating_drinking_out,gemini_sonnet_agree,yes,pub_bar,pub_bar,pub_bar,pub_bar,pub_bar
339,v4_unmatched_plaid,plaid,Stagecoach Services,STAGECOACH SERVICESTOCKPORT,3.8,debit,public_transport_rail_coach,transport_motoring,Stagecoach Services Stockport bus fare.,yes,TRAVEL_AND_TRANSPORTATION_PUBLIC_TRANSIT,public_transport_rail_coach,transport_motoring,public_transport_rail_coach,transport_motoring,T6_native_fallback,yes,yes,yes,yes,public_transport_rail_coach,transport_motoring,gemini_sonnet_agree,yes,public_transport_rail_coach,public_transport_rail_coach,public_transport_rail_coach,public_transport_rail_coach,public_transport_rail_coach
340,v4_unmatched_plaid,plaid,Trainline,Trainline,3.7,debit,public_transport_rail_coach,transport_motoring,Trainline ticket.,yes,TRAVEL_AND_TRANSPORTATION_PUBLIC_TRANSIT,public_transport_rail_coach,transport_motoring,public_transport_rail_coach,transport_motoring,T6_native_fallback,yes,yes,yes,yes,public_transport_rail_coach,transport_motoring,gemini_sonnet_agree,yes,public_transport_rail_coach,public_transport_rail_coach,public_transport_rail_coach,public_transport_rail_coach,public_transport_rail_coach
341,v4_unmatched_plaid,plaid,Hurricane Rooms Cd,HURRICANE ROOMS CD 4411,2.3,debit,sports_participation,entertainment_leisure,"Hurricane Rooms CD is Hurricane Room pool & snooker clubs (London). £2.30 is table time, not lodging or a casino. Lodging native is wrong.",no,TRAVEL_AND_TRANSPORTATION_LODGING,accommodation,travel_holidays,accommodation,travel_holidays,T6_native_fallback,no,no,no,no,unclassified_other,unclassified,opus_tiebreak,no,sports_participation,gambling_unspecified,unclassified_other,accommodation,gambling_casino
342,v4_unmatched_plaid,plaid,Virgin Games Cd,VIRGIN GAMES CD 0920,15.0,debit,gambling_casino,gambling,Virgin Games is an online casino.,yes,TRANSFER_OUT_OTHER,unclassified_transfer,unclassified,gambling_casino,gambling,T4_dictionary,no,yes,no,yes,gambling_casino,gambling,gemini_sonnet_agree,yes,gambling_casino,gambling_casino,gambling_casino,gambling_casino,gambling_casino
343,v4_unmatched_plaid,plaid,Le Chateau,LE CHATEAU  ON 09 SEP CLP,5.39,debit,restaurant_cafe,eating_drinking_out,Le Chateau dining contactless.,yes,DINING_DINING,restaurant_cafe,eating_drinking_out,restaurant_cafe,eating_drinking_out,T6_native_fallback,yes,yes,yes,yes,unclassified_other,unclassified,opus_tiebreak,no,restaurant_cafe,clothing_general,unclassified_other,restaurant_cafe,restaurant_cafe
344,v4_unmatched_plaid,plaid,First Direct Loan,FIRST DIRECT LOAN,428.91,debit,personal_loan_repayment,credit_loan_repayments,FIRST DIRECT LOAN is an unsecured personal-loan instalment. Explicit lender product name.,yes,LOAN_PAYMENTS_PERSONAL_LOAN_PAYMENT,personal_loan_repayment,credit_loan_repayments,personal_loan_repayment,credit_loan_repayments,T6_native_fallback,yes,yes,yes,yes,personal_loan_repayment,credit_loan_repayments,gemini_sonnet_agree,yes,personal_loan_repayment,personal_loan_repayment,personal_loan_repayment,personal_loan_repayment,personal_loan_repayment
345,v4_unmatched_plaid,plaid,Trading 212 Pi,TRADING 212 PI2612503574245162,1000.0,debit,investment_trading,savings_investments,Trading 212 PI is a self-directed investment/trading platform debit.,yes,TRANSFER_OUT_INVESTMENT_AND_RETIREMENT_FUNDS,investment_general,savings_investments,investment_trading,savings_investments,T4_dictionary,no,yes,yes,yes,investment_trading,savings_investments,gemini_sonnet_agree,yes,investment_trading,investment_trading,investment_trading,investment_trading,investment_trading
346,v4_unmatched_plaid,plaid,Aberdeenshire,ABERDEENSHIRE,33.68,debit,government_services,council_tax_government,"Aberdeenshire £33.68. Could be council tax but the narrative has no revenues/CT marker; do not force council_tax. Adversarial: Aberdeenshire £33.68 with no CT/revenues marker is a small council service tap, not council_tax. Align with other small council taps in this file.",yes,TRANSFER_OUT_OTHER,unclassified_transfer,unclassified,unclassified_transfer,unclassified,T6_native_fallback,no,no,no,no,council_tax,council_tax_government,opus_tiebreak,no,government_services,unclassified_other,council_tax,unclassified_other,unclassified_other
347,v4_unmatched_plaid,plaid,Amazon,1522 07AUG25      AMZNMKTPLAC       E*RF8VL44G4       AMAZON.CO.UK GB,11.99,debit,marketplace_amazon,general_retail_marketplaces,Amazon Marketplace debit.,established,GENERAL_MERCHANDISE_ONLINE_MARKETPLACES,marketplace_general,general_retail_marketplaces,marketplace_amazon,general_retail_marketplaces,T4_dictionary,no,yes,yes,yes,marketplace_amazon,general_retail_marketplaces,gemini_sonnet_agree,yes,marketplace_amazon,marketplace_amazon,marketplace_amazon,,
348,v4_unmatched_plaid,plaid,Raylo,RAYLO              / ref: BVPVK5X,72.15,debit,retail_finance_repayment,credit_loan_repayments,Raylo instalment.,yes,GENERAL_MERCHANDISE_ONLINE_MARKETPLACES,marketplace_general,general_retail_marketplaces,retail_finance_repayment,credit_loan_repayments,T4_dictionary,no,yes,no,yes,retail_finance_repayment,credit_loan_repayments,gemini_sonnet_agree,yes,retail_finance_repayment,retail_finance_repayment,retail_finance_repayment,retail_finance_repayment,retail_finance_repayment
349,v4_unmatched_plaid,plaid,Transport for London, TFL - Transport for London,1.75,debit,public_transport_rail_coach,transport_motoring,TfL.,yes,TRAVEL_AND_TRANSPORTATION_PUBLIC_TRANSIT,public_transport_rail_coach,transport_motoring,public_transport_rail_coach,transport_motoring,T4_dictionary,yes,yes,yes,yes,public_transport_rail_coach,transport_motoring,gemini_sonnet_agree,yes,public_transport_rail_coach,public_transport_rail_coach,public_transport_rail_coach,public_transport_rail_coach,public_transport_rail_coach
350,v4_unmatched_plaid,plaid,Stephanie Aird,Stephanie Aird,20.0,debit,transfer_p2p,transfers,Named person Stephanie Aird.,yes,TRANSFER_OUT_OTHER,unclassified_transfer,unclassified,unclassified_transfer,unclassified,T6_native_fallback,no,no,no,no,transfer_p2p,transfers,gemini_sonnet_agree,yes,transfer_p2p,transfer_p2p,transfer_p2p,transfer_p2p,transfer_p2p
351,v4_unmatched_plaid,plaid,Www.amazon.uk.co,WWW.AMAZON.* RU15H  ON 19 AUG BCC WWW.AMAZON.UK.CO,11.89,debit,marketplace_amazon,general_retail_marketplaces,WWW.AMAZON.* debit. Personal-loan native is wrong.,established,LOAN_PAYMENTS_PERSONAL_LOAN_PAYMENT,personal_loan_repayment,credit_loan_repayments,personal_loan_repayment,credit_loan_repayments,T6_native_fallback,no,no,no,no,marketplace_amazon,general_retail_marketplaces,gemini_sonnet_agree,yes,marketplace_amazon,marketplace_amazon,marketplace_amazon,,
352,v4_unmatched_plaid,plaid,Pizza Range,Pizza Range,21.5,debit,takeaway,eating_drinking_out,Pizza Range is a pizza takeaway.,yes,DINING_DINING,restaurant_cafe,eating_drinking_out,takeaway,eating_drinking_out,T4_dictionary,no,yes,yes,yes,takeaway,eating_drinking_out,gemini_sonnet_agree,yes,takeaway,takeaway,takeaway,takeaway,takeaway
353,v4_unmatched_plaid,plaid,Sarah Lipscombe,Payment to SARAH LIPSCOMBE 602421 90173759,10.0,debit,transfer_p2p,transfers,Named person Sarah Lipscombe; bank-detail payment.,yes,TRANSFER_OUT_OTHER,unclassified_transfer,unclassified,transfer_p2p,transfers,T4_dictionary,no,yes,no,yes,transfer_p2p,transfers,gemini_sonnet_agree,yes,transfer_p2p,transfer_p2p,transfer_p2p,transfer_p2p,transfer_p2p
354,v4_unmatched_plaid,plaid,The Curry Garden Gateshead,THE CURRY GARDEN  GATESHEAD,23.55,debit,restaurant_cafe,eating_drinking_out,The Curry Garden Gateshead; dining native; curry house.,yes,DINING_DINING,restaurant_cafe,eating_drinking_out,restaurant_cafe,eating_drinking_out,T4_dictionary,yes,yes,yes,yes,takeaway,eating_drinking_out,opus_tiebreak,no,restaurant_cafe,takeaway,takeaway,restaurant_cafe,restaurant_cafe
355,v4_unmatched_plaid,plaid,Raymond Manito,RAYMOND MANITO KAR 500000001619736911,150.0,debit,transfer_p2p,transfers,Named person Raymond Manito; memo KAR.,yes,TRANSFER_OUT_OTHER,unclassified_transfer,unclassified,transfer_p2p,transfers,T4_dictionary,no,yes,no,yes,transfer_p2p,transfers,gemini_sonnet_agree,yes,transfer_p2p,transfer_p2p,transfer_p2p,transfer_p2p,transfer_p2p
356,v4_unmatched_plaid,plaid,Natwest Bank,"DIRECT DEBIT PAYMENT TO NATWEST BANK REF 83330417/1862576, MANDATE NO 0020",352.11,debit,financial_institution_unspecified,unclassified,"NatWest Bank direct debit £352.11. Bank is named but product (loan, mortgage, overdraft, packaged account) is not. Do not force loan_repayment_dd.",no,GENERAL_SERVICES_ACCOUNTING_AND_FINANCIAL_SERVICES,financial_services_other,credit_loan_repayments,financial_institution_unspecified,unclassified,T4_dictionary,no,yes,no,yes,financial_institution_unspecified,unclassified,gemini_sonnet_agree,yes,financial_institution_unspecified,financial_institution_unspecified,financial_institution_unspecified,financial_institution_unspecified,loan_repayment_dd
357,v4_unmatched_plaid,plaid,Armagh Food Centre,Armagh Food Centre Limited ,6.63,debit,groceries,groceries_household_essentials,Armagh Food Centre Limited; groceries native.,yes,FOOD_RETAIL_GROCERIES,groceries,groceries_household_essentials,groceries,groceries_household_essentials,T4_dictionary,yes,yes,yes,yes,groceries,groceries_household_essentials,gemini_sonnet_agree,yes,groceries,groceries,groceries,groceries,groceries
358,v4_unmatched_plaid,plaid,Amazon,AMZNMktplace,3.95,credit,refund_received,income_other,"AMZNMktplace CREDIT — Amazon refund, not marketplace spend.",established,GENERAL_MERCHANDISE_ONLINE_MARKETPLACES,marketplace_general,general_retail_marketplaces,marketplace_amazon,general_retail_marketplaces,T4_dictionary,no,no,no,no,refund_received,income_other,gemini_sonnet_agree,yes,refund_received,refund_received,marketplace_amazon,,
359,v4_unmatched_plaid,plaid,Amazon,Amazon,34.0,debit,marketplace_amazon,general_retail_marketplaces,Amazon debit spend.,established,GENERAL_MERCHANDISE_ONLINE_MARKETPLACES,marketplace_general,general_retail_marketplaces,marketplace_amazon,general_retail_marketplaces,T4_dictionary,no,yes,yes,yes,marketplace_amazon,general_retail_marketplaces,gemini_sonnet_agree,yes,marketplace_amazon,marketplace_amazon,marketplace_amazon,,
360,v4_unmatched_plaid,plaid,M Wilson,M WILSON 301286 14061660,20.0,debit,transfer_p2p,transfers,Named person M Wilson.,yes,TRANSFER_OUT_OTHER,unclassified_transfer,unclassified,transfer_p2p,transfers,T5_R02,no,yes,no,yes,transfer_p2p,transfers,gemini_sonnet_agree,yes,transfer_p2p,transfer_p2p,transfer_p2p,transfer_p2p,transfer_p2p
361,v4_unmatched_plaid,plaid,Amazon Prime,Amazon Prime*R40A9,8.99,debit,streaming,digital_subscriptions_services,Amazon Prime subscription.,established,GENERAL_SERVICES_OTHER_SERVICES,business_services,business_self_employment,business_services,business_self_employment,T6_native_fallback,no,no,no,no,streaming,digital_subscriptions_services,gemini_sonnet_agree,yes,streaming,streaming,streaming,,
362,v4_unmatched_plaid,plaid,Fair Oak Local,Fair Oak Local,4.1,debit,groceries,groceries_household_essentials,"Fair Oak Local is a Premier symbol-group grocer. Symbol-group → groceries, not pub_bar or convenience_store.",no,DINING_DINING,restaurant_cafe,eating_drinking_out,restaurant_cafe,eating_drinking_out,T6_native_fallback,no,no,no,no,convenience_store,groceries_household_essentials,gemini_sonnet_agree,no,convenience_store,convenience_store,convenience_store,pub_bar,convenience_store
363,v4_unmatched_plaid,plaid,Gp Time 4 Kiosk,GP TIME 4 KIOSK LTD Gp Time 4 Kiosk,5.2,debit,convenience_store,groceries_household_essentials,GP Time 4 Kiosk Ltd is a Cypriot kiosk operator; £5.20 tap fits a kiosk/newsagent purchase.,no,GENERAL_SERVICES_OTHER_SERVICES,business_services,business_self_employment,business_services,business_self_employment,T6_native_fallback,no,no,no,no,convenience_store,groceries_household_essentials,gemini_sonnet_agree,yes,convenience_store,convenience_store,convenience_store,unclassified_other,convenience_store
364,v4_unmatched_plaid,plaid,Thamesmead Service Statio,Contactless Payment THAMESMEAD SERVICE STATIO APPLEPAY 7635,59.31,debit,fuel,transport_motoring,Thamesmead Service Station is a filling station; £59.31 is a typical fill.,yes,TRAVEL_AND_TRANSPORTATION_OTHER_TRAVEL_AND_TRANSPORTATION,transport_other,transport_motoring,transport_other,transport_motoring,T6_native_fallback,no,no,yes,yes,fuel,transport_motoring,gemini_sonnet_agree,yes,fuel,fuel,fuel,fuel,fuel
365,v4_unmatched_plaid,plaid,National Health Service,Nhsbsa Ppc 2 NHS Prescription Prepayment Certificate,11.45,debit,pharmacy,health_medical,NHSBSA PPC is an NHS prescription prepayment certificate.,established,MEDICAL_OTHER_MEDICAL,health_other,health_medical,pharmacy,health_medical,T4_dictionary,no,yes,yes,yes,pharmacy,health_medical,gemini_sonnet_agree,yes,pharmacy,pharmacy,pharmacy,,
366,v4_unmatched_plaid,plaid,Justpark,JUSTPARK JustPark,2.32,credit,refund_received,income_other,"JustPark CREDIT. Direction is money in from a parking operator — refund_received, not car_parking spend. Override established car_parking.",established,TRAVEL_AND_TRANSPORTATION_OTHER_TRAVEL_AND_TRANSPORTATION,transport_other,transport_motoring,transport_other,transport_motoring,T6_native_fallback,no,no,no,no,car_parking,transport_motoring,opus_tiebreak,no,refund_received,car_parking,car_parking,,
367,v4_unmatched_plaid,plaid,Danielle John,Danielle John,108.0,debit,transfer_p2p,transfers,Named person Danielle John.,yes,TRANSFER_OUT_OTHER,unclassified_transfer,unclassified,unclassified_transfer,unclassified,T6_native_fallback,no,no,no,no,transfer_p2p,transfers,gemini_sonnet_agree,yes,transfer_p2p,transfer_p2p,transfer_p2p,transfer_p2p,transfer_p2p
368,v4_unmatched_plaid,plaid,Aaron Campbell,Aaron campbell,25.0,debit,transfer_p2p,transfers,Named person Aaron Campbell.,yes,TRANSFER_OUT_OTHER,unclassified_transfer,unclassified,unclassified_transfer,unclassified,T6_native_fallback,no,no,no,no,transfer_p2p,transfers,gemini_sonnet_agree,yes,transfer_p2p,transfer_p2p,transfer_p2p,transfer_p2p,transfer_p2p
369,v4_unmatched_plaid,plaid,Jennifer Brookes Monzo-lryzy,JENNIFER BROOKES  MONZO-LRYZY       VIA MOBILE - PYMT FP 05/08/25 10    19144644200878000N,50.0,debit,transfer_p2p,transfers,Named person Jennifer Brookes via Monzo FPS.,yes,TRANSFER_OUT_OTHER,unclassified_transfer,unclassified,transfer_p2p,transfers,T4_dictionary,no,yes,no,yes,transfer_p2p,transfers,gemini_sonnet_agree,yes,transfer_p2p,transfer_p2p,transfer_p2p,transfer_p2p,transfer_p2p
370,v4_unmatched_plaid,plaid,Mandate No,"DIRECT DEBIT PAYMENT TO PAYPAL PAYMENT REF 5ATJ222DUYDD6, MANDATE NO 0030",15.8,debit,payment_intermediary,general_retail_marketplaces,PayPal Payment direct debit; underlying merchant not shown.,established,TRANSFER_OUT_TRANSFER_OUT_FROM_APPS,transfer_p2p,transfers,transfer_p2p,transfers,T6_native_fallback,no,no,no,no,payment_intermediary,general_retail_marketplaces,gemini_sonnet_agree,yes,payment_intermediary,payment_intermediary,payment_intermediary,,
371,v4_unmatched_plaid,plaid,COOP,3483 01AUG25 CD   SCOTMID COOP 0107 CAIRNEYHILL GB,8.05,debit,groceries,groceries_household_essentials,Scotmid Co-op Cairneyhill grocery till.,established,FOOD_RETAIL_GROCERIES,groceries,groceries_household_essentials,groceries,groceries_household_essentials,T6_native_fallback,yes,yes,yes,yes,groceries,groceries_household_essentials,gemini_sonnet_agree,yes,groceries,groceries,groceries,,
372,v4_unmatched_plaid,plaid,Amazon,CARD PAYMENT TO AMAZON.CO.UK*WS3P18OW5 ON 11-06-2025,9.5,debit,marketplace_amazon,general_retail_marketplaces,Amazon.co.uk debit.,established,GENERAL_MERCHANDISE_ONLINE_MARKETPLACES,marketplace_general,general_retail_marketplaces,marketplace_amazon,general_retail_marketplaces,T4_dictionary,no,yes,yes,yes,marketplace_amazon,general_retail_marketplaces,gemini_sonnet_agree,yes,marketplace_amazon,marketplace_amazon,marketplace_amazon,,
373,v4_unmatched_plaid,plaid,Instantly,Instantly,46.49,debit,software,digital_subscriptions_services,Instantly is Instantly.ai cold-email / outreach SaaS (~$47/mo). Override unclassified_other.,yes,TRANSFER_OUT_OTHER,unclassified_transfer,unclassified,unclassified_transfer,unclassified,T6_native_fallback,no,no,no,no,unclassified_other,unclassified,opus_tiebreak,no,email_services,unclassified_other,unclassified_other,unclassified_other,unclassified_other
374,v4_unmatched_plaid,plaid,Dazn,WWW.DAZN.COM,14.99,debit,streaming,digital_subscriptions_services,DAZN.com is sports video streaming.,yes,ENTERTAINMENT_MUSIC_VIDEO_GAMES_TV_AND_MOVIES,entertainment_other,entertainment_leisure,streaming,digital_subscriptions_services,T4_dictionary,no,yes,no,yes,streaming,digital_subscriptions_services,gemini_sonnet_agree,yes,streaming,streaming,streaming,streaming,streaming
375,v4_unmatched_plaid,plaid,April Coates,United Kingdom Account - From A Coates April Coates - SortCodeAccountNumber: 77010241515868,865.38,debit,transfer_p2p,transfers,Debit to April Coates (named person); large FPS. No purpose.,yes,TRANSFER_OUT_OTHER,unclassified_transfer,unclassified,transfer_p2p,transfers,T4_dictionary,no,yes,no,yes,transfer_p2p,transfers,gemini_sonnet_agree,yes,transfer_p2p,transfer_p2p,transfer_own_account,transfer_p2p,transfer_p2p
376,v4_unmatched_plaid,plaid,Onbuy,OnBuy.com CD 4558,8.19,debit,marketplace_general,general_retail_marketplaces,OnBuy.com is a non-Amazon marketplace.,yes,TRANSFER_OUT_OTHER,unclassified_transfer,unclassified,marketplace_general,general_retail_marketplaces,T4_dictionary,no,yes,no,yes,marketplace_general,general_retail_marketplaces,gemini_sonnet_agree,yes,marketplace_general,marketplace_general,marketplace_general,marketplace_general,marketplace_general
377,v4_unmatched_plaid,plaid,My Juniper London,MY JUNIPER        LONDON,249.0,debit,weight_loss,health_medical,MY JUNIPER LONDON £249 is Juniper UK medical GLP-1 weight-loss programme (same pattern as SheMed).,yes,TRANSFER_OUT_OTHER,unclassified_transfer,unclassified,unclassified_transfer,unclassified,T6_native_fallback,no,no,no,no,mobile_phone_contract,utilities_household_bills,opus_tiebreak,no,weight_loss,clothing_general,mobile_phone_contract,unclassified_other,unclassified_other
378,v4_unmatched_plaid,plaid,The Churchgate,6093 05JUL25 CD   VER*THE CHURCHGATEBOLTON GB,4.5,debit,pub_bar,eating_drinking_out,VER*The Churchgate Bolton is a pub; donations native is wrong.,yes,GOVERNMENTS_AND_NON_PROFIT_DONATIONS,charitable_donation,charitable_political_giving,charitable_donation,charitable_political_giving,T6_native_fallback,no,no,no,no,pub_bar,eating_drinking_out,gemini_sonnet_agree,yes,pub_bar,pub_bar,pub_bar,pub_bar,pub_bar
379,v4_unmatched_plaid,plaid,Amazon,Amazon.co.uk*RF8F3,4.49,debit,marketplace_amazon,general_retail_marketplaces,Amazon.co.uk debit.,established,GENERAL_MERCHANDISE_ONLINE_MARKETPLACES,marketplace_general,general_retail_marketplaces,marketplace_amazon,general_retail_marketplaces,T4_dictionary,no,yes,yes,yes,marketplace_amazon,general_retail_marketplaces,gemini_sonnet_agree,yes,marketplace_amazon,marketplace_amazon,marketplace_amazon,,
380,v4_unmatched_plaid,plaid,Stagecoach Services,STAGECOACH SERVICE,2.0,debit,public_transport_rail_coach,transport_motoring,Stagecoach bus fare.,yes,TRAVEL_AND_TRANSPORTATION_OTHER_TRAVEL_AND_TRANSPORTATION,transport_other,transport_motoring,transport_other,transport_motoring,T6_native_fallback,no,no,yes,yes,public_transport_rail_coach,transport_motoring,gemini_sonnet_agree,yes,public_transport_rail_coach,public_transport_rail_coach,public_transport_rail_coach,public_transport_rail_coach,public_transport_rail_coach
381,v4_unmatched_plaid,plaid,Buzz Bingo,Buzz Group Limited Buzz Bingo,12.0,debit,gambling_bingo,gambling,Buzz Group Limited / Buzz Bingo is bingo. Do not aggregate gambling subtypes.,yes,ENTERTAINMENT_CASINOS_AND_GAMBLING,gambling_unspecified,gambling,gambling_bingo,gambling,T4_dictionary,no,yes,yes,yes,gambling_bingo,gambling,gemini_sonnet_agree,yes,gambling_bingo,gambling_bingo,gambling_bingo,gambling_bingo,gambling_bingo
382,v4_unmatched_plaid,plaid,Hendersons Ballygowan,Contactless Payment HENDERSONS BALLYGOWAN APPLEPAY 2895,7.53,debit,groceries,groceries_household_essentials,"Hendersons Ballygowan is Henderson Retail SPAR (symbol-group grocer), not a restaurant.",no,DINING_DINING,restaurant_cafe,eating_drinking_out,restaurant_cafe,eating_drinking_out,T6_native_fallback,no,no,no,no,groceries,groceries_household_essentials,opus_tiebreak,yes,groceries,convenience_store,groceries,convenience_store,restaurant_cafe
383,v4_unmatched_plaid,plaid,K P Hamlin Hamlin,K P HAMLIN        HAMLIN            VIA MOBILE - PYMT FP 08/08/25 10    04082902032093000N,50.0,debit,transfer_p2p,transfers,Named person K P Hamlin.,yes,TRANSFER_OUT_OTHER,unclassified_transfer,unclassified,unclassified_transfer,unclassified,T6_native_fallback,no,no,no,no,transfer_p2p,transfers,gemini_sonnet_agree,yes,transfer_p2p,transfer_p2p,transfer_p2p,transfer_p2p,transfer_p2p
384,v4_unmatched_plaid,plaid,Cd Lark Hall Inn,8957 16JUN25 CD   LARK HALL INN     BATH GB,5.6,debit,pub_bar,eating_drinking_out,Lark Hall Inn Bath is a pub; lodging native is a name artefact.,yes,TRAVEL_AND_TRANSPORTATION_LODGING,accommodation,travel_holidays,accommodation,travel_holidays,T6_native_fallback,no,no,no,no,pub_bar,eating_drinking_out,gemini_sonnet_agree,yes,pub_bar,pub_bar,pub_bar,pub_bar,pub_bar
385,v4_unmatched_plaid,plaid,Trainpal,2078 08JUL25  D   TRAINPAL          LONDON GB,6.6,debit,public_transport_rail_coach,transport_motoring,Trainpal rail tickets.,yes,TRANSFER_OUT_OTHER,unclassified_transfer,unclassified,unclassified_transfer,unclassified,T6_native_fallback,no,no,no,no,public_transport_rail_coach,transport_motoring,gemini_sonnet_agree,yes,public_transport_rail_coach,public_transport_rail_coach,public_transport_rail_coach,public_transport_rail_coach,public_transport_rail_coach
386,v4_unmatched_plaid,plaid,Mr Billy J Bull Bjb,MR BILLY J BULL  BJB FT,9.9,debit,transfer_p2p,transfers,Named person Mr Billy J Bull; dining native is wrong.,yes,DINING_DINING,restaurant_cafe,eating_drinking_out,transfer_p2p,transfers,T5_R01,no,yes,no,yes,transfer_p2p,transfers,gemini_sonnet_agree,yes,transfer_p2p,transfer_p2p,transfer_p2p,transfer_p2p,transfer_p2p
387,v4_unmatched_plaid,plaid,Roddy,Roddy Johnston - SortCodeAccountNumber: 83410000629319,40.0,debit,transfer_p2p,transfers,Named person Roddy Johnston.,yes,TRANSFER_OUT_OTHER,unclassified_transfer,unclassified,transfer_p2p,transfers,T4_dictionary,no,yes,no,yes,transfer_p2p,transfers,gemini_sonnet_agree,yes,transfer_p2p,transfer_p2p,transfer_p2p,transfer_p2p,transfer_p2p
388,v4_unmatched_plaid,plaid,Maloobchod,Maloobchod,7.41,debit,foreign_spend_unspecified,travel_holidays,"Maloobchod is Czech for retail grocery; foreign shop, underlying fascia not named.",yes,TRANSFER_OUT_OTHER,unclassified_transfer,unclassified,unclassified_transfer,unclassified,T6_native_fallback,no,no,no,no,foreign_spend_unspecified,travel_holidays,opus_tiebreak,yes,foreign_spend_unspecified,unclassified_other,foreign_spend_unspecified,unclassified_other,unclassified_other
389,v4_unmatched_plaid,plaid,Nutrition Geeksluton,SP NUTRITION GEEKSLUTON,16.99,debit,supplements,health_medical,SP Nutrition Geeks Luton is a UK supplements e-shop.,no,DINING_OTHER_DINING,restaurant_cafe,eating_drinking_out,restaurant_cafe,eating_drinking_out,T6_native_fallback,no,no,no,no,supplements,health_medical,gemini_sonnet_agree,yes,supplements,supplements,supplements,unclassified_other,supplements
390,v4_unmatched_plaid,plaid,Chargos Aylesbury,CHARGOS           AYLESBURY,10.98,debit,takeaway,eating_drinking_out,"Chargos Aylesbury is Chargos Piri Piri — grilled chicken takeaway/delivery, closer to KFC than Nando's table-service.",yes,DINING_DINING,restaurant_cafe,eating_drinking_out,restaurant_cafe,eating_drinking_out,T6_native_fallback,no,no,yes,yes,car_parking,transport_motoring,opus_tiebreak,no,takeaway,unclassified_other,car_parking,restaurant_cafe,restaurant_cafe
391,v4_unmatched_plaid,plaid,Marsh Lane Filling Statio,Contactless Payment MARSH LANE FILLING STATIO 2025-08-10,27.14,debit,fuel,transport_motoring,Marsh Lane Filling Station is explicitly a filling station.,yes,TRAVEL_AND_TRANSPORTATION_OTHER_TRAVEL_AND_TRANSPORTATION,transport_other,transport_motoring,fuel,transport_motoring,T4_dictionary,no,yes,yes,yes,fuel,transport_motoring,gemini_sonnet_agree,yes,fuel,fuel,fuel,fuel,fuel
392,v4_unmatched_plaid,plaid,Dacorum Council,DACORUM COUNCIL -,2.3,debit,government_services,council_tax_government,Dacorum Council £2.30. Council tax is not collected in £2.30 taps; county/district service or parking-style fee. Same reasoning as Hampshire CC £5.,no,TRANSFER_OUT_OTHER,unclassified_transfer,unclassified,unclassified_transfer,unclassified,T6_native_fallback,no,no,no,no,government_services,council_tax_government,opus_tiebreak,yes,government_services,council_tax,government_services,government_services,council_tax
393,v4_unmatched_plaid,plaid,Esso Burnley,"ESSO BURNLEY BARRACKS (VIA APPLE PAY), ON 02-08-2025",24.08,debit,fuel,transport_motoring,Esso Burnley Barracks is a forecourt. Fuel even if an established leaf said otherwise.,yes,TRAVEL_AND_TRANSPORTATION_OTHER_TRAVEL_AND_TRANSPORTATION,transport_other,transport_motoring,transport_other,transport_motoring,T6_native_fallback,no,no,yes,yes,fuel,transport_motoring,gemini_sonnet_agree,yes,fuel,fuel,fuel,fuel,fuel
394,v4_unmatched_plaid,plaid,McDonald's,MCDONALDS  ON 06 AUG CPM McDonald's,1.89,debit,takeaway,eating_drinking_out,McDonald's debit.,yes,DINING_DINING,restaurant_cafe,eating_drinking_out,takeaway,eating_drinking_out,T4_dictionary,no,yes,yes,yes,takeaway,eating_drinking_out,gemini_sonnet_agree,yes,takeaway,takeaway,takeaway,takeaway,takeaway
395,v4_unmatched_plaid,plaid,C Spar Store Runcorn,9933 07JUL25 C    SPAR STORE        RUNCORN GB,1.35,debit,groceries,groceries_household_essentials,Spar Store Runcorn — symbol-group grocer → groceries.,yes,FOOD_RETAIL_GROCERIES,groceries,groceries_household_essentials,groceries,groceries_household_essentials,T4_dictionary,yes,yes,yes,yes,groceries,groceries_household_essentials,gemini_sonnet_agree,yes,groceries,groceries,groceries,groceries,groceries
396,v4_unmatched_plaid,plaid,S Hall,S HALL 110016 13334664,500.0,debit,transfer_p2p,transfers,Named person S Hall £500; no purpose.,yes,TRANSFER_OUT_OTHER,unclassified_transfer,unclassified,transfer_p2p,transfers,T4_dictionary,no,yes,no,yes,transfer_p2p,transfers,gemini_sonnet_agree,yes,transfer_p2p,transfer_p2p,unclassified_other,transfer_p2p,transfer_p2p
397,v4_unmatched_plaid,plaid,Google Storage,Google Storage,2.49,debit,web_services,digital_subscriptions_services,Google Storage is consumer cloud storage / infrastructure.,established,GENERAL_SERVICES_OTHER_SERVICES,business_services,business_self_employment,business_services,business_self_employment,T6_native_fallback,no,no,no,no,web_services,digital_subscriptions_services,gemini_sonnet_agree,yes,web_services,web_services,web_services,,
398,v4_unmatched_plaid,plaid,The Sandwich Man Broms,THE SANDWICH MAN B  ON 08 AUG CPM THE SANDWICH MAN BROMS,10.0,debit,takeaway,eating_drinking_out,The Sandwich Man Bromsgrove is counter/takeaway food.,yes,DINING_DINING,restaurant_cafe,eating_drinking_out,restaurant_cafe,eating_drinking_out,T6_native_fallback,no,no,yes,yes,takeaway,eating_drinking_out,gemini_sonnet_agree,yes,takeaway,takeaway,takeaway,takeaway,takeaway
399,v4_unmatched_plaid,plaid,Exchanged To Xrp,Exchanged to XRP,0.99,debit,crypto,savings_investments,Exchanged to XRP is a crypto conversion.,yes,TRANSFER_OUT_OTHER,unclassified_transfer,unclassified,crypto,savings_investments,T4_dictionary,no,yes,no,yes,crypto,savings_investments,gemini_sonnet_agree,yes,crypto,crypto,crypto,crypto,crypto
400,v4_unmatched_plaid,plaid,C L Davies,C L DAVIES,10.0,debit,transfer_p2p,transfers,Named person C L Davies; no purpose.,no,TRANSFER_OUT_OTHER,unclassified_transfer,unclassified,unclassified_transfer,unclassified,T6_native_fallback,no,no,no,no,transfer_p2p,transfers,gemini_sonnet_agree,yes,transfer_p2p,transfer_p2p,transfer_p2p,unclassified_other,transfer_p2p
401,v4_unmatched_plaid,plaid,Amazon.co.jp,Amazon.co.jp,7.06,debit,marketplace_amazon,general_retail_marketplaces,Amazon.co.jp is still Amazon marketplace.,yes,GENERAL_MERCHANDISE_ONLINE_MARKETPLACES,marketplace_general,general_retail_marketplaces,marketplace_general,general_retail_marketplaces,T6_native_fallback,no,no,yes,yes,marketplace_amazon,general_retail_marketplaces,gemini_sonnet_agree,yes,marketplace_amazon,marketplace_amazon,marketplace_amazon,marketplace_amazon,marketplace_amazon
402,v4_unmatched_plaid,plaid,Oak Mead Cafe & Shop,OAK MEAD CAFE & SH,9.35,debit,restaurant_cafe,eating_drinking_out,Oak Mead Cafe & Shop — cafe.,yes,DINING_COFFEE,restaurant_cafe,eating_drinking_out,restaurant_cafe,eating_drinking_out,T6_native_fallback,yes,yes,yes,yes,restaurant_cafe,eating_drinking_out,gemini_sonnet_agree,yes,restaurant_cafe,restaurant_cafe,restaurant_cafe,restaurant_cafe,restaurant_cafe
403,v4_unmatched_plaid,plaid,Chyanclare News,CHYANCLARE NEWS  ON 08 JUL CLP,20.5,debit,convenience_store,groceries_household_essentials,"Chyanclare News, Penzance, is a newsagent/corner shop. POS at a newsagent is convenience_store, not a newspaper subscription.",no,TRANSFER_OUT_OTHER,unclassified_transfer,unclassified,unclassified_transfer,unclassified,T6_native_fallback,no,no,no,no,convenience_store,groceries_household_essentials,opus_tiebreak,yes,convenience_store,newspapers,convenience_store,newspapers,convenience_store
404,v4_unmatched_plaid,plaid,Ben Blackborow,United Kingdom Account - From M Jones Ben Blackborow - SortCodeAccountNumber: 16282910048258,20.0,debit,transfer_p2p,transfers,Debit to Ben Blackborow (named person).,yes,TRANSFER_OUT_OTHER,unclassified_transfer,unclassified,transfer_p2p,transfers,T4_dictionary,no,yes,no,yes,transfer_p2p,transfers,gemini_sonnet_agree,yes,transfer_p2p,transfer_p2p,transfer_p2p,transfer_p2p,transfer_p2p
405,v4_unmatched_plaid,plaid,Apple,APPLE.COM/BILL Apple App Store,6.99,debit,software,digital_subscriptions_services,APPLE.COM/BILL App Store £6.99.,established,GENERAL_MERCHANDISE_COMPUTERS_AND_ELECTRONICS,computing_devices,general_retail_marketplaces,software,digital_subscriptions_services,T4_dictionary,no,yes,no,yes,software,digital_subscriptions_services,gemini_sonnet_agree,yes,software,software,software,,
406,v4_unmatched_plaid,plaid,Apple,4273 03AUG25      APPLE.COM/BILL    APPLE.COM/BIL IE,2.99,debit,software,digital_subscriptions_services,APPLE.COM/BILL Ireland £2.99.,established,GENERAL_MERCHANDISE_COMPUTERS_AND_ELECTRONICS,computing_devices,general_retail_marketplaces,software,digital_subscriptions_services,T4_dictionary,no,yes,no,yes,software,digital_subscriptions_services,gemini_sonnet_agree,yes,software,software,software,,
407,v4_unmatched_plaid,plaid,Michyla Mayo Ty,MICHYLA MAYO      TY                VIA MOBILE - PYMT,20.0,debit,transfer_p2p,transfers,Named person Michyla Mayo; memo Ty.,yes,TRANSFER_OUT_OTHER,unclassified_transfer,unclassified,transfer_p2p,transfers,T4_dictionary,no,yes,no,yes,transfer_p2p,transfers,gemini_sonnet_agree,yes,transfer_p2p,transfer_p2p,transfer_p2p,transfer_p2p,transfer_p2p
408,v4_unmatched_plaid,plaid,Cd Campbell Fuel Oilslim,7219 27SEP25 CD   CAMPBELL FUEL OILSLIM               KILMARNOCK GB,40.0,debit,heating_oil,utilities_household_bills,"Campbell Fuel Oils, Kilmarnock, is heating-oil delivery, not motor fuel.",yes,TRAVEL_AND_TRANSPORTATION_OTHER_TRAVEL_AND_TRANSPORTATION,transport_other,transport_motoring,transport_other,transport_motoring,T6_native_fallback,no,no,no,no,heating_oil,utilities_household_bills,gemini_sonnet_agree,yes,heating_oil,heating_oil,heating_oil,heating_oil,heating_oil
409,v4_unmatched_plaid,plaid,Superbuy Com,Ona*superbuy Com,19.08,debit,marketplace_general,general_retail_marketplaces,"Ona*superbuy.com is Superbuy, a Taobao/China shopping-agent marketplace (not Amazon).",yes,FOOD_RETAIL_GROCERIES,groceries,groceries_household_essentials,groceries,groceries_household_essentials,T6_native_fallback,no,no,no,no,marketplace_general,general_retail_marketplaces,gemini_sonnet_agree,yes,marketplace_general,marketplace_general,marketplace_general,marketplace_general,marketplace_general
410,v4_unmatched_plaid,plaid,Quadri,Quadri Rodemade,1.76,debit,unclassified_other,unclassified,Quadri Rodemade £1.76 dining native; no reliable UK merchant match. Do not force restaurant_cafe.,no,DINING_DINING,restaurant_cafe,eating_drinking_out,restaurant_cafe,eating_drinking_out,T6_native_fallback,no,no,no,no,unclassified_other,unclassified,opus_tiebreak,yes,transfer_p2p,unclassified_other,unclassified_other,unclassified_other,transfer_p2p
411,v4_unmatched_plaid,plaid,Coca Cola Ni,Contactless Payment COCA COLA NI APPLEPAY 3265,1.3,debit,confectionary,groceries_household_essentials,Coca-Cola NI £1.30 contactless is Coca-Cola HBC NI drinks vending (including Translink sites). Small vending → confectionary.,no,FOOD_RETAIL_OTHER,groceries,groceries_household_essentials,groceries,groceries_household_essentials,T6_native_fallback,no,no,yes,yes,confectionary,groceries_household_essentials,opus_tiebreak,yes,confectionary,convenience_store,confectionary,confectionary,convenience_store
412,v4_unmatched_plaid,plaid,Deepblue Beverley,DeepBlue Beverley,13.99,debit,takeaway,eating_drinking_out,Deep Blue Beverley is a fish-and-chip takeaway (dine-in hours listed closed). Chip shop → takeaway.,yes,TRANSFER_OUT_OTHER,unclassified_transfer,unclassified,unclassified_transfer,unclassified,T6_native_fallback,no,no,no,no,takeaway,eating_drinking_out,opus_tiebreak,yes,takeaway,unclassified_other,takeaway,unclassified_other,unclassified_other
413,v4_unmatched_plaid,plaid,I Blaze,I Blaze,10.0,debit,vaping,groceries_household_essentials,I Blaze matches I Blaze / Iblaze vape shops (Burnage and similar). Native personal-loan is wrong; no LOAN keyword in the narrative.,no,LOAN_PAYMENTS_PERSONAL_LOAN_PAYMENT,personal_loan_repayment,credit_loan_repayments,transfer_p2p,transfers,T5_R02,no,no,no,no,unclassified_other,unclassified,opus_tiebreak,no,vaping,unclassified_other,unclassified_other,unclassified_other,personal_loan_repayment
414,v4_unmatched_plaid,plaid,McDonald's,MCDONALDS,19.76,debit,takeaway,eating_drinking_out,McDonald's debit.,yes,DINING_DINING,restaurant_cafe,eating_drinking_out,takeaway,eating_drinking_out,T4_dictionary,no,yes,yes,yes,takeaway,eating_drinking_out,gemini_sonnet_agree,yes,takeaway,takeaway,takeaway,takeaway,takeaway
415,v4_unmatched_plaid,plaid,A C,To A/C 71976817   MORGAN LM         Via Mobile Xfer,43.3,debit,transfer_p2p,transfers,To A/C … MORGAN LM Via Mobile Xfer — named person. Override established transfer_bank_unspecified.,established,TRANSFER_OUT_OTHER,unclassified_transfer,unclassified,unclassified_transfer,unclassified,T6_native_fallback,no,no,no,no,transfer_p2p,transfers,gemini_sonnet_agree,yes,transfer_p2p,transfer_p2p,transfer_p2p,,
416,v4_unmatched_plaid,plaid,One Love Carib,SQ *ONE LOVE CARIBRomford,11.0,debit,restaurant_cafe,eating_drinking_out,Square *One Love Carib Romford is a Caribbean restaurant/cafe.,yes,DINING_DINING,restaurant_cafe,eating_drinking_out,restaurant_cafe,eating_drinking_out,T6_native_fallback,yes,yes,yes,yes,restaurant_cafe,eating_drinking_out,opus_tiebreak,yes,takeaway,restaurant_cafe,restaurant_cafe,restaurant_cafe,restaurant_cafe
417,v4_unmatched_plaid,plaid,L White,L WHITE 300000001654850175,0.3,debit,transfer_p2p,transfers,Named person L White; £0.30.,yes,TRANSFER_OUT_OTHER,unclassified_transfer,unclassified,transfer_p2p,transfers,T5_R02,no,yes,no,yes,transfer_p2p,transfers,gemini_sonnet_agree,yes,transfer_p2p,transfer_p2p,transfer_p2p,transfer_p2p,transfer_p2p
418,v4_unmatched_plaid,plaid,Rise Beachwear,SumUp  *RISE Beachwear Sumup *rise Beachwear,242.65,debit,clothing_general,clothing_personal_care,SumUp *Rise Beachwear is apparel/swimwear retail.,yes,GENERAL_MERCHANDISE_APPAREL_AND_ACCESSORIES,clothing_general,clothing_personal_care,clothing_general,clothing_personal_care,T6_native_fallback,yes,yes,yes,yes,clothing_general,clothing_personal_care,gemini_sonnet_agree,yes,clothing_general,clothing_general,clothing_general,clothing_general,clothing_general
419,v4_unmatched_plaid,plaid,B Lockwood,B LOCKWOOD 111074 25946262,0.52,debit,transfer_p2p,transfers,Named person B Lockwood.,yes,TRANSFER_OUT_OTHER,unclassified_transfer,unclassified,transfer_p2p,transfers,T5_R02,no,yes,no,yes,transfer_p2p,transfers,gemini_sonnet_agree,yes,transfer_p2p,transfer_p2p,transfer_p2p,transfer_p2p,transfer_p2p
420,v4_unmatched_plaid,plaid,H Gibney,H GIBNEY 777214 30819860,7.78,debit,transfer_p2p,transfers,Named person H Gibney.,yes,TRANSFER_OUT_OTHER,unclassified_transfer,unclassified,transfer_p2p,transfers,T5_R02,no,yes,no,yes,transfer_p2p,transfers,gemini_sonnet_agree,yes,transfer_p2p,transfer_p2p,transfer_p2p,transfer_p2p,transfer_p2p
421,v4_unmatched_plaid,plaid,Apple,APPLE.COM/BILL,19.99,debit,software,digital_subscriptions_services,APPLE.COM/BILL £19.99.,established,GENERAL_MERCHANDISE_COMPUTERS_AND_ELECTRONICS,computing_devices,general_retail_marketplaces,software,digital_subscriptions_services,T4_dictionary,no,yes,no,yes,software,digital_subscriptions_services,gemini_sonnet_agree,yes,software,software,software,,
422,v4_unmatched_plaid,plaid,Shannon Chilcott Pi,SHANNON CHILCOTT PI4940087260303918,200.0,debit,transfer_p2p,transfers,Named person Shannon Chilcott PI (Faster Payment).,yes,TRANSFER_OUT_OTHER,unclassified_transfer,unclassified,transfer_p2p,transfers,T4_dictionary,no,yes,no,yes,transfer_p2p,transfers,gemini_sonnet_agree,yes,transfer_p2p,transfer_p2p,transfer_p2p,transfer_p2p,transfer_p2p
423,v4_unmatched_plaid,plaid,Trainline,Visa purchase TRAINLINE APPLEPAY 1283,10.54,debit,public_transport_rail_coach,transport_motoring,Trainline Apple Pay ticket.,yes,TRAVEL_AND_TRANSPORTATION_PUBLIC_TRANSIT,public_transport_rail_coach,transport_motoring,public_transport_rail_coach,transport_motoring,T6_native_fallback,yes,yes,yes,yes,public_transport_rail_coach,transport_motoring,gemini_sonnet_agree,yes,public_transport_rail_coach,public_transport_rail_coach,public_transport_rail_coach,public_transport_rail_coach,public_transport_rail_coach
424,v4_unmatched_plaid,plaid,Dabble Deposit Uk,Dabble Deposit UK Dabble Deposit Uk,10.0,debit,gambling_betting,gambling,"Dabble Deposit UK is a deposit to Dabble, a UKGC-licensed sports-betting app. Savings native is wrong. Debit stake/deposit keeps gambling_betting, not gambling_unspecified (that is for credits/winnings).",no,TRANSFER_OUT_SAVINGS,savings_transfer,savings_investments,gambling_betting,gambling,T4_dictionary,no,yes,no,yes,gambling_betting,gambling,gemini_sonnet_agree,yes,gambling_betting,gambling_betting,gambling_betting,savings_transfer,gambling_unspecified
425,v4_unmatched_plaid,plaid,Apple,apple.com/bill,1.79,debit,software,digital_subscriptions_services,apple.com/bill £1.79.,established,GENERAL_MERCHANDISE_COMPUTERS_AND_ELECTRONICS,computing_devices,general_retail_marketplaces,software,digital_subscriptions_services,T4_dictionary,no,yes,no,yes,software,digital_subscriptions_services,gemini_sonnet_agree,yes,software,software,software,,
426,v4_unmatched_plaid,plaid,Premier T A Brothers Conv,Premier t/a Brothe,4.28,debit,groceries,groceries_household_essentials,Premier t/a Brothers Conv — Premier symbol-group grocer. Symbol-group → groceries.,no,DINING_DINING,restaurant_cafe,eating_drinking_out,restaurant_cafe,eating_drinking_out,T6_native_fallback,no,no,no,no,groceries,groceries_household_essentials,opus_tiebreak,yes,groceries,convenience_store,groceries,groceries,convenience_store
427,v4_unmatched_plaid,plaid,C The Andulsian,"2585 09AUG25 C    THE ANDULSIAN,    CARLI             CARLISLE GB",9.5,debit,restaurant_cafe,eating_drinking_out,"The Andulsian (Andalusian), Carlisle — restaurant.",yes,DINING_DINING,restaurant_cafe,eating_drinking_out,restaurant_cafe,eating_drinking_out,T6_native_fallback,yes,yes,yes,yes,restaurant_cafe,eating_drinking_out,gemini_sonnet_agree,yes,restaurant_cafe,restaurant_cafe,restaurant_cafe,restaurant_cafe,restaurant_cafe
428,v4_unmatched_plaid,plaid,Zopmpas,Zopmpas,43.9,debit,unclassified_other,unclassified,Zopmpas could not be resolved to a unique UK payee.,yes,TRANSFER_OUT_OTHER,unclassified_transfer,unclassified,unclassified_transfer,unclassified,T6_native_fallback,no,no,yes,yes,unclassified_other,unclassified,gemini_sonnet_agree,yes,unclassified_other,unclassified_other,unclassified_other,unclassified_other,unclassified_other
429,v4_unmatched_plaid,plaid,Prime Video Rent Buy,Prime Video Rent /,4.49,debit,streaming,digital_subscriptions_services,Prime Video Rent/Buy is Amazon video streaming/rental. Rent native is spurious.,established,RENT_AND_UTILITIES_RENT,rent,housing,rent,housing,T6_native_fallback,no,no,no,no,streaming,digital_subscriptions_services,gemini_sonnet_agree,yes,streaming,streaming,streaming,,
430,v4_unmatched_plaid,plaid,Synchronicity Care LTD,Contactless Payment SYNCHRONICITY CARE LTD GOOGLE 2978 2025-06-01,0.93,debit,confectionary,groceries_household_essentials,"Synchronicity Care Ltd is CDDFT's facilities subsidiary and runs hospital Grab & Go kiosks. £0.93 Google Pay tap is a kiosk/vending snack, not a care fee. Entertainment native is wrong.",no,ENTERTAINMENT_MUSIC_VIDEO_GAMES_TV_AND_MOVIES,entertainment_other,entertainment_leisure,entertainment_other,entertainment_leisure,T6_native_fallback,no,no,no,no,adult_care,health_medical,opus_tiebreak,no,adult_care,unclassified_other,adult_care,health_other,unclassified_other
431,v4_unmatched_plaid,plaid,Utilita Energy,UTILITA ENERGY LIM,10.0,debit,energy,utilities_household_bills,Utilita Energy Limited.,yes,RENT_AND_UTILITIES_GAS_AND_ELECTRICITY,energy,utilities_household_bills,energy,utilities_household_bills,T6_native_fallback,yes,yes,yes,yes,energy,utilities_household_bills,gemini_sonnet_agree,yes,energy,energy,energy,energy,energy
432,v4_unmatched_plaid,plaid,Cd Caister,1820 18JUL25 CD   CAISTER - RETAIL  GREAT YARMOUT GB,3.94,debit,unclassified_card_spend,unclassified,CAISTER - RETAIL Great Yarmouth £3.94. Several Co-op/Premier/Nisa shops in Caister; sporting-goods native is unsupported. Card spend with unidentified fascia.,no,GENERAL_MERCHANDISE_SPORTING_GOODS,sportswear,clothing_personal_care,sportswear,clothing_personal_care,T6_native_fallback,no,no,no,no,convenience_store,groceries_household_essentials,opus_tiebreak,no,unclassified_card_spend,convenience_store,convenience_store,convenience_store,retail_other
433,v4_unmatched_plaid,plaid,Yasir Hussain,YASIR HUSSAIN 100000001618543182,600.0,debit,transfer_p2p,transfers,Named person Yasir Hussain £600.,yes,TRANSFER_OUT_OTHER,unclassified_transfer,unclassified,unclassified_transfer,unclassified,T6_native_fallback,no,no,no,no,transfer_p2p,transfers,gemini_sonnet_agree,yes,transfer_p2p,transfer_p2p,transfer_p2p,transfer_p2p,transfer_p2p
434,v4_unmatched_plaid,plaid,East Lindsey Dist Ips,East Lindsey Dist -Ips,3.0,debit,car_parking,transport_motoring,"East Lindsey Dist -Ips £3 with transport native. East Lindsey DC runs pay-and-display / MiPermit cashless parking; £3 is a typical short-stay tariff, not council tax.",no,TRAVEL_AND_TRANSPORTATION_OTHER_TRAVEL_AND_TRANSPORTATION,transport_other,transport_motoring,car_parking,transport_motoring,T4_dictionary,no,yes,yes,yes,government_services,council_tax_government,opus_tiebreak,no,car_parking,council_tax,government_services,unclassified_other,council_tax
435,v4_unmatched_plaid,plaid,Amazon,AMZNMktplace*R74DD,19.99,debit,marketplace_amazon,general_retail_marketplaces,Amazon Marketplace debit.,established,GENERAL_MERCHANDISE_ONLINE_MARKETPLACES,marketplace_general,general_retail_marketplaces,marketplace_amazon,general_retail_marketplaces,T4_dictionary,no,yes,yes,yes,marketplace_amazon,general_retail_marketplaces,gemini_sonnet_agree,yes,marketplace_amazon,marketplace_amazon,marketplace_amazon,,
436,v4_unmatched_plaid,plaid,Spotify *,PAYPAL *SPOTIFY*P3,19.99,debit,streaming,digital_subscriptions_services,PayPal *Spotify — label the underlying streaming merchant.,yes,ENTERTAINMENT_MUSIC_VIDEO_GAMES_TV_AND_MOVIES,entertainment_other,entertainment_leisure,streaming,digital_subscriptions_services,T4_dictionary,no,yes,no,yes,streaming,digital_subscriptions_services,gemini_sonnet_agree,yes,streaming,streaming,streaming,streaming,streaming
437,v4_unmatched_plaid,plaid,Apple Store,"INGLE STORE (VIA APPLE PAY), ON 27-08-2025",4.34,debit,unclassified_card_spend,unclassified,"Merchant_raw says Apple Store but narrative is INGLE STORE (VIA APPLE PAY). Apple Pay is the wallet, not Apple retail. Ingle Store fascia could not be uniquely identified. Override established computing_devices.",established,GENERAL_MERCHANDISE_COMPUTERS_AND_ELECTRONICS,computing_devices,general_retail_marketplaces,computing_devices,general_retail_marketplaces,T4_dictionary,no,no,no,no,unclassified_card_spend,unclassified,opus_tiebreak,yes,unclassified_card_spend,computing_devices,unclassified_card_spend,,
438,v4_unmatched_plaid,plaid,Lilly Quinsey,LILLY QUINSEY 400000001583170415,10.0,debit,transfer_p2p,transfers,Named person Lilly Quinsey; apparel native is wrong.,yes,GENERAL_MERCHANDISE_APPAREL_AND_ACCESSORIES,clothing_general,clothing_personal_care,clothing_general,clothing_personal_care,T6_native_fallback,no,no,no,no,transfer_p2p,transfers,gemini_sonnet_agree,yes,transfer_p2p,transfer_p2p,transfer_p2p,transfer_p2p,transfer_p2p
439,v4_unmatched_plaid,plaid,Phillippa,Phillippa Purcell,3.0,debit,transfer_p2p,transfers,Named person Phillippa Purcell.,yes,TRANSFER_OUT_OTHER,unclassified_transfer,unclassified,transfer_p2p,transfers,T4_dictionary,no,yes,no,yes,transfer_p2p,transfers,gemini_sonnet_agree,yes,transfer_p2p,transfer_p2p,transfer_p2p,transfer_p2p,transfer_p2p
440,v4_unmatched_plaid,plaid,Mrs N T Legge,mrs n t legge                            a,40.0,debit,transfer_p2p,transfers,Named person Mrs N T Legge.,yes,TRANSFER_OUT_OTHER,unclassified_transfer,unclassified,transfer_p2p,transfers,T5_R01,no,yes,no,yes,transfer_p2p,transfers,gemini_sonnet_agree,yes,transfer_p2p,transfer_p2p,transfer_p2p,transfer_p2p,transfer_p2p
441,v4_unmatched_plaid,plaid,Suel Ahmed Suel.a,SUEL AHMED  SUEL.A FT,100.0,debit,transfer_p2p,transfers,Named person Suel Ahmed.,yes,TRANSFER_OUT_OTHER,unclassified_transfer,unclassified,unclassified_transfer,unclassified,T6_native_fallback,no,no,no,no,transfer_p2p,transfers,gemini_sonnet_agree,yes,transfer_p2p,transfer_p2p,transfer_p2p,transfer_p2p,transfer_p2p
442,v4_unmatched_plaid,plaid,Bullring Car Park,"2442 21AUG25 CD   BULLRING CAR PARK,BIR               BIRMINGHAM GB",4.0,debit,car_parking,transport_motoring,Bullring Car Park Birmingham is parking.,yes,TRAVEL_AND_TRANSPORTATION_OTHER_TRAVEL_AND_TRANSPORTATION,transport_other,transport_motoring,car_parking,transport_motoring,T4_dictionary,no,yes,yes,yes,car_parking,transport_motoring,gemini_sonnet_agree,yes,car_parking,car_parking,car_parking,car_parking,car_parking
443,v4_unmatched_plaid,plaid,Cd T,4480 19JUN25 CD   T J MORRIS LTD    DERBY GB,9.87,debit,discount_store,groceries_household_essentials,"T J Morris Ltd Derby is Home Bargains (discount variety), not groceries.",yes,GENERAL_SERVICES_OTHER_SERVICES,business_services,business_self_employment,discount_store,groceries_household_essentials,T4_dictionary,no,yes,no,yes,discount_store,groceries_household_essentials,gemini_sonnet_agree,yes,discount_store,discount_store,discount_store,discount_store,discount_store
444,v4_unmatched_plaid,plaid,Wise,Wise Payments Fee for 45.21 GBP  Depasify,0.16,debit,money_transfer_fee,fees_charges,"Wise Payments Fee for a GBP transfer — explicit fee, not the transfer principal.",established,GENERAL_SERVICES_ACCOUNTING_AND_FINANCIAL_SERVICES,financial_services_other,credit_loan_repayments,financial_services_other,credit_loan_repayments,T6_native_fallback,no,no,no,no,money_transfer_fee,fees_charges,gemini_sonnet_agree,yes,money_transfer_fee,money_transfer_fee,money_transfer_fee,,
445,v4_unmatched_plaid,plaid,Zinnia,Zinnia,6.0,debit,unclassified_other,unclassified,Zinnia £6 with lodging native. Zinnia Hotels exists but £6 is not a room night and the descriptor does not identify a hotel stay. Do not force accommodation.,yes,TRAVEL_AND_TRANSPORTATION_LODGING,accommodation,travel_holidays,accommodation,travel_holidays,T6_native_fallback,no,no,no,no,unclassified_other,unclassified,opus_tiebreak,yes,restaurant_cafe,unclassified_other,unclassified_other,unclassified_other,unclassified_other
446,v4_unmatched_plaid,plaid,Burnley Borough Council,Burnley Borough Co Burnley Borough Council,159.0,debit,council_tax,council_tax_government,Burnley Borough Council £159 debit is a typical monthly council-tax instalment. Debit-only CT rule satisfied.,yes,GOVERNMENTS_AND_NON_PROFIT_GOVERNMENTS_AND_NON_PROFIT,council_tax,council_tax_government,council_tax,council_tax_government,T6_native_fallback,yes,yes,yes,yes,council_tax,council_tax_government,gemini_sonnet_agree,yes,council_tax,council_tax,council_tax,council_tax,council_tax
447,v4_unmatched_plaid,plaid,Oodle Car Finance,OODLE CAR FINANCE 250415124543412-01,313.58,debit,car_finance_repayment,credit_loan_repayments,"Oodle Car Finance debit £313.58 is a motor-finance instalment. Established returned_payment is catastrophically wrong (debit, no UNP/REVERSAL/Returned DD).",established,LOAN_PAYMENTS_MORTGAGE_AND_AUTO,mortgage,housing,mortgage,housing,T6_native_fallback,no,no,no,no,car_finance_repayment,credit_loan_repayments,gemini_sonnet_agree,yes,car_finance_repayment,car_finance_repayment,car_finance_repayment,,
448,v4_unmatched_plaid,plaid,Manorfarmfruits,WWW.MANORFARMFRUIT,21.15,debit,groceries_specialist,groceries_household_essentials,www.manorfarmfruit is a fruit-farm / specialist produce seller.,yes,FOOD_RETAIL_GROCERIES,groceries,groceries_household_essentials,groceries_specialist,groceries_household_essentials,T4_dictionary,no,yes,yes,yes,groceries_specialist,groceries_household_essentials,gemini_sonnet_agree,yes,groceries_specialist,groceries_specialist,groceries_specialist,groceries_specialist,groceries_specialist
449,v4_unmatched_plaid,plaid,YouTube,GOOGLE *YouTube   g.co/helppay#,3.99,debit,streaming,digital_subscriptions_services,GOOGLE *YouTube g.co/helppay# is YouTube Premium / channel membership streaming.,established,ENTERTAINMENT_MUSIC_VIDEO_GAMES_TV_AND_MOVIES,entertainment_other,entertainment_leisure,entertainment_other,entertainment_leisure,T6_native_fallback,no,no,no,no,streaming,digital_subscriptions_services,gemini_sonnet_agree,yes,streaming,streaming,streaming,,
450,v4_unmatched_plaid,plaid,Apple,4127 25SEP25      APPLE.COM/BILL    08001076285 IE,9.99,debit,software,digital_subscriptions_services,APPLE.COM/BILL Ireland £9.99 App Store.,established,GENERAL_MERCHANDISE_COMPUTERS_AND_ELECTRONICS,computing_devices,general_retail_marketplaces,software,digital_subscriptions_services,T4_dictionary,no,yes,no,yes,software,digital_subscriptions_services,gemini_sonnet_agree,yes,software,software,software,,
451,v4_unmatched_plaid,plaid,Ishaq Mohammed,United Kingdom Account - From I Mohammed ishaq mohammed - SortCodeAccountNumber: 04007590999754,115.0,debit,transfer_p2p,transfers,Named-person Faster Payment; no purpose keyword.,yes,TRANSFER_OUT_OTHER,unclassified_transfer,unclassified,transfer_p2p,transfers,T4_dictionary,no,yes,no,yes,transfer_p2p,transfers,gemini_sonnet_agree,yes,transfer_p2p,transfer_p2p,transfer_p2p,transfer_p2p,transfer_p2p
452,v4_unmatched_plaid,plaid,Voi,Voi Uk,2.34,debit,transport_other,transport_motoring,Voi is UK e-scooter/e-bike hire. No micromobility leaf; transport_other is closer than taxi_rideshare or bicycle.,no,TRAVEL_AND_TRANSPORTATION_OTHER_TRAVEL_AND_TRANSPORTATION,transport_other,transport_motoring,transport_other,transport_motoring,T6_native_fallback,yes,yes,yes,yes,taxi_rideshare,transport_motoring,opus_tiebreak,no,bicycle,taxi_rideshare,taxi_rideshare,taxi_rideshare,bicycle
453,v4_unmatched_plaid,plaid,Amazon,Amazon,26.17,debit,marketplace_amazon,general_retail_marketplaces,Amazon marketplace debit.,established,GENERAL_MERCHANDISE_ONLINE_MARKETPLACES,marketplace_general,general_retail_marketplaces,marketplace_amazon,general_retail_marketplaces,T4_dictionary,no,yes,yes,yes,marketplace_amazon,general_retail_marketplaces,gemini_sonnet_agree,yes,marketplace_amazon,marketplace_amazon,marketplace_amazon,,
454,v4_unmatched_plaid,plaid,Win Bet Online LTD,WIN BET ONLINE LTD BULGARIA AMOUNT IN BGN 50.00 ON 01 JUL VISA 2.267867 FINAL GBP AMOUNT INCLUDES NON-STERLING TRANS FEE £0.66 ,22.71,debit,gambling_betting,gambling,Win Bet Online Ltd Bulgaria sports-betting debit with FX.,yes,ENTERTAINMENT_CASINOS_AND_GAMBLING,gambling_unspecified,gambling,gambling_betting,gambling,T5_R07,no,yes,yes,yes,gambling_betting,gambling,gemini_sonnet_agree,yes,gambling_betting,gambling_betting,gambling_betting,gambling_betting,gambling_betting
455,v4_unmatched_plaid,plaid,Alfie Work,Alfie             Work,10.0,debit,transfer_p2p,transfers,"Payment to named person Alfie; Work is a memo, not wages.",no,TRANSFER_OUT_OTHER,unclassified_transfer,unclassified,unclassified_transfer,unclassified,T6_native_fallback,no,no,no,no,transfer_p2p,transfers,gemini_sonnet_agree,yes,transfer_p2p,transfer_p2p,transfer_p2p,unclassified_other,transfer_p2p
456,v4_unmatched_plaid,plaid,A C,To A/C 18813183   IRVINE NMM        Via Mobile Xfer,1558.55,debit,transfer_bank_unspecified,transfers,Transfer to an account number (Irvine NMM); purpose not identified.,established,TRANSFER_OUT_OTHER,unclassified_transfer,unclassified,unclassified_transfer,unclassified,T6_native_fallback,no,no,no,no,transfer_bank_unspecified,transfers,opus_tiebreak,yes,transfer_p2p,transfer_bank_unspecified,transfer_bank_unspecified,,
457,v4_unmatched_plaid,plaid,H.m.chilufya,H.M.CHILUFYA 600000001635386307,500.0,debit,transfer_p2p,transfers,Named-person Faster Payment.,yes,TRANSFER_OUT_OTHER,unclassified_transfer,unclassified,unclassified_transfer,unclassified,T6_native_fallback,no,no,no,no,transfer_p2p,transfers,gemini_sonnet_agree,yes,transfer_p2p,transfer_p2p,transfer_p2p,transfer_p2p,transfer_p2p
458,v4_unmatched_plaid,plaid,Warrens Bakery,Contactless Payment WARRENS BAKERY TRAGO D,4.9,debit,restaurant_cafe,eating_drinking_out,Warrens Bakery is a bakery-cafe till purchase.,established,DINING_OTHER_DINING,restaurant_cafe,eating_drinking_out,restaurant_cafe,eating_drinking_out,T6_native_fallback,yes,yes,yes,yes,restaurant_cafe,eating_drinking_out,gemini_sonnet_agree,yes,restaurant_cafe,restaurant_cafe,restaurant_cafe,,
459,v4_unmatched_plaid,plaid,Therapist Therapy Session,THERAPIST         THERAPY SESSION   VIA MOBILE - PYMT FP 17/06/25 10    16154509046555000N,50.0,debit,mental_health_services,health_medical,Narrative is a therapy-session payment.,yes,MEDICAL_OTHER_MEDICAL,health_other,health_medical,health_other,health_medical,T6_native_fallback,no,no,yes,yes,mental_health_services,health_medical,gemini_sonnet_agree,yes,mental_health_services,mental_health_services,mental_health_services,mental_health_services,mental_health_services
460,v4_unmatched_plaid,plaid,Lewis Mccaw,LEWIS MCCAW 200000001605042087,100.0,debit,transfer_p2p,transfers,Named-person Faster Payment.,yes,TRANSFER_OUT_OTHER,unclassified_transfer,unclassified,unclassified_transfer,unclassified,T6_native_fallback,no,no,no,no,transfer_p2p,transfers,gemini_sonnet_agree,yes,transfer_p2p,transfer_p2p,transfer_p2p,transfer_p2p,transfer_p2p
461,v4_unmatched_plaid,plaid,Stephen Nolan,STEPHEN NOLAN 500000001598364867,40.0,debit,transfer_p2p,transfers,Named-person Faster Payment.,yes,TRANSFER_OUT_OTHER,unclassified_transfer,unclassified,unclassified_transfer,unclassified,T6_native_fallback,no,no,no,no,transfer_p2p,transfers,gemini_sonnet_agree,yes,transfer_p2p,transfer_p2p,transfer_p2p,transfer_p2p,transfer_p2p
462,v4_unmatched_plaid,plaid,David Ritson Xx,DAVID RITSON      XX                VIA MOBILE - PYMT FP 26/09/25 10    04151400308249000N,20.0,debit,transfer_p2p,transfers,Named-person Faster Payment.,yes,TRANSFER_OUT_OTHER,unclassified_transfer,unclassified,transfer_p2p,transfers,T4_dictionary,no,yes,no,yes,transfer_p2p,transfers,gemini_sonnet_agree,yes,transfer_p2p,transfer_p2p,transfer_p2p,transfer_p2p,transfer_p2p
463,v4_unmatched_plaid,plaid,Next Retail,Refund from Next Retail Ltd,25.0,credit,refund_received,income_other,Credit explicitly Refund from Next Retail Ltd.,yes,TRANSFER_IN_OTHER,unclassified_transfer,unclassified,retail_finance_repayment,credit_loan_repayments,T4_dictionary,no,no,no,no,refund_received,income_other,gemini_sonnet_agree,yes,refund_received,refund_received,refund_received,refund_received,refund_received
464,v4_unmatched_plaid,plaid,Mr Adam Wakefield,Mr Adam Wakefield Brian,25.0,debit,transfer_p2p,transfers,Named-person Faster Payment.,yes,TRANSFER_OUT_OTHER,unclassified_transfer,unclassified,transfer_p2p,transfers,T4_dictionary,no,yes,no,yes,transfer_p2p,transfers,gemini_sonnet_agree,yes,transfer_p2p,transfer_p2p,transfer_p2p,transfer_p2p,transfer_p2p
465,v4_unmatched_plaid,plaid,A M Bensons Limite,A M BENSONS LIMITE,9.59,debit,groceries_specialist,groceries_household_essentials,A M Bensons Ltd is a Barton-upon-Humber butcher (SIC 47220).,no,FOOD_RETAIL_GROCERIES,groceries,groceries_household_essentials,groceries,groceries_household_essentials,T6_native_fallback,no,no,yes,yes,unclassified_other,unclassified,opus_tiebreak,no,convenience_store,unclassified_other,unclassified_other,groceries_specialist,groceries
466,v4_unmatched_plaid,plaid,Airtime Halifax,AIRTIME HALIFAX,20.25,debit,days_out,entertainment_leisure,"OVERRIDE mobile_phone_contract. Airtime Halifax is a trampoline park (SIC 93199), not mobile airtime. Native telecoms is a false friend.",yes,RENT_AND_UTILITIES_TELECOMMUNICATIONS,mobile_phone_contract,utilities_household_bills,mobile_phone_contract,utilities_household_bills,T6_native_fallback,no,no,no,no,mobile_phone_contract,utilities_household_bills,opus_tiebreak,no,days_out,unclassified_other,mobile_phone_contract,mobile_phone_contract,mobile_phone_contract
467,v4_unmatched_plaid,plaid,B&Q,B&Q MARKETPLACE,19.91,debit,home_improvement,home_garden,B&Q Marketplace DIY debit.,yes,GENERAL_MERCHANDISE_FURNITURE_AND_HARDWARE,home_accessories,home_garden,home_improvement,home_garden,T4_dictionary,no,yes,yes,yes,home_improvement,home_garden,gemini_sonnet_agree,yes,home_improvement,home_improvement,home_improvement,home_improvement,home_improvement
468,v4_unmatched_plaid,plaid,Nitromonthly,DISCORD* NITROMONT,7.5,debit,online_services,digital_subscriptions_services,"OVERRIDE streaming. DISCORD* NITROMONT is Discord Nitro (social platform), not media streaming.",yes,GENERAL_SERVICES_OTHER_SERVICES,business_services,business_self_employment,business_services,business_self_employment,T6_native_fallback,no,no,no,no,online_services,digital_subscriptions_services,gemini_sonnet_agree,yes,online_services,online_services,online_services,streaming,streaming
469,v4_unmatched_plaid,plaid,Amazon,5061 15JUN25      AMAZON* 878F91FG5 LONDON GB,5.99,debit,marketplace_amazon,general_retail_marketplaces,Amazon debit.,established,GENERAL_MERCHANDISE_ONLINE_MARKETPLACES,marketplace_general,general_retail_marketplaces,marketplace_amazon,general_retail_marketplaces,T4_dictionary,no,yes,yes,yes,marketplace_amazon,general_retail_marketplaces,gemini_sonnet_agree,yes,marketplace_amazon,marketplace_amazon,marketplace_amazon,,
470,v4_unmatched_plaid,plaid,Sainsbury's Petrol Station,8062 27JUN25 CD   SAINSBURYS PETROL ELLESMERE POR GB,50.01,debit,fuel,transport_motoring,Sainsbury's Petrol Station debit.,established,TRAVEL_AND_TRANSPORTATION_OTHER_TRAVEL_AND_TRANSPORTATION,transport_other,transport_motoring,fuel,transport_motoring,T5_R05,no,yes,yes,yes,fuel,transport_motoring,gemini_sonnet_agree,yes,fuel,fuel,fuel,,
471,v4_unmatched_plaid,plaid,Nikki Moore,NIKKI MOORE 600000001611251072,20.0,debit,transfer_p2p,transfers,Named-person Faster Payment.,yes,TRANSFER_OUT_OTHER,unclassified_transfer,unclassified,unclassified_transfer,unclassified,T6_native_fallback,no,no,no,no,transfer_p2p,transfers,gemini_sonnet_agree,yes,transfer_p2p,transfer_p2p,transfer_p2p,transfer_p2p,transfer_p2p
472,v4_unmatched_plaid,plaid,Finlay Sykes Mum X Sto,FINLAY SYKES  MUM X STO,50.0,debit,transfer_p2p,transfers,Named person with mum memo.,yes,TRANSFER_OUT_OTHER,unclassified_transfer,unclassified,transfer_p2p,transfers,T5_R03,no,yes,no,yes,transfer_p2p,transfers,gemini_sonnet_agree,yes,transfer_p2p,transfer_p2p,transfer_p2p,transfer_p2p,transfer_p2p
473,v4_unmatched_plaid,plaid,Apple,7200 03AUG25  D   APPLE.COM/BILL    08001076285 IE,0.49,debit,software,digital_subscriptions_services,Apple.com/bill small App Store charge.,established,GENERAL_MERCHANDISE_COMPUTERS_AND_ELECTRONICS,computing_devices,general_retail_marketplaces,software,digital_subscriptions_services,T4_dictionary,no,yes,no,yes,software,digital_subscriptions_services,gemini_sonnet_agree,yes,software,software,software,,
474,v4_unmatched_plaid,plaid,Amazon,AMAZON* RG9JP1854,3.59,debit,marketplace_amazon,general_retail_marketplaces,Amazon debit.,established,GENERAL_MERCHANDISE_ONLINE_MARKETPLACES,marketplace_general,general_retail_marketplaces,marketplace_amazon,general_retail_marketplaces,T4_dictionary,no,yes,yes,yes,marketplace_amazon,general_retail_marketplaces,gemini_sonnet_agree,yes,marketplace_amazon,marketplace_amazon,marketplace_amazon,,
475,v4_unmatched_plaid,plaid,George Hotel,GEORGE HOTEL,2.49,debit,restaurant_cafe,eating_drinking_out,"George Hotel £2.49 is bar/cafe spend, not a room. Native lodging is wrong at this amount.",no,TRAVEL_AND_TRANSPORTATION_LODGING,accommodation,travel_holidays,pub_bar,eating_drinking_out,T4_dictionary,no,no,no,yes,pub_bar,eating_drinking_out,opus_tiebreak,no,pub_bar,accommodation,pub_bar,restaurant_cafe,accommodation
476,v4_unmatched_plaid,plaid,Amazon,Amazon.co.uk*R75O6,10.11,debit,marketplace_amazon,general_retail_marketplaces,Amazon debit.,established,GENERAL_MERCHANDISE_ONLINE_MARKETPLACES,marketplace_general,general_retail_marketplaces,marketplace_amazon,general_retail_marketplaces,T4_dictionary,no,yes,yes,yes,marketplace_amazon,general_retail_marketplaces,gemini_sonnet_agree,yes,marketplace_amazon,marketplace_amazon,marketplace_amazon,,
477,v4_unmatched_plaid,plaid,Longevity Health Limited,Longevity Health Limited 733789 suppliers,2060.0,debit,unclassified_other,unclassified,"Longevity Health Ltd £2060 suppliers; medical native but exact clinical product unclear. Adversarial: Longevity Health Limited + memo suppliers + SIC 46900 wholesale is a B2B supplier payment, not a clinic. health_other was a name guess.",yes,MEDICAL_OTHER_MEDICAL,health_other,health_medical,health_other,health_medical,T6_native_fallback,no,no,no,no,unclassified_other,unclassified,opus_tiebreak,yes,supplements,unclassified_other,unclassified_other,health_other,health_other
478,v4_unmatched_plaid,plaid,Mcdougal Ls Stores LTD,MCDOUGALLS STORES,17.29,debit,convenience_store,groceries_household_essentials,McDougalls Stores Ltd Dalton-in-Furness is non-specialised retail (SIC 47190). Native dining is unhelpful.,no,DINING_DINING,restaurant_cafe,eating_drinking_out,restaurant_cafe,eating_drinking_out,T6_native_fallback,no,no,no,no,convenience_store,groceries_household_essentials,opus_tiebreak,yes,convenience_store,groceries,convenience_store,groceries,convenience_store
479,v4_unmatched_plaid,plaid,D Townsley,D TOWNSLEY,180.0,debit,transfer_p2p,transfers,Named-person Faster Payment.,yes,TRANSFER_OUT_OTHER,unclassified_transfer,unclassified,transfer_p2p,transfers,T5_R02,no,yes,no,yes,transfer_p2p,transfers,opus_tiebreak,yes,transfer_p2p,unclassified_other,transfer_p2p,transfer_p2p,transfer_p2p
480,v4_unmatched_plaid,plaid,Yorkshire Wildlife Park,YORKSHIRE WILDLIFE PAR Yorkshire Wildlife Park,29.5,debit,days_out,entertainment_leisure,Yorkshire Wildlife Park admission/spend.,yes,ENTERTAINMENT_EVENTS_AND_TICKETS,live_music,entertainment_leisure,days_out,entertainment_leisure,T4_dictionary,no,yes,yes,yes,days_out,entertainment_leisure,gemini_sonnet_agree,yes,days_out,days_out,days_out,days_out,days_out
481,v4_unmatched_plaid,plaid,Squirt Pocket Money,SQUIRT            POCKET MONEY      VIA MOBILE - PYMT FP 22/08/25 10    51205450136786000N,5.0,debit,transfer_p2p,transfers,Pocket money to a nickname; native personal-loan is spurious.,no,LOAN_PAYMENTS_PERSONAL_LOAN_PAYMENT,personal_loan_repayment,credit_loan_repayments,personal_loan_repayment,credit_loan_repayments,T6_native_fallback,no,no,no,no,transfer_p2p,transfers,gemini_sonnet_agree,yes,transfer_p2p,transfer_p2p,transfer_p2p,prepaid_card,transfer_p2p
482,v4_unmatched_plaid,plaid,The Chippy,The chippy,28.35,debit,takeaway,eating_drinking_out,The Chippy is a chip shop.,yes,DINING_DINING,restaurant_cafe,eating_drinking_out,takeaway,eating_drinking_out,T4_dictionary,no,yes,yes,yes,takeaway,eating_drinking_out,gemini_sonnet_agree,yes,takeaway,takeaway,takeaway,takeaway,takeaway
483,v4_unmatched_plaid,plaid,Palladium Competitions,Palladium Competitions,3.9,debit,prize_competitions,gambling,Palladium Competitions is a paid prize-draw operator.,yes,ENTERTAINMENT_CASINOS_AND_GAMBLING,gambling_unspecified,gambling,prize_competitions,gambling,T4_dictionary,no,yes,yes,yes,prize_competitions,gambling,gemini_sonnet_agree,yes,prize_competitions,prize_competitions,prize_competitions,prize_competitions,prize_competitions
484,v4_unmatched_plaid,plaid,Family Shopper,FAMILY SHOPPER SUR  ON 26 MAY CPM FAMILY SHOPPER   SURI,7.18,debit,groceries,groceries_household_essentials,Family Shopper is Booker's discount symbol-group grocer (alongside Premier).,yes,FOOD_RETAIL_GROCERIES,groceries,groceries_household_essentials,convenience_store,groceries_household_essentials,T4_dictionary,yes,no,yes,yes,convenience_store,groceries_household_essentials,opus_tiebreak,no,convenience_store,discount_store,convenience_store,groceries,groceries
485,v4_unmatched_plaid,plaid,The Bistro,The Bistro,9.5,debit,restaurant_cafe,eating_drinking_out,The Bistro dining debit.,yes,DINING_DINING,restaurant_cafe,eating_drinking_out,restaurant_cafe,eating_drinking_out,T6_native_fallback,yes,yes,yes,yes,restaurant_cafe,eating_drinking_out,gemini_sonnet_agree,yes,restaurant_cafe,restaurant_cafe,restaurant_cafe,restaurant_cafe,restaurant_cafe
486,v4_unmatched_plaid,plaid,David Lloyd,David Lloyd Clubs Swan,2.1,debit,gym_fitness,health_medical,David Lloyd Clubs.,established,PERSONAL_CARE_GYMS_AND_FITNESS_CENTERS,gym_fitness,health_medical,gym_fitness,health_medical,T6_native_fallback,yes,yes,yes,yes,gym_fitness,health_medical,gemini_sonnet_agree,yes,gym_fitness,gym_fitness,gym_fitness,,
487,v4_unmatched_plaid,plaid,Trainpal,Trainpal,8.64,debit,public_transport_rail_coach,transport_motoring,Trainpal rail tickets.,yes,TRANSFER_OUT_OTHER,unclassified_transfer,unclassified,unclassified_transfer,unclassified,T6_native_fallback,no,no,no,no,public_transport_rail_coach,transport_motoring,gemini_sonnet_agree,yes,public_transport_rail_coach,public_transport_rail_coach,public_transport_rail_coach,public_transport_rail_coach,public_transport_rail_coach
488,v4_unmatched_plaid,plaid,McDonald's,MCDONALDS         ASHTON UNDER,10.37,debit,takeaway,eating_drinking_out,McDonald's debit is takeaway.,yes,DINING_DINING,restaurant_cafe,eating_drinking_out,takeaway,eating_drinking_out,T4_dictionary,no,yes,yes,yes,takeaway,eating_drinking_out,gemini_sonnet_agree,yes,takeaway,takeaway,takeaway,takeaway,takeaway
489,v4_unmatched_plaid,plaid,Lettuce Pets,SP LETTUCE PETS HONG KONG ON 04 AUG BCC,14.0,debit,pet_supplies,pets,Lettuce Pets Hong Kong pet goods.,yes,PET_CARE_AND_SUPPLIES_PET_SUPPLIES,pet_supplies,pets,pet_supplies,pets,T6_native_fallback,yes,yes,yes,yes,pet_supplies,pets,gemini_sonnet_agree,yes,pet_supplies,pet_supplies,pet_supplies,pet_supplies,pet_supplies
490,v4_unmatched_plaid,plaid,Gumtree Com,Visa purchase GUMTREE COM,8.95,debit,marketplace_general,general_retail_marketplaces,Gumtree listing/marketplace fee.,yes,GENERAL_MERCHANDISE_OTHER_GENERAL_MERCHANDISE,retail_other,general_retail_marketplaces,marketplace_general,general_retail_marketplaces,T4_dictionary,no,yes,yes,yes,marketplace_general,general_retail_marketplaces,opus_tiebreak,yes,advertising_services,marketplace_general,marketplace_general,marketplace_general,marketplace_general
491,v4_unmatched_plaid,plaid,Miss Kirsty L Tra I Love You,MISS KIRSTY L TRA  I LOVE YOU FT,16.0,debit,transfer_p2p,transfers,Named-person Faster Payment.,yes,TRANSFER_OUT_OTHER,unclassified_transfer,unclassified,transfer_p2p,transfers,T5_R01,no,yes,no,yes,transfer_p2p,transfers,gemini_sonnet_agree,yes,transfer_p2p,transfer_p2p,transfer_p2p,transfer_p2p,transfer_p2p
492,v4_unmatched_plaid,plaid,Floradapt,Sp Floradapt,3.99,debit,supplements,health_medical,Floradapt is a UK probiotic/supplement shop. Override dual unclassified.,yes,GENERAL_MERCHANDISE_OTHER_GENERAL_MERCHANDISE,retail_other,general_retail_marketplaces,retail_other,general_retail_marketplaces,T6_native_fallback,no,no,no,no,supplements,health_medical,opus_tiebreak,yes,supplements,unclassified_other,supplements,unclassified_other,unclassified_other
493,v4_unmatched_plaid,plaid,Tunnocks,Tunnocks,5.37,debit,restaurant_cafe,eating_drinking_out,Tunnock's Uddingston bakery/tea-room till; native automotive is spurious.,no,TRAVEL_AND_TRANSPORTATION_AUTOMOTIVE,vehicle_maintenance,transport_motoring,vehicle_maintenance,transport_motoring,T6_native_fallback,no,no,no,no,confectionary,groceries_household_essentials,gemini_sonnet_agree,no,confectionary,confectionary,confectionary,confectionary,unclassified_other
494,v4_unmatched_plaid,plaid,Disney+,4332 05AUG25 DISNEY PLUS HAMMERSMITH GB,12.99,debit,streaming,digital_subscriptions_services,Disney+ subscription.,established,ENTERTAINMENT_MUSIC_VIDEO_GAMES_TV_AND_MOVIES,entertainment_other,entertainment_leisure,entertainment_other,entertainment_leisure,T6_native_fallback,no,no,no,no,streaming,digital_subscriptions_services,gemini_sonnet_agree,yes,streaming,streaming,streaming,,
495,v4_unmatched_plaid,plaid,LC International,LC INTERNATIONAL L,10.0,debit,gambling_betting,gambling,LC International is Ladbrokes Coral betting.,yes,ENTERTAINMENT_CASINOS_AND_GAMBLING,gambling_unspecified,gambling,gambling_betting,gambling,T4_dictionary,no,yes,yes,yes,gambling_betting,gambling,gemini_sonnet_agree,yes,gambling_betting,gambling_betting,gambling_betting,gambling_betting,gambling_betting
496,v4_unmatched_plaid,plaid,R Bentinck,R BENTINCK 116478 02531161,50.0,debit,transfer_p2p,transfers,R Bentinck is a named person.,no,TRANSFER_OUT_OTHER,unclassified_transfer,unclassified,transfer_p2p,transfers,T4_dictionary,no,yes,no,yes,transfer_p2p,transfers,opus_tiebreak,yes,transfer_p2p,unclassified_other,transfer_p2p,unclassified_other,transfer_p2p
497,v4_unmatched_plaid,plaid,Sulayman Yamin,SULAYMAN YAMIN 100000001590737178,2.0,debit,transfer_p2p,transfers,Named-person Faster Payment.,yes,TRANSFER_OUT_OTHER,unclassified_transfer,unclassified,unclassified_transfer,unclassified,T6_native_fallback,no,no,no,no,transfer_p2p,transfers,gemini_sonnet_agree,yes,transfer_p2p,transfer_p2p,transfer_p2p,transfer_p2p,transfer_p2p
498,v4_unmatched_plaid,plaid,Llanwern Bull,Llanwernbull,7.98,debit,pub_bar,eating_drinking_out,The Llanwern Bull is a Marston's pub in Newport.,no,ENTERTAINMENT_EVENTS_AND_TICKETS,live_music,entertainment_leisure,live_music,entertainment_leisure,T6_native_fallback,no,no,no,no,pub_bar,eating_drinking_out,gemini_sonnet_agree,yes,pub_bar,pub_bar,pub_bar,pub_bar,unclassified_other
499,v4_unmatched_plaid,plaid,Morr Hinckley,MORR HINCKLEY,20.0,debit,groceries,groceries_household_essentials,MORR HINCKLEY is Morrisons Hinckley. Native dining is an in-store cafe false friend. Override dual unclassified.,yes,DINING_DINING,restaurant_cafe,eating_drinking_out,restaurant_cafe,eating_drinking_out,T6_native_fallback,no,no,no,no,unclassified_other,unclassified,opus_tiebreak,no,groceries,unclassified_other,unclassified_other,unclassified_other,unclassified_other
500,v4_unmatched_plaid,plaid,Mr Tristan Chandle,MR TRISTAN CHANDLE 600000001589765424,20.0,debit,transfer_p2p,transfers,Named-person Faster Payment.,yes,TRANSFER_OUT_OTHER,unclassified_transfer,unclassified,transfer_p2p,transfers,T5_R01,no,yes,no,yes,transfer_p2p,transfers,gemini_sonnet_agree,yes,transfer_p2p,transfer_p2p,transfer_p2p,transfer_p2p,transfer_p2p
501,v4_unmatched_plaid,plaid,The Abbey Arms,The Abbey Arms,9.3,debit,pub_bar,eating_drinking_out,The Abbey Arms pub debit.,yes,DINING_DINING,restaurant_cafe,eating_drinking_out,pub_bar,eating_drinking_out,T4_dictionary,no,yes,yes,yes,pub_bar,eating_drinking_out,gemini_sonnet_agree,yes,pub_bar,pub_bar,pub_bar,pub_bar,pub_bar
502,v4_unmatched_plaid,plaid,SkyBet,Visa purchase SKY BET APPLEPAY 7678,20.0,debit,gambling_betting,gambling,Sky Bet debit.,yes,ENTERTAINMENT_CASINOS_AND_GAMBLING,gambling_unspecified,gambling,gambling_betting,gambling,T4_dictionary,no,yes,yes,yes,gambling_betting,gambling,gemini_sonnet_agree,yes,gambling_betting,gambling_betting,gambling_betting,gambling_betting,gambling_betting
503,v4_unmatched_plaid,plaid,HM Revenue and Customs,HMRC CHILD BENEFIT 01656493,104.2,credit,benefits_state,income_benefits_state_support,HMRC Child Benefit credit. Native salary is wrong.,yes,INCOME_SALARY,salary,income_employment,tax_payment,council_tax_government,T4_dictionary,no,no,no,no,benefits_state,income_benefits_state_support,gemini_sonnet_agree,yes,benefits_state,benefits_state,benefits_state,benefits_state,benefits_state
504,v4_unmatched_plaid,plaid,Steven Roberts,STEVEN ROBERTS 600000001651066345,5.0,debit,transfer_p2p,transfers,Named-person Faster Payment.,yes,TRANSFER_OUT_OTHER,unclassified_transfer,unclassified,unclassified_transfer,unclassified,T6_native_fallback,no,no,no,no,transfer_p2p,transfers,gemini_sonnet_agree,yes,transfer_p2p,transfer_p2p,transfer_p2p,transfer_p2p,transfer_p2p
505,v4_unmatched_plaid,plaid,Anne Paterson Gift Via,ANNE PATERSON     GIFT              VIA MOBILE - LVP  FP 15/07/25 10    35202035732928000R,16.0,debit,transfer_p2p,transfers,Gift to named person Anne Paterson.,yes,TRANSFER_OUT_OTHER,unclassified_transfer,unclassified,transfer_p2p,transfers,T4_dictionary,no,yes,no,yes,transfer_p2p,transfers,gemini_sonnet_agree,yes,transfer_p2p,transfer_p2p,transfer_p2p,transfer_p2p,transfer_p2p
506,v4_unmatched_plaid,plaid,Qualista Beach Ismail Ki,QUALISTA BEACH  IS,4.67,debit,foreign_spend_unspecified,travel_holidays,"Qualista Beach is a Kemer, Turkey beach club; small F&B abroad.",no,TRAVEL_AND_TRANSPORTATION_LODGING,accommodation,travel_holidays,accommodation,travel_holidays,T6_native_fallback,no,no,yes,yes,foreign_spend_unspecified,travel_holidays,opus_tiebreak,yes,foreign_spend_unspecified,restaurant_cafe,foreign_spend_unspecified,unclassified_other,accommodation
507,v4_unmatched_plaid,plaid,P Scoullar,P SCOULLAR,20.0,debit,transfer_p2p,transfers,Named-person Faster Payment.,yes,TRANSFER_OUT_OTHER,unclassified_transfer,unclassified,transfer_p2p,transfers,T5_R02,no,yes,no,yes,transfer_p2p,transfers,gemini_sonnet_agree,yes,transfer_p2p,transfer_p2p,transfer_p2p,transfer_p2p,transfer_p2p
508,v4_unmatched_plaid,plaid,Paypal Pay in 4,PAYPAL *PYPL PAYIN  ON 16 AUG BCC PAYPAL *PYPL PAYIN3,11.33,debit,bnpl,credit_loan_repayments,PayPal Pay in 4 instalment.,established,LOAN_PAYMENTS_PERSONAL_LOAN_PAYMENT,personal_loan_repayment,credit_loan_repayments,personal_loan_repayment,credit_loan_repayments,T6_native_fallback,no,no,yes,yes,bnpl,credit_loan_repayments,gemini_sonnet_agree,yes,bnpl,bnpl,bnpl,,
509,v4_unmatched_plaid,plaid,J Nainu,J NAINU 200000001634811034,0.1,debit,transfer_p2p,transfers,Named person; native investment is spurious at £0.10.,established,TRANSFER_OUT_INVESTMENT_AND_RETIREMENT_FUNDS,investment_general,savings_investments,transfer_p2p,transfers,T5_R02,no,yes,no,yes,transfer_p2p,transfers,gemini_sonnet_agree,yes,transfer_p2p,transfer_p2p,transfer_p2p,,
510,v4_unmatched_plaid,plaid,Mccooleys,McCooleys 1  ON 31 AUG CPM MCCOOLEYS 1,21.2,debit,pub_bar,eating_drinking_out,McCooley's is a Liverpool Irish sports bar.,yes,DINING_DINING,restaurant_cafe,eating_drinking_out,restaurant_cafe,eating_drinking_out,T6_native_fallback,no,no,yes,yes,pub_bar,eating_drinking_out,opus_tiebreak,yes,pub_bar,restaurant_cafe,pub_bar,pub_bar,pub_bar
511,v4_unmatched_plaid,plaid,7 Days Performance,7days Performance  ON 04 AUG CPM 7DAYS PERFORMANCE,1.99,debit,prize_competitions,gambling,7days Performance is a UK car/cash prize-draw operator. Established leaf is correct despite automotive native.,established,TRAVEL_AND_TRANSPORTATION_AUTOMOTIVE,vehicle_maintenance,transport_motoring,vehicle_maintenance,transport_motoring,T6_native_fallback,no,no,no,no,prize_competitions,gambling,opus_tiebreak,yes,prize_competitions,unclassified_other,prize_competitions,,
512,v4_unmatched_plaid,plaid,SkyBet,SKY BET  ON 04 AUG BCC,80.0,debit,gambling_betting,gambling,Sky Bet debit.,yes,ENTERTAINMENT_CASINOS_AND_GAMBLING,gambling_unspecified,gambling,gambling_betting,gambling,T4_dictionary,no,yes,yes,yes,gambling_betting,gambling,gemini_sonnet_agree,yes,gambling_betting,gambling_betting,gambling_betting,gambling_betting,gambling_betting
513,v4_unmatched_plaid,plaid,Apple,3336 09JUN25  D   APPLE.COM/BILL    CORK IE,7.99,debit,software,digital_subscriptions_services,Apple.com/bill.,established,GENERAL_MERCHANDISE_COMPUTERS_AND_ELECTRONICS,computing_devices,general_retail_marketplaces,software,digital_subscriptions_services,T4_dictionary,no,yes,no,yes,software,digital_subscriptions_services,gemini_sonnet_agree,yes,software,software,software,,
514,v4_unmatched_plaid,plaid,PureGym,Direct Debit - First Payment PURE GYM LTD 206582 63448665,14.99,debit,gym_fitness,health_medical,PureGym first DD.,established,PERSONAL_CARE_GYMS_AND_FITNESS_CENTERS,gym_fitness,health_medical,gym_fitness,health_medical,T6_native_fallback,yes,yes,yes,yes,gym_fitness,health_medical,gemini_sonnet_agree,yes,gym_fitness,gym_fitness,gym_fitness,,
515,v4_unmatched_plaid,plaid,Current,200450 70512109  OPTIONAL FT Barclays current account,4.83,debit,transfer_bank_unspecified,transfers,OVERRIDE unclassified_other. Faster Payment to a Barclays current account; purpose unknown so not own-account without evidence.,yes,TRANSFER_OUT_OTHER,unclassified_transfer,unclassified,unclassified_other,unclassified,T4_dictionary,no,no,no,no,unclassified_other,unclassified,opus_tiebreak,no,transfer_own_account,unclassified_other,unclassified_other,unclassified_other,unclassified_other
516,v4_unmatched_plaid,plaid,Apple,3025 06AUG25  D   APPLE.COM/BILL    08001076285 IE,1.99,debit,software,digital_subscriptions_services,Apple.com/bill.,established,GENERAL_MERCHANDISE_COMPUTERS_AND_ELECTRONICS,computing_devices,general_retail_marketplaces,software,digital_subscriptions_services,T4_dictionary,no,yes,no,yes,software,digital_subscriptions_services,gemini_sonnet_agree,yes,software,software,software,,
517,v4_unmatched_plaid,plaid,Talha Ali Pay,Talha ali         Pay,2052.5,debit,transfer_p2p,transfers,Named person with Pay memo.,yes,TRANSFER_OUT_OTHER,unclassified_transfer,unclassified,unclassified_transfer,unclassified,T6_native_fallback,no,no,no,no,transfer_p2p,transfers,gemini_sonnet_agree,yes,transfer_p2p,transfer_p2p,transfer_p2p,transfer_p2p,transfer_p2p
518,v4_unmatched_plaid,plaid,Angie Money,ANGIE                                    MONEY,16.6,debit,transfer_p2p,transfers,Named person with Money memo.,yes,TRANSFER_OUT_OTHER,unclassified_transfer,unclassified,unclassified_transfer,unclassified,T6_native_fallback,no,no,no,no,transfer_p2p,transfers,gemini_sonnet_agree,yes,transfer_p2p,transfer_p2p,transfer_p2p,transfer_p2p,transfer_p2p
519,v4_unmatched_plaid,plaid,Lci Limited Pi,LCI LIMITED PI6611406892928163,5.0,debit,gambling_betting,gambling,LCI Limited is Entain/Ladbrokes Coral; PI is the payment-initiation rail.,yes,TRANSFER_OUT_OTHER,unclassified_transfer,unclassified,unclassified_transfer,unclassified,T6_native_fallback,no,no,no,no,gambling_betting,gambling,gemini_sonnet_agree,yes,gambling_betting,gambling_betting,gambling_unspecified,gambling_betting,gambling_betting
520,v4_unmatched_plaid,plaid,Skiddaw Bar,Skiddaw Bar  ON 21 JUN CPM SKIDDAW BAR,0.7,debit,pub_bar,eating_drinking_out,Skiddaw Bar contactless.,yes,DINING_DINING,restaurant_cafe,eating_drinking_out,restaurant_cafe,eating_drinking_out,T6_native_fallback,no,no,yes,yes,pub_bar,eating_drinking_out,gemini_sonnet_agree,yes,pub_bar,pub_bar,pub_bar,pub_bar,pub_bar
521,v4_unmatched_plaid,plaid,Tui Travel-dom,2581 22SEP25  D   TUI TRAVEL-DOM    COVENTRY GB,1115.6,debit,holiday_package,travel_holidays,TUI Travel domestic package.,yes,TRAVEL_AND_TRANSPORTATION_LODGING,accommodation,travel_holidays,holiday_package,travel_holidays,T4_dictionary,no,yes,yes,yes,holiday_package,travel_holidays,gemini_sonnet_agree,yes,holiday_package,holiday_package,holiday_package,holiday_package,holiday_package
522,v4_unmatched_plaid,plaid,Amrans Tandoori,Amrans Tandoori,18.45,debit,takeaway,eating_drinking_out,"Amran Tandoori is an Indian takeaway, not table-service.",no,DINING_DINING,restaurant_cafe,eating_drinking_out,restaurant_cafe,eating_drinking_out,T6_native_fallback,no,no,yes,yes,takeaway,eating_drinking_out,opus_tiebreak,yes,restaurant_cafe,takeaway,takeaway,restaurant_cafe,takeaway
523,v4_unmatched_plaid,plaid,E Paterson,E PATERSON,1.0,debit,transfer_p2p,transfers,Named-person Faster Payment.,yes,TRANSFER_OUT_OTHER,unclassified_transfer,unclassified,transfer_p2p,transfers,T4_dictionary,no,yes,no,yes,transfer_p2p,transfers,gemini_sonnet_agree,yes,transfer_p2p,transfer_p2p,transfer_p2p,transfer_p2p,transfer_p2p
524,v4_unmatched_plaid,plaid,McDonald's,McDonald’s,30.38,debit,takeaway,eating_drinking_out,McDonald's debit.,yes,DINING_DINING,restaurant_cafe,eating_drinking_out,takeaway,eating_drinking_out,T4_dictionary,no,yes,yes,yes,takeaway,eating_drinking_out,gemini_sonnet_agree,yes,takeaway,takeaway,takeaway,takeaway,takeaway
525,v4_unmatched_plaid,plaid,Maypole,MAYPOLE Maypole,40.82,debit,pub_bar,eating_drinking_out,Maypole is a common pub name; dining native and £40.82 support pub spend.,yes,DINING_DINING,restaurant_cafe,eating_drinking_out,restaurant_cafe,eating_drinking_out,T6_native_fallback,no,no,yes,yes,pub_bar,eating_drinking_out,opus_tiebreak,yes,pub_bar,groceries,pub_bar,pub_bar,pub_bar
526,v4_unmatched_plaid,plaid,Apple,APPLE.COM/BILL,0.99,debit,software,digital_subscriptions_services,Apple.com/bill.,established,GENERAL_MERCHANDISE_COMPUTERS_AND_ELECTRONICS,computing_devices,general_retail_marketplaces,software,digital_subscriptions_services,T4_dictionary,no,yes,no,yes,software,digital_subscriptions_services,gemini_sonnet_agree,yes,software,software,software,,
527,v4_unmatched_plaid,plaid,Mathew Hollis,Payment to MATHEW HOLLIS 040003 58220443,10.0,debit,transfer_p2p,transfers,Named-person Faster Payment.,yes,TRANSFER_OUT_OTHER,unclassified_transfer,unclassified,transfer_p2p,transfers,T4_dictionary,no,yes,no,yes,transfer_p2p,transfers,gemini_sonnet_agree,yes,transfer_p2p,transfer_p2p,transfer_p2p,transfer_p2p,transfer_p2p
528,v4_unmatched_plaid,plaid,Fone Fixers,FONE FIXERS Fone Fixers,8.0,debit,services_unspecified,unclassified,"Fone Fixers is phone repair, not a handset sale. Adversarial: Fone Fixers is phone repair. spares_repairs is the motoring/vehicle-parts leaf.",no,TRANSFER_OUT_OTHER,unclassified_transfer,unclassified,unclassified_transfer,unclassified,T6_native_fallback,no,no,yes,yes,spares_repairs,transport_motoring,opus_tiebreak,no,services_unspecified,spares_repairs,spares_repairs,mobile_handset,spares_repairs
529,v4_unmatched_plaid,plaid,McDonald's,MCDONALDS,13.14,debit,takeaway,eating_drinking_out,McDonald's debit.,yes,DINING_DINING,restaurant_cafe,eating_drinking_out,takeaway,eating_drinking_out,T4_dictionary,no,yes,yes,yes,takeaway,eating_drinking_out,gemini_sonnet_agree,yes,takeaway,takeaway,takeaway,takeaway,takeaway
530,v4_unmatched_plaid,plaid,Mersey Tunnels Pilot,Contactless Payment Mersey Tunnels Pilot 4 APPLEPAY 1178,2.3,debit,tolls,transport_motoring,Mersey Tunnels toll.,yes,TRAVEL_AND_TRANSPORTATION_OTHER_TRAVEL_AND_TRANSPORTATION,transport_other,transport_motoring,tolls,transport_motoring,T4_dictionary,no,yes,yes,yes,tolls,transport_motoring,gemini_sonnet_agree,yes,tolls,tolls,tolls,tolls,tolls
531,v4_unmatched_plaid,plaid,Efes Kebab Cd,Efes Kebab CD 4084,5.5,debit,takeaway,eating_drinking_out,Efes Kebab takeaway.,yes,DINING_DINING,restaurant_cafe,eating_drinking_out,restaurant_cafe,eating_drinking_out,T6_native_fallback,no,no,yes,yes,takeaway,eating_drinking_out,gemini_sonnet_agree,yes,takeaway,takeaway,takeaway,takeaway,takeaway
532,v4_unmatched_plaid,plaid,Go Local Xtra,Go Local Xtra - Oxford St,2.19,debit,convenience_store,groceries_household_essentials,Go Local Extra convenience fascia.,yes,TRAVEL_AND_TRANSPORTATION_OTHER_TRAVEL_AND_TRANSPORTATION,transport_other,transport_motoring,transport_other,transport_motoring,T6_native_fallback,no,no,no,no,convenience_store,groceries_household_essentials,gemini_sonnet_agree,yes,convenience_store,convenience_store,convenience_store,convenience_store,convenience_store
533,v4_unmatched_plaid,plaid,Bnaelocationsbasedo,Nyx*bnaelocationsbasedo,20.0,debit,gambling_unspecified,gambling,OVERRIDE unclassified. NYX* prefix is a cashless fruit-machine stake (same pattern as The Rudd Group).,yes,TRANSFER_OUT_OTHER,unclassified_transfer,unclassified,unclassified_transfer,unclassified,T6_native_fallback,no,no,no,no,unclassified_other,unclassified,opus_tiebreak,no,entertainment_other,unclassified_other,unclassified_other,unclassified_other,unclassified_other
534,v4_unmatched_plaid,plaid,Zurich Assurance,ZURICH ASSURANCE L PR000014CM8-010X8P,131.66,debit,insurance_life,insurance,Zurich Assurance life/protection DD.,established,INSURANCE_AND_TAX_INSURANCE,insurance_general,insurance,insurance_life,insurance,T4_dictionary,no,yes,yes,yes,insurance_life,insurance,gemini_sonnet_agree,yes,insurance_life,insurance_life,insurance_life,,
535,v4_unmatched_plaid,plaid,N C Dewar Mum,N C DEWAR  MUM FT,50.0,debit,transfer_p2p,transfers,Named person with mum memo.,yes,TRANSFER_OUT_OTHER,unclassified_transfer,unclassified,transfer_p2p,transfers,T4_dictionary,no,yes,no,yes,transfer_p2p,transfers,gemini_sonnet_agree,yes,transfer_p2p,transfer_p2p,transfer_p2p,transfer_p2p,transfer_p2p
536,v4_unmatched_plaid,plaid,Long Feng Foods Lt,LONG FENG FOODS LTBurgess Hill,20.5,debit,groceries_specialist,groceries_household_essentials,Long Feng Foods Chinese grocer.,yes,FOOD_RETAIL_GROCERIES,groceries,groceries_household_essentials,groceries,groceries_household_essentials,T6_native_fallback,no,no,yes,yes,groceries_specialist,groceries_household_essentials,gemini_sonnet_agree,yes,groceries_specialist,groceries_specialist,groceries_specialist,groceries_specialist,groceries_specialist
537,v4_unmatched_plaid,plaid,Go Local Extra,GO LOCAL Go Local Extra,12.0,debit,convenience_store,groceries_household_essentials,Go Local Extra.,established,TRANSFER_OUT_OTHER,unclassified_transfer,unclassified,convenience_store,groceries_household_essentials,T4_dictionary,no,yes,no,yes,convenience_store,groceries_household_essentials,gemini_sonnet_agree,yes,convenience_store,convenience_store,convenience_store,,
538,v4_unmatched_plaid,plaid,Focusfinance.co.uk,Direct debit FOCUSFINANCE.CO.UK 304065 00666444,3.99,debit,financial_services_other,credit_loan_repayments,"OVERRIDE personal_loan_repayment. focusfinance.co.uk £3.99 is a known unauthorised-broker membership DD, not a loan instalment.",yes,LOAN_PAYMENTS_PERSONAL_LOAN_PAYMENT,personal_loan_repayment,credit_loan_repayments,personal_loan_repayment,credit_loan_repayments,T6_native_fallback,no,no,yes,yes,credit_reporting_service,high_cost_distress_credit,opus_tiebreak,no,credit_reporting_service,personal_loan_repayment,credit_reporting_service,personal_loan_repayment,personal_loan_repayment
539,v4_unmatched_plaid,plaid,Amazon,AMAZON* FJ8OY0KZ5,58.81,debit,marketplace_amazon,general_retail_marketplaces,Amazon debit.,established,GENERAL_MERCHANDISE_ONLINE_MARKETPLACES,marketplace_general,general_retail_marketplaces,marketplace_amazon,general_retail_marketplaces,T4_dictionary,no,yes,yes,yes,marketplace_amazon,general_retail_marketplaces,gemini_sonnet_agree,yes,marketplace_amazon,marketplace_amazon,marketplace_amazon,,
540,v4_unmatched_plaid,plaid,Amazon,Amazon,28.23,debit,marketplace_amazon,general_retail_marketplaces,Amazon debit.,established,GENERAL_MERCHANDISE_ONLINE_MARKETPLACES,marketplace_general,general_retail_marketplaces,marketplace_amazon,general_retail_marketplaces,T4_dictionary,no,yes,yes,yes,marketplace_amazon,general_retail_marketplaces,gemini_sonnet_agree,yes,marketplace_amazon,marketplace_amazon,marketplace_amazon,,
541,v4_unmatched_plaid,plaid,Co Op Group Food,8628 25AUG25      CO OP GROUP FOOD  BATH GB,2.7,debit,groceries,groceries_household_essentials,Co-op Group Food.,yes,FOOD_RETAIL_GROCERIES,groceries,groceries_household_essentials,groceries,groceries_household_essentials,T4_dictionary,yes,yes,yes,yes,groceries,groceries_household_essentials,gemini_sonnet_agree,yes,groceries,groceries,groceries,groceries,groceries
542,v4_unmatched_plaid,plaid,Louise,Louise Woodhall - SortCodeAccountNumber: 20268670852341,1000.0,debit,transfer_p2p,transfers,Named-person £1000 Faster Payment.,established,TRANSFER_OUT_OTHER,unclassified_transfer,unclassified,unclassified_transfer,unclassified,T6_native_fallback,no,no,no,no,transfer_p2p,transfers,gemini_sonnet_agree,yes,transfer_p2p,transfer_p2p,transfer_p2p,,
543,v4_unmatched_plaid,plaid,Transport for London,Contactless Payment TFL TRAVEL CH,8.9,debit,public_transport_rail_coach,transport_motoring,TfL travel charge.,yes,TRAVEL_AND_TRANSPORTATION_PUBLIC_TRANSIT,public_transport_rail_coach,transport_motoring,public_transport_rail_coach,transport_motoring,T4_dictionary,yes,yes,yes,yes,public_transport_rail_coach,transport_motoring,gemini_sonnet_agree,yes,public_transport_rail_coach,public_transport_rail_coach,public_transport_rail_coach,public_transport_rail_coach,public_transport_rail_coach
544,v4_unmatched_plaid,plaid,U.S. Post Office,POST OFFICE DERING ROAD 23JUL 08.33 ATM,24.0,debit,cash_withdrawal,cash,Post Office ATM (LINK). Merchant U.S. Post Office is a Plaid mislabel.,yes,TRANSFER_OUT_CHECKS_AND_ATM,cash_withdrawal,cash,delivery_courier,general_retail_marketplaces,T4_dictionary,yes,no,yes,no,cash_withdrawal,cash,opus_tiebreak,yes,cash_withdrawal,government_services,cash_withdrawal,cash_withdrawal,cash_withdrawal
545,v4_unmatched_plaid,plaid,Steam,Steam,12.79,debit,gaming_console_pc,entertainment_leisure,Steam game purchase.,yes,ENTERTAINMENT_MUSIC_VIDEO_GAMES_TV_AND_MOVIES,entertainment_other,entertainment_leisure,gaming_console_pc,entertainment_leisure,T4_dictionary,no,yes,yes,yes,gaming_console_pc,entertainment_leisure,gemini_sonnet_agree,yes,gaming_console_pc,gaming_console_pc,gaming_console_pc,gaming_console_pc,gaming_console_pc
546,v4_unmatched_plaid,plaid,Domestic & General,D&G APPLIANCE CARE,8.74,debit,insurance_general,insurance,Domestic & General appliance care.,established,INSURANCE_AND_TAX_INSURANCE,insurance_general,insurance,insurance_general,insurance,T6_native_fallback,yes,yes,yes,yes,insurance_general,insurance,opus_tiebreak,yes,insurance_general,insurance_other,insurance_general,,
547,v4_unmatched_plaid,plaid,Hj Jones Lia 30th,Hj Jones Lia 30th,8.0,debit,transfer_p2p,transfers,Named person with 30th (birthday) memo.,no,TRANSFER_OUT_OTHER,unclassified_transfer,unclassified,unclassified_transfer,unclassified,T6_native_fallback,no,no,no,no,transfer_p2p,transfers,gemini_sonnet_agree,yes,transfer_p2p,transfer_p2p,unclassified_other,unclassified_other,transfer_p2p
548,v4_unmatched_plaid,plaid,Kath Money,KATH              MONEY             VIA MOBILE - PYMT FP 28/08/25 10    34120728318148000N,27.62,debit,transfer_p2p,transfers,Named person with Money memo.,yes,TRANSFER_OUT_OTHER,unclassified_transfer,unclassified,transfer_p2p,transfers,T4_dictionary,no,yes,no,yes,transfer_p2p,transfers,gemini_sonnet_agree,yes,transfer_p2p,transfer_p2p,transfer_p2p,transfer_p2p,transfer_p2p
549,v4_unmatched_plaid,plaid,Wilmington,687 - WILMINGTON,8.25,debit,discount_store,groceries_household_essentials,"OVERRIDE unclassified. 687 - WILMINGTON is B&M store 687 at Wilmington Drive, Doncaster (same numbering as Sprucefield).",yes,TRANSFER_OUT_OTHER,unclassified_transfer,unclassified,unclassified_transfer,unclassified,T6_native_fallback,no,no,no,no,discount_store,groceries_household_essentials,opus_tiebreak,yes,discount_store,unclassified_other,discount_store,unclassified_other,unclassified_other
550,v4_unmatched_plaid,plaid,The Blue Corn Bakery,The Blue Corn Bake,11.0,debit,restaurant_cafe,eating_drinking_out,Blue Corn Bakery cafe/bakery.,yes,DINING_OTHER_DINING,restaurant_cafe,eating_drinking_out,restaurant_cafe,eating_drinking_out,T6_native_fallback,yes,yes,yes,yes,restaurant_cafe,eating_drinking_out,gemini_sonnet_agree,yes,restaurant_cafe,restaurant_cafe,restaurant_cafe,restaurant_cafe,restaurant_cafe
551,v4_unmatched_plaid,plaid,Costa Coffee,COSTA COFFEE 43010,3.99,debit,restaurant_cafe,eating_drinking_out,Costa Coffee.,yes,DINING_COFFEE,restaurant_cafe,eating_drinking_out,restaurant_cafe,eating_drinking_out,T6_native_fallback,yes,yes,yes,yes,restaurant_cafe,eating_drinking_out,gemini_sonnet_agree,yes,restaurant_cafe,restaurant_cafe,restaurant_cafe,restaurant_cafe,restaurant_cafe
552,v4_unmatched_plaid,plaid,LC International,CARD PAYMENT TO LC INTERNATIONAL LTD ON 18-09-2025,10.0,debit,gambling_betting,gambling,LC International betting.,yes,ENTERTAINMENT_CASINOS_AND_GAMBLING,gambling_unspecified,gambling,gambling_betting,gambling,T4_dictionary,no,yes,yes,yes,gambling_betting,gambling,gemini_sonnet_agree,yes,gambling_betting,gambling_betting,gambling_betting,gambling_betting,gambling_betting
553,v4_unmatched_plaid,plaid,Ring Basic Plan,RING BASIC PLAN,4.99,debit,online_services,digital_subscriptions_services,Ring Basic Plan consumer digital subscription.,established,GENERAL_SERVICES_OTHER_SERVICES,business_services,business_self_employment,business_services,business_self_employment,T6_native_fallback,no,no,no,no,online_services,digital_subscriptions_services,gemini_sonnet_agree,yes,online_services,online_services,online_services,,
554,v4_unmatched_plaid,plaid,Google One,Google One,1.59,debit,software,digital_subscriptions_services,Google One storage subscription.,established,GENERAL_SERVICES_OTHER_SERVICES,business_services,business_self_employment,business_services,business_self_employment,T6_native_fallback,no,no,no,no,web_services,digital_subscriptions_services,opus_tiebreak,no,web_services,software,web_services,,
555,v4_unmatched_plaid,plaid,Leader Chicken Marti,Leader Chicken (marti,6.0,debit,takeaway,eating_drinking_out,Leader Chicken takeaway.,yes,DINING_DINING,restaurant_cafe,eating_drinking_out,restaurant_cafe,eating_drinking_out,T6_native_fallback,no,no,yes,yes,takeaway,eating_drinking_out,gemini_sonnet_agree,yes,takeaway,takeaway,takeaway,takeaway,takeaway
556,v4_unmatched_plaid,plaid,Amazon,Amazon,59.95,debit,marketplace_amazon,general_retail_marketplaces,Amazon debit.,established,GENERAL_MERCHANDISE_ONLINE_MARKETPLACES,marketplace_general,general_retail_marketplaces,marketplace_amazon,general_retail_marketplaces,T4_dictionary,no,yes,yes,yes,marketplace_amazon,general_retail_marketplaces,gemini_sonnet_agree,yes,marketplace_amazon,marketplace_amazon,marketplace_amazon,,
557,v4_unmatched_plaid,plaid,Dcvendingltd,Nyx*dcvendingltd,1.9,debit,confectionary,groceries_household_essentials,"DC Vending Ltd NYX* snack vend. Company is vending, so confectionary not gambling.",yes,FOOD_RETAIL_OTHER,groceries,groceries_household_essentials,groceries,groceries_household_essentials,T6_native_fallback,no,no,yes,yes,confectionary,groceries_household_essentials,gemini_sonnet_agree,yes,confectionary,confectionary,confectionary,confectionary,confectionary
558,v4_unmatched_plaid,plaid,Premier Garthdee Cd,Premier Garthdee CD 1276,13.11,debit,groceries,groceries_household_essentials,Premier Garthdee is Premier symbol-group grocer.,yes,GENERAL_MERCHANDISE_FURNITURE_AND_HARDWARE,home_accessories,home_garden,home_accessories,home_garden,T6_native_fallback,no,no,no,no,groceries,groceries_household_essentials,gemini_sonnet_agree,yes,groceries,groceries,groceries,groceries,groceries
559,v4_unmatched_plaid,plaid,E.ON UK,E.on Next Ltd E.ON Next,176.71,debit,energy,utilities_household_bills,E.ON Next energy bill.,yes,RENT_AND_UTILITIES_GAS_AND_ELECTRICITY,energy,utilities_household_bills,energy,utilities_household_bills,T6_native_fallback,yes,yes,yes,yes,energy,utilities_household_bills,gemini_sonnet_agree,yes,energy,energy,energy,energy,energy
560,v4_unmatched_plaid,plaid,Jivita Ayurveda,JIVITA AYURVEDA Jivita Ayurveda,10.0,debit,beauty_treatment,clothing_personal_care,Jivita Ayurveda is a London Ayurvedic spa offering body/beauty treatments.,no,TRANSFER_OUT_OTHER,unclassified_transfer,unclassified,unclassified_transfer,unclassified,T6_native_fallback,no,no,no,no,supplements,health_medical,opus_tiebreak,no,health_beauty_general,beauty_treatment,supplements,health_other,beauty_treatment
561,v4_unmatched_plaid,plaid,Wh Smith Stafford,WH Smith Stafford,2.99,debit,books,entertainment_leisure,WH Smith mixed books/news/stationery; £2.99 Stafford till is typical news/book spend.,yes,GENERAL_MERCHANDISE_OTHER_GENERAL_MERCHANDISE,retail_other,general_retail_marketplaces,retail_other,general_retail_marketplaces,T6_native_fallback,no,no,no,no,books,entertainment_leisure,gemini_sonnet_agree,yes,books,books,books,books,books
562,v4_unmatched_plaid,plaid,Suhail Forjani,SUHAIL FORJANI 500000001643944101,20.0,debit,transfer_p2p,transfers,Named-person Faster Payment.,yes,TRANSFER_OUT_OTHER,unclassified_transfer,unclassified,unclassified_transfer,unclassified,T6_native_fallback,no,no,no,no,transfer_p2p,transfers,gemini_sonnet_agree,yes,transfer_p2p,transfer_p2p,transfer_p2p,transfer_p2p,transfer_p2p
563,v4_unmatched_plaid,plaid,Peacock Stores,Contactless Payment PEACOCK STORES APPLEPAY 8561 2025-08-31,24.0,debit,clothing_general,clothing_personal_care,Peacocks is a UK value clothing retailer. Native entertainment is wrong.,no,ENTERTAINMENT_MUSIC_VIDEO_GAMES_TV_AND_MOVIES,entertainment_other,entertainment_leisure,entertainment_other,entertainment_leisure,T6_native_fallback,no,no,no,no,clothing_general,clothing_personal_care,opus_tiebreak,yes,convenience_store,clothing_general,clothing_general,unclassified_other,clothing_general
564,v4_unmatched_plaid,plaid,Amazon,AMZNMktplace*QF8TC  ON 14 SEP BCC AMZNMKTPLACE,3.99,debit,marketplace_amazon,general_retail_marketplaces,Amazon Marketplace debit.,established,GENERAL_MERCHANDISE_ONLINE_MARKETPLACES,marketplace_general,general_retail_marketplaces,marketplace_amazon,general_retail_marketplaces,T4_dictionary,no,yes,yes,yes,marketplace_amazon,general_retail_marketplaces,gemini_sonnet_agree,yes,marketplace_amazon,marketplace_amazon,marketplace_amazon,,
565,v4_unmatched_plaid,plaid,Amazon,AMZNMktplace*RV01Qamazon.co.uk,13.08,debit,marketplace_amazon,general_retail_marketplaces,Amazon Marketplace debit.,established,GENERAL_MERCHANDISE_ONLINE_MARKETPLACES,marketplace_general,general_retail_marketplaces,marketplace_amazon,general_retail_marketplaces,T4_dictionary,no,yes,yes,yes,marketplace_amazon,general_retail_marketplaces,gemini_sonnet_agree,yes,marketplace_amazon,marketplace_amazon,marketplace_amazon,,
566,v4_unmatched_plaid,plaid,Metro,Contactless Payment SUMUP *METRO MDE6DYH4 APPLEPAY 0844,8.6,debit,unclassified_other,unclassified,"SumUp *METRO £8.60. SumUp means this is not TfL; Metro could be a pub, cafe or shop.",no,TRAVEL_AND_TRANSPORTATION_PUBLIC_TRANSIT,public_transport_rail_coach,transport_motoring,public_transport_rail_coach,transport_motoring,T6_native_fallback,no,no,no,no,unclassified_other,unclassified,opus_tiebreak,yes,restaurant_cafe,unclassified_other,unclassified_other,pub_bar,unclassified_other
567,v4_unmatched_plaid,plaid,Tesco Petrol,4995 09AUG25 CD   TESCO PFS 3442    WYCOMBE NORTH GB,13.1,debit,fuel,transport_motoring,Tesco PFS fuel.,established,TRAVEL_AND_TRANSPORTATION_OTHER_TRAVEL_AND_TRANSPORTATION,transport_other,transport_motoring,fuel,transport_motoring,T5_R05,no,yes,yes,yes,fuel,transport_motoring,gemini_sonnet_agree,yes,fuel,fuel,fuel,,
568,v4_unmatched_plaid,plaid,Amazon,5984 29AUG25      AMAZON* RK6IZ5OQ4 LONDON GB,112.36,debit,marketplace_amazon,general_retail_marketplaces,Amazon debit.,established,GENERAL_MERCHANDISE_ONLINE_MARKETPLACES,marketplace_general,general_retail_marketplaces,marketplace_amazon,general_retail_marketplaces,T4_dictionary,no,yes,yes,yes,marketplace_amazon,general_retail_marketplaces,gemini_sonnet_agree,yes,marketplace_amazon,marketplace_amazon,marketplace_amazon,,
569,v4_unmatched_plaid,plaid,Current,207291 83683028  OPTIONAL FT Barclays current account,20.0,debit,transfer_bank_unspecified,transfers,OVERRIDE unclassified_other. Faster Payment to a Barclays current account; purpose unknown.,yes,TRANSFER_OUT_OTHER,unclassified_transfer,unclassified,unclassified_other,unclassified,T4_dictionary,no,no,no,no,unclassified_other,unclassified,opus_tiebreak,no,transfer_own_account,unclassified_other,unclassified_other,unclassified_other,unclassified_other
570,v4_unmatched_plaid,plaid,Jason Smith Shop,JASON SMITH       SHOP              VIA MOBILE - PYMT FP 19/09/25 10    37093529227222000N,160.0,debit,transfer_p2p,transfers,"Named person Jason Smith; Shop is a memo, not a retailer.",yes,TRANSFER_OUT_OTHER,unclassified_transfer,unclassified,unclassified_transfer,unclassified,T6_native_fallback,no,no,no,no,transfer_p2p,transfers,gemini_sonnet_agree,yes,transfer_p2p,transfer_p2p,transfer_p2p,transfer_p2p,transfer_p2p
571,v4_unmatched_plaid,plaid,Sadie,SADIE 400000001600031060,100.0,debit,transfer_p2p,transfers,First-name Faster Payment.,yes,TRANSFER_OUT_OTHER,unclassified_transfer,unclassified,unclassified_transfer,unclassified,T6_native_fallback,no,no,no,no,transfer_p2p,transfers,gemini_sonnet_agree,yes,transfer_p2p,transfer_p2p,transfer_p2p,transfer_p2p,transfer_p2p
572,v4_unmatched_plaid,plaid,Arshdeep Singh Me,ARSHDEEP SINGH  ME FT,10.0,debit,transfer_p2p,transfers,Named-person Faster Payment.,yes,TRANSFER_OUT_OTHER,unclassified_transfer,unclassified,unclassified_transfer,unclassified,T6_native_fallback,no,no,no,no,transfer_p2p,transfers,gemini_sonnet_agree,yes,transfer_p2p,transfer_p2p,transfer_p2p,transfer_p2p,transfer_p2p
573,v4_unmatched_plaid,plaid,McDonald's,1826 06JUL25      MCDONALDS         BATH GB,30.12,debit,takeaway,eating_drinking_out,McDonald's debit.,yes,DINING_DINING,restaurant_cafe,eating_drinking_out,takeaway,eating_drinking_out,T4_dictionary,no,yes,yes,yes,takeaway,eating_drinking_out,gemini_sonnet_agree,yes,takeaway,takeaway,takeaway,takeaway,takeaway
574,v4_unmatched_plaid,plaid,Bhavna Joshi,Payment to BHAVNA JOSHI 600217 62549790,8.35,debit,transfer_p2p,transfers,Named-person Faster Payment.,yes,TRANSFER_OUT_OTHER,unclassified_transfer,unclassified,transfer_p2p,transfers,T4_dictionary,no,yes,no,yes,transfer_p2p,transfers,gemini_sonnet_agree,yes,transfer_p2p,transfer_p2p,transfer_p2p,transfer_p2p,transfer_p2p
575,v4_unmatched_plaid,plaid,Amazon,CARD PAYMENT TO AMAZON* RF19D3XV4 ON 08-08-2025,11.99,debit,marketplace_amazon,general_retail_marketplaces,Amazon debit.,established,GENERAL_MERCHANDISE_ONLINE_MARKETPLACES,marketplace_general,general_retail_marketplaces,marketplace_amazon,general_retail_marketplaces,T4_dictionary,no,yes,yes,yes,marketplace_amazon,general_retail_marketplaces,gemini_sonnet_agree,yes,marketplace_amazon,marketplace_amazon,marketplace_amazon,,
576,v4_unmatched_plaid,plaid,Ayngaran Service Station,AYNGARAN SERVICE S,25.0,debit,fuel,transport_motoring,Ayngaran Service Station forecourt.,yes,TRAVEL_AND_TRANSPORTATION_OTHER_TRAVEL_AND_TRANSPORTATION,transport_other,transport_motoring,transport_other,transport_motoring,T6_native_fallback,no,no,yes,yes,fuel,transport_motoring,gemini_sonnet_agree,yes,fuel,fuel,fuel,fuel,fuel
577,v4_unmatched_plaid,plaid,Apple,0523 06AUG25      APPLE.COM/BILL    08001076285 IE,1.79,debit,software,digital_subscriptions_services,Apple.com/bill.,established,GENERAL_MERCHANDISE_COMPUTERS_AND_ELECTRONICS,computing_devices,general_retail_marketplaces,software,digital_subscriptions_services,T4_dictionary,no,yes,no,yes,software,digital_subscriptions_services,gemini_sonnet_agree,yes,software,software,software,,
578,v4_unmatched_plaid,plaid,McDonald's,Contactless Payment MCDONALDS APPLEPAY 2646,24.95,debit,takeaway,eating_drinking_out,McDonald's debit.,yes,DINING_DINING,restaurant_cafe,eating_drinking_out,takeaway,eating_drinking_out,T4_dictionary,no,yes,yes,yes,takeaway,eating_drinking_out,gemini_sonnet_agree,yes,takeaway,takeaway,takeaway,takeaway,takeaway
579,v4_unmatched_plaid,plaid,Qualivend,QUALIVEND,1.5,debit,confectionary,groceries_household_essentials,Qualivend vending snack.,yes,FOOD_RETAIL_OTHER,groceries,groceries_household_essentials,groceries,groceries_household_essentials,T6_native_fallback,no,no,yes,yes,confectionary,groceries_household_essentials,gemini_sonnet_agree,yes,confectionary,confectionary,confectionary,confectionary,confectionary
580,v4_unmatched_plaid,plaid,Top Of The Mar,SumUp  *Top Of The Mar Sumup *top Of The Mar,2.0,debit,unclassified_other,unclassified,SumUp *Top Of The Mar £2. Truncated venue name; cannot uniquely identify pub vs cafe vs stall.,no,TRANSFER_OUT_OTHER,unclassified_transfer,unclassified,unclassified_transfer,unclassified,T6_native_fallback,no,no,yes,yes,unclassified_other,unclassified,opus_tiebreak,yes,unclassified_other,restaurant_cafe,unclassified_other,restaurant_cafe,unclassified_other
581,v4_unmatched_plaid,plaid,Stdh Restaurant,Stdh Restaurant,3.25,debit,restaurant_cafe,eating_drinking_out,Stdh Restaurant dining debit.,yes,DINING_DINING,restaurant_cafe,eating_drinking_out,restaurant_cafe,eating_drinking_out,T6_native_fallback,yes,yes,yes,yes,restaurant_cafe,eating_drinking_out,gemini_sonnet_agree,yes,restaurant_cafe,restaurant_cafe,restaurant_cafe,restaurant_cafe,restaurant_cafe
582,v4_unmatched_plaid,plaid,Home Insurancelbis,HOME INSURANCELBIS HBP603493131-67C83,3.08,debit,insurance_home,insurance,Home insurance LBIS (Lloyds Bank Insurance Services).,yes,INSURANCE_AND_TAX_INSURANCE,insurance_general,insurance,insurance_home,insurance,T4_dictionary,no,yes,yes,yes,insurance_home,insurance,gemini_sonnet_agree,yes,insurance_home,insurance_home,insurance_home,insurance_home,insurance_home
583,v4_unmatched_plaid,plaid,K Mitchell,K MITCHELL,5.0,debit,transfer_p2p,transfers,Named-person Faster Payment.,no,TRANSFER_OUT_OTHER,unclassified_transfer,unclassified,transfer_p2p,transfers,T5_R02,no,yes,no,yes,transfer_p2p,transfers,gemini_sonnet_agree,yes,transfer_p2p,transfer_p2p,transfer_p2p,unclassified_other,transfer_p2p
584,v4_unmatched_plaid,plaid,Reading Taxi,Contactless Payment SUMUP *READING TAXI GOOGLE 6048,17.8,debit,taxi_rideshare,transport_motoring,Reading Taxi via SumUp.,yes,TRANSFER_OUT_OTHER,unclassified_transfer,unclassified,unclassified_transfer,unclassified,T6_native_fallback,no,no,no,no,taxi_rideshare,transport_motoring,gemini_sonnet_agree,yes,taxi_rideshare,taxi_rideshare,taxi_rideshare,taxi_rideshare,taxi_rideshare
585,v4_unmatched_plaid,plaid,Cd Chester Off License,1320 23JUL25 CD   CHESTER OFF       LICENSE           CHESTER GB,8.64,debit,alcohol_beer_spirits,groceries_household_essentials,Chester Off License.,yes,GOVERNMENTS_AND_NON_PROFIT_GOVERNMENTS_AND_NON_PROFIT,council_tax,council_tax_government,council_tax,council_tax_government,T6_native_fallback,no,no,no,no,alcohol_beer_spirits,groceries_household_essentials,gemini_sonnet_agree,yes,alcohol_beer_spirits,alcohol_beer_spirits,alcohol_beer_spirits,alcohol_beer_spirits,alcohol_beer_spirits
586,v4_unmatched_plaid,plaid,N Dales Leon Ft,N DALES  LEON FT,21.0,debit,transfer_p2p,transfers,"N Dales is a named person; Leon is a memo/name, not the Leon restaurant chain.",no,TRANSFER_OUT_OTHER,unclassified_transfer,unclassified,unclassified_transfer,unclassified,T6_native_fallback,no,no,no,no,transfer_p2p,transfers,opus_tiebreak,yes,transfer_p2p,restaurant_cafe,transfer_p2p,restaurant_cafe,transfer_p2p
587,v4_unmatched_plaid,plaid,McDonald's,McDonald’s,14.0,debit,takeaway,eating_drinking_out,McDonald's debit.,yes,DINING_DINING,restaurant_cafe,eating_drinking_out,takeaway,eating_drinking_out,T4_dictionary,no,yes,yes,yes,takeaway,eating_drinking_out,gemini_sonnet_agree,yes,takeaway,takeaway,takeaway,takeaway,takeaway
588,v4_unmatched_plaid,plaid,Ionos Cloud LTD,IONOS CLOUD LTD,1.2,debit,web_services,digital_subscriptions_services,IONOS Cloud hosting.,yes,GENERAL_SERVICES_OTHER_SERVICES,business_services,business_self_employment,web_services,digital_subscriptions_services,T4_dictionary,no,yes,no,yes,web_services,digital_subscriptions_services,gemini_sonnet_agree,yes,web_services,web_services,web_services,web_services,web_services
589,v4_unmatched_plaid,plaid,Burnley Borough Council,BURNLEY BOROUGH CO BURNLEY BOROUGH CL,500.0,credit,salary,income_employment,Burnley Borough Council £500 credit. Council credits are usually salary (brief); native INCOME_SALARY. Not council_tax.,no,INCOME_SALARY,salary,income_employment,salary,income_employment,T6_native_fallback,yes,yes,yes,yes,government_services,council_tax_government,opus_tiebreak,no,benefits_state,government_services,government_services,unclassified_other,income_other_unspecified
590,v4_unmatched_plaid,plaid,GWR,GWR CATERING  ON 13 AUG CPM Great Western Railways,6.0,debit,restaurant_cafe,eating_drinking_out,OVERRIDE established salary. GWR Catering is onboard/station food spend — same class of error as Esso→salary.,established,DINING_OTHER_DINING,restaurant_cafe,eating_drinking_out,restaurant_cafe,eating_drinking_out,T6_native_fallback,yes,yes,yes,yes,restaurant_cafe,eating_drinking_out,opus_tiebreak,yes,public_transport_rail_coach,catering,restaurant_cafe,,
591,v4_unmatched_plaid,plaid,Amazon,Amazon,27.96,debit,marketplace_amazon,general_retail_marketplaces,Amazon debit.,established,GENERAL_MERCHANDISE_ONLINE_MARKETPLACES,marketplace_general,general_retail_marketplaces,marketplace_amazon,general_retail_marketplaces,T4_dictionary,no,yes,yes,yes,marketplace_amazon,general_retail_marketplaces,gemini_sonnet_agree,yes,marketplace_amazon,marketplace_amazon,marketplace_amazon,,
592,v4_unmatched_plaid,plaid,Amazon,AMAZON* R76EO9VX4  ON 12 JUL BCC AMAZON.CO.UK,4.99,debit,marketplace_amazon,general_retail_marketplaces,Amazon debit.,established,GENERAL_MERCHANDISE_ONLINE_MARKETPLACES,marketplace_general,general_retail_marketplaces,marketplace_amazon,general_retail_marketplaces,T4_dictionary,no,yes,yes,yes,marketplace_amazon,general_retail_marketplaces,gemini_sonnet_agree,yes,marketplace_amazon,marketplace_amazon,marketplace_amazon,,
593,v4_unmatched_plaid,plaid,Asha Shaali Gresory,ASHA SHAALI       GRESORY           VIA MOBILE - PYMT FP 24/09/25 10    50011343576559000N,5.0,debit,transfer_p2p,transfers,Named person Asha Shaali; Gresory (grocery) is a memo.,no,TRANSFER_OUT_OTHER,unclassified_transfer,unclassified,unclassified_transfer,unclassified,T6_native_fallback,no,no,no,no,transfer_p2p,transfers,gemini_sonnet_agree,yes,transfer_p2p,transfer_p2p,transfer_p2p,unclassified_other,transfer_p2p
594,v4_unmatched_plaid,plaid,Transport for London,"TFL TRAVEL CH - VICTORIA STREET, TFL.GOV.UK/CP",4.55,debit,public_transport_rail_coach,transport_motoring,TfL travel charge.,yes,TRAVEL_AND_TRANSPORTATION_PUBLIC_TRANSIT,public_transport_rail_coach,transport_motoring,public_transport_rail_coach,transport_motoring,T4_dictionary,yes,yes,yes,yes,public_transport_rail_coach,transport_motoring,gemini_sonnet_agree,yes,public_transport_rail_coach,public_transport_rail_coach,public_transport_rail_coach,public_transport_rail_coach,public_transport_rail_coach
595,v4_unmatched_plaid,plaid,Healthlottery.co.uk,HEALTHLOTTERY.CO.U,2.5,debit,gambling_lottery,gambling,The Health Lottery. Native pharmacy is wrong.,yes,MEDICAL_PHARMACIES_AND_SUPPLEMENTS,pharmacy,health_medical,gambling_lottery,gambling,T4_dictionary,no,yes,no,yes,gambling_lottery,gambling,gemini_sonnet_agree,yes,gambling_lottery,gambling_lottery,gambling_lottery,gambling_lottery,gambling_lottery
596,v4_unmatched_plaid,plaid,Costa Coffee,Costa Coffee,5.4,debit,restaurant_cafe,eating_drinking_out,Costa Coffee.,yes,DINING_COFFEE,restaurant_cafe,eating_drinking_out,restaurant_cafe,eating_drinking_out,T6_native_fallback,yes,yes,yes,yes,restaurant_cafe,eating_drinking_out,gemini_sonnet_agree,yes,restaurant_cafe,restaurant_cafe,restaurant_cafe,restaurant_cafe,restaurant_cafe
597,v4_unmatched_plaid,plaid,Next Retail LTD,NEXT RETAIL LTD,6.0,debit,clothing_general,clothing_personal_care,OVERRIDE catalogue_retail. Next Retail Ltd £6 is a small till/online clothing purchase; Next Directory/Card would be named.,yes,LOAN_PAYMENTS_PERSONAL_LOAN_PAYMENT,personal_loan_repayment,credit_loan_repayments,retail_finance_repayment,credit_loan_repayments,T4_dictionary,no,no,no,no,clothing_general,clothing_personal_care,gemini_sonnet_agree,yes,clothing_general,clothing_general,clothing_general,catalogue_retail,catalogue_retail
598,v4_unmatched_plaid,plaid,Tidal Vape,Tidal Vape,10.0,debit,vaping,groceries_household_essentials,Tidal Vape.,yes,GENERAL_MERCHANDISE_OTHER_GENERAL_MERCHANDISE,retail_other,general_retail_marketplaces,vaping,groceries_household_essentials,T4_dictionary,no,yes,no,yes,vaping,groceries_household_essentials,gemini_sonnet_agree,yes,vaping,vaping,vaping,vaping,vaping
599,v4_unmatched_plaid,plaid,Craig Tara,CRAIG TARA - RETAI,15.86,debit,convenience_store,groceries_household_essentials,"Craig Tara (Haven) on-site retail at a UK holiday park. Adversarial: CRAIG TARA - RETAI £15.86 is on-park shop spend at Haven Craig Tara, not a holiday package.",yes,TRANSFER_OUT_OTHER,unclassified_transfer,unclassified,unclassified_transfer,unclassified,T6_native_fallback,no,no,no,no,holiday_uk,travel_holidays,opus_tiebreak,no,holiday_uk,retail_other,holiday_uk,holiday_uk,holiday_uk
600,v4_unmatched_plaid,plaid,Icelandair,Iceland Peckham 2,6.25,debit,groceries,groceries_household_essentials,"Iceland Peckham supermarket, not Icelandair. Merchant name is a Plaid collision.",established,FOOD_RETAIL_GROCERIES,groceries,groceries_household_essentials,groceries,groceries_household_essentials,T6_native_fallback,yes,yes,yes,yes,groceries,groceries_household_essentials,gemini_sonnet_agree,yes,groceries,groceries,groceries,,
601,v4_unmatched_plaid,plaid,L&g Insurance,L&G INSURANCE MI 0138285101-250627,50.0,debit,insurance_general,insurance,Legal & General is multi-line; £50 insurance DD. Not insurance_life without a life-only product.,no,INSURANCE_AND_TAX_INSURANCE,insurance_general,insurance,insurance_general,insurance,T4_dictionary,yes,yes,yes,yes,insurance_general,insurance,gemini_sonnet_agree,yes,insurance_general,insurance_general,insurance_general,insurance_general,insurance_life
602,v4_unmatched_plaid,plaid,Ferovinum LTD,FEROVINUM LTD     CAVE              VIA MOBILE - PYMT FP 28/07/25 10    09091741993271000N,315.61,debit,financial_services_other,credit_loan_repayments,"Ferovinum CAVE: wine/spirits inventory platform; CAVE memo. Treat as wine purchase, not a loan. Adversarial: Ferovinum/Fero CAVE is wine inventory-finance, not a wine retailer.",yes,TRANSFER_OUT_OTHER,unclassified_transfer,unclassified,unclassified_transfer,unclassified,T6_native_fallback,no,no,no,no,alcohol_wine,groceries_household_essentials,gemini_sonnet_agree,no,alcohol_wine,alcohol_wine,alcohol_wine,alcohol_wine,alcohol_wine
603,v4_unmatched_plaid,plaid,William Ashcroft,Starling Bank account - I owe William Ashcroft - SortCodeAccountNumber: 60837146173175,40.0,debit,loan_repayment_manual,credit_loan_repayments,OVERRIDE transfer_p2p. Narrative I owe William Ashcroft is an explicit OWE/debt keyword.,yes,TRANSFER_OUT_OTHER,unclassified_transfer,unclassified,transfer_p2p,transfers,T4_dictionary,no,no,no,no,loan_repayment_manual,credit_loan_repayments,gemini_sonnet_agree,yes,loan_repayment_manual,loan_repayment_manual,loan_repayment_manual,transfer_p2p,transfer_p2p
604,v4_unmatched_plaid,plaid,Llantrisant Food Wareh,Llantrisant Food Wareh,23.25,debit,groceries,groceries_household_essentials,Llantrisant Food Warehouse is The Food Warehouse (Iceland fascia).,yes,FOOD_RETAIL_GROCERIES,groceries,groceries_household_essentials,groceries,groceries_household_essentials,T4_dictionary,yes,yes,yes,yes,groceries,groceries_household_essentials,gemini_sonnet_agree,yes,groceries,groceries,groceries,groceries,groceries
605,v4_unmatched_plaid,plaid,Gm Promotions,GM Promotions  ON 05 SEP CPM GM PROMOTIONS,6.5,debit,unclassified_other,unclassified,GM Promotions £6.50. Amusement SIC exists but native public-transit and no unique product; do not force prize_competitions.,yes,TRAVEL_AND_TRANSPORTATION_PUBLIC_TRANSIT,public_transport_rail_coach,transport_motoring,public_transport_rail_coach,transport_motoring,T6_native_fallback,no,no,no,no,unclassified_other,unclassified,gemini_sonnet_agree,yes,unclassified_other,unclassified_other,unclassified_other,unclassified_other,unclassified_other
606,v4_unmatched_plaid,plaid,Ppoint,"PPOINT_*HIGHFIELD ROAD (VIA GOOGLE PAY), ON 17-09-2025",6.54,debit,car_parking,transport_motoring,PPOINT Highfield Road parking terminal.,yes,TRAVEL_AND_TRANSPORTATION_OTHER_TRAVEL_AND_TRANSPORTATION,transport_other,transport_motoring,transport_other,transport_motoring,T6_native_fallback,no,no,yes,yes,convenience_store,groceries_household_essentials,opus_tiebreak,no,convenience_store,unclassified_card_spend,convenience_store,car_parking,car_parking
607,v4_unmatched_plaid,plaid,Mns Late Shop,PPOINT_*MNS LATE S  ON 15 JUL CPM PPOINT_*MNS LATE SHOP,1.85,debit,convenience_store,groceries_household_essentials,MNS Late Shop convenience.,yes,TRAVEL_AND_TRANSPORTATION_OTHER_TRAVEL_AND_TRANSPORTATION,transport_other,transport_motoring,convenience_store,groceries_household_essentials,T4_dictionary,no,yes,no,yes,convenience_store,groceries_household_essentials,gemini_sonnet_agree,yes,convenience_store,convenience_store,convenience_store,convenience_store,convenience_store
608,v4_unmatched_plaid,plaid,Jasmin Hughes,Jasmin Hughes,30.0,debit,transfer_p2p,transfers,Named-person Faster Payment.,yes,TRANSFER_OUT_OTHER,unclassified_transfer,unclassified,unclassified_transfer,unclassified,T6_native_fallback,no,no,no,no,transfer_p2p,transfers,gemini_sonnet_agree,yes,transfer_p2p,transfer_p2p,transfer_p2p,transfer_p2p,transfer_p2p
609,v4_unmatched_plaid,plaid,Easy Saver,TO EASY SAVER 771228-37985360,50.0,debit,savings_transfer,savings_investments,To Easy Saver savings pot.,established,TRANSFER_OUT_SAVINGS,savings_transfer,savings_investments,savings_transfer,savings_investments,T6_native_fallback,yes,yes,yes,yes,savings_transfer,savings_investments,gemini_sonnet_agree,yes,savings_transfer,savings_transfer,savings_transfer,,
610,v4_unmatched_plaid,plaid,Stageco,STAGECOACH,3.0,debit,public_transport_rail_coach,transport_motoring,Stagecoach bus.,yes,TRAVEL_AND_TRANSPORTATION_OTHER_TRAVEL_AND_TRANSPORTATION,transport_other,transport_motoring,transport_other,transport_motoring,T6_native_fallback,no,no,yes,yes,public_transport_rail_coach,transport_motoring,gemini_sonnet_agree,yes,public_transport_rail_coach,public_transport_rail_coach,public_transport_rail_coach,public_transport_rail_coach,public_transport_rail_coach
611,v4_unmatched_plaid,plaid,Topfellas Convenience,TOPFELLAS CONVENIE,6.88,debit,convenience_store,groceries_household_essentials,Topfellas Convenience.,yes,GENERAL_MERCHANDISE_CONVENIENCE_STORES,convenience_store,groceries_household_essentials,convenience_store,groceries_household_essentials,T4_dictionary,yes,yes,yes,yes,convenience_store,groceries_household_essentials,gemini_sonnet_agree,yes,convenience_store,convenience_store,convenience_store,convenience_store,convenience_store
612,v4_unmatched_plaid,plaid,Lynwood & Co Burfo,SQ *LYNWOOD & CO BURFO Lynwood & Co Burfo,29.05,debit,restaurant_cafe,eating_drinking_out,Lynwood & Co Burford is an Australian-style cafe.,yes,DINING_DINING,restaurant_cafe,eating_drinking_out,restaurant_cafe,eating_drinking_out,T6_native_fallback,yes,yes,yes,yes,restaurant_cafe,eating_drinking_out,gemini_sonnet_agree,yes,restaurant_cafe,restaurant_cafe,restaurant_cafe,restaurant_cafe,restaurant_cafe
613,v4_unmatched_plaid,plaid,Amir,Amir Hanif - SortCodeAccountNumber: 04000455757671,1040.0,debit,transfer_p2p,transfers,Named-person Faster Payment.,yes,TRANSFER_OUT_OTHER,unclassified_transfer,unclassified,unclassified_transfer,unclassified,T6_native_fallback,no,no,no,no,transfer_p2p,transfers,gemini_sonnet_agree,yes,transfer_p2p,transfer_p2p,transfer_p2p,transfer_p2p,transfer_p2p
614,v4_unmatched_plaid,plaid,4 Mandate No,"DIRECT DEBIT REVERSAL REF 867707085/4, MANDATE NO 0096",18.17,credit,returned_payment,fees_charges,Direct debit reversal / mandate returned payment.,yes,TRANSFER_IN_OTHER,unclassified_transfer,unclassified,returned_payment,fees_charges,T4_dictionary,no,yes,no,yes,returned_payment,fees_charges,gemini_sonnet_agree,yes,returned_payment,returned_payment,returned_payment,returned_payment,returned_payment
615,v4_unmatched_plaid,plaid,HM Revenue and Customs,HMRC CHILD BENEFIT 08011789,60.55,credit,benefits_state,income_benefits_state_support,HMRC Child Benefit credit.,yes,INCOME_SALARY,salary,income_employment,tax_payment,council_tax_government,T4_dictionary,no,no,no,no,benefits_state,income_benefits_state_support,gemini_sonnet_agree,yes,benefits_state,benefits_state,benefits_state,benefits_state,benefits_state
616,v4_unmatched_plaid,plaid,Wingham Wildlife Ry,WINGHAM WILDLIFE RY25RNZ,5.5,debit,days_out,entertainment_leisure,Wingham Wildlife Park.,yes,ENTERTAINMENT_EVENTS_AND_TICKETS,live_music,entertainment_leisure,live_music,entertainment_leisure,T6_native_fallback,no,no,yes,yes,days_out,entertainment_leisure,gemini_sonnet_agree,yes,days_out,days_out,days_out,days_out,days_out
617,v4_unmatched_plaid,plaid,Sweet Land,Sweet Land,1.5,debit,confectionary,groceries_household_essentials,Sweet Land sweets.,yes,TRANSFER_OUT_OTHER,unclassified_transfer,unclassified,unclassified_transfer,unclassified,T6_native_fallback,no,no,no,no,confectionary,groceries_household_essentials,gemini_sonnet_agree,yes,confectionary,confectionary,confectionary,confectionary,confectionary
618,v4_unmatched_plaid,plaid,Cd Blue Anchor,1993 26JUL25 CD   BLUE ANCHOR       LIVERPOOL GB,4.12,debit,pub_bar,eating_drinking_out,Blue Anchor Liverpool pub. Native insurance is spurious.,yes,INSURANCE_AND_TAX_INSURANCE,insurance_general,insurance,insurance_general,insurance,T6_native_fallback,no,no,no,no,pub_bar,eating_drinking_out,gemini_sonnet_agree,yes,pub_bar,pub_bar,pub_bar,pub_bar,pub_bar
619,v4_unmatched_plaid,plaid,L Jones,L JONES 309555 37788268,150.05,debit,transfer_p2p,transfers,Named-person Faster Payment.,yes,TRANSFER_OUT_OTHER,unclassified_transfer,unclassified,transfer_p2p,transfers,T5_R02,no,yes,no,yes,transfer_p2p,transfers,opus_tiebreak,yes,transfer_p2p,unclassified_other,transfer_p2p,transfer_p2p,transfer_p2p
620,v4_unmatched_plaid,plaid,Cd The Railway,8145 14JUN25 CD   THE RAILWAY       TREDEGAR GB,5.5,debit,pub_bar,eating_drinking_out,"The Railway Tredegar is a pub named The Railway, not rail travel.",yes,TRAVEL_AND_TRANSPORTATION_PUBLIC_TRANSIT,public_transport_rail_coach,transport_motoring,public_transport_rail_coach,transport_motoring,T6_native_fallback,no,no,no,no,pub_bar,eating_drinking_out,gemini_sonnet_agree,yes,pub_bar,pub_bar,pub_bar,pub_bar,pub_bar
621,v4_unmatched_plaid,plaid,Jp News & Booze,JP NEWS & BOOZE,1.65,debit,convenience_store,groceries_household_essentials,JP News & Booze is a newsagent/off-licence convenience shop; £1.65 mixed basket so not forced alcohol.,no,FOOD_RETAIL_LIQUOR_STORES,alcohol_beer_spirits,groceries_household_essentials,alcohol_beer_spirits,groceries_household_essentials,T6_native_fallback,no,no,yes,yes,convenience_store,groceries_household_essentials,gemini_sonnet_agree,yes,convenience_store,convenience_store,convenience_store,convenience_store,alcohol_beer_spirits
622,v4_unmatched_plaid,plaid,T K Maxx,7826 30AUG25 CD   T K MAXX          METRO CENTRE GB,40.19,debit,clothing_general,clothing_personal_care,TK Maxx clothing/off-price apparel.,yes,GENERAL_MERCHANDISE_APPAREL_AND_ACCESSORIES,clothing_general,clothing_personal_care,clothing_general,clothing_personal_care,T6_native_fallback,yes,yes,yes,yes,clothing_general,clothing_personal_care,opus_tiebreak,yes,department_store,clothing_general,clothing_general,clothing_general,clothing_general
623,v4_unmatched_plaid,plaid,Tiktok Shop,TikTok Shop,16.9,debit,marketplace_general,general_retail_marketplaces,"TikTok Shop debit (spend, not seller payout).",yes,GENERAL_MERCHANDISE_ONLINE_MARKETPLACES,marketplace_general,general_retail_marketplaces,marketplace_general,general_retail_marketplaces,T6_native_fallback,yes,yes,yes,yes,marketplace_general,general_retail_marketplaces,gemini_sonnet_agree,yes,marketplace_general,marketplace_general,marketplace_general,marketplace_general,marketplace_general
624,v4_unmatched_plaid,plaid,Miss Elise M Gallagher,Miss Elise M Gallagher Miss Elise M Galla,0.96,debit,transfer_p2p,transfers,Named-person Faster Payment.,yes,TRANSFER_OUT_OTHER,unclassified_transfer,unclassified,transfer_p2p,transfers,T4_dictionary,no,yes,no,yes,transfer_p2p,transfers,gemini_sonnet_agree,yes,transfer_p2p,transfer_p2p,transfer_p2p,transfer_p2p,transfer_p2p
625,v4_unmatched_plaid,plaid,JD Wetherspoon,8145 12SEP25  D   JD WETHERSPOON    WATFORD GB,3.69,debit,pub_bar,eating_drinking_out,JD Wetherspoon.,yes,DINING_DINING,restaurant_cafe,eating_drinking_out,restaurant_cafe,eating_drinking_out,T6_native_fallback,no,no,yes,yes,pub_bar,eating_drinking_out,gemini_sonnet_agree,yes,pub_bar,pub_bar,pub_bar,pub_bar,pub_bar
626,v4_unmatched_plaid,plaid,That Prize Guy LTD,That Prize Guy Ltd,0.9,debit,prize_competitions,gambling,That Prize Guy Ltd prize-draw.,yes,ENTERTAINMENT_CASINOS_AND_GAMBLING,gambling_unspecified,gambling,prize_competitions,gambling,T4_dictionary,no,yes,yes,yes,prize_competitions,gambling,gemini_sonnet_agree,yes,prize_competitions,prize_competitions,prize_competitions,prize_competitions,prize_competitions
627,v4_unmatched_plaid,plaid,Little Ast,Contactless Payment LITTLE ASTRONAUTS,6.6,debit,days_out,entertainment_leisure,Little Astronauts Hull is a space-themed soft-play/family entertainment venue.,yes,DINING_DINING,restaurant_cafe,eating_drinking_out,restaurant_cafe,eating_drinking_out,T6_native_fallback,no,no,no,no,unclassified_other,unclassified,opus_tiebreak,no,days_out,toys,unclassified_other,restaurant_cafe,restaurant_cafe
628,v4_unmatched_plaid,plaid,Kal-el C Oliver Food,KAL-EL C OLIVER  FOOD FT,6.38,debit,transfer_p2p,transfers,Named person Kal-El C Oliver; Food is a memo.,yes,DINING_DINING,restaurant_cafe,eating_drinking_out,restaurant_cafe,eating_drinking_out,T6_native_fallback,no,no,no,no,unclassified_other,unclassified,opus_tiebreak,no,transfer_p2p,unclassified_other,unclassified_other,transfer_p2p,transfer_p2p
629,v4_unmatched_plaid,plaid,U.S. Post Office,Post Office,8.75,debit,delivery_courier,general_retail_marketplaces,Small Post Office contactless is postage/parcel (Plaid U.S. Post Office mislabel).,yes,GENERAL_SERVICES_OTHER_SERVICES,business_services,business_self_employment,delivery_courier,general_retail_marketplaces,T4_dictionary,no,yes,no,yes,delivery_courier,general_retail_marketplaces,gemini_sonnet_agree,yes,delivery_courier,delivery_courier,delivery_courier,delivery_courier,delivery_courier
630,v4_unmatched_plaid,plaid,Raylo,RAYLO,27.84,debit,retail_finance_repayment,credit_loan_repayments,Raylo device-finance repayment.,yes,GENERAL_MERCHANDISE_ONLINE_MARKETPLACES,marketplace_general,general_retail_marketplaces,retail_finance_repayment,credit_loan_repayments,T4_dictionary,no,yes,no,yes,retail_finance_repayment,credit_loan_repayments,gemini_sonnet_agree,yes,retail_finance_repayment,retail_finance_repayment,retail_finance_repayment,retail_finance_repayment,retail_finance_repayment
631,v4_unmatched_plaid,plaid,Vue,"VUE CINEMAS (VIA APPLE PAY), ON 08-10-2025",6.78,debit,cinema,entertainment_leisure,Vue Cinemas.,yes,ENTERTAINMENT_MUSIC_VIDEO_GAMES_TV_AND_MOVIES,entertainment_other,entertainment_leisure,entertainment_other,entertainment_leisure,T6_native_fallback,no,no,yes,yes,cinema,entertainment_leisure,gemini_sonnet_agree,yes,cinema,cinema,cinema,cinema,cinema
632,v4_unmatched_plaid,plaid,Plumstead,Plumstead Market from Bus 2.0 Pot,3.87,debit,groceries,groceries_household_essentials,Plumstead Market food shopping (from a bus pot).,yes,FOOD_RETAIL_GROCERIES,groceries,groceries_household_essentials,groceries,groceries_household_essentials,T6_native_fallback,yes,yes,yes,yes,unclassified_other,unclassified,opus_tiebreak,no,groceries,unclassified_other,unclassified_other,groceries,groceries
633,v4_unmatched_plaid,plaid,HM Revenue and Customs,HMRC CHILD BENEFIT 05712230,26.05,credit,benefits_state,income_benefits_state_support,HMRC Child Benefit credit.,yes,INCOME_SALARY,salary,income_employment,tax_payment,council_tax_government,T4_dictionary,no,no,no,no,benefits_state,income_benefits_state_support,gemini_sonnet_agree,yes,benefits_state,benefits_state,benefits_state,benefits_state,benefits_state
634,v4_unmatched_plaid,plaid,Mirage Amusements,MIRAGE AMUSEMENTS  ON 17 OCT CLP,10.0,debit,gambling_unspecified,gambling,Mirage Amusements is a seaside arcade/adult gaming centre with fruit machines; £10 stake. Not days_out.,no,ENTERTAINMENT_OTHER_ENTERTAINMENT,entertainment_other,entertainment_leisure,entertainment_other,entertainment_leisure,T6_native_fallback,no,no,no,no,entertainment_other,entertainment_leisure,opus_tiebreak,no,entertainment_other,gambling_unspecified,entertainment_other,days_out,gambling_unspecified
635,v4_unmatched_plaid,plaid,Hilltop Vending So,Nya*hilltop Vending So,1.0,debit,confectionary,groceries_household_essentials,Hilltop Vending snack.,yes,FOOD_RETAIL_OTHER,groceries,groceries_household_essentials,groceries,groceries_household_essentials,T6_native_fallback,no,no,yes,yes,confectionary,groceries_household_essentials,gemini_sonnet_agree,yes,confectionary,confectionary,confectionary,confectionary,confectionary
636,v4_unmatched_plaid,plaid,Migo Sports,Migo Sports,72.0,debit,sports_equipment,entertainment_leisure,Migo Sports Glasgow sells sports kit/equipment.,yes,GENERAL_MERCHANDISE_SPORTING_GOODS,sportswear,clothing_personal_care,sportswear,clothing_personal_care,T6_native_fallback,no,no,no,no,sports_equipment,entertainment_leisure,opus_tiebreak,yes,sports_equipment,sportswear,sports_equipment,sports_equipment,sports_equipment
637,v4_unmatched_plaid,plaid,Ultimate Shine Win,ULTIMATE SHINE WIN 100000001612275274,16.0,debit,carwash,transport_motoring,Ultimate Shine valeting/carwash.,yes,TRAVEL_AND_TRANSPORTATION_AUTOMOTIVE,vehicle_maintenance,transport_motoring,vehicle_maintenance,transport_motoring,T6_native_fallback,no,no,yes,yes,carwash,transport_motoring,opus_tiebreak,yes,carwash,unclassified_other,carwash,carwash,carwash
638,v4_unmatched_plaid,plaid,Charlotte Davies Charlie,CHARLOTTE DAVIES  CHARLIE           VIA MOBILE - PYMT FP 22/07/25 10    59090658672368000N,50.0,debit,transfer_p2p,transfers,Named person; native credit-card payment is spurious.,yes,LOAN_PAYMENTS_CREDIT_CARD_PAYMENT,credit_card_repayment,credit_loan_repayments,credit_card_repayment,credit_loan_repayments,T6_native_fallback,no,no,no,no,transfer_p2p,transfers,gemini_sonnet_agree,yes,transfer_p2p,transfer_p2p,transfer_p2p,transfer_p2p,transfer_p2p
639,v4_unmatched_plaid,plaid,David Bean Flat,David Bean Flat6Rent,115.0,debit,rent,housing,David Bean Flat6Rent is rent to a named landlord.,yes,RENT_AND_UTILITIES_RENT,rent,housing,rent,housing,T4_dictionary,yes,yes,yes,yes,rent,housing,gemini_sonnet_agree,yes,rent,rent,rent,rent,rent
640,v4_unmatched_plaid,plaid,The Heart Of Walton,THE HEART OF WALTO  ON 11 AUG CPM THE HEART OF WALTON,1.5,debit,restaurant_cafe,eating_drinking_out,The Heart of Walton £1.50 dining native; likely a local cafe.,yes,DINING_DINING,restaurant_cafe,eating_drinking_out,pub_bar,eating_drinking_out,T4_dictionary,yes,no,yes,yes,pub_bar,eating_drinking_out,opus_tiebreak,no,car_parking,pub_bar,pub_bar,restaurant_cafe,restaurant_cafe
641,v4_unmatched_plaid,plaid,Pizza Pilgrims,Pizza Pilgrims       )))),31.5,debit,restaurant_cafe,eating_drinking_out,Pizza Pilgrims is a sit-down pizza restaurant.,yes,DINING_DINING,restaurant_cafe,eating_drinking_out,restaurant_cafe,eating_drinking_out,T4_dictionary,yes,yes,yes,yes,restaurant_cafe,eating_drinking_out,gemini_sonnet_agree,yes,restaurant_cafe,restaurant_cafe,restaurant_cafe,restaurant_cafe,restaurant_cafe
642,v4_unmatched_plaid,plaid,Knoops,Contactless Payment Knoops APPLEPAY 8005,5.45,debit,restaurant_cafe,eating_drinking_out,Knoops is a chocolate-drink cafe. Override Haiku unclassified.,no,GENERAL_MERCHANDISE_OTHER_GENERAL_MERCHANDISE,retail_other,general_retail_marketplaces,retail_other,general_retail_marketplaces,T6_native_fallback,no,no,no,no,restaurant_cafe,eating_drinking_out,gemini_sonnet_agree,yes,restaurant_cafe,restaurant_cafe,restaurant_cafe,unclassified_other,restaurant_cafe
643,v4_unmatched_plaid,plaid,Jump Inc,Jump Inc Liverpool CD 3103,4.95,debit,days_out,entertainment_leisure,Jump Inc Liverpool trampoline park.,yes,TRAVEL_AND_TRANSPORTATION_OTHER_TRAVEL_AND_TRANSPORTATION,transport_other,transport_motoring,transport_other,transport_motoring,T6_native_fallback,no,no,no,no,days_out,entertainment_leisure,gemini_sonnet_agree,yes,days_out,days_out,days_out,days_out,days_out
644,v4_unmatched_plaid,plaid,Amazon,AMAZON* T12US1AC5 Amazon,18.8,debit,marketplace_amazon,general_retail_marketplaces,Amazon debit.,established,GENERAL_MERCHANDISE_ONLINE_MARKETPLACES,marketplace_general,general_retail_marketplaces,marketplace_amazon,general_retail_marketplaces,T4_dictionary,no,yes,yes,yes,marketplace_amazon,general_retail_marketplaces,gemini_sonnet_agree,yes,marketplace_amazon,marketplace_amazon,marketplace_amazon,,
645,v4_unmatched_plaid,plaid,Off Licence Gs Wi,PPOINT_*OFF LICENC,2.65,debit,alcohol_beer_spirits,groceries_household_essentials,Off licence PayPoint.,yes,TRAVEL_AND_TRANSPORTATION_OTHER_TRAVEL_AND_TRANSPORTATION,transport_other,transport_motoring,transport_other,transport_motoring,T6_native_fallback,no,no,no,no,alcohol_beer_spirits,groceries_household_essentials,gemini_sonnet_agree,yes,alcohol_beer_spirits,alcohol_beer_spirits,alcohol_beer_spirits,alcohol_beer_spirits,alcohol_beer_spirits
646,v4_unmatched_plaid,plaid,L&g Insurance,L&G INSURANCE MI 0267376457-250826,10.38,debit,insurance_general,insurance,Legal & General multi-line insurance DD.,yes,INSURANCE_AND_TAX_INSURANCE,insurance_general,insurance,insurance_general,insurance,T4_dictionary,yes,yes,yes,yes,insurance_general,insurance,gemini_sonnet_agree,yes,insurance_general,insurance_general,insurance_general,insurance_general,insurance_general
647,v4_unmatched_plaid,plaid,COOP,EOE COOP FOOD,4.0,debit,groceries,groceries_household_essentials,Co-op Food.,established,FOOD_RETAIL_GROCERIES,groceries,groceries_household_essentials,groceries,groceries_household_essentials,T6_native_fallback,yes,yes,yes,yes,groceries,groceries_household_essentials,gemini_sonnet_agree,yes,groceries,groceries,groceries,,
648,v4_unmatched_plaid,plaid,Esme,ESME 400000001622815889,10.0,debit,transfer_p2p,transfers,"OVERRIDE unclassified. Esme is a personal first-name Faster Payment, same pattern as Sadie.",yes,TRANSFER_OUT_OTHER,unclassified_transfer,unclassified,unclassified_transfer,unclassified,T6_native_fallback,no,no,no,no,unclassified_other,unclassified,gemini_sonnet_agree,no,unclassified_other,unclassified_other,unclassified_other,unclassified_other,unclassified_other
649,v4_unmatched_plaid,plaid,Apple,0869 14JUN25      APPLE.COM/BILL    08001076285 IE,1.99,debit,software,digital_subscriptions_services,Apple.com/bill.,established,GENERAL_MERCHANDISE_COMPUTERS_AND_ELECTRONICS,computing_devices,general_retail_marketplaces,software,digital_subscriptions_services,T4_dictionary,no,yes,no,yes,software,digital_subscriptions_services,gemini_sonnet_agree,yes,software,software,software,,
650,v4_unmatched_plaid,plaid,Cd Thrive Total,2368 28JUL25 CD   THRIVE TOTAL      FITNESS           WIGAN GB,5.2,debit,gym_fitness,health_medical,Thrive Total Fitness Wigan gym.,yes,PERSONAL_CARE_GYMS_AND_FITNESS_CENTERS,gym_fitness,health_medical,gym_fitness,health_medical,T4_dictionary,yes,yes,yes,yes,gym_fitness,health_medical,gemini_sonnet_agree,yes,gym_fitness,gym_fitness,gym_fitness,gym_fitness,gym_fitness
651,v4_unmatched_plaid,plaid,Dvla-av,Dvla-av70ojj Driver & Vehicle Licensing Agency,17.09,debit,road_tax,transport_motoring,"DVLA plus vehicle reg AV70OJJ £17.09 matches monthly VED Direct Debit, not MOT (MOT is not billed by DVLA).",no,GOVERNMENTS_AND_NON_PROFIT_GOVERNMENTS_AND_NON_PROFIT,council_tax,council_tax_government,road_tax,transport_motoring,T4_dictionary,no,yes,no,yes,road_tax,transport_motoring,gemini_sonnet_agree,yes,road_tax,road_tax,road_tax,vehicle_mot,road_tax
652,v4_unmatched_plaid,plaid,McDonald's,MCDONALDS 1361  ON 01 AUG CPM McDonald's,4.79,debit,takeaway,eating_drinking_out,McDonald's debit.,yes,DINING_DINING,restaurant_cafe,eating_drinking_out,takeaway,eating_drinking_out,T4_dictionary,no,yes,yes,yes,takeaway,eating_drinking_out,gemini_sonnet_agree,yes,takeaway,takeaway,takeaway,takeaway,takeaway
653,v4_unmatched_plaid,plaid,Apple,APPLE.COM/BILL,9.99,debit,software,digital_subscriptions_services,Apple.com/bill.,established,GENERAL_MERCHANDISE_COMPUTERS_AND_ELECTRONICS,computing_devices,general_retail_marketplaces,software,digital_subscriptions_services,T4_dictionary,no,yes,no,yes,software,digital_subscriptions_services,gemini_sonnet_agree,yes,software,software,software,,
654,v4_unmatched_plaid,plaid,Duelz,duelz.com Duelz,20.5,debit,gambling_casino,gambling,duelz.com is a UKGC-licensed online casino (SuprPlay).,established,ENTERTAINMENT_CASINOS_AND_GAMBLING,gambling_unspecified,gambling,gambling_unspecified,gambling,T6_native_fallback,no,no,yes,yes,gambling_casino,gambling,gemini_sonnet_agree,yes,gambling_casino,gambling_casino,gambling_casino,,
655,v4_unmatched_plaid,plaid,Electrajet,NYA*Electrajet,2.0,debit,carwash,transport_motoring,"OVERRIDE unclassified. NYA*Electrajet £2 is Electrajet forecourt vacuum/jet-wash, not a flight.",yes,TRAVEL_AND_TRANSPORTATION_FLIGHTS,flights,travel_holidays,flights,travel_holidays,T6_native_fallback,no,no,no,no,unclassified_other,unclassified,opus_tiebreak,no,carwash,fuel,unclassified_other,unclassified_other,unclassified_other
656,v4_unmatched_plaid,plaid,Diamond Bus Limited,Diamond Bus Limite,3.0,debit,public_transport_rail_coach,transport_motoring,Diamond Bus.,yes,TRAVEL_AND_TRANSPORTATION_PUBLIC_TRANSIT,public_transport_rail_coach,transport_motoring,public_transport_rail_coach,transport_motoring,T4_dictionary,yes,yes,yes,yes,public_transport_rail_coach,transport_motoring,gemini_sonnet_agree,yes,public_transport_rail_coach,public_transport_rail_coach,public_transport_rail_coach,public_transport_rail_coach,public_transport_rail_coach
657,v4_unmatched_plaid,plaid,Docklands Light Ra,DOCKLANDS LIGHT RA,5.0,debit,public_transport_rail_coach,transport_motoring,Docklands Light Railway.,yes,TRANSFER_OUT_OTHER,unclassified_transfer,unclassified,public_transport_rail_coach,transport_motoring,T4_dictionary,no,yes,no,yes,public_transport_rail_coach,transport_motoring,gemini_sonnet_agree,yes,public_transport_rail_coach,public_transport_rail_coach,public_transport_rail_coach,public_transport_rail_coach,public_transport_rail_coach
658,v4_unmatched_plaid,plaid,HM Revenue and Customs,Hmrc Child Benefit Child Benefit,104.2,credit,benefits_state,income_benefits_state_support,HMRC Child Benefit credit.,yes,INCOME_SALARY,salary,income_employment,tax_payment,council_tax_government,T4_dictionary,no,no,no,no,benefits_state,income_benefits_state_support,gemini_sonnet_agree,yes,benefits_state,benefits_state,benefits_state,benefits_state,benefits_state
659,v4_unmatched_plaid,plaid,Current,200206 93160610  MOBILE-CHANNEL FT Barclays current account,350.0,debit,transfer_bank_unspecified,transfers,Faster Payment to a Barclays current account £350; purpose unknown. Prefer this over unclassified_transfer/other.,no,TRANSFER_OUT_OTHER,unclassified_transfer,unclassified,unclassified_other,unclassified,T4_dictionary,no,no,no,no,unclassified_other,unclassified,opus_tiebreak,no,transfer_own_account,unclassified_other,unclassified_other,unclassified_transfer,unclassified_other
660,v4_unmatched_plaid,plaid,Amazon,Amazon.co.uk*RC2VL78G4,13.07,debit,marketplace_amazon,general_retail_marketplaces,Amazon debit.,established,GENERAL_MERCHANDISE_ONLINE_MARKETPLACES,marketplace_general,general_retail_marketplaces,marketplace_amazon,general_retail_marketplaces,T4_dictionary,no,yes,yes,yes,marketplace_amazon,general_retail_marketplaces,gemini_sonnet_agree,yes,marketplace_amazon,marketplace_amazon,marketplace_amazon,,
661,v4_unmatched_plaid,plaid,Hounslow Bazaar,Hounslow bazaar,1.99,debit,groceries_specialist,groceries_household_essentials,Hounslow Bazaar is a world-food grocer.,no,GENERAL_SERVICES_OTHER_SERVICES,business_services,business_self_employment,business_services,business_self_employment,T6_native_fallback,no,no,no,no,groceries_specialist,groceries_household_essentials,opus_tiebreak,yes,discount_store,convenience_store,groceries_specialist,groceries_specialist,retail_small_independent
662,v4_unmatched_plaid,plaid,Mclean E Harper Sto,MCLEAN E  HARPER STO,30.0,debit,unclassified_other,unclassified,McLean E Harper Sto is two names plus STO memo; cannot tell person vs shop.,yes,TRANSFER_OUT_OTHER,unclassified_transfer,unclassified,unclassified_transfer,unclassified,T6_native_fallback,no,no,yes,yes,unclassified_other,unclassified,opus_tiebreak,yes,convenience_store,unclassified_other,unclassified_other,unclassified_other,unclassified_other
663,v4_unmatched_plaid,plaid,Amazon,Amazon,9.99,debit,marketplace_amazon,general_retail_marketplaces,Amazon debit.,established,GENERAL_MERCHANDISE_ONLINE_MARKETPLACES,marketplace_general,general_retail_marketplaces,marketplace_amazon,general_retail_marketplaces,T4_dictionary,no,yes,yes,yes,marketplace_amazon,general_retail_marketplaces,gemini_sonnet_agree,yes,marketplace_amazon,marketplace_amazon,marketplace_amazon,,
664,v4_unmatched_plaid,plaid,SkyBet,SKY BET  ON 30 AUG CPM,10.0,debit,gambling_betting,gambling,Sky Bet debit.,yes,ENTERTAINMENT_CASINOS_AND_GAMBLING,gambling_unspecified,gambling,gambling_betting,gambling,T4_dictionary,no,yes,yes,yes,gambling_betting,gambling,gemini_sonnet_agree,yes,gambling_betting,gambling_betting,gambling_betting,gambling_betting,gambling_betting
665,v4_unmatched_plaid,plaid,Icelandair,ICELAND  ON 05 AUG CPM,11.6,debit,groceries,groceries_household_essentials,Iceland supermarket (not the airline).,established,FOOD_RETAIL_GROCERIES,groceries,groceries_household_essentials,groceries,groceries_household_essentials,T6_native_fallback,yes,yes,yes,yes,groceries,groceries_household_essentials,opus_tiebreak,yes,groceries,flights,groceries,,
666,v4_unmatched_plaid,plaid,McDonald's,MCDONALDS,5.12,debit,takeaway,eating_drinking_out,McDonald's debit.,yes,DINING_DINING,restaurant_cafe,eating_drinking_out,takeaway,eating_drinking_out,T4_dictionary,no,yes,yes,yes,takeaway,eating_drinking_out,gemini_sonnet_agree,yes,takeaway,takeaway,takeaway,takeaway,takeaway
667,v4_unmatched_plaid,plaid,Sullivan Buses,Contactless Payment Sullivan Buses GOOGLE 6048 2025-09-21,7.6,debit,public_transport_rail_coach,transport_motoring,Sullivan Buses. Native dining is wrong.,yes,DINING_DINING,restaurant_cafe,eating_drinking_out,public_transport_rail_coach,transport_motoring,T4_dictionary,no,yes,no,yes,public_transport_rail_coach,transport_motoring,gemini_sonnet_agree,yes,public_transport_rail_coach,public_transport_rail_coach,public_transport_rail_coach,public_transport_rail_coach,public_transport_rail_coach
668,v4_unmatched_plaid,plaid,Roll N One,Zettle_*roll N One L,7.2,debit,restaurant_cafe,eating_drinking_out,Zettle Roll N One £7.20 dining native. Food-service merchant; not uniquely takeaway vs eat-in.,no,DINING_DINING,restaurant_cafe,eating_drinking_out,restaurant_cafe,eating_drinking_out,T6_native_fallback,yes,yes,yes,yes,restaurant_cafe,eating_drinking_out,opus_tiebreak,yes,takeaway,restaurant_cafe,restaurant_cafe,restaurant_cafe,takeaway
669,v4_unmatched_plaid,plaid,Chennai,1203 26OCT25 CD   SUMUP  *CHENNAI   DUM BI            BIRMINGHAM GB,57.91,debit,restaurant_cafe,eating_drinking_out,SumUp Chennai Dum Biryani Birmingham Indian restaurant.,yes,DINING_DINING,restaurant_cafe,eating_drinking_out,restaurant_cafe,eating_drinking_out,T6_native_fallback,yes,yes,yes,yes,restaurant_cafe,eating_drinking_out,gemini_sonnet_agree,yes,restaurant_cafe,restaurant_cafe,restaurant_cafe,restaurant_cafe,restaurant_cafe
670,v4_unmatched_plaid,plaid,Electraworks LTD,ELECTRAWORKS LTD  ON 30 AUG CPM,5.0,debit,gambling_casino,gambling,Electraworks Ltd is Entain/bwin casino entity.,yes,ENTERTAINMENT_CASINOS_AND_GAMBLING,gambling_unspecified,gambling,gambling_casino,gambling,T4_dictionary,no,yes,yes,yes,gambling_casino,gambling,gemini_sonnet_agree,yes,gambling_casino,gambling_casino,gambling_casino,gambling_casino,gambling_casino
671,v4_unmatched_plaid,plaid,Kings,Premier Kings Road,7.64,debit,groceries,groceries_household_essentials,Premier Kings Road is Premier symbol-group grocer (brief: Premier → groceries).,no,TRAVEL_AND_TRANSPORTATION_OTHER_TRAVEL_AND_TRANSPORTATION,transport_other,transport_motoring,transport_other,transport_motoring,T6_native_fallback,no,no,no,no,groceries,groceries_household_essentials,gemini_sonnet_agree,yes,groceries,groceries,groceries,groceries,convenience_store
672,v4_unmatched_plaid,plaid,Emma Jane Kemp,EMMA JANE KEMP 300000001604726983,10.0,debit,transfer_p2p,transfers,Named-person Faster Payment.,yes,TRANSFER_OUT_OTHER,unclassified_transfer,unclassified,transfer_p2p,transfers,T4_dictionary,no,yes,no,yes,transfer_p2p,transfers,gemini_sonnet_agree,yes,transfer_p2p,transfer_p2p,transfer_p2p,transfer_p2p,transfer_p2p
673,v4_unmatched_plaid,plaid,Benjiman Varrier,BENJIMAN VARRIER 200000001620969497,3.98,debit,transfer_p2p,transfers,Named-person Faster Payment.,yes,TRANSFER_OUT_OTHER,unclassified_transfer,unclassified,transfer_p2p,transfers,T4_dictionary,no,yes,no,yes,transfer_p2p,transfers,gemini_sonnet_agree,yes,transfer_p2p,transfer_p2p,transfer_p2p,transfer_p2p,transfer_p2p
674,v4_unmatched_plaid,plaid,Grab,www.grab.com,0.99,debit,unclassified_other,unclassified,www.grab.com £0.99. Grab is a SEA super-app (rides + food); £0.99 could be card-verify or either product. Do not force taxi vs takeaway.,no,DINING_DINING,restaurant_cafe,eating_drinking_out,restaurant_cafe,eating_drinking_out,T6_native_fallback,no,no,no,no,taxi_rideshare,transport_motoring,gemini_sonnet_agree,no,taxi_rideshare,taxi_rideshare,taxi_rideshare,taxi_rideshare,takeaway
675,v4_unmatched_plaid,plaid,MRS,MRS LISA LIPTROT 500000001601066822,10.0,debit,transfer_p2p,transfers,Named-person Faster Payment.,yes,TRANSFER_OUT_OTHER,unclassified_transfer,unclassified,unclassified_transfer,unclassified,T6_native_fallback,no,no,no,no,transfer_p2p,transfers,gemini_sonnet_agree,yes,transfer_p2p,transfer_p2p,transfer_p2p,transfer_p2p,transfer_p2p
676,v4_unmatched_plaid,plaid,Cd Pdsa Aston Pet Hospita,6861 02JUL25 CD   PDSA ASTON PET    HOSPITA           BIRMINGHAM GB,30.0,debit,veterinary,pets,PDSA Aston Pet Hospital Birmingham is a veterinary hospital.,established,PET_CARE_AND_SUPPLIES_VETERINARY_SERVICES,veterinary,pets,veterinary,pets,T6_native_fallback,yes,yes,yes,yes,veterinary,pets,gemini_sonnet_agree,yes,veterinary,veterinary,veterinary,,
677,v4_unmatched_plaid,plaid,Olivecateringservi,NYX*OliveCateringS  ON 21 JUL CLP NYX*OLIVECATERINGSERVI,0.95,debit,catering,eating_drinking_out,NYX OliveCateringServi is workplace catering (Olive Catering).,yes,DINING_OTHER_DINING,restaurant_cafe,eating_drinking_out,restaurant_cafe,eating_drinking_out,T6_native_fallback,no,no,yes,yes,catering,eating_drinking_out,gemini_sonnet_agree,yes,catering,catering,catering,catering,catering
678,v4_unmatched_plaid,plaid,Stagecoach Services,STAGECOACH SERVICE  ON 18 AUG CPM STAGECOACH SERVICES LI,3.0,debit,public_transport_rail_coach,transport_motoring,Stagecoach bus fare.,yes,TRAVEL_AND_TRANSPORTATION_PUBLIC_TRANSIT,public_transport_rail_coach,transport_motoring,public_transport_rail_coach,transport_motoring,T6_native_fallback,yes,yes,yes,yes,public_transport_rail_coach,transport_motoring,gemini_sonnet_agree,yes,public_transport_rail_coach,public_transport_rail_coach,public_transport_rail_coach,public_transport_rail_coach,public_transport_rail_coach
679,v4_unmatched_plaid,plaid,Freedom Leisure Su,FREEDOM LEISURE SU,7.2,debit,gym_fitness,health_medical,Freedom Leisure is a leisure-centre / gym operator.,yes,ENTERTAINMENT_EVENTS_AND_TICKETS,live_music,entertainment_leisure,gym_fitness,health_medical,T4_dictionary,no,yes,no,yes,gym_fitness,health_medical,gemini_sonnet_agree,yes,gym_fitness,gym_fitness,gym_fitness,gym_fitness,gym_fitness
680,v4_unmatched_plaid,plaid,Coffee Welshpool,Coffee            Welshpool,3.2,debit,restaurant_cafe,eating_drinking_out,Coffee shop in Welshpool.,yes,DINING_COFFEE,restaurant_cafe,eating_drinking_out,restaurant_cafe,eating_drinking_out,T6_native_fallback,yes,yes,yes,yes,restaurant_cafe,eating_drinking_out,gemini_sonnet_agree,yes,restaurant_cafe,restaurant_cafe,restaurant_cafe,restaurant_cafe,restaurant_cafe
681,v4_unmatched_plaid,plaid,Johnson Fitness & Wellness,"JOHNSONS BUILDERS MERC - U 3 MARDLE WAY BUSIN, BUCKFASTLEIGH",24.3,debit,home_improvement,home_garden,"Plaid merchant is Johnson Fitness but narrative is JOHNSONS BUILDERS MERC, Unit 3 Mardle Way, Buckfastleigh — a builders merchant.",no,GENERAL_MERCHANDISE_FURNITURE_AND_HARDWARE,home_accessories,home_garden,home_accessories,home_garden,T6_native_fallback,no,no,yes,yes,home_improvement,home_garden,gemini_sonnet_agree,yes,home_improvement,home_improvement,home_improvement,unclassified_other,home_improvement
682,v4_unmatched_plaid,plaid,Cubbins Attractions Tw,CUBBINS ATTRACTION  ON 27 SEP CPM CUBBINS ATTRACTIONS TW,5.0,debit,days_out,entertainment_leisure,Cubbins Attractions is a travelling fairground family.,yes,INSURANCE_AND_TAX_INSURANCE,insurance_general,insurance,insurance_general,insurance,T6_native_fallback,no,no,no,no,days_out,entertainment_leisure,gemini_sonnet_agree,yes,days_out,days_out,days_out,days_out,days_out
683,v4_unmatched_plaid,plaid,Dracula Market LTD,Dracula Market Ltd  ON 31 AUG CPM DRACULA MARKET LTD,11.79,debit,groceries_specialist,groceries_household_essentials,Dracula Market Ltd is a Barnsley food shop (SIC 47110) with a Romanian/world-food fascia; specialist grocer rather than a supermarket.,no,FOOD_RETAIL_GROCERIES,groceries,groceries_household_essentials,groceries,groceries_household_essentials,T6_native_fallback,no,no,yes,yes,unclassified_other,unclassified,opus_tiebreak,no,groceries_specialist,retail_other,unclassified_other,groceries_specialist,groceries
684,v4_unmatched_plaid,plaid,Red Cars Taxis,Red Cars Taxis,3.0,debit,taxi_rideshare,transport_motoring,Red Cars Taxis.,yes,TRAVEL_AND_TRANSPORTATION_TAXIS_AND_RIDE_SHARES,taxi_rideshare,transport_motoring,taxi_rideshare,transport_motoring,T4_dictionary,yes,yes,yes,yes,taxi_rideshare,transport_motoring,gemini_sonnet_agree,yes,taxi_rideshare,taxi_rideshare,taxi_rideshare,taxi_rideshare,taxi_rideshare
685,v4_unmatched_plaid,plaid,Royalmailgr,2787 05OCT25      PAYPAL            *ROYALMAILGR      07853348269 GB,1411.42,debit,delivery_courier,general_retail_marketplaces,PayPal *ROYALMAILGR — underlying merchant is Royal Mail postage.,yes,GENERAL_SERVICES_OTHER_SERVICES,business_services,business_self_employment,business_services,business_self_employment,T6_native_fallback,no,no,no,no,delivery_courier,general_retail_marketplaces,gemini_sonnet_agree,yes,delivery_courier,delivery_courier,delivery_courier,delivery_courier,delivery_courier
686,v4_unmatched_plaid,plaid,Alfie Harrison,ALFIE HARRISON    X                 VIA MOBILE - PYMT FP 13/08/25 10    23193247847379000N,10.0,debit,transfer_p2p,transfers,Named person Alfie Harrison; mobile FPS; no other purpose.,yes,TRANSFER_OUT_OTHER,unclassified_transfer,unclassified,transfer_p2p,transfers,T4_dictionary,no,yes,no,yes,transfer_p2p,transfers,gemini_sonnet_agree,yes,transfer_p2p,transfer_p2p,transfer_p2p,transfer_p2p,transfer_p2p
687,v4_unmatched_plaid,plaid,Tesco Petrol,TESCO PFS 2004  ON 19 AUG CLP Tesco - Fuel,5.7,debit,fuel,transport_motoring,Tesco PFS / Tesco - Fuel. Forecourt fuel.,established,TRAVEL_AND_TRANSPORTATION_OTHER_TRAVEL_AND_TRANSPORTATION,transport_other,transport_motoring,fuel,transport_motoring,T5_R05,no,yes,yes,yes,fuel,transport_motoring,gemini_sonnet_agree,yes,fuel,fuel,fuel,,
688,v4_unmatched_plaid,plaid,Liverpool One Gift Sto,Liverpool One Gift Sto,3.0,debit,gifts_flowers,general_retail_marketplaces,Liverpool One gift shop till.,yes,GENERAL_MERCHANDISE_OTHER_GENERAL_MERCHANDISE,retail_other,general_retail_marketplaces,retail_other,general_retail_marketplaces,T6_native_fallback,no,no,yes,yes,gifts_flowers,general_retail_marketplaces,gemini_sonnet_agree,yes,gifts_flowers,gifts_flowers,gifts_flowers,gifts_flowers,gifts_flowers
689,v4_unmatched_plaid,plaid,Tanya Cope Boobs Via,TANYA COPE        BOOBS             VIA MOBILE - PYMT,10.0,debit,transfer_p2p,transfers,Named person Tanya Cope; BOOBS is a memo; mobile FPS.,yes,TRANSFER_OUT_OTHER,unclassified_transfer,unclassified,unclassified_transfer,unclassified,T6_native_fallback,no,no,no,no,transfer_p2p,transfers,gemini_sonnet_agree,yes,transfer_p2p,transfer_p2p,transfer_p2p,transfer_p2p,transfer_p2p
690,v4_unmatched_plaid,plaid,Welcome Angel Islingto,WELCOME CO OP  ON 13 AUG CLP WELCOME ANGEL ISLINGTO,25.63,debit,groceries,groceries_household_essentials,Welcome Co-op Angel Islington supermarket.,yes,FOOD_RETAIL_GROCERIES,groceries,groceries_household_essentials,groceries,groceries_household_essentials,T6_native_fallback,yes,yes,yes,yes,groceries,groceries_household_essentials,opus_tiebreak,yes,groceries,convenience_store,groceries,groceries,groceries
691,v4_unmatched_plaid,plaid,Stagecoach Services,STAGECOACH SERVICES CD 8948,1.5,debit,public_transport_rail_coach,transport_motoring,Stagecoach bus.,yes,TRAVEL_AND_TRANSPORTATION_PUBLIC_TRANSIT,public_transport_rail_coach,transport_motoring,public_transport_rail_coach,transport_motoring,T6_native_fallback,yes,yes,yes,yes,public_transport_rail_coach,transport_motoring,gemini_sonnet_agree,yes,public_transport_rail_coach,public_transport_rail_coach,public_transport_rail_coach,public_transport_rail_coach,public_transport_rail_coach
692,v4_unmatched_plaid,plaid,Callum Work,Callum            Work,110.0,debit,transfer_p2p,transfers,Named person Callum; Work is a memo not PAYE.,yes,TRANSFER_OUT_OTHER,unclassified_transfer,unclassified,unclassified_transfer,unclassified,T6_native_fallback,no,no,no,no,transfer_p2p,transfers,gemini_sonnet_agree,yes,transfer_p2p,transfer_p2p,transfer_p2p,transfer_p2p,transfer_p2p
693,v4_unmatched_plaid,plaid,Dvla-k,Returned direct debit DVLA-KN70CUU 074456 05042319,17.06,credit,returned_payment,fees_charges,OVERRIDE established road_tax. Credit is Returned direct debit DVLA — UNP/returned DD rule.,established,TRANSFER_IN_OTHER,unclassified_transfer,unclassified,unclassified_transfer,unclassified,T6_native_fallback,no,no,no,no,returned_payment,fees_charges,opus_tiebreak,yes,returned_payment,road_tax,returned_payment,,
694,v4_unmatched_plaid,plaid,Gdk Borough,GDK BOROUGH,14.25,debit,takeaway,eating_drinking_out,GDK Borough is German Doner Kebab on Borough High Street; kebab fast food is takeaway not council_tax.,no,GOVERNMENTS_AND_NON_PROFIT_GOVERNMENTS_AND_NON_PROFIT,council_tax,council_tax_government,government_services,council_tax_government,T4_dictionary,no,no,no,no,takeaway,eating_drinking_out,opus_tiebreak,yes,takeaway,unclassified_other,takeaway,unclassified_other,council_tax
695,v4_unmatched_plaid,plaid,Hatherleigh Fish,Visa purchase SUMUP *HATHERLEIGH FISH,17.2,debit,takeaway,eating_drinking_out,Hatherleigh Fish Bar is a fish-and-chip takeaway (SIC 56103).,no,DINING_DINING,restaurant_cafe,eating_drinking_out,restaurant_cafe,eating_drinking_out,T6_native_fallback,no,no,yes,yes,takeaway,eating_drinking_out,gemini_sonnet_agree,yes,takeaway,takeaway,takeaway,restaurant_cafe,takeaway
696,v4_unmatched_plaid,plaid,LTD,EE LTD,32.97,debit,mobile_phone_contract,utilities_household_bills,EE LTD mobile contract.,yes,RENT_AND_UTILITIES_TELECOMMUNICATIONS,mobile_phone_contract,utilities_household_bills,mobile_phone_contract,utilities_household_bills,T6_native_fallback,yes,yes,yes,yes,mobile_phone_contract,utilities_household_bills,gemini_sonnet_agree,yes,mobile_phone_contract,mobile_phone_contract,mobile_phone_contract,mobile_phone_contract,mobile_phone_contract
697,v4_unmatched_plaid,plaid,Circuit Go,CIRCUIT GO,2.3,debit,laundry,home_garden,Circuit Go is a managed laundry-payment platform (worked example).,established,FOOD_RETAIL_OTHER,groceries,groceries_household_essentials,laundry,home_garden,T4_dictionary,no,yes,no,yes,laundry,home_garden,gemini_sonnet_agree,yes,laundry,laundry,laundry,,
698,v4_unmatched_plaid,plaid,Apple,APPLE.COM/BILL,1.99,debit,software,digital_subscriptions_services,APPLE.COM/BILL small App Store charge.,established,GENERAL_MERCHANDISE_COMPUTERS_AND_ELECTRONICS,computing_devices,general_retail_marketplaces,software,digital_subscriptions_services,T4_dictionary,no,yes,no,yes,software,digital_subscriptions_services,gemini_sonnet_agree,yes,software,software,software,,
699,v4_unmatched_plaid,plaid,Christopher Gadilh Molly Hogben,CHRISTOPHER GADILH  MOLLY HOGBEN FT,75.0,debit,transfer_p2p,transfers,Named persons Christopher Gadilh / Molly Hogben FPS.,yes,TRANSFER_OUT_OTHER,unclassified_transfer,unclassified,transfer_p2p,transfers,T4_dictionary,no,yes,no,yes,transfer_p2p,transfers,gemini_sonnet_agree,yes,transfer_p2p,transfer_p2p,transfer_p2p,transfer_p2p,transfer_p2p
700,v4_unmatched_plaid,plaid,Zable,ZABLE CARD        6K9Y2OC5F1GHFGXBQHSWP TRUELAYER LIMIFP 31/07/25 40    20141548397779000R,100.0,debit,credit_card_repayment,credit_loan_repayments,"Zable Card via TrueLayer is a UK credit-builder card repayment, not BNPL.",no,LOAN_PAYMENTS_CREDIT_CARD_PAYMENT,credit_card_repayment,credit_loan_repayments,credit_card_repayment,credit_loan_repayments,T6_native_fallback,yes,yes,yes,yes,credit_card_repayment,credit_loan_repayments,opus_tiebreak,yes,credit_card_repayment,unclassified_other,credit_card_repayment,unclassified_other,credit_card_repayment
701,v4_unmatched_plaid,plaid,House Of Grillz,House Of Grillz,5.99,debit,jewellery,clothing_personal_care,"OVERRIDE dual restaurant_cafe. House Of Grillz is custom teeth-grillz jewellery (Hatton Garden), not a grill restaurant. £5.99 matches a small jewellery/service charge.",yes,DINING_DINING,restaurant_cafe,eating_drinking_out,restaurant_cafe,eating_drinking_out,T6_native_fallback,no,no,no,no,jewellery,clothing_personal_care,gemini_sonnet_agree,yes,jewellery,jewellery,takeaway,restaurant_cafe,restaurant_cafe
702,v4_unmatched_plaid,plaid,Claire Reid,Claire Reid,10.0,debit,transfer_p2p,transfers,Named person Claire Reid.,yes,TRANSFER_OUT_OTHER,unclassified_transfer,unclassified,transfer_p2p,transfers,T4_dictionary,no,yes,no,yes,transfer_p2p,transfers,gemini_sonnet_agree,yes,transfer_p2p,transfer_p2p,transfer_p2p,transfer_p2p,transfer_p2p
703,v4_unmatched_plaid,plaid,Woolpack,WOOLPACK (NORWICH)  ON 30 AUG CPM,6.0,debit,pub_bar,eating_drinking_out,Woolpack Norwich is a pub.,yes,GENERAL_MERCHANDISE_OTHER_GENERAL_MERCHANDISE,retail_other,general_retail_marketplaces,pub_bar,eating_drinking_out,T4_dictionary,no,yes,no,yes,pub_bar,eating_drinking_out,gemini_sonnet_agree,yes,pub_bar,pub_bar,pub_bar,pub_bar,pub_bar
704,v4_unmatched_plaid,plaid,Apf Alaibgap,APF/ALAIBGAP  DIRALAGAP000427086 DDR,23.97,debit,unclassified_other,unclassified,APF/ALAIBGAP string is unintelligible; no unique payee.,yes,TRANSFER_OUT_OTHER,unclassified_transfer,unclassified,unclassified_transfer,unclassified,T6_native_fallback,no,no,yes,yes,unclassified_other,unclassified,opus_tiebreak,yes,insurance_motor,unclassified_other,unclassified_other,unclassified_other,unclassified_other
705,v4_unmatched_plaid,plaid,Human Forest,Human Forest,5.0,debit,bicycle,transport_motoring,Human Forest (now Forest) is London dockless e-bike hire. bicycle is the closest leaf (same pattern as shard 0 Lime/Voi).,no,TRANSFER_OUT_OTHER,unclassified_transfer,unclassified,unclassified_transfer,unclassified,T6_native_fallback,no,no,no,no,bicycle,transport_motoring,gemini_sonnet_agree,yes,bicycle,bicycle,bicycle,unclassified_other,bicycle
706,v4_unmatched_plaid,plaid,D Meccabingo,5377 29SEP25  D   MECCABINGO        MAIDENHEAD GB,50.0,debit,gambling_bingo,gambling,Mecca Bingo debit.,yes,ENTERTAINMENT_CASINOS_AND_GAMBLING,gambling_unspecified,gambling,gambling_bingo,gambling,T4_dictionary,no,yes,yes,yes,gambling_bingo,gambling,gemini_sonnet_agree,yes,gambling_bingo,gambling_bingo,gambling_bingo,gambling_bingo,gambling_bingo
707,v4_unmatched_plaid,plaid,Onlinestore,Visa purchase PAYPAL *ONLINESTORE,54.21,debit,payment_intermediary,general_retail_marketplaces,PAYPAL *ONLINESTORE — PayPal rail; underlying shop not identifiable so do not guess retail.,no,GENERAL_MERCHANDISE_CONVENIENCE_STORES,convenience_store,groceries_household_essentials,convenience_store,groceries_household_essentials,T6_native_fallback,no,no,no,no,payment_intermediary,general_retail_marketplaces,opus_tiebreak,yes,payment_intermediary,unclassified_other,payment_intermediary,payment_intermediary,unclassified_other
708,v4_unmatched_plaid,plaid,Apple,INT'L 0000278621  APPLE.COM/BILL    08001076285,2.99,debit,software,digital_subscriptions_services,APPLE.COM/BILL App Store.,established,GENERAL_MERCHANDISE_COMPUTERS_AND_ELECTRONICS,computing_devices,general_retail_marketplaces,software,digital_subscriptions_services,T4_dictionary,no,yes,no,yes,software,digital_subscriptions_services,gemini_sonnet_agree,yes,software,software,software,,
709,v4_unmatched_plaid,plaid,Ali Hassnain,ALI HASSNAIN  N/A FT,50.0,debit,transfer_p2p,transfers,Named person Ali Hassnain.,yes,TRANSFER_OUT_OTHER,unclassified_transfer,unclassified,unclassified_transfer,unclassified,T6_native_fallback,no,no,no,no,transfer_p2p,transfers,gemini_sonnet_agree,yes,transfer_p2p,transfer_p2p,transfer_p2p,transfer_p2p,transfer_p2p
710,v4_unmatched_plaid,plaid,Khyber Shop,Khyber Shop,5.0,debit,convenience_store,groceries_household_essentials,"Khyber Shop is a neighbourhood grocery/convenience fascia (several UK Khyber Shop Ltds, SIC 47110/47190). £5 till is corner-shop scale, not a specialist butcher.",no,GENERAL_MERCHANDISE_CONVENIENCE_STORES,convenience_store,groceries_household_essentials,convenience_store,groceries_household_essentials,T4_dictionary,yes,yes,yes,yes,convenience_store,groceries_household_essentials,gemini_sonnet_agree,yes,convenience_store,convenience_store,groceries_specialist,groceries_specialist,convenience_store
711,v4_unmatched_plaid,plaid,Utilita Energy,UTILITA ENERGY LIM01962679088,15.0,debit,energy,utilities_household_bills,Utilita Energy prepay/top-up.,yes,RENT_AND_UTILITIES_GAS_AND_ELECTRICITY,energy,utilities_household_bills,energy,utilities_household_bills,T6_native_fallback,yes,yes,yes,yes,energy,utilities_household_bills,gemini_sonnet_agree,yes,energy,energy,energy,energy,energy
712,v4_unmatched_plaid,plaid,Amazon,Amazon,5.98,debit,marketplace_amazon,general_retail_marketplaces,Amazon debit.,established,GENERAL_MERCHANDISE_ONLINE_MARKETPLACES,marketplace_general,general_retail_marketplaces,marketplace_amazon,general_retail_marketplaces,T4_dictionary,no,yes,yes,yes,marketplace_amazon,general_retail_marketplaces,gemini_sonnet_agree,yes,marketplace_amazon,marketplace_amazon,marketplace_amazon,,
713,v4_unmatched_plaid,plaid,Harveys Off Li,PPOINT_*HARVEYS OF  ON 27 AUG CLP PPOINT_*HARVEYS OFF LI,15.25,debit,alcohol_beer_spirits,groceries_household_essentials,Harveys Off Licence.,yes,FOOD_RETAIL_GROCERIES,groceries,groceries_household_essentials,groceries,groceries_household_essentials,T6_native_fallback,no,no,yes,yes,alcohol_beer_spirits,groceries_household_essentials,gemini_sonnet_agree,yes,alcohol_beer_spirits,alcohol_beer_spirits,alcohol_beer_spirits,alcohol_beer_spirits,alcohol_beer_spirits
714,v4_unmatched_plaid,plaid,Tanvir Ruhin,TANVIR RUHIN 200000001626018243,255.0,debit,transfer_p2p,transfers,Named person Tanvir Ruhin.,yes,TRANSFER_OUT_OTHER,unclassified_transfer,unclassified,transfer_p2p,transfers,T4_dictionary,no,yes,no,yes,transfer_p2p,transfers,gemini_sonnet_agree,yes,transfer_p2p,transfer_p2p,transfer_p2p,transfer_p2p,transfer_p2p
715,v4_unmatched_plaid,plaid,Leisurematic LTD,Leisurematic Ltd,2.5,debit,entertainment_other,entertainment_leisure,Leisurematic Ltd supplies kiddie-ride/arcade machines; £2.50 is amusement spend not a ticketed event.,established,ENTERTAINMENT_EVENTS_AND_TICKETS,live_music,entertainment_leisure,live_music,entertainment_leisure,T6_native_fallback,no,no,yes,yes,entertainment_other,entertainment_leisure,gemini_sonnet_agree,yes,entertainment_other,entertainment_other,entertainment_other,,
716,v4_unmatched_plaid,plaid,U.S. Post Office,Ash Green Post Office,1.93,debit,delivery_courier,general_retail_marketplaces,Ash Green Post Office counter; postal/delivery is the closest leaf.,yes,GENERAL_SERVICES_OTHER_SERVICES,business_services,business_self_employment,delivery_courier,general_retail_marketplaces,T4_dictionary,no,yes,no,yes,delivery_courier,general_retail_marketplaces,gemini_sonnet_agree,yes,delivery_courier,delivery_courier,delivery_courier,delivery_courier,delivery_courier
717,v4_unmatched_plaid,plaid,Hyrunnisa,HYRUNNISA ACHAM VE 100000001608340461,25.0,debit,transfer_p2p,transfers,Named person Hyrunnisa.,yes,TRANSFER_OUT_INVESTMENT_AND_RETIREMENT_FUNDS,investment_general,savings_investments,investment_general,savings_investments,T6_native_fallback,no,no,no,no,transfer_p2p,transfers,gemini_sonnet_agree,yes,transfer_p2p,transfer_p2p,transfer_p2p,transfer_p2p,transfer_p2p
718,v4_unmatched_plaid,plaid,B & Q,B&Q,111.0,debit,home_improvement,home_garden,B&Q DIY.,established,GENERAL_MERCHANDISE_FURNITURE_AND_HARDWARE,home_accessories,home_garden,home_accessories,home_garden,T6_native_fallback,no,no,yes,yes,home_improvement,home_garden,gemini_sonnet_agree,yes,home_improvement,home_improvement,home_improvement,,
719,v4_unmatched_plaid,plaid,Raylo,RAYLO K6TBZ6V,21.36,debit,retail_finance_repayment,credit_loan_repayments,Raylo phone-rental instalment (own product).,yes,GENERAL_MERCHANDISE_ONLINE_MARKETPLACES,marketplace_general,general_retail_marketplaces,retail_finance_repayment,credit_loan_repayments,T4_dictionary,no,yes,no,yes,retail_finance_repayment,credit_loan_repayments,gemini_sonnet_agree,yes,retail_finance_repayment,retail_finance_repayment,retail_finance_repayment,retail_finance_repayment,retail_finance_repayment
720,v4_unmatched_plaid,plaid,Redline Buses LTD,Contactless Payment Redline Buses Ltd APPLEPAY 8102,14.0,debit,public_transport_rail_coach,transport_motoring,Redline Buses.,yes,TRAVEL_AND_TRANSPORTATION_PUBLIC_TRANSIT,public_transport_rail_coach,transport_motoring,public_transport_rail_coach,transport_motoring,T4_dictionary,yes,yes,yes,yes,public_transport_rail_coach,transport_motoring,gemini_sonnet_agree,yes,public_transport_rail_coach,public_transport_rail_coach,public_transport_rail_coach,public_transport_rail_coach,public_transport_rail_coach
721,v4_unmatched_plaid,plaid,Grab,Grab A-87xmx5xgx2lfav,0.69,debit,unclassified_other,unclassified,"Grab A-87… £0.69. Grab is a SE Asia super-app (rides, food, wallet). Amount and descriptor do not uniquely pick taxi vs food vs verification. Do not force taxi_rideshare.",no,TRANSFER_OUT_OTHER,unclassified_transfer,unclassified,unclassified_transfer,unclassified,T6_native_fallback,no,no,yes,yes,taxi_rideshare,transport_motoring,gemini_sonnet_agree,no,taxi_rideshare,taxi_rideshare,taxi_rideshare,taxi_rideshare,unclassified_other
722,v4_unmatched_plaid,plaid,Community Fibre,A797708 Community Fibre,21.0,debit,broadband_tv_phone,utilities_household_bills,Community Fibre broadband.,yes,TRANSFER_OUT_OTHER,unclassified_transfer,unclassified,broadband_tv_phone,utilities_household_bills,T4_dictionary,no,yes,no,yes,broadband_tv_phone,utilities_household_bills,gemini_sonnet_agree,yes,broadband_tv_phone,broadband_tv_phone,broadband_tv_phone,broadband_tv_phone,broadband_tv_phone
723,v4_unmatched_plaid,plaid,Talk Mobile LTD,  TALK MOBILE LTD,49.0,debit,mobile_phone_contract,utilities_household_bills,Talk Mobile contract.,yes,RENT_AND_UTILITIES_TELECOMMUNICATIONS,mobile_phone_contract,utilities_household_bills,mobile_phone_contract,utilities_household_bills,T4_dictionary,yes,yes,yes,yes,mobile_phone_contract,utilities_household_bills,gemini_sonnet_agree,yes,mobile_phone_contract,mobile_phone_contract,mobile_phone_contract,mobile_phone_contract,mobile_phone_contract
724,v4_unmatched_plaid,plaid,Chip Box Wedne,SUMUP *CHIP BOX WE  ON 22 OCT CLP SUMUP  *CHIP BOX WEDNE,6.5,debit,takeaway,eating_drinking_out,Chip Box Wednesbury chip shop via SumUp.,yes,TRANSFER_OUT_OTHER,unclassified_transfer,unclassified,unclassified_transfer,unclassified,T6_native_fallback,no,no,no,no,takeaway,eating_drinking_out,opus_tiebreak,yes,takeaway,restaurant_cafe,takeaway,takeaway,takeaway
725,v4_unmatched_plaid,plaid,A C,To A/C 29829704   HYNAM KJ          Via Mobile Xfer,40.0,debit,transfer_p2p,transfers,OVERRIDE established transfer_bank_unspecified. To A/C HYNAM KJ Via Mobile Xfer is a named person.,established,TRANSFER_OUT_OTHER,unclassified_transfer,unclassified,unclassified_transfer,unclassified,T6_native_fallback,no,no,no,no,transfer_p2p,transfers,gemini_sonnet_agree,yes,transfer_p2p,transfer_p2p,transfer_p2p,,
726,v4_unmatched_plaid,plaid,O Kica,O KICA 200000001589637010,30.0,debit,unclassified_other,unclassified,O KICA £30; could be a person or a venue; not uniquely identifiable.,yes,TRANSFER_OUT_OTHER,unclassified_transfer,unclassified,transfer_p2p,transfers,T5_R02,no,no,yes,no,unclassified_other,unclassified,opus_tiebreak,yes,transfer_p2p,unclassified_other,unclassified_other,unclassified_other,unclassified_other
727,v4_unmatched_plaid,plaid,The Rock Shop Gift Sho,THE ROCK SHOP GIFT,4.5,debit,gifts_flowers,general_retail_marketplaces,The Rock Shop gift shop till.,yes,GENERAL_MERCHANDISE_OTHER_GENERAL_MERCHANDISE,retail_other,general_retail_marketplaces,retail_other,general_retail_marketplaces,T6_native_fallback,no,no,yes,yes,gifts_flowers,general_retail_marketplaces,gemini_sonnet_agree,yes,gifts_flowers,gifts_flowers,gifts_flowers,gifts_flowers,gifts_flowers
728,v4_unmatched_plaid,plaid,Liquor Barn,LIQUOR BARN,6.0,debit,alcohol_beer_spirits,groceries_household_essentials,Liquor Barn off-licence.,yes,FOOD_RETAIL_LIQUOR_STORES,alcohol_beer_spirits,groceries_household_essentials,alcohol_beer_spirits,groceries_household_essentials,T6_native_fallback,yes,yes,yes,yes,alcohol_beer_spirits,groceries_household_essentials,gemini_sonnet_agree,yes,alcohol_beer_spirits,alcohol_beer_spirits,alcohol_beer_spirits,alcohol_beer_spirits,alcohol_beer_spirits
729,v4_unmatched_plaid,plaid,EE,EE LIMITED  Q48256675649640244 DDR,13.78,debit,mobile_phone_contract,utilities_household_bills,EE Limited DD.,yes,RENT_AND_UTILITIES_TELECOMMUNICATIONS,mobile_phone_contract,utilities_household_bills,mobile_phone_contract,utilities_household_bills,T6_native_fallback,yes,yes,yes,yes,mobile_phone_contract,utilities_household_bills,gemini_sonnet_agree,yes,mobile_phone_contract,mobile_phone_contract,mobile_phone_contract,mobile_phone_contract,mobile_phone_contract
730,v4_unmatched_plaid,plaid,Chloe Dingomal,CHLOE DINGOMAL 100000001567059303,10.0,debit,transfer_p2p,transfers,Named person Chloe Dingomal.,yes,TRANSFER_OUT_OTHER,unclassified_transfer,unclassified,transfer_p2p,transfers,T4_dictionary,no,yes,no,yes,transfer_p2p,transfers,gemini_sonnet_agree,yes,transfer_p2p,transfer_p2p,transfer_p2p,transfer_p2p,transfer_p2p
731,v4_unmatched_plaid,plaid,Jq Bar And Grill,Contactless Payment JQ BAR AND GRILL APPLEPAY 8194,10.0,debit,restaurant_cafe,eating_drinking_out,JQ Bar and Grill dining.,yes,DINING_DINING,restaurant_cafe,eating_drinking_out,restaurant_cafe,eating_drinking_out,T4_dictionary,yes,yes,yes,yes,pub_bar,eating_drinking_out,gemini_sonnet_agree,no,pub_bar,pub_bar,pub_bar,restaurant_cafe,restaurant_cafe
732,v4_unmatched_plaid,plaid,Ms Loraine,Ms Loraine Boon - SortCodeAccountNumber: 40476228161224,305.0,debit,transfer_p2p,transfers,Named person Ms Loraine Boon with sort-code/account.,yes,TRANSFER_OUT_OTHER,unclassified_transfer,unclassified,transfer_p2p,transfers,T5_R01,no,yes,no,yes,transfer_p2p,transfers,gemini_sonnet_agree,yes,transfer_p2p,transfer_p2p,transfer_p2p,transfer_p2p,transfer_p2p
733,v4_unmatched_plaid,plaid,Zable Cards,Zable Cards,30.0,debit,credit_card_repayment,credit_loan_repayments,Zable Cards repayment.,no,LOAN_PAYMENTS_CREDIT_CARD_PAYMENT,credit_card_repayment,credit_loan_repayments,credit_card_repayment,credit_loan_repayments,T6_native_fallback,yes,yes,yes,yes,credit_card_repayment,credit_loan_repayments,opus_tiebreak,yes,credit_card_repayment,unclassified_other,credit_card_repayment,unclassified_other,credit_card_repayment
734,v4_unmatched_plaid,plaid,118 118 Money,118 Money Credit,105.0,debit,payday_loan,high_cost_distress_credit,118 118 Money high-cost lender (worked example).,yes,LOAN_PAYMENTS_PERSONAL_LOAN_PAYMENT,personal_loan_repayment,credit_loan_repayments,payday_loan,high_cost_distress_credit,T4_dictionary,no,yes,no,yes,payday_loan,high_cost_distress_credit,gemini_sonnet_agree,yes,payday_loan,payday_loan,payday_loan,payday_loan,payday_loan
735,v4_unmatched_plaid,plaid,Intime Taxi,SUMUP *INTIME TAXI  ON 11 SEP CLP SUMUP  *INTIME TAXI,12.32,debit,taxi_rideshare,transport_motoring,Intime Taxi via SumUp.,yes,TRAVEL_AND_TRANSPORTATION_TAXIS_AND_RIDE_SHARES,taxi_rideshare,transport_motoring,taxi_rideshare,transport_motoring,T6_native_fallback,yes,yes,yes,yes,taxi_rideshare,transport_motoring,gemini_sonnet_agree,yes,taxi_rideshare,taxi_rideshare,taxi_rideshare,taxi_rideshare,taxi_rideshare
736,v4_unmatched_plaid,plaid,Lais De Souza Borgamor,LAIS DE SOUZA BORGAMOR              VIA MOBILE - PYMT,48.0,debit,transfer_p2p,transfers,Named person Lais De Souza.,yes,TRANSFER_OUT_OTHER,unclassified_transfer,unclassified,unclassified_transfer,unclassified,T6_native_fallback,no,no,no,no,transfer_p2p,transfers,gemini_sonnet_agree,yes,transfer_p2p,transfer_p2p,transfer_p2p,transfer_p2p,transfer_p2p
737,v4_unmatched_plaid,plaid,Cd Nds&s,1883 27AUG25 CD   NDS&S             PRESTON GB,2.15,debit,unclassified_card_spend,unclassified,CD NDS&S PRESTON £2.15. Descriptor too truncated to identify the shop; native gambling is not enough to force a gambling subtype.,no,ENTERTAINMENT_CASINOS_AND_GAMBLING,gambling_unspecified,gambling,gambling_unspecified,gambling,T6_native_fallback,no,no,no,no,unclassified_card_spend,unclassified,opus_tiebreak,yes,convenience_store,unclassified_other,unclassified_card_spend,unclassified_other,gambling_unspecified
738,v4_unmatched_plaid,plaid,Kk Grocers Limited,Kk Grocers Limited 2,7.08,debit,groceries,groceries_household_essentials,KK Grocers Limited.,yes,FOOD_RETAIL_GROCERIES,groceries,groceries_household_essentials,groceries,groceries_household_essentials,T4_dictionary,yes,yes,yes,yes,groceries,groceries_household_essentials,gemini_sonnet_agree,yes,groceries,groceries,groceries,groceries,groceries
739,v4_unmatched_plaid,plaid,The Town Mills,The Town Mills,1.55,debit,restaurant_cafe,eating_drinking_out,The Town Mills is a pub-restaurant; £1.55 is bar/cafe spend.,yes,DINING_DINING,restaurant_cafe,eating_drinking_out,restaurant_cafe,eating_drinking_out,T6_native_fallback,yes,yes,yes,yes,pub_bar,eating_drinking_out,gemini_sonnet_agree,no,pub_bar,pub_bar,restaurant_cafe,restaurant_cafe,restaurant_cafe
740,v4_unmatched_plaid,plaid,3d Coffee T A Costa Coffe,3d Coffee T/A Cost,11.9,debit,restaurant_cafe,eating_drinking_out,3d Coffee T/A Costa Coffee.,yes,DINING_COFFEE,restaurant_cafe,eating_drinking_out,restaurant_cafe,eating_drinking_out,T4_dictionary,yes,yes,yes,yes,restaurant_cafe,eating_drinking_out,gemini_sonnet_agree,yes,restaurant_cafe,restaurant_cafe,restaurant_cafe,restaurant_cafe,restaurant_cafe
741,v4_unmatched_plaid,plaid,Lps Plumbing And H,LPS PLUMBING AND H 400000001647213000,600.0,debit,tradesmen,home_garden,LPS Plumbing And Heating £600 trades invoice.,established,GENERAL_SERVICES_HOME_IMPROVEMENT_SERVICES,home_improvement,home_garden,tradesmen,home_garden,T4_dictionary,no,yes,yes,yes,tradesmen,home_garden,gemini_sonnet_agree,yes,tradesmen,tradesmen,tradesmen,,
742,v4_unmatched_plaid,plaid,Wing On Express,Wing On Express,1.65,debit,takeaway,eating_drinking_out,Wing On Express Chinese takeaway.,yes,DINING_DINING,restaurant_cafe,eating_drinking_out,takeaway,eating_drinking_out,T4_dictionary,no,yes,yes,yes,takeaway,eating_drinking_out,opus_tiebreak,yes,takeaway,convenience_store,takeaway,takeaway,takeaway
743,v4_unmatched_plaid,plaid,Tendringdistrictcoun,NYX*TendringDistri,4.2,debit,unclassified_card_spend,unclassified,"OVERRIDE dual council_tax. Tendring District Council NYX/Zettle £4.20 is a card-reader tap, not a CT instalment (same pattern as Exeter City Council £6.50).",yes,GENERAL_MERCHANDISE_FURNITURE_AND_HARDWARE,home_accessories,home_garden,home_accessories,home_garden,T6_native_fallback,no,no,no,no,government_services,council_tax_government,opus_tiebreak,no,government_services,council_tax,government_services,council_tax,council_tax
744,v4_unmatched_plaid,plaid,Walk Up Admissions,Walk Up Admissions  ON 01 AUG CPM WALK UP ADMISSIONS,2.4,debit,days_out,entertainment_leisure,Walk Up Admissions attraction ticket.,yes,ENTERTAINMENT_EVENTS_AND_TICKETS,live_music,entertainment_leisure,live_music,entertainment_leisure,T6_native_fallback,no,no,yes,yes,days_out,entertainment_leisure,gemini_sonnet_agree,yes,days_out,days_out,days_out,days_out,days_out
745,v4_unmatched_plaid,plaid,Lina Morkuviene,LINA MORKUVIENE 400000001598151227,205.0,debit,transfer_p2p,transfers,Named person Lina Morkuviene; native energy is spurious.,yes,RENT_AND_UTILITIES_GAS_AND_ELECTRICITY,energy,utilities_household_bills,energy,utilities_household_bills,T6_native_fallback,no,no,no,no,transfer_p2p,transfers,gemini_sonnet_agree,yes,transfer_p2p,transfer_p2p,transfer_p2p,transfer_p2p,transfer_p2p
746,v4_unmatched_plaid,plaid,Plus Store LTD,MNK*PLUS STORE LTD  ON 07 JUN CLP,11.65,debit,convenience_store,groceries_household_essentials,Plus Store Ltd convenience till.,yes,GENERAL_MERCHANDISE_CONVENIENCE_STORES,convenience_store,groceries_household_essentials,convenience_store,groceries_household_essentials,T6_native_fallback,yes,yes,yes,yes,convenience_store,groceries_household_essentials,opus_tiebreak,yes,convenience_store,retail_other,convenience_store,convenience_store,convenience_store
747,v4_unmatched_plaid,plaid,Jonathan Draycott Golf Ac,JONATHAN DRAYCOTT,11.0,debit,sports_participation,entertainment_leisure,Jonathan Draycott Golf activity/green fee.,yes,TRANSFER_OUT_OTHER,unclassified_transfer,unclassified,unclassified_transfer,unclassified,T6_native_fallback,no,no,no,no,sports_participation,entertainment_leisure,gemini_sonnet_agree,yes,sports_participation,sports_participation,sports_participation,sports_participation,sports_participation
748,v4_unmatched_plaid,plaid,Great Barr Tanning Cen,GREAT BARR TANNING,7.0,debit,beauty_treatment,clothing_personal_care,Great Barr Tanning Centre.,yes,PERSONAL_CARE_HAIR_AND_BEAUTY,skin_hair_care,clothing_personal_care,beauty_treatment,clothing_personal_care,T4_dictionary,no,yes,yes,yes,beauty_treatment,clothing_personal_care,gemini_sonnet_agree,yes,beauty_treatment,beauty_treatment,beauty_treatment,beauty_treatment,beauty_treatment
749,v4_unmatched_plaid,plaid,Esso Whitchurch Esso,ESSO WHITCHURCH Esso,19.19,debit,fuel,transport_motoring,Esso Whitchurch forecourt.,yes,TRAVEL_AND_TRANSPORTATION_OTHER_TRAVEL_AND_TRANSPORTATION,transport_other,transport_motoring,fuel,transport_motoring,T4_dictionary,no,yes,yes,yes,fuel,transport_motoring,gemini_sonnet_agree,yes,fuel,fuel,fuel,fuel,fuel
750,v4_unmatched_plaid,plaid,Trainline,TRAINLINE,8.8,debit,public_transport_rail_coach,transport_motoring,Trainline rail ticket.,yes,TRAVEL_AND_TRANSPORTATION_PUBLIC_TRANSIT,public_transport_rail_coach,transport_motoring,public_transport_rail_coach,transport_motoring,T6_native_fallback,yes,yes,yes,yes,public_transport_rail_coach,transport_motoring,gemini_sonnet_agree,yes,public_transport_rail_coach,public_transport_rail_coach,public_transport_rail_coach,public_transport_rail_coach,public_transport_rail_coach
751,v4_unmatched_plaid,plaid,Raylo,RAYLO  FR6M9T9 DDR,24.71,debit,retail_finance_repayment,credit_loan_repayments,Raylo instalment.,yes,GENERAL_MERCHANDISE_ONLINE_MARKETPLACES,marketplace_general,general_retail_marketplaces,retail_finance_repayment,credit_loan_repayments,T4_dictionary,no,yes,no,yes,retail_finance_repayment,credit_loan_repayments,gemini_sonnet_agree,yes,retail_finance_repayment,retail_finance_repayment,retail_finance_repayment,retail_finance_repayment,retail_finance_repayment
752,v4_unmatched_plaid,plaid,Cash Machine,FALKIRK Cash Machine,100.0,debit,cash_withdrawal,cash,Falkirk cash machine ATM.,established,TRANSFER_OUT_CHECKS_AND_ATM,cash_withdrawal,cash,cash_withdrawal,cash,T6_native_fallback,yes,yes,yes,yes,cash_withdrawal,cash,gemini_sonnet_agree,yes,cash_withdrawal,cash_withdrawal,cash_withdrawal,,
753,v4_unmatched_plaid,plaid,Warrington Own Buswarrington,WARRINGTON OWN BUSWARRINGTON,2.0,debit,public_transport_rail_coach,transport_motoring,Warrington Own Buses.,yes,TRANSFER_OUT_OTHER,unclassified_transfer,unclassified,public_transport_rail_coach,transport_motoring,T4_dictionary,no,yes,no,yes,public_transport_rail_coach,transport_motoring,gemini_sonnet_agree,yes,public_transport_rail_coach,public_transport_rail_coach,public_transport_rail_coach,public_transport_rail_coach,public_transport_rail_coach
754,v4_unmatched_plaid,plaid,Be at One Cocktail Bars,Be At One,13.2,debit,pub_bar,eating_drinking_out,Be At One cocktail bar.,yes,DINING_DINING,restaurant_cafe,eating_drinking_out,pub_bar,eating_drinking_out,T4_dictionary,no,yes,yes,yes,pub_bar,eating_drinking_out,gemini_sonnet_agree,yes,pub_bar,pub_bar,pub_bar,pub_bar,pub_bar
755,v4_unmatched_plaid,plaid,SkyBet,SKY BET,11.0,debit,gambling_betting,gambling,Sky Bet debit.,yes,ENTERTAINMENT_CASINOS_AND_GAMBLING,gambling_unspecified,gambling,gambling_betting,gambling,T4_dictionary,no,yes,yes,yes,gambling_betting,gambling,gemini_sonnet_agree,yes,gambling_betting,gambling_betting,gambling_betting,gambling_betting,gambling_betting
756,v4_unmatched_plaid,plaid,Dvla-mf,"DIRECT DEBIT PAYMENT TO DVLA-MF10SUZ REF 000000000048536026, MANDATE NO 0070",16.62,debit,road_tax,transport_motoring,DVLA-MF10SUZ monthly VED DD.,yes,GOVERNMENTS_AND_NON_PROFIT_GOVERNMENTS_AND_NON_PROFIT,council_tax,council_tax_government,road_tax,transport_motoring,T4_dictionary,no,yes,no,yes,road_tax,transport_motoring,gemini_sonnet_agree,yes,road_tax,road_tax,road_tax,road_tax,road_tax
757,v4_unmatched_plaid,plaid,McDonald's,MCDONALDS  ON 04 JUL CLP,2.69,debit,takeaway,eating_drinking_out,McDonald's debit is takeaway.,yes,DINING_DINING,restaurant_cafe,eating_drinking_out,takeaway,eating_drinking_out,T4_dictionary,no,yes,yes,yes,takeaway,eating_drinking_out,gemini_sonnet_agree,yes,takeaway,takeaway,takeaway,takeaway,takeaway
758,v4_unmatched_plaid,plaid,Sunshine Food And Wine,Sunshine Food And Wine,3.99,debit,convenience_store,groceries_household_essentials,OVERRIDE dual alcohol_wine. Sunshine Food And Wine is a Food-and-Wine convenience/off-licence fascia; mixed basket so convenience_store not a drinks-only leaf.,yes,FOOD_RETAIL_LIQUOR_STORES,alcohol_beer_spirits,groceries_household_essentials,alcohol_beer_spirits,groceries_household_essentials,T6_native_fallback,no,no,yes,yes,alcohol_wine,groceries_household_essentials,gemini_sonnet_agree,no,alcohol_wine,alcohol_wine,convenience_store,alcohol_wine,alcohol_wine
759,v4_unmatched_plaid,plaid,SkyBet,SKY BET CD 0541,100.0,debit,gambling_betting,gambling,Sky Bet debit.,yes,ENTERTAINMENT_CASINOS_AND_GAMBLING,gambling_unspecified,gambling,gambling_betting,gambling,T4_dictionary,no,yes,yes,yes,gambling_betting,gambling,gemini_sonnet_agree,yes,gambling_betting,gambling_betting,gambling_betting,gambling_betting,gambling_betting
760,v4_unmatched_plaid,plaid,Duelz,duelz.com Duelz,20.5,debit,gambling_casino,gambling,duelz.com is a UKGC-licensed online casino (SuprPlay).,established,ENTERTAINMENT_CASINOS_AND_GAMBLING,gambling_unspecified,gambling,gambling_unspecified,gambling,T6_native_fallback,no,no,yes,yes,gambling_casino,gambling,gemini_sonnet_agree,yes,gambling_casino,gambling_casino,gambling_casino,,
761,v4_unmatched_plaid,plaid,Imma The Bakery,Imma The Bakery,5.3,debit,restaurant_cafe,eating_drinking_out,Imma The Bakery bakery-cafe.,yes,DINING_OTHER_DINING,restaurant_cafe,eating_drinking_out,restaurant_cafe,eating_drinking_out,T4_dictionary,yes,yes,yes,yes,restaurant_cafe,eating_drinking_out,gemini_sonnet_agree,yes,restaurant_cafe,restaurant_cafe,restaurant_cafe,restaurant_cafe,restaurant_cafe
762,v4_unmatched_plaid,plaid,Exchanged To Sol,Exchanged to SOL,2.52,debit,unclassified_other,unclassified,Exchanged to SOL. SOL could be Solana crypto or Peruvian sol; collision so do not force crypto or foreign_currency.,no,TRANSFER_OUT_OTHER,unclassified_transfer,unclassified,crypto,savings_investments,T5_R04,no,no,yes,no,crypto,savings_investments,opus_tiebreak,no,crypto,foreign_currency,crypto,crypto,foreign_currency
763,v4_unmatched_plaid,plaid,Microsoft Xbox,Visa purchase MICROSOFT*XBOX,40.94,debit,gaming_console_pc,entertainment_leisure,Microsoft Xbox purchase.,yes,ENTERTAINMENT_MUSIC_VIDEO_GAMES_TV_AND_MOVIES,entertainment_other,entertainment_leisure,entertainment_other,entertainment_leisure,T6_native_fallback,no,no,yes,yes,gaming_console_pc,entertainment_leisure,gemini_sonnet_agree,yes,gaming_console_pc,gaming_console_pc,gaming_console_pc,gaming_console_pc,gaming_console_pc
764,v4_unmatched_plaid,plaid,Apple,APPLE.COM/BILL IRELAND ON 22 SEP BCC,6.99,debit,software,digital_subscriptions_services,APPLE.COM/BILL Ireland.,established,GENERAL_MERCHANDISE_COMPUTERS_AND_ELECTRONICS,computing_devices,general_retail_marketplaces,software,digital_subscriptions_services,T4_dictionary,no,yes,no,yes,software,digital_subscriptions_services,gemini_sonnet_agree,yes,software,software,software,,
765,v4_unmatched_plaid,plaid,Disney+,DISNEY PLUS CD 9972,12.99,debit,streaming,digital_subscriptions_services,Disney+ subscription.,established,ENTERTAINMENT_MUSIC_VIDEO_GAMES_TV_AND_MOVIES,entertainment_other,entertainment_leisure,entertainment_other,entertainment_leisure,T6_native_fallback,no,no,no,no,streaming,digital_subscriptions_services,gemini_sonnet_agree,yes,streaming,streaming,streaming,,
766,v4_unmatched_plaid,plaid,Playtomic.io,PLAYTOMIC.IO 82B4C SPAIN ON 16 JUN CPM PLAYTOMIC.IO 82B4C85A,8.0,debit,sports_participation,entertainment_leisure,Playtomic.io padel/tennis court booking (Spain FX).,yes,TRAVEL_AND_TRANSPORTATION_FLIGHTS,flights,travel_holidays,flights,travel_holidays,T6_native_fallback,no,no,no,no,sports_participation,entertainment_leisure,gemini_sonnet_agree,yes,sports_participation,sports_participation,sports_participation,sports_participation,sports_participation
767,v4_unmatched_plaid,plaid,Cd Go Local,8145 24JUN25 CD   GO LOCAL          HOLYWELL GB,1.89,debit,convenience_store,groceries_household_essentials,Go Local Holywell symbol-group convenience (not Premier groceries).,yes,TRANSFER_OUT_OTHER,unclassified_transfer,unclassified,unclassified_transfer,unclassified,T6_native_fallback,no,no,no,no,convenience_store,groceries_household_essentials,gemini_sonnet_agree,yes,convenience_store,convenience_store,convenience_store,convenience_store,convenience_store
768,v4_unmatched_plaid,plaid,Julie Smith,JULIE SMITH 500000001602938345,100.0,debit,transfer_p2p,transfers,Named person Julie Smith.,yes,TRANSFER_OUT_OTHER,unclassified_transfer,unclassified,unclassified_transfer,unclassified,T6_native_fallback,no,no,no,no,transfer_p2p,transfers,gemini_sonnet_agree,yes,transfer_p2p,transfer_p2p,transfer_p2p,transfer_p2p,transfer_p2p
769,v4_unmatched_plaid,plaid,MonopolyGO!,CARD PAYMENT TO MONOPOLY CASINO ON 31-07-2025,100.0,debit,gambling_casino,gambling,Narrative is MONOPOLY CASINO (not the Monopoly GO mobile game).,yes,ENTERTAINMENT_CASINOS_AND_GAMBLING,gambling_unspecified,gambling,gambling_casino,gambling,T4_dictionary,no,yes,yes,yes,gambling_casino,gambling,gemini_sonnet_agree,yes,gambling_casino,gambling_casino,gambling_casino,gambling_casino,gambling_casino
770,v4_unmatched_plaid,plaid,Stagecoach Bus Ticket,STAGECOACH        BUS TICKET,5.4,debit,public_transport_rail_coach,transport_motoring,Stagecoach bus ticket.,yes,TRAVEL_AND_TRANSPORTATION_PUBLIC_TRANSIT,public_transport_rail_coach,transport_motoring,public_transport_rail_coach,transport_motoring,T4_dictionary,yes,yes,yes,yes,public_transport_rail_coach,transport_motoring,gemini_sonnet_agree,yes,public_transport_rail_coach,public_transport_rail_coach,public_transport_rail_coach,public_transport_rail_coach,public_transport_rail_coach
771,v4_unmatched_plaid,plaid,Miss T Nicholls Amy,Miss T Nicholls   amy,20.0,debit,transfer_p2p,transfers,Named person Miss T Nicholls.,yes,TRANSFER_OUT_OTHER,unclassified_transfer,unclassified,transfer_p2p,transfers,T5_R01,no,yes,no,yes,transfer_p2p,transfers,gemini_sonnet_agree,yes,transfer_p2p,transfer_p2p,transfer_p2p,transfer_p2p,transfer_p2p
772,v4_unmatched_plaid,plaid,WHSmith,WHSmith,2.98,debit,books,entertainment_leisure,WHSmith mixed retail; £2.98 is typical books/news/stationery. books is the closest agreed leaf.,yes,GENERAL_MERCHANDISE_OTHER_GENERAL_MERCHANDISE,retail_other,general_retail_marketplaces,books,entertainment_leisure,T4_dictionary,no,yes,no,yes,books,entertainment_leisure,gemini_sonnet_agree,yes,books,books,books,books,books
773,v4_unmatched_plaid,plaid,Cd Vape And Mini Market,0278 01AUG25 CD   VAPE AND MINI     MARKET            LEEDS GB,5.0,debit,vaping,groceries_household_essentials,VAPE AND MINI MARKET Leeds; fascia leads with vape.,yes,GENERAL_MERCHANDISE_CONVENIENCE_STORES,convenience_store,groceries_household_essentials,convenience_store,groceries_household_essentials,T6_native_fallback,no,no,yes,yes,vaping,groceries_household_essentials,gemini_sonnet_agree,yes,vaping,vaping,vaping,vaping,vaping
774,v4_unmatched_plaid,plaid,Amazon,CARD PAYMENT TO AMAZON.CO.UK*RJ2SC55J4 ON 29-07-2025,25.15,debit,marketplace_amazon,general_retail_marketplaces,Amazon.co.uk debit.,established,GENERAL_MERCHANDISE_ONLINE_MARKETPLACES,marketplace_general,general_retail_marketplaces,marketplace_amazon,general_retail_marketplaces,T4_dictionary,no,yes,yes,yes,marketplace_amazon,general_retail_marketplaces,gemini_sonnet_agree,yes,marketplace_amazon,marketplace_amazon,marketplace_amazon,,
775,v4_unmatched_plaid,plaid,Utilita Energy,Visa purchase UTILITA ENERGY LIMITED GOOGLE 0214,7.0,debit,energy,utilities_household_bills,Utilita Energy Google Pay.,yes,RENT_AND_UTILITIES_GAS_AND_ELECTRICITY,energy,utilities_household_bills,energy,utilities_household_bills,T6_native_fallback,yes,yes,yes,yes,energy,utilities_household_bills,gemini_sonnet_agree,yes,energy,energy,energy,energy,energy
776,v4_unmatched_plaid,plaid,Salvatore Alan Esposito Ice Cream Man,Salvatore Alan Esposito Ice Cream Man,2.0,debit,takeaway,eating_drinking_out,Ice-cream van (Salvatore Alan Esposito Ice Cream Man); mobile food is takeaway not table-service.,no,DINING_OTHER_DINING,restaurant_cafe,eating_drinking_out,restaurant_cafe,eating_drinking_out,T6_native_fallback,no,no,yes,yes,restaurant_cafe,eating_drinking_out,opus_tiebreak,no,restaurant_cafe,convenience_store,restaurant_cafe,takeaway,restaurant_cafe
777,v4_unmatched_plaid,plaid,COOP,SCOTMID COOP 0236,1.15,debit,groceries,groceries_household_essentials,Scotmid Co-op supermarket.,established,FOOD_RETAIL_GROCERIES,groceries,groceries_household_essentials,groceries,groceries_household_essentials,T6_native_fallback,yes,yes,yes,yes,groceries,groceries_household_essentials,gemini_sonnet_agree,yes,groceries,groceries,groceries,,
778,v4_unmatched_plaid,plaid,C B&m,3551 02AUG25 C    B&M 809 MARSH     MILLS             PLYMOUTH GB,10.0,debit,discount_store,groceries_household_essentials,B&M Marsh Mills Plymouth.,established,GENERAL_MERCHANDISE_DISCOUNT_STORES,discount_store,groceries_household_essentials,discount_store,groceries_household_essentials,T6_native_fallback,yes,yes,yes,yes,discount_store,groceries_household_essentials,gemini_sonnet_agree,yes,discount_store,discount_store,discount_store,,
779,v4_unmatched_plaid,plaid,Thomas Hill,THOMAS HILL 600000001632761026,200.0,debit,transfer_p2p,transfers,Named person Thomas Hill.,yes,TRANSFER_OUT_OTHER,unclassified_transfer,unclassified,unclassified_transfer,unclassified,T6_native_fallback,no,no,no,no,transfer_p2p,transfers,gemini_sonnet_agree,yes,transfer_p2p,transfer_p2p,transfer_p2p,transfer_p2p,transfer_p2p
780,v4_unmatched_plaid,plaid,Justpark,JUSTPARK  ON 02 SEP CPM Justpark,4.55,debit,car_parking,transport_motoring,JustPark parking.,established,TRAVEL_AND_TRANSPORTATION_OTHER_TRAVEL_AND_TRANSPORTATION,transport_other,transport_motoring,transport_other,transport_motoring,T6_native_fallback,no,no,yes,yes,car_parking,transport_motoring,gemini_sonnet_agree,yes,car_parking,car_parking,car_parking,,
781,v4_unmatched_plaid,plaid,Magdalena Partyka,MAGDALENA PARTYKA 300000001602656077,59.0,debit,transfer_p2p,transfers,Named person Magdalena Partyka.,yes,TRANSFER_OUT_OTHER,unclassified_transfer,unclassified,transfer_p2p,transfers,T4_dictionary,no,yes,no,yes,transfer_p2p,transfers,gemini_sonnet_agree,yes,transfer_p2p,transfer_p2p,transfer_p2p,transfer_p2p,transfer_p2p
782,v4_unmatched_plaid,plaid,Danish Mobi Tech,DANISH MOBI TECH,5.0,debit,services_unspecified,unclassified,Danish Mobi Tech £5; merchant not uniquely identifiable. Adversarial: Danish Mobi Tech is an identifiable Bradford phone-repair shop; £5 is repair/accessory scale.,yes,GENERAL_SERVICES_ACCOUNTING_AND_FINANCIAL_SERVICES,financial_services_other,credit_loan_repayments,financial_services_other,credit_loan_repayments,T6_native_fallback,no,no,no,no,mobile_phone_contract,utilities_household_bills,opus_tiebreak,no,mobile_handset,unclassified_other,mobile_phone_contract,unclassified_other,unclassified_other
783,v4_unmatched_plaid,plaid,McDonald's,McDonald’s,3.89,debit,takeaway,eating_drinking_out,McDonald's.,yes,DINING_DINING,restaurant_cafe,eating_drinking_out,takeaway,eating_drinking_out,T4_dictionary,no,yes,yes,yes,takeaway,eating_drinking_out,gemini_sonnet_agree,yes,takeaway,takeaway,takeaway,takeaway,takeaway
784,v4_unmatched_plaid,plaid,Amazon,Amazon from Other Stuff  Pot,55.97,debit,marketplace_amazon,general_retail_marketplaces,Amazon from a Monzo pot.,established,GENERAL_MERCHANDISE_ONLINE_MARKETPLACES,marketplace_general,general_retail_marketplaces,marketplace_amazon,general_retail_marketplaces,T4_dictionary,no,yes,yes,yes,marketplace_amazon,general_retail_marketplaces,gemini_sonnet_agree,yes,marketplace_amazon,marketplace_amazon,marketplace_amazon,,
785,v4_unmatched_plaid,plaid,Extra,Extra,3.0,debit,unclassified_other,unclassified,Bare Extra; many unrelated payees.,yes,TRANSFER_OUT_OTHER,unclassified_transfer,unclassified,unclassified_transfer,unclassified,T6_native_fallback,no,no,yes,yes,unclassified_other,unclassified,opus_tiebreak,yes,convenience_store,unclassified_other,unclassified_other,unclassified_other,unclassified_other
786,v4_unmatched_plaid,plaid,Rontec Chiswick Fl,Rontec Chiswick Flyove,1.6,debit,convenience_store,groceries_household_essentials,"Rontec Chiswick Flyover is an Esso site with a Londis shop. £1.60 is shop-scale not a fill, so convenience_store rather than fuel.",no,TRANSFER_OUT_OTHER,unclassified_transfer,unclassified,fuel,transport_motoring,T4_dictionary,no,no,no,no,fuel,transport_motoring,gemini_sonnet_agree,no,fuel,fuel,fuel,convenience_store,fuel
787,v4_unmatched_plaid,plaid,R Webb,R WEBB 400000001613791412,20.0,debit,transfer_p2p,transfers,Named person R Webb.,yes,TRANSFER_OUT_OTHER,unclassified_transfer,unclassified,transfer_p2p,transfers,T5_R02,no,yes,no,yes,transfer_p2p,transfers,gemini_sonnet_agree,yes,transfer_p2p,transfer_p2p,transfer_p2p,transfer_p2p,transfer_p2p
788,v4_unmatched_plaid,plaid,Taptap Send,TapTap Send,5.0,debit,transfer_international,transfers,TapTap Send remittance.,yes,TRANSFER_OUT_OTHER,unclassified_transfer,unclassified,unclassified_transfer,unclassified,T6_native_fallback,no,no,no,no,transfer_international,transfers,gemini_sonnet_agree,yes,transfer_international,transfer_international,transfer_international,transfer_international,transfer_international
789,v4_unmatched_plaid,plaid,A C,To A/C 81203322   HEATON NA         Via Mobile Xfer,8.0,debit,transfer_p2p,transfers,OVERRIDE established transfer_bank_unspecified. To A/C HEATON NA Via Mobile Xfer is a named person.,established,TRANSFER_OUT_OTHER,unclassified_transfer,unclassified,unclassified_transfer,unclassified,T6_native_fallback,no,no,no,no,transfer_bank_unspecified,transfers,opus_tiebreak,no,transfer_p2p,transfer_own_account,transfer_bank_unspecified,,
790,v4_unmatched_plaid,plaid,Amazon,Prime Video Rent /  ON 06 SEP BCC Amazon,2.49,debit,streaming,digital_subscriptions_services,OVERRIDE established marketplace_amazon. Narrative is Prime Video Rent — video rental/streaming not marketplace goods.,established,GENERAL_MERCHANDISE_ONLINE_MARKETPLACES,marketplace_general,general_retail_marketplaces,marketplace_amazon,general_retail_marketplaces,T4_dictionary,no,no,no,no,streaming,digital_subscriptions_services,gemini_sonnet_agree,yes,streaming,streaming,streaming,,
791,v4_unmatched_plaid,plaid,McDonald's,8104 25AUG25  D   MCDONALDS 8261671 KENT GB,2.99,debit,takeaway,eating_drinking_out,McDonald's Kent.,yes,DINING_DINING,restaurant_cafe,eating_drinking_out,takeaway,eating_drinking_out,T4_dictionary,no,yes,yes,yes,takeaway,eating_drinking_out,gemini_sonnet_agree,yes,takeaway,takeaway,takeaway,takeaway,takeaway
792,v4_unmatched_plaid,plaid,Tiktok Shop,CARD PAYMENT TO TIKTOK SHOP ON 16-09-2025,14.38,debit,marketplace_general,general_retail_marketplaces,TikTok Shop debit spend (not a seller payout).,yes,GENERAL_MERCHANDISE_ONLINE_MARKETPLACES,marketplace_general,general_retail_marketplaces,marketplace_general,general_retail_marketplaces,T6_native_fallback,yes,yes,yes,yes,marketplace_general,general_retail_marketplaces,gemini_sonnet_agree,yes,marketplace_general,marketplace_general,marketplace_general,marketplace_general,marketplace_general
793,v4_unmatched_plaid,plaid,Jennychem,SP JENNYCHEM,60.0,debit,vehicle_maintenance,transport_motoring,SP JENNYCHEM is Jennychem car-valeting chemicals (£60 typical 5L pack). Vehicle-care goods rather than apparel native.,no,GENERAL_MERCHANDISE_APPAREL_AND_ACCESSORIES,clothing_general,clothing_personal_care,clothing_general,clothing_personal_care,T6_native_fallback,no,no,no,no,vehicle_maintenance,transport_motoring,gemini_sonnet_agree,yes,vehicle_maintenance,vehicle_maintenance,carwash,unclassified_other,vehicle_maintenance
794,v4_unmatched_plaid,plaid,Aladdins Pizza Cannock,Aladdins Pizza Can,30.9,debit,takeaway,eating_drinking_out,Aladdins Pizza Cannock.,yes,DINING_DINING,restaurant_cafe,eating_drinking_out,takeaway,eating_drinking_out,T4_dictionary,no,yes,yes,yes,takeaway,eating_drinking_out,gemini_sonnet_agree,yes,takeaway,takeaway,takeaway,takeaway,takeaway
795,v4_unmatched_plaid,plaid,Sip City Store,SIP CITY STORE,24.49,debit,groceries,groceries_household_essentials,"Sip City Store Ltd Liverpool is SIC 47110 food-predominating non-specialised retail, not a discount variety store.",no,GENERAL_MERCHANDISE_DISCOUNT_STORES,discount_store,groceries_household_essentials,discount_store,groceries_household_essentials,T6_native_fallback,no,no,yes,yes,convenience_store,groceries_household_essentials,gemini_sonnet_agree,no,convenience_store,convenience_store,vaping,convenience_store,discount_store
796,v4_unmatched_plaid,plaid,McDonald's,McDonald’s from Virtual Card Pot,11.65,debit,takeaway,eating_drinking_out,McDonald's from a virtual card pot.,yes,DINING_DINING,restaurant_cafe,eating_drinking_out,takeaway,eating_drinking_out,T4_dictionary,no,yes,yes,yes,takeaway,eating_drinking_out,gemini_sonnet_agree,yes,takeaway,takeaway,takeaway,takeaway,takeaway
797,v4_unmatched_plaid,plaid,Macclesfield Mini Mark,Contactless Payment Macclesfield Mini Mark,7.49,debit,convenience_store,groceries_household_essentials,Macclesfield Mini Market.,yes,GENERAL_MERCHANDISE_CONVENIENCE_STORES,convenience_store,groceries_household_essentials,convenience_store,groceries_household_essentials,T4_dictionary,yes,yes,yes,yes,convenience_store,groceries_household_essentials,gemini_sonnet_agree,yes,convenience_store,convenience_store,convenience_store,convenience_store,convenience_store
798,v4_unmatched_plaid,plaid,Tiktok Shop,TikTok Shop,4.75,debit,marketplace_general,general_retail_marketplaces,TikTok Shop debit.,yes,GENERAL_MERCHANDISE_ONLINE_MARKETPLACES,marketplace_general,general_retail_marketplaces,marketplace_general,general_retail_marketplaces,T6_native_fallback,yes,yes,yes,yes,marketplace_general,general_retail_marketplaces,gemini_sonnet_agree,yes,marketplace_general,marketplace_general,marketplace_general,marketplace_general,marketplace_general
799,v4_unmatched_plaid,plaid,Harry Hall,"Harry Hall, HAR-MTY695U22",13.11,debit,clothing_outdoor,clothing_personal_care,Harry Hall HAR-MTY695U22 is the British equestrian/outdoor clothing retailer.,no,TRANSFER_OUT_OTHER,unclassified_transfer,unclassified,unclassified_transfer,unclassified,T6_native_fallback,no,no,no,no,clothing_outdoor,clothing_personal_care,opus_tiebreak,yes,pet_supplies,clothing_general,clothing_outdoor,unclassified_other,clothing_outdoor
800,v4_unmatched_plaid,plaid,Roebuck,THE OLD ROEBUCK,15.85,debit,pub_bar,eating_drinking_out,The Old Roebuck pub.,yes,DINING_DINING,restaurant_cafe,eating_drinking_out,restaurant_cafe,eating_drinking_out,T6_native_fallback,no,no,yes,yes,pub_bar,eating_drinking_out,gemini_sonnet_agree,yes,pub_bar,pub_bar,pub_bar,pub_bar,pub_bar
801,v4_unmatched_plaid,plaid,First Central Serv,FIRSTCENTRALSERV 69325608-02007006I,87.55,debit,insurance_motor,insurance,First Central / 1st Central is primarily motor insurance; native personal-loan is wrong.,yes,LOAN_PAYMENTS_PERSONAL_LOAN_PAYMENT,personal_loan_repayment,credit_loan_repayments,personal_loan_repayment,credit_loan_repayments,T6_native_fallback,no,no,no,no,insurance_motor,insurance,gemini_sonnet_agree,yes,insurance_motor,insurance_motor,insurance_motor,insurance_motor,insurance_motor
802,v4_unmatched_plaid,plaid,Angel Hill,Angel Hill 1127,0.85,debit,restaurant_cafe,eating_drinking_out,Angel Hill cafe (worked example); £0.85 till.,established,TRANSFER_OUT_OTHER,unclassified_transfer,unclassified,restaurant_cafe,eating_drinking_out,T4_dictionary,no,yes,no,yes,restaurant_cafe,eating_drinking_out,gemini_sonnet_agree,yes,restaurant_cafe,restaurant_cafe,restaurant_cafe,,
803,v4_unmatched_plaid,plaid,Gemma Milby,Gemma Milby - SortCodeAccountNumber: 04000336178214,10.0,debit,transfer_p2p,transfers,Named person Gemma Milby.,yes,TRANSFER_OUT_OTHER,unclassified_transfer,unclassified,transfer_p2p,transfers,T4_dictionary,no,yes,no,yes,transfer_p2p,transfers,gemini_sonnet_agree,yes,transfer_p2p,transfer_p2p,transfer_p2p,transfer_p2p,transfer_p2p
804,v4_unmatched_plaid,plaid,Deichmann Se,Deichmann SE 0110 Chesterfield,39.67,debit,footwear,clothing_personal_care,Deichmann Chesterfield shoe shop.,yes,GENERAL_MERCHANDISE_APPAREL_AND_ACCESSORIES,clothing_general,clothing_personal_care,footwear,clothing_personal_care,T4_dictionary,no,yes,yes,yes,footwear,clothing_personal_care,gemini_sonnet_agree,yes,footwear,footwear,footwear,footwear,footwear
805,v4_unmatched_plaid,plaid,Zable,ZABLE CARD PV5061975666469598,2.5,debit,credit_card_repayment,credit_loan_repayments,"ZABLE CARD is a credit-builder credit card, not BNPL.",no,LOAN_PAYMENTS_CREDIT_CARD_PAYMENT,credit_card_repayment,credit_loan_repayments,credit_card_repayment,credit_loan_repayments,T6_native_fallback,yes,yes,yes,yes,credit_card_repayment,credit_loan_repayments,opus_tiebreak,yes,credit_card_repayment,unclassified_other,credit_card_repayment,bnpl,credit_card_repayment
806,v4_unmatched_plaid,plaid,COOP,VICTORIA HART     COOP              VIA MOBILE - PYMT FP 12/08/25 10    41211626028577000N,15.0,debit,transfer_p2p,transfers,"OVERRIDE established groceries. VICTORIA HART COOP VIA MOBILE is a named-person FPS with a COOP memo, not a Co-op till.",established,FOOD_RETAIL_GROCERIES,groceries,groceries_household_essentials,groceries,groceries_household_essentials,T6_native_fallback,no,no,no,no,transfer_p2p,transfers,gemini_sonnet_agree,yes,transfer_p2p,transfer_p2p,transfer_p2p,,
807,v4_unmatched_plaid,plaid,Raylo,RAYLO HM2C2XF,29.63,debit,retail_finance_repayment,credit_loan_repayments,Raylo instalment.,yes,GENERAL_MERCHANDISE_ONLINE_MARKETPLACES,marketplace_general,general_retail_marketplaces,retail_finance_repayment,credit_loan_repayments,T4_dictionary,no,yes,no,yes,retail_finance_repayment,credit_loan_repayments,gemini_sonnet_agree,yes,retail_finance_repayment,retail_finance_repayment,retail_finance_repayment,retail_finance_repayment,retail_finance_repayment
808,v4_unmatched_plaid,plaid,Plough,Ploughlincoln,7.15,debit,pub_bar,eating_drinking_out,Plough Lincoln pub.,yes,DINING_DINING,restaurant_cafe,eating_drinking_out,pub_bar,eating_drinking_out,T4_dictionary,no,yes,yes,yes,pub_bar,eating_drinking_out,gemini_sonnet_agree,yes,pub_bar,pub_bar,pub_bar,pub_bar,pub_bar
809,v4_unmatched_plaid,plaid,Sony Playstation,CARD PAYMENT TO PLAYSTATION NETWORK ON 21-08-2025,5.99,debit,gaming_console_pc,entertainment_leisure,PlayStation Network.,yes,ENTERTAINMENT_MUSIC_VIDEO_GAMES_TV_AND_MOVIES,entertainment_other,entertainment_leisure,entertainment_other,entertainment_leisure,T6_native_fallback,no,no,yes,yes,gaming_console_pc,entertainment_leisure,gemini_sonnet_agree,yes,gaming_console_pc,gaming_console_pc,gaming_console_pc,gaming_console_pc,gaming_console_pc
810,v4_unmatched_plaid,plaid,Victor Munhoz,VICTOR MUNHOZ 100000001619617920,150.0,debit,transfer_p2p,transfers,Named person Victor Munhoz.,yes,GENERAL_SERVICES_OTHER_SERVICES,business_services,business_self_employment,business_services,business_self_employment,T6_native_fallback,no,no,no,no,transfer_p2p,transfers,gemini_sonnet_agree,yes,transfer_p2p,transfer_p2p,transfer_p2p,transfer_p2p,transfer_p2p
811,v4_unmatched_plaid,plaid,Eloise,Payment to ELOISE BIGGADIKE 090129 52177260,25.0,debit,transfer_p2p,transfers,Named person Eloise Biggadike.,yes,DINING_DINING,restaurant_cafe,eating_drinking_out,restaurant_cafe,eating_drinking_out,T6_native_fallback,no,no,no,no,transfer_p2p,transfers,gemini_sonnet_agree,yes,transfer_p2p,transfer_p2p,transfer_p2p,transfer_p2p,transfer_p2p
812,v4_unmatched_plaid,plaid,Amazon,CREDIT FROM AMZNMKTPLACE ON 30-06-2025,29.95,credit,refund_received,income_other,OVERRIDE established marketplace_amazon. CREDIT FROM AMZNMKTPLACE is an Amazon refund (direction is credit).,established,TRANSFER_IN_CHECKS_AND_ATM,cash_deposit,cash,marketplace_amazon,general_retail_marketplaces,T4_dictionary,no,no,no,no,refund_received,income_other,gemini_sonnet_agree,yes,refund_received,refund_received,marketplace_amazon,,
813,v4_unmatched_plaid,plaid,Tescophoneins.,TESCOPHONEINS.,3.75,debit,insurance_other,insurance,"TESCOPHONEINS is Tesco Mobile Protect gadget/phone insurance, not the airtime contract.",no,INSURANCE_AND_TAX_INSURANCE,insurance_general,insurance,insurance_general,insurance,T6_native_fallback,no,no,yes,yes,insurance_other,insurance,opus_tiebreak,yes,insurance_other,mobile_phone_contract,insurance_other,mobile_phone_contract,insurance_other
814,v4_unmatched_plaid,plaid,U.S. Post Office,POST OFFICE COUNTE,4.05,debit,delivery_courier,general_retail_marketplaces,Post Office counter.,yes,GENERAL_SERVICES_OTHER_SERVICES,business_services,business_self_employment,delivery_courier,general_retail_marketplaces,T4_dictionary,no,yes,no,yes,delivery_courier,general_retail_marketplaces,gemini_sonnet_agree,yes,delivery_courier,delivery_courier,government_services,delivery_courier,delivery_courier
815,v4_unmatched_plaid,plaid,Toor Supermarket,TOOR SUPERMARKET  ON 17 AUG CPM,8.71,debit,groceries,groceries_household_essentials,Toor Supermarket.,yes,FOOD_RETAIL_GROCERIES,groceries,groceries_household_essentials,groceries,groceries_household_essentials,T4_dictionary,yes,yes,yes,yes,groceries,groceries_household_essentials,opus_tiebreak,yes,groceries,groceries_specialist,groceries,groceries,groceries
816,v4_unmatched_plaid,plaid,Centurion Waterloovil,"Centurion, Waterloovil",28.55,debit,pub_bar,eating_drinking_out,"OVERRIDE dual restaurant_cafe. The Centurion, Waterlooville is a Star Pubs sports pub.",yes,DINING_DINING,restaurant_cafe,eating_drinking_out,restaurant_cafe,eating_drinking_out,T6_native_fallback,no,no,yes,yes,pub_bar,eating_drinking_out,opus_tiebreak,yes,pub_bar,unclassified_other,pub_bar,restaurant_cafe,restaurant_cafe
817,v4_unmatched_plaid,plaid,Steam,STEAM PURCHASE GERMANY ON 16 JUL BCC,6.39,debit,gaming_console_pc,entertainment_leisure,Steam purchase (Germany FX); known merchant so not foreign_spend_unspecified.,yes,ENTERTAINMENT_MUSIC_VIDEO_GAMES_TV_AND_MOVIES,entertainment_other,entertainment_leisure,gaming_console_pc,entertainment_leisure,T4_dictionary,no,yes,yes,yes,gaming_console_pc,entertainment_leisure,gemini_sonnet_agree,yes,gaming_console_pc,gaming_console_pc,gaming_console_pc,gaming_console_pc,gaming_console_pc
818,v4_unmatched_plaid,plaid,Current,201608 63293815  MOBILE-CHANNEL FT Barclays current account,15.0,debit,transfer_own_account,transfers,OVERRIDE dual unclassified_other. Narrative is Barclays current account mobile transfer — own-account evidence Adversary: Barclays current account as FPS payee is not proof it is THIS customer's own account (other Current rows in-file were left unspecified). Labeller overrode dual unclassified because of the current-account wording. Left as transfer_own_account for you to decide.,yes,TRANSFER_OUT_OTHER,unclassified_transfer,unclassified,unclassified_other,unclassified,T4_dictionary,no,no,no,no,unclassified_other,unclassified,opus_tiebreak,no,transfer_own_account,unclassified_other,unclassified_other,unclassified_other,unclassified_other
819,v4_unmatched_plaid,plaid,Brighton And Hove Buses,Brighton and Hove Buses,6.0,debit,public_transport_rail_coach,transport_motoring,Brighton and Hove Buses.,yes,TRAVEL_AND_TRANSPORTATION_PUBLIC_TRANSIT,public_transport_rail_coach,transport_motoring,public_transport_rail_coach,transport_motoring,T4_dictionary,yes,yes,yes,yes,public_transport_rail_coach,transport_motoring,gemini_sonnet_agree,yes,public_transport_rail_coach,public_transport_rail_coach,public_transport_rail_coach,public_transport_rail_coach,public_transport_rail_coach
820,v4_unmatched_plaid,plaid,Makkah Grill,MAKKAH GRILL,9.98,debit,takeaway,eating_drinking_out,Makkah Grill is a kebab/grill takeaway.,no,DINING_DINING,restaurant_cafe,eating_drinking_out,restaurant_cafe,eating_drinking_out,T6_native_fallback,no,no,yes,yes,takeaway,eating_drinking_out,opus_tiebreak,yes,restaurant_cafe,takeaway,takeaway,restaurant_cafe,takeaway
821,v4_unmatched_plaid,plaid,McDonald's,Mcdonalds 8261996,8.46,debit,takeaway,eating_drinking_out,McDonald's.,yes,DINING_DINING,restaurant_cafe,eating_drinking_out,takeaway,eating_drinking_out,T4_dictionary,no,yes,yes,yes,takeaway,eating_drinking_out,gemini_sonnet_agree,yes,takeaway,takeaway,takeaway,takeaway,takeaway
822,v4_unmatched_plaid,plaid,Windmill,WINDMILL  ON 15 AUG CPM Windmill,15.3,debit,unclassified_card_spend,unclassified,WINDMILL 15 AUG. Many UK pubs and grocers share Windmill; native groceries does not uniquely disambiguate. Honest unclassified_card_spend.,no,FOOD_RETAIL_GROCERIES,groceries,groceries_household_essentials,groceries,groceries_household_essentials,T6_native_fallback,no,no,no,no,pub_bar,eating_drinking_out,gemini_sonnet_agree,no,pub_bar,pub_bar,pub_bar,pub_bar,groceries
823,v4_unmatched_plaid,plaid,Mum Food Via,MUM               FOOD              VIA MOBILE - PYMT,150.0,debit,transfer_p2p,transfers,Mum + FOOD memo; named-person FPS.,yes,TRANSFER_OUT_OTHER,unclassified_transfer,unclassified,transfer_p2p,transfers,T4_dictionary,no,yes,no,yes,transfer_p2p,transfers,gemini_sonnet_agree,yes,transfer_p2p,transfer_p2p,transfer_p2p,transfer_p2p,transfer_p2p
824,v4_unmatched_plaid,plaid,Premier Three Trees,PREMIER THREE TREE,2.5,debit,groceries,groceries_household_essentials,Premier Three Trees is Premier symbol-group groceries.,yes,DINING_DINING,restaurant_cafe,eating_drinking_out,restaurant_cafe,eating_drinking_out,T6_native_fallback,no,no,no,no,groceries,groceries_household_essentials,gemini_sonnet_agree,yes,groceries,groceries,groceries,groceries,groceries
825,v4_unmatched_plaid,plaid,Mesa On,MESA ON 51 MALAYSIA AMOUNT IN MYR 566.95 ON 03 AUG VISA 5.596785 FINAL GBP AMOUNT INCLUDES NON-STERLING TRANS FEE £3.03 ,104.33,debit,foreign_spend_unspecified,travel_holidays,MESA ON 51 Malaysia MYR card spend abroad.,yes,TRAVEL_AND_TRANSPORTATION_PUBLIC_TRANSIT,public_transport_rail_coach,transport_motoring,public_transport_rail_coach,transport_motoring,T6_native_fallback,no,no,no,no,foreign_spend_unspecified,travel_holidays,gemini_sonnet_agree,yes,foreign_spend_unspecified,foreign_spend_unspecified,foreign_spend_unspecified,foreign_spend_unspecified,foreign_spend_unspecified
826,v4_unmatched_plaid,plaid,HM Revenue and Customs,Bank credit HMRC CHILD BENEFIT 202648 13031802,26.05,credit,benefits_state,income_benefits_state_support,HMRC Child Benefit credit (not tax_refund).,yes,TAX_REFUND_TAX_REFUND,tax_refund,income_other,tax_payment,council_tax_government,T4_dictionary,no,no,no,no,benefits_state,income_benefits_state_support,gemini_sonnet_agree,yes,benefits_state,benefits_state,benefits_state,benefits_state,benefits_state
827,v4_unmatched_plaid,plaid,C Crane,C CRANE,1550.0,debit,unclassified_other,unclassified,C CRANE £1550. Could be a named person or C.Crane (electronics). Name collision; do not force transfer_p2p.,no,TRANSFER_OUT_OTHER,unclassified_transfer,unclassified,transfer_p2p,transfers,T4_dictionary,no,no,yes,no,unclassified_other,unclassified,opus_tiebreak,yes,transfer_p2p,unclassified_other,unclassified_other,unclassified_other,transfer_p2p
828,v4_unmatched_plaid,plaid,SkyBet,SKY BET CD 4563,6.84,debit,gambling_betting,gambling,Sky Bet debit.,yes,ENTERTAINMENT_CASINOS_AND_GAMBLING,gambling_unspecified,gambling,gambling_betting,gambling,T4_dictionary,no,yes,yes,yes,gambling_betting,gambling,gemini_sonnet_agree,yes,gambling_betting,gambling_betting,gambling_betting,gambling_betting,gambling_betting
829,v4_unmatched_plaid,plaid,Temu,3574 16JUL25      TEMU.COM          LONDON GB,19.02,debit,marketplace_general,general_retail_marketplaces,Temu.com marketplace spend.,yes,GENERAL_MERCHANDISE_APPAREL_AND_ACCESSORIES,clothing_general,clothing_personal_care,clothing_general,clothing_personal_care,T6_native_fallback,no,no,no,no,marketplace_general,general_retail_marketplaces,gemini_sonnet_agree,yes,marketplace_general,marketplace_general,marketplace_general,marketplace_general,marketplace_general
830,v4_unmatched_plaid,plaid,Amazon,Amazon.co.uk*RF13M,15.99,debit,marketplace_amazon,general_retail_marketplaces,Amazon.co.uk debit.,established,GENERAL_MERCHANDISE_ONLINE_MARKETPLACES,marketplace_general,general_retail_marketplaces,marketplace_amazon,general_retail_marketplaces,T4_dictionary,no,yes,yes,yes,marketplace_amazon,general_retail_marketplaces,gemini_sonnet_agree,yes,marketplace_amazon,marketplace_amazon,marketplace_amazon,,
831,v4_unmatched_plaid,plaid,Marie Lukube,Payment to MARIE LUKUBE 040004 97613084,20.0,debit,transfer_p2p,transfers,Named person Marie Lukube.,yes,TRANSFER_OUT_OTHER,unclassified_transfer,unclassified,transfer_p2p,transfers,T4_dictionary,no,yes,no,yes,transfer_p2p,transfers,gemini_sonnet_agree,yes,transfer_p2p,transfer_p2p,transfer_p2p,transfer_p2p,transfer_p2p
832,v4_unmatched_plaid,plaid,Meatzone Uk Limite Ranas Fish Shop,MEATZONE UK LIMITE  RANAS FISH SHOP FT,935.0,debit,groceries_specialist,groceries_household_essentials,Meatzone / Ranas Fish Shop butcher-fishmonger; large FPS still specialist food.,yes,FOOD_RETAIL_GROCERIES,groceries,groceries_household_essentials,groceries,groceries_household_essentials,T6_native_fallback,no,no,yes,yes,groceries_specialist,groceries_household_essentials,opus_tiebreak,yes,groceries_specialist,unclassified_other,groceries_specialist,groceries_specialist,groceries_specialist
833,v4_unmatched_plaid,plaid,Hoan Nguyen Pizza And Beer,Hoan Nguyen Pizza and beer,30.0,debit,transfer_p2p,transfers,"Hoan Nguyen Pizza and beer — purpose is pizza/beer food. Treat as takeaway rather than bare P2P Adversary: Hoan Nguyen + pizza and beer is a named-person memo, not a takeaway fascia (same pattern as other named-person + food memos labelled P2P). Labeller treated the food words as purpose. Left as takeaway for you to decide.",no,DINING_DINING,restaurant_cafe,eating_drinking_out,restaurant_cafe,eating_drinking_out,T6_native_fallback,no,no,no,no,transfer_p2p,transfers,opus_tiebreak,yes,transfer_p2p,restaurant_cafe,transfer_p2p,restaurant_cafe,transfer_p2p
834,v4_unmatched_plaid,plaid,Ayaz Mehmood Supplies,Ayaz Mehmood Supplies,400.0,debit,unclassified_other,unclassified,Ayaz Mehmood Supplies £400; supplies type unknown.,yes,RENT_AND_UTILITIES_TELECOMMUNICATIONS,mobile_phone_contract,utilities_household_bills,mobile_phone_contract,utilities_household_bills,T6_native_fallback,no,no,no,no,transfer_p2p,transfers,opus_tiebreak,no,transfer_p2p,unclassified_other,transfer_p2p,unclassified_other,unclassified_other
835,v4_unmatched_plaid,plaid,Dvla-l6koo,DVLA-L6KOO  000000000054361006 DDR,16.62,debit,road_tax,transport_motoring,DVLA-L6KOO VED DD.,yes,GOVERNMENTS_AND_NON_PROFIT_GOVERNMENTS_AND_NON_PROFIT,council_tax,council_tax_government,council_tax,council_tax_government,T6_native_fallback,no,no,no,no,road_tax,transport_motoring,gemini_sonnet_agree,yes,road_tax,road_tax,road_tax,road_tax,road_tax
836,v4_unmatched_plaid,plaid,John Alexander,John Alexander,70.0,debit,transfer_p2p,transfers,Named person John Alexander.,yes,TRANSFER_OUT_OTHER,unclassified_transfer,unclassified,unclassified_transfer,unclassified,T6_native_fallback,no,no,no,no,transfer_p2p,transfers,gemini_sonnet_agree,yes,transfer_p2p,transfer_p2p,transfer_p2p,transfer_p2p,transfer_p2p
837,v4_unmatched_plaid,plaid,Miss S Johnson,GB Account - Paid with Starling Miss S Johnson - SortCodeAccountNumber: 40126260715581,50.0,debit,transfer_p2p,transfers,Named person Miss S Johnson.,yes,TRANSFER_OUT_OTHER,unclassified_transfer,unclassified,transfer_p2p,transfers,T5_R01,no,yes,no,yes,transfer_p2p,transfers,gemini_sonnet_agree,yes,transfer_p2p,transfer_p2p,transfer_p2p,transfer_p2p,transfer_p2p
838,v4_unmatched_plaid,plaid,B&Q,B&Q LIVINGSTON  ON 21 AUG CPM,3.5,debit,home_improvement,home_garden,B&Q Livingston.,yes,GENERAL_MERCHANDISE_FURNITURE_AND_HARDWARE,home_accessories,home_garden,home_improvement,home_garden,T4_dictionary,no,yes,yes,yes,home_improvement,home_garden,gemini_sonnet_agree,yes,home_improvement,home_improvement,home_improvement,home_improvement,home_improvement
839,v4_unmatched_plaid,plaid,T K Maxx,6004 24JUN25 CD   T K MAXX          WESTON SUPERM GB,37.15,debit,clothing_general,clothing_personal_care,TK Maxx Weston-super-Mare off-price clothing (not discount_store).,yes,GENERAL_MERCHANDISE_APPAREL_AND_ACCESSORIES,clothing_general,clothing_personal_care,clothing_general,clothing_personal_care,T6_native_fallback,yes,yes,yes,yes,department_store,general_retail_marketplaces,opus_tiebreak,no,department_store,clothing_general,department_store,clothing_general,clothing_general
840,v4_unmatched_plaid,plaid,SkyBet,Visa purchase SKY BET APPLEPAY 7582,5.0,debit,gambling_betting,gambling,Sky Bet Apple Pay.,yes,ENTERTAINMENT_CASINOS_AND_GAMBLING,gambling_unspecified,gambling,gambling_betting,gambling,T4_dictionary,no,yes,yes,yes,gambling_betting,gambling,gemini_sonnet_agree,yes,gambling_betting,gambling_betting,gambling_betting,gambling_betting,gambling_betting
841,v4_unmatched_plaid,plaid,Bills,CARD PAYMENT TO BILLS - READING ON 06-07-2025,4.14,debit,restaurant_cafe,eating_drinking_out,Bills Reading is the Bills restaurant chain.,no,DINING_DINING,restaurant_cafe,eating_drinking_out,restaurant_cafe,eating_drinking_out,T6_native_fallback,yes,yes,yes,yes,restaurant_cafe,eating_drinking_out,opus_tiebreak,yes,restaurant_cafe,unclassified_other,restaurant_cafe,unclassified_other,restaurant_cafe
842,v4_unmatched_plaid,plaid,Stacey Stanley,STACEY STANLEY 100000001609376571,41.0,debit,transfer_p2p,transfers,Named person Stacey Stanley.,yes,TRANSFER_OUT_OTHER,unclassified_transfer,unclassified,transfer_p2p,transfers,T4_dictionary,no,yes,no,yes,transfer_p2p,transfers,gemini_sonnet_agree,yes,transfer_p2p,transfer_p2p,transfer_p2p,transfer_p2p,transfer_p2p
843,v4_unmatched_plaid,plaid,Icelandair,ICELAND,7.0,debit,groceries,groceries_household_essentials,Iceland supermarket; Plaid merchant Icelandair is a false friend. Description is ICELAND.,established,FOOD_RETAIL_GROCERIES,groceries,groceries_household_essentials,groceries,groceries_household_essentials,T6_native_fallback,yes,yes,yes,yes,groceries,groceries_household_essentials,opus_tiebreak,yes,groceries,flights,groceries,,
844,v4_unmatched_plaid,plaid,Wickes Maidstone,WICKES MAIDSTONE,142.0,debit,home_improvement,home_garden,Wickes Maidstone.,yes,GENERAL_MERCHANDISE_FURNITURE_AND_HARDWARE,home_accessories,home_garden,home_improvement,home_garden,T4_dictionary,no,yes,yes,yes,home_improvement,home_garden,gemini_sonnet_agree,yes,home_improvement,home_improvement,home_improvement,home_improvement,home_improvement
845,v4_unmatched_plaid,plaid,Polska Apteka,Zempler Bank account - 17556 Polska  Apteka - SortCodeAccountNumber: 08719912522262,26.97,debit,pharmacy,health_medical,"Polska Apteka is a Polish pharmacy (Zempler bank transfer to the shop), not P2P.",no,TRANSFER_OUT_OTHER,unclassified_transfer,unclassified,unclassified_transfer,unclassified,T6_native_fallback,no,no,no,no,pharmacy,health_medical,gemini_sonnet_agree,yes,pharmacy,pharmacy,pharmacy,transfer_p2p,pharmacy
846,v4_unmatched_plaid,plaid,Wembley,WEMBLEY,1000.0,debit,unclassified_other,unclassified,Wembley £1000; stadium vs person vs parking — not unique.,yes,TRANSFER_OUT_CHECKS_AND_ATM,cash_withdrawal,cash,cash_withdrawal,cash,T6_native_fallback,no,no,no,no,unclassified_other,unclassified,gemini_sonnet_agree,yes,unclassified_other,unclassified_other,unclassified_other,unclassified_other,unclassified_other
847,v4_unmatched_plaid,plaid,Wickes Bracknell,WICKES BRACKNELL  ON 29 JUL CLP Wickes,5.0,debit,home_improvement,home_garden,Wickes Bracknell.,yes,GENERAL_MERCHANDISE_FURNITURE_AND_HARDWARE,home_accessories,home_garden,home_improvement,home_garden,T4_dictionary,no,yes,yes,yes,home_improvement,home_garden,gemini_sonnet_agree,yes,home_improvement,home_improvement,home_improvement,home_improvement,home_improvement
848,v4_unmatched_plaid,plaid,Navid M Gggg,NAVID M  GGGG FT,15.0,debit,transfer_p2p,transfers,Named person Navid M.,yes,TRANSFER_OUT_OTHER,unclassified_transfer,unclassified,unclassified_transfer,unclassified,T6_native_fallback,no,no,no,no,transfer_p2p,transfers,opus_tiebreak,yes,transfer_p2p,unclassified_other,transfer_p2p,transfer_p2p,transfer_p2p
849,v4_unmatched_plaid,plaid,Maimuna Jaiteh Mam Lolly,Maimuna jaiteh    Mam lolly,900.0,debit,transfer_p2p,transfers,Named person Maimuna Jaiteh.,yes,TRANSFER_OUT_OTHER,unclassified_transfer,unclassified,transfer_p2p,transfers,T4_dictionary,no,yes,no,yes,transfer_p2p,transfers,opus_tiebreak,yes,transfer_p2p,unclassified_other,transfer_p2p,transfer_p2p,transfer_p2p
850,v4_unmatched_plaid,plaid,Brother Singhs LTD,Brother Singhs Ltd,2.34,debit,groceries,groceries_household_essentials,Brother Singhs Ltd dining native; £2.34 small till. Keep restaurant_cafe as models agreed. Adversarial: Brother Singhs Ltd is SIC 47110 grocery retail; £2.34 till + Plaid dining is a false friend.,yes,DINING_DINING,restaurant_cafe,eating_drinking_out,transfer_p2p,transfers,T5_R03,no,no,no,no,convenience_store,groceries_household_essentials,opus_tiebreak,no,convenience_store,unclassified_other,convenience_store,restaurant_cafe,restaurant_cafe
851,v4_unmatched_plaid,plaid,Domino's,DOMINOS           FOOOOOOOD         VIA MOBILE - PYMT FP 14/07/25 10    25001732303923000N,20.0,debit,takeaway,eating_drinking_out,DOMINOS FOOOOOOOD via mobile FPS; payee/purpose is Domino's pizza.,established,DINING_DINING,restaurant_cafe,eating_drinking_out,restaurant_cafe,eating_drinking_out,T6_native_fallback,no,no,yes,yes,takeaway,eating_drinking_out,gemini_sonnet_agree,yes,takeaway,takeaway,takeaway,,
852,v4_unmatched_plaid,plaid,McDonald's,McDonald’s,21.12,debit,takeaway,eating_drinking_out,McDonald's.,yes,DINING_DINING,restaurant_cafe,eating_drinking_out,takeaway,eating_drinking_out,T4_dictionary,no,yes,yes,yes,takeaway,eating_drinking_out,gemini_sonnet_agree,yes,takeaway,takeaway,takeaway,takeaway,takeaway
853,v4_unmatched_plaid,plaid,Coldharbour Premier,COLDHARBOUR PREMIE,7.6,debit,groceries,groceries_household_essentials,Coldharbour Premier is Premier symbol-group groceries (worked examples).,no,DINING_DINING,restaurant_cafe,eating_drinking_out,restaurant_cafe,eating_drinking_out,T6_native_fallback,no,no,no,no,groceries,groceries_household_essentials,opus_tiebreak,yes,groceries,convenience_store,groceries,groceries,convenience_store
854,v4_unmatched_plaid,plaid,What,WHAT,4.45,debit,unclassified_other,unclassified,Bare WHAT; not identifiable.,yes,GENERAL_MERCHANDISE_APPAREL_AND_ACCESSORIES,clothing_general,clothing_personal_care,clothing_general,clothing_personal_care,T6_native_fallback,no,no,no,no,unclassified_other,unclassified,gemini_sonnet_agree,yes,unclassified_other,unclassified_other,unclassified_other,unclassified_other,unclassified_other
855,v4_unmatched_plaid,plaid,Apple,Apple,3.99,debit,software,digital_subscriptions_services,Apple App Store-scale £3.99.,established,GENERAL_MERCHANDISE_OTHER_GENERAL_MERCHANDISE,retail_other,general_retail_marketplaces,software,digital_subscriptions_services,T4_dictionary,no,yes,no,yes,software,digital_subscriptions_services,gemini_sonnet_agree,yes,software,software,software,,
856,v4_unmatched_plaid,plaid,Premier Zenith,Premier Zenith,3.78,debit,groceries,groceries_household_essentials,Premier Zenith is Premier symbol-group groceries. Native credit-card payment is spurious.,no,LOAN_PAYMENTS_CREDIT_CARD_PAYMENT,credit_card_repayment,credit_loan_repayments,convenience_store,groceries_household_essentials,T4_dictionary,no,no,no,yes,groceries,groceries_household_essentials,opus_tiebreak,yes,groceries,convenience_store,groceries,groceries,credit_card_repayment
857,v4_unmatched_plaid,plaid,Mullas Mini Market Cd,MULLAS MINI MARKET CD 3011,6.39,debit,convenience_store,groceries_household_essentials,Mullas Mini Market.,yes,GENERAL_MERCHANDISE_CONVENIENCE_STORES,convenience_store,groceries_household_essentials,convenience_store,groceries_household_essentials,T4_dictionary,yes,yes,yes,yes,convenience_store,groceries_household_essentials,gemini_sonnet_agree,yes,convenience_store,convenience_store,convenience_store,convenience_store,convenience_store
858,v4_unmatched_plaid,plaid,Startselect,Startselect,41.6,debit,gaming_console_pc,entertainment_leisure,Startselect/Startselect sells digital game/gift codes; gaming spend is the closest leaf.,yes,TRAVEL_AND_TRANSPORTATION_OTHER_TRAVEL_AND_TRANSPORTATION,transport_other,transport_motoring,transport_other,transport_motoring,T6_native_fallback,no,no,no,no,gaming_console_pc,entertainment_leisure,gemini_sonnet_agree,yes,gaming_console_pc,gaming_console_pc,gaming_console_pc,gaming_console_pc,gaming_console_pc
859,v4_unmatched_plaid,plaid,Animal Health Care,ANIMAL HEALTH CARE CX001768076,18.99,debit,veterinary,pets,Animal Health Care / veterinary practice.,established,PET_CARE_AND_SUPPLIES_VETERINARY_SERVICES,veterinary,pets,veterinary,pets,T6_native_fallback,yes,yes,yes,yes,veterinary,pets,gemini_sonnet_agree,yes,veterinary,veterinary,veterinary,,
860,v4_unmatched_plaid,plaid,Domestic & General,"DIRECT DEBIT PAYMENT TO D&G APPLIANCE CARE REF DCP90025376, MANDATE NO 0065",5.49,debit,insurance_general,insurance,Domestic & General appliance-care warranty/insurance.,established,INSURANCE_AND_TAX_INSURANCE,insurance_general,insurance,insurance_general,insurance,T6_native_fallback,yes,yes,yes,yes,insurance_general,insurance,opus_tiebreak,yes,insurance_general,insurance_other,insurance_general,,
861,v4_unmatched_plaid,plaid,Mayfair Food Fayre,MAYFAIR FOOD FAYRE,7.97,debit,groceries,groceries_household_essentials,"Mayfair Food Fayre is a Mayfair grocer/convenience (groceries, household, some food-to-go). £7.97 is shop groceries not a takeaway meal.",no,DINING_DINING,restaurant_cafe,eating_drinking_out,restaurant_cafe,eating_drinking_out,T6_native_fallback,no,no,no,no,takeaway,eating_drinking_out,opus_tiebreak,no,groceries,convenience_store,takeaway,groceries,takeaway
862,v4_unmatched_plaid,plaid,I Roberts,I ROBERTS 308822 26452860,400.0,debit,transfer_p2p,transfers,Named person I Roberts.,yes,TRANSFER_OUT_OTHER,unclassified_transfer,unclassified,transfer_p2p,transfers,T5_R02,no,yes,no,yes,transfer_p2p,transfers,gemini_sonnet_agree,yes,transfer_p2p,transfer_p2p,unclassified_other,transfer_p2p,transfer_p2p
863,v4_unmatched_plaid,plaid,Fraud,FR-5624181 FRAUD REFUND,25.0,credit,refund_received,income_other,FRAUD REFUND credit.,established,TRANSFER_IN_OTHER,unclassified_transfer,unclassified,unclassified_transfer,unclassified,T6_native_fallback,no,no,no,no,refund_received,income_other,gemini_sonnet_agree,yes,refund_received,refund_received,refund_received,,
864,v4_unmatched_plaid,plaid,Pizza Go Go,PIZZA GO GO  ON 17 AUG CPM Pizza go go,30.99,debit,takeaway,eating_drinking_out,Pizza Go Go.,yes,DINING_DINING,restaurant_cafe,eating_drinking_out,takeaway,eating_drinking_out,T4_dictionary,no,yes,yes,yes,takeaway,eating_drinking_out,gemini_sonnet_agree,yes,takeaway,takeaway,takeaway,takeaway,takeaway
865,v4_unmatched_plaid,plaid,Transdev,TRANSDEV BLAZEFIELHARROGATE,2.5,debit,public_transport_rail_coach,transport_motoring,Transdev Blazefield Harrogate buses.,yes,TRAVEL_AND_TRANSPORTATION_OTHER_TRAVEL_AND_TRANSPORTATION,transport_other,transport_motoring,public_transport_rail_coach,transport_motoring,T4_dictionary,no,yes,yes,yes,public_transport_rail_coach,transport_motoring,gemini_sonnet_agree,yes,public_transport_rail_coach,public_transport_rail_coach,public_transport_rail_coach,public_transport_rail_coach,public_transport_rail_coach
866,v4_unmatched_plaid,plaid,Laderach Uk Limitelondon,LADERACH UK LIMITELondon,22.0,debit,confectionary,groceries_household_essentials,Laderach UK London Swiss chocolatier.,yes,DINING_OTHER_DINING,restaurant_cafe,eating_drinking_out,restaurant_cafe,eating_drinking_out,T6_native_fallback,no,no,no,no,confectionary,groceries_household_essentials,opus_tiebreak,yes,confectionary,restaurant_cafe,confectionary,confectionary,confectionary
867,v4_unmatched_plaid,plaid,Spend,TO Spend & Save Plus Account 772222-37493568,40.0,debit,savings_transfer,savings_investments,Nationwide Spend & Save Plus Account internal pot.,established,TRANSFER_OUT_SAVINGS,savings_transfer,savings_investments,savings_transfer,savings_investments,T6_native_fallback,yes,yes,yes,yes,savings_transfer,savings_investments,gemini_sonnet_agree,yes,savings_transfer,savings_transfer,savings_transfer,,
868,v4_unmatched_plaid,plaid,Shop 'n Save,Shop N Save,2.29,debit,groceries,groceries_household_essentials,Shop N Save is an independent/Premier convenience fascia. Adversarial: Shop N Save is a Premier fascia; Premier = groceries.,no,FOOD_RETAIL_GROCERIES,groceries,groceries_household_essentials,groceries,groceries_household_essentials,T4_dictionary,yes,yes,yes,yes,convenience_store,groceries_household_essentials,gemini_sonnet_agree,no,convenience_store,convenience_store,convenience_store,groceries,convenience_store
869,v4_unmatched_plaid,plaid,Cd Vivo,4319 30JUN25 CD   VIVO RATHCOOLE    NEWTOWNABBEY GB,36.81,debit,convenience_store,groceries_household_essentials,"Vivo Rathcoole Newtownabbey is a Vivo neighbourhood convenience store, not a restaurant and not the Texaco filling station on Doagh Road.",no,DINING_DINING,restaurant_cafe,eating_drinking_out,restaurant_cafe,eating_drinking_out,T6_native_fallback,no,no,no,no,fuel,transport_motoring,opus_tiebreak,no,groceries,convenience_store,fuel,restaurant_cafe,convenience_store
870,v4_unmatched_plaid,plaid,Raylo,RAYLO CEZEAHS,32.99,debit,retail_finance_repayment,credit_loan_repayments,Raylo instalment.,yes,GENERAL_MERCHANDISE_ONLINE_MARKETPLACES,marketplace_general,general_retail_marketplaces,retail_finance_repayment,credit_loan_repayments,T4_dictionary,no,yes,no,yes,retail_finance_repayment,credit_loan_repayments,gemini_sonnet_agree,yes,retail_finance_repayment,retail_finance_repayment,retail_finance_repayment,retail_finance_repayment,retail_finance_repayment
871,v4_unmatched_plaid,plaid,Magdalena Poczek,MAGDALENA POCZEK 100000001563530624,10.0,debit,transfer_p2p,transfers,Named person Magdalena Poczek.,yes,TRANSFER_OUT_OTHER,unclassified_transfer,unclassified,unclassified_transfer,unclassified,T6_native_fallback,no,no,no,no,transfer_p2p,transfers,gemini_sonnet_agree,yes,transfer_p2p,transfer_p2p,transfer_p2p,transfer_p2p,transfer_p2p
872,v4_unmatched_plaid,plaid,Cd Longlands Tavern Stourbridge,1348 28JUN25 CD   LONGLANDS TAVERN  STOUR             STOURBRIDGE GB,26.65,debit,pub_bar,eating_drinking_out,Longlands Tavern Stourbridge pub.,yes,DINING_DINING,restaurant_cafe,eating_drinking_out,pub_bar,eating_drinking_out,T4_dictionary,no,yes,yes,yes,pub_bar,eating_drinking_out,gemini_sonnet_agree,yes,pub_bar,pub_bar,pub_bar,pub_bar,pub_bar
873,v4_unmatched_plaid,plaid,Candy Galore,CANDY GALORE,2.5,debit,confectionary,groceries_household_essentials,Candy Galore sweets shop.,yes,DINING_OTHER_DINING,restaurant_cafe,eating_drinking_out,restaurant_cafe,eating_drinking_out,T6_native_fallback,no,no,no,no,confectionary,groceries_household_essentials,gemini_sonnet_agree,yes,confectionary,confectionary,confectionary,confectionary,confectionary
874,v4_unmatched_plaid,plaid,H R Bell,H R BELL 500000001595291864,50.0,debit,transfer_p2p,transfers,Named person H R Bell.,yes,TRANSFER_OUT_OTHER,unclassified_transfer,unclassified,transfer_p2p,transfers,T4_dictionary,no,yes,no,yes,transfer_p2p,transfers,gemini_sonnet_agree,yes,transfer_p2p,transfer_p2p,transfer_p2p,transfer_p2p,transfer_p2p
875,v4_unmatched_plaid,plaid,SkyBet,Visa purchase SKY BET APPLEPAY 7582,5.0,debit,gambling_betting,gambling,Sky Bet Apple Pay.,yes,ENTERTAINMENT_CASINOS_AND_GAMBLING,gambling_unspecified,gambling,gambling_betting,gambling,T4_dictionary,no,yes,yes,yes,gambling_betting,gambling,gemini_sonnet_agree,yes,gambling_betting,gambling_betting,gambling_betting,gambling_betting,gambling_betting
876,v4_unmatched_plaid,plaid,Michelle Bentham,Payment to MICHELLE BENTHAM 772603 17663868 2025-07-25,25.0,debit,transfer_p2p,transfers,Named person Michelle Bentham.,yes,TRANSFER_OUT_OTHER,unclassified_transfer,unclassified,unclassified_transfer,unclassified,T6_native_fallback,no,no,no,no,transfer_p2p,transfers,gemini_sonnet_agree,yes,transfer_p2p,transfer_p2p,transfer_p2p,transfer_p2p,transfer_p2p
877,v4_unmatched_plaid,plaid,Microsoft Xbox,MICROSOFT*XBOX  ON 13 JUL BCC Xbox,10.99,debit,gaming_console_pc,entertainment_leisure,Microsoft Xbox.,yes,ENTERTAINMENT_MUSIC_VIDEO_GAMES_TV_AND_MOVIES,entertainment_other,entertainment_leisure,entertainment_other,entertainment_leisure,T6_native_fallback,no,no,yes,yes,gaming_console_pc,entertainment_leisure,gemini_sonnet_agree,yes,gaming_console_pc,gaming_console_pc,gaming_console_pc,gaming_console_pc,gaming_console_pc
878,v4_unmatched_plaid,plaid,2 Theloo To Jabbeke E4,2THELOO TO JABBEKE  E4 2theloo To Jabbeke E4,0.87,debit,foreign_spend_unspecified,travel_holidays,"2theloo Jabbeke E40 is a paid Belgian motorway toilet, not a UK toll. Foreign card spend.",no,TRANSFER_OUT_OTHER,unclassified_transfer,unclassified,unclassified_transfer,unclassified,T6_native_fallback,no,no,no,no,foreign_spend_unspecified,travel_holidays,gemini_sonnet_agree,yes,foreign_spend_unspecified,foreign_spend_unspecified,foreign_spend_unspecified,unclassified_other,tolls
879,v4_unmatched_plaid,plaid,Co-op Live,Co-op Live,18.0,debit,live_music,entertainment_leisure,Co-op Live Manchester arena; £18 is ticket/venue spend not a Co-op grocery.,yes,FOOD_RETAIL_GROCERIES,groceries,groceries_household_essentials,groceries,groceries_household_essentials,T6_native_fallback,no,no,no,no,live_music,entertainment_leisure,gemini_sonnet_agree,yes,live_music,live_music,live_music,live_music,live_music
880,v4_unmatched_plaid,plaid,Angel Hill,Angel Hill Site 334,3.77,debit,restaurant_cafe,eating_drinking_out,Angel Hill Site 334 cafe (worked example). Native gambling is likely a fruit machine at the cafe; venue is still a cafe.,established,ENTERTAINMENT_CASINOS_AND_GAMBLING,gambling_unspecified,gambling,restaurant_cafe,eating_drinking_out,T4_dictionary,no,yes,no,yes,restaurant_cafe,eating_drinking_out,gemini_sonnet_agree,yes,restaurant_cafe,restaurant_cafe,restaurant_cafe,,
881,v4_unmatched_plaid,plaid,Transport for London,TFL TRAVEL CH,3.5,debit,public_transport_rail_coach,transport_motoring,TfL travel charge.,yes,TRAVEL_AND_TRANSPORTATION_PUBLIC_TRANSIT,public_transport_rail_coach,transport_motoring,public_transport_rail_coach,transport_motoring,T4_dictionary,yes,yes,yes,yes,public_transport_rail_coach,transport_motoring,gemini_sonnet_agree,yes,public_transport_rail_coach,public_transport_rail_coach,public_transport_rail_coach,public_transport_rail_coach,public_transport_rail_coach
882,v4_unmatched_plaid,plaid,HM Revenue and Customs,HMRC CHILD BENEFIT  DAVIS00SUZAN721720 BGC,26.05,credit,benefits_state,income_benefits_state_support,HMRC Child Benefit credit.,yes,TAX_REFUND_TAX_REFUND,tax_refund,income_other,tax_payment,council_tax_government,T4_dictionary,no,no,no,no,benefits_state,income_benefits_state_support,gemini_sonnet_agree,yes,benefits_state,benefits_state,benefits_state,benefits_state,benefits_state
883,v4_unmatched_plaid,plaid,Apple,Visa purchase APPLE.COM/BILL,0.99,debit,software,digital_subscriptions_services,APPLE.COM/BILL £0.99.,established,GENERAL_MERCHANDISE_COMPUTERS_AND_ELECTRONICS,computing_devices,general_retail_marketplaces,software,digital_subscriptions_services,T4_dictionary,no,yes,no,yes,software,digital_subscriptions_services,gemini_sonnet_agree,yes,software,software,software,,
884,v4_unmatched_plaid,plaid,A C,To A/C 23098066   DOYLE AB          Via Mobile Xfer,1.52,debit,transfer_p2p,transfers,OVERRIDE established transfer_bank_unspecified. To A/C DOYLE AB Via Mobile Xfer is a named person.,established,TRANSFER_OUT_OTHER,unclassified_transfer,unclassified,unclassified_transfer,unclassified,T6_native_fallback,no,no,no,no,transfer_own_account,transfers,opus_tiebreak,no,transfer_p2p,transfer_own_account,transfer_own_account,,
885,v4_unmatched_plaid,plaid,McDonald's,Mcdonalds,5.47,debit,takeaway,eating_drinking_out,McDonald's.,yes,DINING_DINING,restaurant_cafe,eating_drinking_out,takeaway,eating_drinking_out,T4_dictionary,no,yes,yes,yes,takeaway,eating_drinking_out,gemini_sonnet_agree,yes,takeaway,takeaway,takeaway,takeaway,takeaway
886,v4_unmatched_plaid,plaid,Chantelle Roberts,CHANTELLE ROBERTS 100000001603140051,4.8,debit,transfer_p2p,transfers,Named person Chantelle Roberts.,yes,TRANSFER_OUT_OTHER,unclassified_transfer,unclassified,unclassified_transfer,unclassified,T6_native_fallback,no,no,no,no,transfer_p2p,transfers,gemini_sonnet_agree,yes,transfer_p2p,transfer_p2p,transfer_p2p,transfer_p2p,transfer_p2p
887,v4_unmatched_plaid,plaid,Lime,Visa purchase LIME*RIDE R5QS APPLEPAY 1283,2.45,debit,bicycle,transport_motoring,"OVERRIDE dual taxi_rideshare. LIME*RIDE is Lime e-bike/e-scooter hire; bicycle is the micromobility leaf used on shard 0, not a taxi.",yes,TRAVEL_AND_TRANSPORTATION_OTHER_TRAVEL_AND_TRANSPORTATION,transport_other,transport_motoring,taxi_rideshare,transport_motoring,T4_dictionary,no,no,yes,yes,taxi_rideshare,transport_motoring,gemini_sonnet_agree,no,taxi_rideshare,taxi_rideshare,taxi_rideshare,taxi_rideshare,taxi_rideshare
888,v4_unmatched_plaid,plaid,McDonald's,MCDONALDS,6.39,debit,takeaway,eating_drinking_out,McDonald's.,yes,DINING_DINING,restaurant_cafe,eating_drinking_out,takeaway,eating_drinking_out,T4_dictionary,no,yes,yes,yes,takeaway,eating_drinking_out,gemini_sonnet_agree,yes,takeaway,takeaway,takeaway,takeaway,takeaway
889,v4_unmatched_plaid,plaid,Apple,APPLE.COM/BILL,8.99,debit,software,digital_subscriptions_services,APPLE.COM/BILL.,established,GENERAL_MERCHANDISE_COMPUTERS_AND_ELECTRONICS,computing_devices,general_retail_marketplaces,software,digital_subscriptions_services,T4_dictionary,no,yes,no,yes,software,digital_subscriptions_services,gemini_sonnet_agree,yes,software,software,software,,
890,v4_unmatched_plaid,plaid,Adsa Stores LTD,Contactless Payment ADSA STORES LTD 4231 APPLEPAY 5431,16.0,debit,groceries,groceries_household_essentials,ADSA STORES LTD is Asda (misspelling).,yes,GENERAL_MERCHANDISE_CONVENIENCE_STORES,convenience_store,groceries_household_essentials,convenience_store,groceries_household_essentials,T6_native_fallback,no,no,yes,yes,groceries,groceries_household_essentials,gemini_sonnet_agree,yes,groceries,groceries,groceries,groceries,groceries
891,v4_unmatched_plaid,plaid,Hannah Scoffham,Hannah Scoffham,70.0,debit,transfer_p2p,transfers,Named person Hannah Scoffham.,yes,TRANSFER_OUT_OTHER,unclassified_transfer,unclassified,transfer_p2p,transfers,T4_dictionary,no,yes,no,yes,transfer_p2p,transfers,gemini_sonnet_agree,yes,transfer_p2p,transfer_p2p,transfer_p2p,transfer_p2p,transfer_p2p
892,v4_unmatched_plaid,plaid,Julie-ann A,JULIE-ANN A MARKHA 200000001610899824,15.5,debit,transfer_p2p,transfers,Named person Julie-Ann A.,yes,TRANSFER_OUT_OTHER,unclassified_transfer,unclassified,unclassified_transfer,unclassified,T6_native_fallback,no,no,no,no,transfer_p2p,transfers,gemini_sonnet_agree,yes,transfer_p2p,transfer_p2p,transfer_p2p,transfer_p2p,transfer_p2p
893,v4_unmatched_plaid,plaid,Wendy's Solihull,WENDY'S SOLIHULL,11.98,debit,takeaway,eating_drinking_out,Wendy's Solihull is US-style fast food; same convention as McDonald's/Burger King debit = takeaway.,no,TRAVEL_AND_TRANSPORTATION_OTHER_TRAVEL_AND_TRANSPORTATION,transport_other,transport_motoring,takeaway,eating_drinking_out,T4_dictionary,no,yes,no,yes,takeaway,eating_drinking_out,gemini_sonnet_agree,yes,takeaway,takeaway,takeaway,restaurant_cafe,takeaway
894,v4_unmatched_plaid,plaid,Heathlands Community,Heathlands Community C,5.1,debit,unclassified_other,unclassified,Heathlands Community £5.10; community centre vs care vs cafe — not unique.,yes,TRANSFER_OUT_OTHER,unclassified_transfer,unclassified,unclassified_transfer,unclassified,T6_native_fallback,no,no,yes,yes,unclassified_other,unclassified,gemini_sonnet_agree,yes,unclassified_other,unclassified_other,restaurant_cafe,unclassified_other,unclassified_other
895,v4_unmatched_plaid,plaid,Esmie Miller,Barclays account - I adore you Esmie Miller - SortCodeAccountNumber: 20836933357074,40.0,debit,transfer_p2p,transfers,Named person Esmie Miller; I adore you is a memo.,yes,TRANSFER_OUT_OTHER,unclassified_transfer,unclassified,transfer_p2p,transfers,T4_dictionary,no,yes,no,yes,transfer_p2p,transfers,gemini_sonnet_agree,yes,transfer_p2p,transfer_p2p,transfer_p2p,transfer_p2p,transfer_p2p
896,v4_unmatched_plaid,plaid,Wuzhen,Wuzhen,40.0,debit,unclassified_other,unclassified,Wuzhen £40; Chinese town vs person; not unique.,yes,TRANSFER_OUT_OTHER,unclassified_transfer,unclassified,unclassified_transfer,unclassified,T6_native_fallback,no,no,yes,yes,restaurant_cafe,eating_drinking_out,opus_tiebreak,no,restaurant_cafe,unclassified_other,restaurant_cafe,unclassified_other,unclassified_other
897,v4_unmatched_plaid,plaid,Apple,PAYPAL *APPLE.COM/,18.9,debit,software,digital_subscriptions_services,PAYPAL *APPLE.COM/ App Store/Apple services via PayPal.,established,GENERAL_MERCHANDISE_COMPUTERS_AND_ELECTRONICS,computing_devices,general_retail_marketplaces,software,digital_subscriptions_services,T4_dictionary,no,yes,no,yes,software,digital_subscriptions_services,gemini_sonnet_agree,yes,software,software,software,,
898,v4_unmatched_plaid,plaid,McDonald's,McDonalds 8260747 Wolverhampton,21.54,debit,takeaway,eating_drinking_out,McDonald's Wolverhampton.,yes,DINING_DINING,restaurant_cafe,eating_drinking_out,takeaway,eating_drinking_out,T4_dictionary,no,yes,yes,yes,takeaway,eating_drinking_out,gemini_sonnet_agree,yes,takeaway,takeaway,takeaway,takeaway,takeaway
899,v4_unmatched_plaid,plaid,Over The Yardarm,Over The Yardarm,12.7,debit,pub_bar,eating_drinking_out,Over The Yardarm is a pub/bar name.,yes,DINING_DINING,restaurant_cafe,eating_drinking_out,restaurant_cafe,eating_drinking_out,T6_native_fallback,no,no,yes,yes,pub_bar,eating_drinking_out,gemini_sonnet_agree,yes,pub_bar,pub_bar,pub_bar,pub_bar,pub_bar
900,v4_unmatched_plaid,plaid,Paignton,SOUTH DEVON COLLEGPAIGNTON,3.7,debit,education_general,childcare_education,South Devon College Paignton £3.70; small campus charge. education_general is the closest leaf.,yes,CHILDCARE_AND_EDUCATION_CHILDCARE_AND_EDUCATION,childcare,childcare_education,childcare,childcare_education,T6_native_fallback,no,no,yes,yes,education_general,childcare_education,gemini_sonnet_agree,yes,education_general,education_general,education_general,education_general,education_general
