row_id,merchant_raw,merchant,description_raw,amount,direction,native_category,cat,amt_band,merchant_state,transaction_date,stratum,resolution_tier,provider,gemini_leaf,sonnet_leaf,opus_leaf,gold_leaf,tier,resolution_source,general_category,reviewer_id
29980,,,AMT,2.890000000,debit,LOAN_PAYMENTS_CREDIT_CARD_PAYMENT,LOAN_PAYMENTS_CREDIT_CARD_PAYMENT,debit,blank,2025-08-18,risk_t6bound_debit,T6_provider_crosswalk,plaid,restaurant_cafe,credit_card_repayment,unclassified_other,unclassified_card_spend,agent_review,agent_review: AMT 2.89 uninformative,unclassified,
29981,,,HALIFAX MASTERCARD 600000001630630367,62.280000000,debit,LOAN_PAYMENTS_CREDIT_CARD_PAYMENT,LOAN_PAYMENTS_CREDIT_CARD_PAYMENT,debit,blank,2025-09-17,risk_t6bound_debit,T6_provider_crosswalk,plaid,credit_card_repayment,credit_card_repayment,,credit_card_repayment,human_reviewed,carlos,credit_loan_repayments,carlos
29982,Jennings,jennings,J JENNINGS 309277 30758660,42.000000000,debit,ENTERTAINMENT_CASINOS_AND_GAMBLING,ENTERTAINMENT_CASINOS_AND_GAMBLING,debit,filled,2025-07-28,risk_t6bound_debit,T6_provider_crosswalk,plaid,gambling_betting,gambling_unspecified,gambling_betting,gambling_betting,human_reviewed,carlos,gambling,carlos
29983,,,July overdraft fees,25.730000000,debit,BANK_PENALTIES_CASH_ADVANCE_AND_OVERDRAFT_FEES,BANK_PENALTIES_CASH_ADVANCE_AND_OVERDRAFT_FEES,debit,blank,2025-08-01,risk_t6bound_debit,T6_provider_crosswalk,plaid,overdraft_arranged,overdraft_arranged,,overdraft_arranged,human_reviewed,carlos,fees_charges,carlos
29984,,,THIRD PARTY PAYMENT MADE VIA FASTER PAYMENT TO ZABLE CARD REFERENCE ZABLE SANTANDER REFERENCE GXSDSK1C963MTG2BB3,25.000000000,debit,LOAN_PAYMENTS_CREDIT_CARD_PAYMENT,LOAN_PAYMENTS_CREDIT_CARD_PAYMENT,debit,blank,2025-08-31,risk_t6bound_debit,T6_provider_crosswalk,plaid,credit_card_repayment,credit_card_repayment,,credit_card_repayment,human_reviewed,carlos,credit_loan_repayments,carlos
29985,Mulberry,mulberry,Mulberry,2.250000000,debit,ENTERTAINMENT_CASINOS_AND_GAMBLING,ENTERTAINMENT_CASINOS_AND_GAMBLING,debit,filled,2025-10-06,risk_t6bound_debit,T6_provider_crosswalk,plaid,pub_bar,gambling_unspecified,gambling_unspecified,unclassified_other,human_reviewed,carlos,unclassified,carlos
29986,,,AQUA              2298VKV8BT6PZZGY9HUC99669           TPP NATIONAL WESTMFP 01/08/25 10    15160855793113000N,44.420000000,debit,LOAN_PAYMENTS_CREDIT_CARD_PAYMENT,LOAN_PAYMENTS_CREDIT_CARD_PAYMENT,debit,blank,2025-08-01,risk_t6bound_debit,T6_provider_crosswalk,plaid,credit_card_repayment,credit_card_repayment,,credit_card_repayment,human_reviewed,carlos,credit_loan_repayments,carlos
29987,Grosvenor Cd,grosvenor cd,GROSVENOR CD 7638,20.000000000,debit,ENTERTAINMENT_CASINOS_AND_GAMBLING,ENTERTAINMENT_CASINOS_AND_GAMBLING,debit,filled,2025-08-19,risk_t6bound_debit,T6_provider_crosswalk,plaid,gambling_casino,gambling_casino,,gambling_casino,human_reviewed,carlos,gambling,carlos
29988,Queen Of,queen of,CARD PAYMENT TO QUEEN OF HEARTS ON 06-09-2025,4.500000000,debit,ENTERTAINMENT_CASINOS_AND_GAMBLING,ENTERTAINMENT_CASINOS_AND_GAMBLING,debit,filled,2025-09-07,risk_t6bound_debit,T6_provider_crosswalk,plaid,pub_bar,gambling_unspecified,pub_bar,pub_bar,human_reviewed,carlos,eating_drinking_out,carlos
29989,,,HALIFAX CLARITY MA 600000001604707653,459.000000000,debit,LOAN_PAYMENTS_CREDIT_CARD_PAYMENT,LOAN_PAYMENTS_CREDIT_CARD_PAYMENT,debit,blank,2025-08-01,risk_t6bound_debit,T6_provider_crosswalk,plaid,credit_card_repayment,credit_card_repayment,,credit_card_repayment,human_reviewed,carlos,credit_loan_repayments,carlos
29990,,,CARD PAYMENT TO PREMIER ASHWORTH LANE ON 21-07-2025,31.210000000,debit,LOAN_PAYMENTS_CREDIT_CARD_PAYMENT,LOAN_PAYMENTS_CREDIT_CARD_PAYMENT,debit,blank,2025-07-22,risk_t6bound_debit,T6_provider_crosswalk,plaid,groceries,convenience_store,groceries,convenience_store,human_reviewed,carlos,groceries_household_essentials,carlos
29991,,,UNPAID TRANSAC FEE30MAY A/C 59087587,1.550000000,debit,BANK_FEES_OTHER_BANK_FEES,BANK_FEES_OTHER_BANK_FEES,debit,blank,2025-06-20,risk_t6bound_debit,T6_provider_crosswalk,plaid,returned_payment,bank_charge_other,returned_payment,returned_payment,human_reviewed,carlos,fees_charges,carlos
29992,,,8166 23AUG25 CD   7360 THE TARBET   EDINBURGH GB,6.400000000,debit,ENTERTAINMENT_CASINOS_AND_GAMBLING,ENTERTAINMENT_CASINOS_AND_GAMBLING,debit,blank,2025-08-26,risk_t6bound_debit,T6_provider_crosswalk,plaid,pub_bar,gambling_unspecified,pub_bar,pub_bar,human_reviewed,carlos,eating_drinking_out,carlos
29993,,,AXL JAMES PARKER  LOAN FT,7.000000000,debit,LOAN_PAYMENTS_PERSONAL_LOAN_PAYMENT,LOAN_PAYMENTS_PERSONAL_LOAN_PAYMENT,debit,blank,2025-08-20,risk_t6bound_debit,T6_provider_crosswalk,plaid,loan_repayment_manual,loan_repayment_manual,,loan_repayment_manual,human_reviewed,carlos,credit_loan_repayments,carlos
29994,,,PASTDUE CREDIT SOL  31207167ID4676 DDR,80.000000000,debit,LOAN_PAYMENTS_CREDIT_CARD_PAYMENT,LOAN_PAYMENTS_CREDIT_CARD_PAYMENT,debit,blank,2025-07-23,risk_t6bound_debit,T6_provider_crosswalk,plaid,debt_collection,debt_collection,,debt_collection,human_reviewed,carlos,high_cost_distress_credit,carlos
29995,,,June overdraft fees,13.720000000,debit,BANK_PENALTIES_CASH_ADVANCE_AND_OVERDRAFT_FEES,BANK_PENALTIES_CASH_ADVANCE_AND_OVERDRAFT_FEES,debit,blank,2025-07-01,risk_t6bound_debit,T6_provider_crosswalk,plaid,overdraft_arranged,overdraft_arranged,,overdraft_arranged,human_reviewed,carlos,fees_charges,carlos
29996,United Kash Limited,united kash limited,United Kash Limited,25.000000000,debit,LOAN_PAYMENTS_PERSONAL_LOAN_PAYMENT,LOAN_PAYMENTS_PERSONAL_LOAN_PAYMENT,debit,filled,2025-08-01,risk_t6bound_debit,T6_provider_crosswalk,plaid,payday_loan,payday_loan,,debt_collection,human_reviewed,carlos,high_cost_distress_credit,carlos
29997,,,6843 03JUL25 CD   CASH CONVERTERS   LANCAS            BLACKPOOL GB,29.990000000,debit,GENERAL_SERVICES_OTHER_SERVICES,GENERAL_SERVICES_OTHER_SERVICES,debit,blank,2025-07-04,risk_t6bound_debit,T6_provider_crosswalk,plaid,pawnbroker,pawnbroker,,pawnbroker,human_reviewed,carlos,high_cost_distress_credit,carlos
29998,Firefit Hub,firefit hub,Firefit Hub -,17.000000000,debit,LOAN_PAYMENTS_PERSONAL_LOAN_PAYMENT,LOAN_PAYMENTS_PERSONAL_LOAN_PAYMENT,debit,filled,2025-08-13,risk_t6bound_debit,T6_provider_crosswalk,plaid,gym_fitness,gym_fitness,,gym_fitness,human_reviewed,carlos,health_medical,carlos
29999,,,ACCOUNT FEE,19.000000000,debit,BANK_FEES_OTHER_BANK_FEES,BANK_FEES_OTHER_BANK_FEES,debit,blank,2025-10-01,risk_t6bound_debit,T6_provider_crosswalk,plaid,account_charge,account_charge,,account_charge,human_reviewed,carlos,fees_charges,carlos
30000,,,HSBC BNK VSA454638454638******0405,50.000000000,debit,LOAN_PAYMENTS_CREDIT_CARD_PAYMENT,LOAN_PAYMENTS_CREDIT_CARD_PAYMENT,debit,blank,2025-07-03,risk_t6bound_debit,T6_provider_crosswalk,plaid,credit_card_repayment,credit_card_repayment,,credit_card_repayment,human_reviewed,carlos,credit_loan_repayments,carlos
30001,,,THIRD PARTY PAYMENT MADE VIA FASTER PAYMENT TO LISA COBURN REFERENCE MONZO-DYJNB SANTANDER REFERENCE 0000AYLYXRBSO8DKSDDBEZ,20.000000000,debit,LOAN_PAYMENTS_CREDIT_CARD_PAYMENT,LOAN_PAYMENTS_CREDIT_CARD_PAYMENT,debit,blank,2025-10-01,risk_t6bound_debit,T6_provider_crosswalk,plaid,transfer_p2p,transfer_p2p,,transfer_p2p,human_reviewed,carlos,transfers,carlos
30002,,,"DIRECT DEBIT PAYMENT TO RIAS REF 6682453/0/D1, MANDATE NO 0048",33.990000000,debit,LOAN_PAYMENTS_PERSONAL_LOAN_PAYMENT,LOAN_PAYMENTS_PERSONAL_LOAN_PAYMENT,debit,blank,2025-08-01,risk_t6bound_debit,T6_provider_crosswalk,plaid,insurance_general,insurance_general,,insurance_general,human_reviewed,carlos,insurance,carlos
30003,,,Payment to MEMBER CREDIT CARD 073012 00001604,50.000000000,debit,LOAN_PAYMENTS_CREDIT_CARD_PAYMENT,LOAN_PAYMENTS_CREDIT_CARD_PAYMENT,debit,blank,2025-07-14,risk_t6bound_debit,T6_provider_crosswalk,plaid,credit_card_repayment,credit_card_repayment,,credit_card_repayment,human_reviewed,carlos,credit_loan_repayments,carlos
30004,,,"STANDING ORDER PAYMENT TO SANTANDER MASTERCARD STANDARD REFERENCE XXXXXXXXXXXX3794, MANDATE NO 7",10.000000000,debit,LOAN_PAYMENTS_CREDIT_CARD_PAYMENT,LOAN_PAYMENTS_CREDIT_CARD_PAYMENT,debit,blank,2025-07-08,risk_t6bound_debit,T6_provider_crosswalk,plaid,credit_card_repayment,credit_card_repayment,,credit_card_repayment,human_reviewed,carlos,credit_loan_repayments,carlos
30005,,,AQUA CREDIT CARD,24.000000000,debit,LOAN_PAYMENTS_CREDIT_CARD_PAYMENT,LOAN_PAYMENTS_CREDIT_CARD_PAYMENT,debit,blank,2025-06-27,risk_t6bound_debit,T6_provider_crosswalk,plaid,credit_card_repayment,credit_card_repayment,,credit_card_repayment,human_reviewed,carlos,credit_loan_repayments,carlos
30006,,,AQUA              40HGKE75HHJZ6YY6IGJMYS3D2           TPP NATIONAL WESTMFP 04/08/25 10    59132211363552000N,150.000000000,debit,LOAN_PAYMENTS_CREDIT_CARD_PAYMENT,LOAN_PAYMENTS_CREDIT_CARD_PAYMENT,debit,blank,2025-08-04,risk_t6bound_debit,T6_provider_crosswalk,plaid,credit_card_repayment,credit_card_repayment,,credit_card_repayment,human_reviewed,carlos,credit_loan_repayments,carlos
30007,,,H3GDEVICEPAYMENT,20.690000000,debit,ENTERTAINMENT_CASINOS_AND_GAMBLING,ENTERTAINMENT_CASINOS_AND_GAMBLING,debit,blank,2025-10-01,risk_t6bound_debit,T6_provider_crosswalk,plaid,mobile_phone_contract,mobile_phone_contract,,mobile_phone_contract,human_reviewed,carlos,utilities_household_bills,carlos
30008,Sunderland,sunderland,5224 23AUG25      SQ *BLUE'S MICRO  PUB               SUNDERLAND GB,17.450000000,debit,ENTERTAINMENT_CASINOS_AND_GAMBLING,ENTERTAINMENT_CASINOS_AND_GAMBLING,debit,filled,2025-08-26,risk_t6bound_debit,T6_provider_crosswalk,plaid,pub_bar,pub_bar,,pub_bar,human_reviewed,carlos,eating_drinking_out,carlos
30009,,,Tide fee for the transaction of £280.20 amount,0.200000000,debit,BANK_FEES_OTHER_BANK_FEES,BANK_FEES_OTHER_BANK_FEES,debit,blank,2025-09-03,risk_t6bound_debit,T6_provider_crosswalk,plaid,account_charge,bank_charge_other,account_charge,account_charge,human_reviewed,carlos,fees_charges,carlos
30010,,,THIRD PARTY PAYMENT MADE VIA FASTER PAYMENT TO ZABLE CARD REFERENCE ZABLE SANTANDER REFERENCE DQHKLO7XZPTC9DTQFO,61.450000000,debit,LOAN_PAYMENTS_CREDIT_CARD_PAYMENT,LOAN_PAYMENTS_CREDIT_CARD_PAYMENT,debit,blank,2025-07-14,risk_t6bound_debit,T6_provider_crosswalk,plaid,credit_card_repayment,credit_card_repayment,,credit_card_repayment,human_reviewed,carlos,credit_loan_repayments,carlos
30011,,,THIRD PARTY PAYMENT MADE VIA FASTER PAYMENT TO WHO INTERNET REFERENCE SA455Y1PHN5SP3C2A5 SANTANDER REFERENCE SA455Y1PHN5SP3C2A5,5.000000000,debit,LOAN_PAYMENTS_CREDIT_CARD_PAYMENT,LOAN_PAYMENTS_CREDIT_CARD_PAYMENT,debit,blank,2025-08-29,risk_t6bound_debit,T6_provider_crosswalk,plaid,broadband_tv_phone,unclassified_other,transfer_bank_unspecified,gambling_betting,agent_review,agent_review: William Hill Online deposit,gambling,
30012,,,H3GDEVICEPAYMENT,43.710000000,debit,ENTERTAINMENT_CASINOS_AND_GAMBLING,ENTERTAINMENT_CASINOS_AND_GAMBLING,debit,blank,2025-09-26,risk_t6bound_debit,T6_provider_crosswalk,plaid,mobile_phone_contract,mobile_phone_contract,,mobile_phone_contract,human_reviewed,carlos,utilities_household_bills,carlos
30013,,,Tide fee for the transaction of £180.20 amount,0.200000000,debit,BANK_FEES_OTHER_BANK_FEES,BANK_FEES_OTHER_BANK_FEES,debit,blank,2025-08-26,risk_t6bound_debit,T6_provider_crosswalk,plaid,account_charge,bank_charge_other,account_charge,account_charge,human_reviewed,carlos,fees_charges,carlos
30014,,,Tide fee for the transaction of £155.80 amount,0.200000000,debit,BANK_FEES_OTHER_BANK_FEES,BANK_FEES_OTHER_BANK_FEES,debit,blank,2025-08-12,risk_t6bound_debit,T6_provider_crosswalk,plaid,account_charge,bank_charge_other,account_charge,account_charge,human_reviewed,carlos,fees_charges,carlos
30015,Sunderland,sunderland,2781 19JUL25 CD   ARRIVA MIDLANDS   LIMITE            SUNDERLAND GB,2.100000000,debit,ENTERTAINMENT_CASINOS_AND_GAMBLING,ENTERTAINMENT_CASINOS_AND_GAMBLING,debit,filled,2025-07-21,risk_t6bound_debit,T6_provider_crosswalk,plaid,public_transport_rail_coach,public_transport_rail_coach,,public_transport_rail_coach,human_reviewed,carlos,transport_motoring,carlos
30016,,,AMERICAN EXP 3773 PB4525******88522,52.910000000,debit,LOAN_PAYMENTS_CREDIT_CARD_PAYMENT,LOAN_PAYMENTS_CREDIT_CARD_PAYMENT,debit,blank,2025-10-16,risk_t6bound_debit,T6_provider_crosswalk,plaid,credit_card_repayment,credit_card_repayment,,credit_card_repayment,human_reviewed,carlos,credit_loan_repayments,carlos
30017,,,PREMFINA-WISEDRIVE                    REFERENCE: 000496005,112.980000000,debit,LOAN_PAYMENTS_PERSONAL_LOAN_PAYMENT,LOAN_PAYMENTS_PERSONAL_LOAN_PAYMENT,debit,blank,2025-09-01,risk_t6bound_debit,T6_provider_crosswalk,plaid,loan_repayment_other,insurance_motor,loan_repayment_other,insurance_motor,human_reviewed,carlos,insurance,carlos
30018,,,4658 25JUL25 CD   THE OVERDRAFT     SWANSEA GB,37.850000000,debit,TRANSFER_OUT_OTHER,TRANSFER_OUT_OTHER,debit,blank,2025-07-28,risk_t6bound_debit,T6_provider_crosswalk,plaid,pub_bar,overdraft_unarranged,pub_bar,pub_bar,human_reviewed,carlos,eating_drinking_out,carlos
30019,,,LLOYDS BANK PLATIN 500000001626633272,100.000000000,debit,LOAN_PAYMENTS_CREDIT_CARD_PAYMENT,LOAN_PAYMENTS_CREDIT_CARD_PAYMENT,debit,blank,2025-09-09,risk_t6bound_debit,T6_provider_crosswalk,plaid,credit_card_repayment,credit_card_repayment,,credit_card_repayment,human_reviewed,carlos,credit_loan_repayments,carlos
30020,Sunderland,sunderland,Bmg Ne Sunderland,30.000000000,debit,ENTERTAINMENT_CASINOS_AND_GAMBLING,ENTERTAINMENT_CASINOS_AND_GAMBLING,debit,filled,2025-08-29,risk_t6bound_debit,T6_provider_crosswalk,plaid,gambling_unspecified,gambling_bingo,unclassified_other,gambling_unspecified,human_reviewed,carlos,gambling,carlos
30021,,,PLYMOUTH CCBH     FP 24/06/25 30    28023319482544000N,100.000000000,debit,LOAN_PAYMENTS_CREDIT_CARD_PAYMENT,LOAN_PAYMENTS_CREDIT_CARD_PAYMENT,debit,blank,2025-06-24,risk_t6bound_debit,T6_provider_crosswalk,plaid,council_tax,unclassified_transfer,unclassified_transfer,council_tax,human_reviewed,carlos,council_tax_government,carlos
30022,,,"STANDING ORDER VIA FASTER PAYMENT TO ENTERPRISE CREDI REFERENCE 132652 , MANDATE NO 0153",10.000000000,debit,LOAN_PAYMENTS_CREDIT_CARD_PAYMENT,LOAN_PAYMENTS_CREDIT_CARD_PAYMENT,debit,blank,2025-09-01,risk_t6bound_debit,T6_provider_crosswalk,plaid,credit_union_repayment,credit_union_repayment,,credit_union_repayment,human_reviewed,carlos,credit_loan_repayments,carlos
30023,Div Bills,div bills,DIV               BILLS             VIA MOBILE - PYMT FP 14/08/25 10    50143021890061000N,60.000000000,debit,LOAN_PAYMENTS_CREDIT_CARD_PAYMENT,LOAN_PAYMENTS_CREDIT_CARD_PAYMENT,debit,filled,2025-08-14,risk_t6bound_debit,T6_provider_crosswalk,plaid,transfer_p2p,transfer_p2p,,transfer_p2p,human_reviewed,carlos,transfers,carlos
30024,The Albert Premier,the albert premier,THE ALBERT PREMIER  ON 21 OCT CPM,3.540000000,debit,LOAN_PAYMENTS_PERSONAL_LOAN_PAYMENT,LOAN_PAYMENTS_PERSONAL_LOAN_PAYMENT,debit,filled,2025-10-22,risk_t6bound_debit,T6_provider_crosswalk,plaid,groceries,pub_bar,groceries,pub_bar,human_reviewed,carlos,eating_drinking_out,carlos
30025,Jennings,jennings,HARVEY JENNINGS   MUM               VIA MOBILE - PYMT FP 05/08/25 10    09151217754464000N,10.310000000,debit,ENTERTAINMENT_CASINOS_AND_GAMBLING,ENTERTAINMENT_CASINOS_AND_GAMBLING,debit,filled,2025-08-05,risk_t6bound_debit,T6_provider_crosswalk,plaid,transfer_p2p,transfer_p2p,,transfer_p2p,human_reviewed,carlos,transfers,carlos
30026,💰 Pocket Money,💰 pocket money,💰 Pocket money,44.000000000,debit,LOAN_PAYMENTS_CREDIT_CARD_PAYMENT,LOAN_PAYMENTS_CREDIT_CARD_PAYMENT,debit,filled,2025-06-08,risk_t6bound_debit,T6_provider_crosswalk,plaid,transfer_own_account,transfer_p2p,transfer_own_account,transfer_own_account,human_reviewed,carlos,transfers,carlos
30027,,,Robert Parker Advance,100.000000000,debit,LOAN_PAYMENTS_PERSONAL_LOAN_PAYMENT,LOAN_PAYMENTS_PERSONAL_LOAN_PAYMENT,debit,blank,2025-08-31,risk_t6bound_debit,T6_provider_crosswalk,plaid,loan_repayment_manual,personal_loan_repayment,loan_repayment_manual,loan_repayment_manual,human_reviewed,carlos,credit_loan_repayments,carlos
30028,Unique Blanks Limi,unique blanks limi,Payment to UNIQUE BLANKS LIMI 040003 90079973,67.750000000,debit,LOAN_PAYMENTS_PERSONAL_LOAN_PAYMENT,LOAN_PAYMENTS_PERSONAL_LOAN_PAYMENT,debit,filled,2025-08-18,risk_t6bound_debit,T6_provider_crosswalk,plaid,arts_crafts,unclassified_other,clothing_general,retail_other,agent_review,agent_review: Unique Blanks apparel supplier,general_retail_marketplaces,
30029,Zettle,zettle,Zettle_*SAMA  ON 13 JUL CLP ZETTLE_*SAMA,25.000000000,debit,LOAN_PAYMENTS_PERSONAL_LOAN_PAYMENT,LOAN_PAYMENTS_PERSONAL_LOAN_PAYMENT,debit,filled,2025-07-14,risk_t6bound_debit,T6_provider_crosswalk,plaid,unclassified_other,unclassified_other,,unclassified_other,human_reviewed,carlos,unclassified,carlos
30030,,,UNPAID TRANSAC FEE19SEP A/C 16305124,1.550000000,debit,BANK_FEES_OTHER_BANK_FEES,BANK_FEES_OTHER_BANK_FEES,debit,blank,2025-10-10,risk_t6bound_debit,T6_provider_crosswalk,plaid,returned_payment,returned_payment,,returned_payment,human_reviewed,carlos,fees_charges,carlos
30031,,,WWW.BHCC-INTERNET  ON 07 SEP BCC,150.000000000,debit,ENTERTAINMENT_CASINOS_AND_GAMBLING,ENTERTAINMENT_CASINOS_AND_GAMBLING,debit,blank,2025-09-08,risk_t6bound_debit,T6_provider_crosswalk,plaid,council_tax,council_tax,,council_tax,human_reviewed,carlos,council_tax_government,carlos
30032,,,DARK SPAIN AMOUNT IN EUR 14.00 ON 27 AUG VISA 1.1561 FINAL GBP AMOUNT INCLUDES NON-STERLING TRANS FEE £0.36 ,12.470000000,debit,BANK_FEES_OTHER_BANK_FEES,BANK_FEES_OTHER_BANK_FEES,debit,blank,2025-08-28,risk_t6bound_debit,T6_provider_crosswalk,plaid,foreign_spend_unspecified,foreign_spend_unspecified,,foreign_spend_unspecified,human_reviewed,carlos,travel_holidays,carlos
30033,,,THIRD PARTY PAYMENT MADE VIA FASTER PAYMENT TO TRANSFEROP PAYMENT GATEWAY LTD REFERENCE 0D009108E7945F SANTANDER REFERENCE 6D59A4D4F1DA89EA61F5497E801900D,235.000000000,debit,LOAN_PAYMENTS_CREDIT_CARD_PAYMENT,LOAN_PAYMENTS_CREDIT_CARD_PAYMENT,debit,blank,2025-08-06,risk_t6bound_debit,T6_provider_crosswalk,plaid,payment_intermediary,payment_intermediary,,payment_intermediary,human_reviewed,carlos,general_retail_marketplaces,carlos
30034,Oseyo.co.uk,oseyo.co.uk,oseyo.co.uk,5.000000000,debit,LOAN_PAYMENTS_PERSONAL_LOAN_PAYMENT,LOAN_PAYMENTS_PERSONAL_LOAN_PAYMENT,debit,filled,2025-06-29,risk_t6bound_debit,T6_provider_crosswalk,plaid,groceries_specialist,unclassified_other,groceries_specialist,groceries_specialist,human_reviewed,carlos,groceries_household_essentials,carlos
30035,,,"Helloprint United King - 2:06 Clockwise, Edward Pavilion, Albert Dock, Liverpool",30.250000000,debit,LOAN_PAYMENTS_PERSONAL_LOAN_PAYMENT,LOAN_PAYMENTS_PERSONAL_LOAN_PAYMENT,debit,blank,2025-07-23,risk_t6bound_debit,T6_provider_crosswalk,plaid,printing_services,printing_services,,printing_services,human_reviewed,carlos,business_self_employment,carlos
30036,Hitesh Pradhan Loan,hitesh pradhan loan,HITESH PRADHAN  LOAN FT,50.000000000,debit,LOAN_PAYMENTS_PERSONAL_LOAN_PAYMENT,LOAN_PAYMENTS_PERSONAL_LOAN_PAYMENT,debit,filled,2025-10-12,risk_t6bound_debit,T6_provider_crosswalk,plaid,loan_repayment_manual,loan_repayment_manual,,loan_repayment_manual,human_reviewed,carlos,credit_loan_repayments,carlos
30037,,,PASTDUE CREDIT SOL 29913930ID0CC6,50.000000000,debit,LOAN_PAYMENTS_CREDIT_CARD_PAYMENT,LOAN_PAYMENTS_CREDIT_CARD_PAYMENT,debit,blank,2025-07-28,risk_t6bound_debit,T6_provider_crosswalk,plaid,debt_collection,debt_collection,,debt_collection,human_reviewed,carlos,high_cost_distress_credit,carlos
30038,,,THIRD PARTY PAYMENT MADE VIA FASTER PAYMENT TO JAYDEN DUHANEY DJE REFERENCE P290825-DSWC SANTANDER REFERENCE I21005HTJS,20.000000000,debit,LOAN_PAYMENTS_CREDIT_CARD_PAYMENT,LOAN_PAYMENTS_CREDIT_CARD_PAYMENT,debit,blank,2025-08-29,risk_t6bound_debit,T6_provider_crosswalk,plaid,transfer_p2p,transfer_p2p,,transfer_p2p,human_reviewed,carlos,transfers,carlos
30039,,,9177 29AUG25      TACTIQ.IO         SYDNEY AU         USD          20.00VRATE       1.3468N-S TRN FEE   0.41,15.260000000,debit,BANK_FEES_OTHER_BANK_FEES,BANK_FEES_OTHER_BANK_FEES,debit,blank,2025-09-01,risk_t6bound_debit,T6_provider_crosswalk,plaid,software,software,,software,human_reviewed,carlos,digital_subscriptions_services,carlos
30040,,,AQUA CREDIT CARD,93.100000000,debit,LOAN_PAYMENTS_CREDIT_CARD_PAYMENT,LOAN_PAYMENTS_CREDIT_CARD_PAYMENT,debit,blank,2025-07-07,risk_t6bound_debit,T6_provider_crosswalk,plaid,credit_card_repayment,credit_card_repayment,,credit_card_repayment,human_reviewed,carlos,credit_loan_repayments,carlos
30041,,,"DIRECT DEBIT PAYMENT TO MERLIN SPS LTD REF MEADOFRANK60614605, MANDATE NO 0043",18.000000000,debit,LOAN_PAYMENTS_PERSONAL_LOAN_PAYMENT,LOAN_PAYMENTS_PERSONAL_LOAN_PAYMENT,debit,blank,2025-08-15,risk_t6bound_debit,T6_provider_crosswalk,plaid,memberships,personal_loan_repayment,unclassified_recurring,memberships,agent_review,agent_review: Merlin annual pass DD,entertainment_leisure,
30042,Mahmoods,mahmoods,Mahmoods,3.000000000,debit,ENTERTAINMENT_CASINOS_AND_GAMBLING,ENTERTAINMENT_CASINOS_AND_GAMBLING,debit,filled,2025-08-05,risk_t6bound_debit,T6_provider_crosswalk,plaid,takeaway,unclassified_other,unclassified_other,takeaway,human_reviewed,carlos,eating_drinking_out,carlos
30043,,,HALIFAX MASTERCARD 400000001649401364,10.000000000,debit,LOAN_PAYMENTS_CREDIT_CARD_PAYMENT,LOAN_PAYMENTS_CREDIT_CARD_PAYMENT,debit,blank,2025-10-10,risk_t6bound_debit,T6_provider_crosswalk,plaid,credit_card_repayment,credit_card_repayment,,credit_card_repayment,human_reviewed,carlos,credit_loan_repayments,carlos
30044,,,THIRD PARTY PAYMENT MADE VIA FASTER PAYMENT TO MARBLES REFERENCE 000001XFSWSOQYNG SANTANDER REFERENCE 1PJCKNOPL81B8POZXA057DPJR,204.410000000,debit,LOAN_PAYMENTS_PERSONAL_LOAN_PAYMENT,LOAN_PAYMENTS_PERSONAL_LOAN_PAYMENT,debit,blank,2025-09-30,risk_t6bound_debit,T6_provider_crosswalk,plaid,credit_card_repayment,credit_card_repayment,,credit_card_repayment,human_reviewed,carlos,credit_loan_repayments,carlos
30045,,,LLOYDS BANK PLATIN 500000001609684358,30.000000000,debit,LOAN_PAYMENTS_CREDIT_CARD_PAYMENT,LOAN_PAYMENTS_CREDIT_CARD_PAYMENT,debit,blank,2025-08-11,risk_t6bound_debit,T6_provider_crosswalk,plaid,credit_card_repayment,credit_card_repayment,,credit_card_repayment,human_reviewed,carlos,credit_loan_repayments,carlos
30046,,,A ROBINSON-CURRAN 111353 11751868,15.000000000,debit,LOAN_PAYMENTS_CREDIT_CARD_PAYMENT,LOAN_PAYMENTS_CREDIT_CARD_PAYMENT,debit,blank,2025-09-25,risk_t6bound_debit,T6_provider_crosswalk,plaid,transfer_p2p,transfer_p2p,,transfer_p2p,human_reviewed,carlos,transfers,carlos
30047,,,HSBC BNK VSA454638454638******6139,81.810000000,debit,LOAN_PAYMENTS_CREDIT_CARD_PAYMENT,LOAN_PAYMENTS_CREDIT_CARD_PAYMENT,debit,blank,2025-08-11,risk_t6bound_debit,T6_provider_crosswalk,plaid,credit_card_repayment,credit_card_repayment,,credit_card_repayment,human_reviewed,carlos,credit_loan_repayments,carlos
30048,,,Tide fee for the transaction of £99.80 amount,0.200000000,debit,BANK_FEES_OTHER_BANK_FEES,BANK_FEES_OTHER_BANK_FEES,debit,blank,2025-09-03,risk_t6bound_debit,T6_provider_crosswalk,plaid,account_charge,account_charge,,account_charge,human_reviewed,carlos,fees_charges,carlos
30049,,,6296 10OCT25 C    VAPERS ONLINE LTD STREET GB,10.000000000,debit,ENTERTAINMENT_CASINOS_AND_GAMBLING,ENTERTAINMENT_CASINOS_AND_GAMBLING,debit,blank,2025-10-13,risk_t6bound_debit,T6_provider_crosswalk,plaid,vaping,vaping,,vaping,human_reviewed,carlos,groceries_household_essentials,carlos
30050,,,OVERDRAFT INTERESTTO 12SEP2025,9.850000000,debit,BANK_PENALTIES_CASH_ADVANCE_AND_OVERDRAFT_FEES,BANK_PENALTIES_CASH_ADVANCE_AND_OVERDRAFT_FEES,debit,blank,2025-10-04,risk_t6bound_debit,T6_provider_crosswalk,plaid,interest_charged,overdraft_arranged,overdraft_arranged,interest_charged,human_reviewed,carlos,fees_charges,carlos
30051,,,August overdraft fees,17.800000000,debit,BANK_PENALTIES_CASH_ADVANCE_AND_OVERDRAFT_FEES,BANK_PENALTIES_CASH_ADVANCE_AND_OVERDRAFT_FEES,debit,blank,2025-09-01,risk_t6bound_debit,T6_provider_crosswalk,plaid,overdraft_arranged,overdraft_arranged,,overdraft_arranged,human_reviewed,carlos,fees_charges,carlos
30052,,,1540 04SEP25      YOUR PLAN CARD    PAYMENT           CREATION.CO.U GB,30.000000000,debit,LOAN_PAYMENTS_CREDIT_CARD_PAYMENT,LOAN_PAYMENTS_CREDIT_CARD_PAYMENT,debit,blank,2025-09-05,risk_t6bound_debit,T6_provider_crosswalk,plaid,retail_finance_repayment,retail_finance_repayment,,retail_finance_repayment,human_reviewed,carlos,credit_loan_repayments,carlos
30053,Nannybag,nannybag,Visa purchase NANNYBAG EUR 13.10000 at 1.1431 APPLEPAY 5526,11.460000000,debit,ENTERTAINMENT_CASINOS_AND_GAMBLING,ENTERTAINMENT_CASINOS_AND_GAMBLING,debit,filled,2025-09-26,risk_t6bound_debit,T6_provider_crosswalk,plaid,storage,storage,,storage,human_reviewed,carlos,housing,carlos
30054,Sunderland,sunderland,3049 04JUL25 CD   PPOINT_*SINGH     STORES            SUNDERLAND GB,7.540000000,debit,ENTERTAINMENT_CASINOS_AND_GAMBLING,ENTERTAINMENT_CASINOS_AND_GAMBLING,debit,filled,2025-07-07,risk_t6bound_debit,T6_provider_crosswalk,plaid,convenience_store,convenience_store,,convenience_store,human_reviewed,carlos,groceries_household_essentials,carlos
30055,,,M Egege Tb,10.000000000,debit,LOAN_PAYMENTS_CREDIT_CARD_PAYMENT,LOAN_PAYMENTS_CREDIT_CARD_PAYMENT,debit,blank,2025-09-21,risk_t6bound_debit,T6_provider_crosswalk,plaid,transfer_p2p,unclassified_other,transfer_p2p,transfer_p2p,human_reviewed,carlos,transfers,carlos
30056,Sunderland,sunderland,LIDL GB SUNDERLAND,4.310000000,debit,ENTERTAINMENT_CASINOS_AND_GAMBLING,ENTERTAINMENT_CASINOS_AND_GAMBLING,debit,filled,2025-08-19,risk_t6bound_debit,T6_provider_crosswalk,plaid,groceries,groceries,,groceries,human_reviewed,carlos,groceries_household_essentials,carlos
30057,,,0665 11AUG25      FLOXYHEALTH       PRAGUE CZ         EUR          11.54VRATE       1.1516N-S TRN FEE   0.28,10.300000000,debit,BANK_FEES_OTHER_BANK_FEES,BANK_FEES_OTHER_BANK_FEES,debit,blank,2025-08-12,risk_t6bound_debit,T6_provider_crosswalk,plaid,online_services,weight_loss,foreign_spend_unspecified,weight_loss,agent_review,agent_review: Floxyhealth telehealth (debit),health_medical,
30058,,,ACCOUNT FEE,16.950000000,debit,BANK_FEES_OTHER_BANK_FEES,BANK_FEES_OTHER_BANK_FEES,debit,blank,2025-09-01,risk_t6bound_debit,T6_provider_crosswalk,plaid,account_charge,account_charge,,account_charge,human_reviewed,carlos,fees_charges,carlos
30059,Casi,casi,5377 06SEP25  D   ADMIRALCASI       NO.CO.UK          ALDERNEY GG,10.000000000,debit,ENTERTAINMENT_CASINOS_AND_GAMBLING,ENTERTAINMENT_CASINOS_AND_GAMBLING,debit,filled,2025-09-08,risk_t6bound_debit,T6_provider_crosswalk,plaid,gambling_casino,insurance_motor,gambling_casino,gambling_casino,human_reviewed,carlos,gambling,carlos
30060,,,Tide fee for the transaction of £176.92 amount,0.200000000,debit,BANK_FEES_OTHER_BANK_FEES,BANK_FEES_OTHER_BANK_FEES,debit,blank,2025-08-12,risk_t6bound_debit,T6_provider_crosswalk,plaid,account_charge,account_charge,,account_charge,human_reviewed,carlos,fees_charges,carlos
30061,,,WWW.NCP.CO.UK  ON 24 JUN BCC,7.900000000,debit,ENTERTAINMENT_CASINOS_AND_GAMBLING,ENTERTAINMENT_CASINOS_AND_GAMBLING,debit,blank,2025-06-25,risk_t6bound_debit,T6_provider_crosswalk,plaid,car_parking,car_parking,,car_parking,human_reviewed,carlos,transport_motoring,carlos
30062,,,Payment to MEMBER CREDIT CARD 073012 00001604,2.370000000,debit,LOAN_PAYMENTS_CREDIT_CARD_PAYMENT,LOAN_PAYMENTS_CREDIT_CARD_PAYMENT,debit,blank,2025-09-15,risk_t6bound_debit,T6_provider_crosswalk,plaid,credit_card_repayment,credit_card_repayment,,credit_card_repayment,human_reviewed,carlos,credit_loan_repayments,carlos
30063,,,"To Gary agnew
EndToEndID: Loan - SortCodeAccountNumber: 23012013746741",20.000000000,debit,LOAN_PAYMENTS_PERSONAL_LOAN_PAYMENT,LOAN_PAYMENTS_PERSONAL_LOAN_PAYMENT,debit,blank,2025-07-23,risk_t6bound_debit,T6_provider_crosswalk,plaid,loan_repayment_manual,loan_repayment_manual,,loan_repayment_manual,human_reviewed,carlos,credit_loan_repayments,carlos
30064,,,August overdraft fees,9.880000000,debit,BANK_PENALTIES_CASH_ADVANCE_AND_OVERDRAFT_FEES,BANK_PENALTIES_CASH_ADVANCE_AND_OVERDRAFT_FEES,debit,blank,2025-09-01,risk_t6bound_debit,T6_provider_crosswalk,plaid,overdraft_arranged,overdraft_unarranged,overdraft_arranged,overdraft_arranged,human_reviewed,carlos,fees_charges,carlos
30065,,,"DIRECT DEBIT PAYMENT TO FIRST RESPONSE FIN REF 70806328-5-1, MANDATE NO 0030",13.000000000,debit,LOAN_PAYMENTS_PERSONAL_LOAN_PAYMENT,LOAN_PAYMENTS_PERSONAL_LOAN_PAYMENT,debit,blank,2025-09-01,risk_t6bound_debit,T6_provider_crosswalk,plaid,car_finance_repayment,personal_loan_repayment,car_finance_repayment,personal_loan_repayment,human_reviewed,carlos,credit_loan_repayments,carlos
30066,,,"BILL PAYMENT TO TASHANA GRAY REFERENCE LOAN, MANDATE NO00069",100.000000000,debit,TRANSFER_OUT_OTHER,TRANSFER_OUT_OTHER,debit,blank,2025-09-06,risk_t6bound_debit,T6_provider_crosswalk,plaid,loan_repayment_manual,loan_repayment_manual,,loan_repayment_manual,human_reviewed,carlos,credit_loan_repayments,carlos
30067,,,OVERDRAFT INTERESTTO 15JUL2025,5.290000000,debit,BANK_PENALTIES_CASH_ADVANCE_AND_OVERDRAFT_FEES,BANK_PENALTIES_CASH_ADVANCE_AND_OVERDRAFT_FEES,debit,blank,2025-08-06,risk_t6bound_debit,T6_provider_crosswalk,plaid,interest_charged,interest_charged,,interest_charged,human_reviewed,carlos,fees_charges,carlos
30068,,,H3GDEVICEPAYMENT,38.860000000,debit,ENTERTAINMENT_CASINOS_AND_GAMBLING,ENTERTAINMENT_CASINOS_AND_GAMBLING,debit,blank,2025-08-28,risk_t6bound_debit,T6_provider_crosswalk,plaid,mobile_phone_contract,mobile_phone_contract,,mobile_phone_contract,human_reviewed,carlos,utilities_household_bills,carlos
30069,,,MICHELLE SAVINGS  LOAN              VIA MOBILE - PYMT FP 30/09/25 10    28091242731120000N,100.000000000,debit,TRANSFER_OUT_SAVINGS,TRANSFER_OUT_SAVINGS,debit,blank,2025-09-30,risk_t6bound_debit,T6_provider_crosswalk,plaid,loan_repayment_manual,loan_repayment_manual,,loan_repayment_manual,human_reviewed,carlos,credit_loan_repayments,carlos
30070,,,To AMERICAN EXP 3773 - PB491033299617998 - SortCodeAccountNumber: 30000000200476,488.890000000,debit,LOAN_PAYMENTS_CREDIT_CARD_PAYMENT,LOAN_PAYMENTS_CREDIT_CARD_PAYMENT,debit,blank,2025-07-26,risk_t6bound_debit,T6_provider_crosswalk,plaid,credit_card_repayment,credit_card_repayment,,credit_card_repayment,human_reviewed,carlos,credit_loan_repayments,carlos
30071,,,HSBC account - Car Kirsty Pennick - SortCodeAccountNumber: 40174101483803,120.000000000,debit,LOAN_PAYMENTS_CREDIT_CARD_PAYMENT,LOAN_PAYMENTS_CREDIT_CARD_PAYMENT,debit,blank,2025-07-12,risk_t6bound_debit,T6_provider_crosswalk,plaid,transfer_p2p,car_finance_repayment,transfer_p2p,transfer_p2p,human_reviewed,carlos,transfers,carlos
30072,,,Direct debit MONEYLINE CYMRU LO 560059 34858725,9.950000000,debit,LOAN_PAYMENTS_PERSONAL_LOAN_PAYMENT,LOAN_PAYMENTS_PERSONAL_LOAN_PAYMENT,debit,blank,2025-08-15,risk_t6bound_debit,T6_provider_crosswalk,plaid,personal_loan_repayment,personal_loan_repayment,,personal_loan_repayment,human_reviewed,carlos,credit_loan_repayments,carlos
30073,,,AQUA CREDIT CARD XXXXXXXXXXXX8527 FIRST DDR PAYMENT DDR Aqua,187.050000000,debit,LOAN_PAYMENTS_CREDIT_CARD_PAYMENT,LOAN_PAYMENTS_CREDIT_CARD_PAYMENT,debit,blank,2025-09-01,risk_t6bound_debit,T6_provider_crosswalk,plaid,credit_card_repayment,credit_card_repayment,,credit_card_repayment,human_reviewed,carlos,credit_loan_repayments,carlos
30074,,,HALIFAX MASTERCARD 300000001628342420,15.000000000,debit,LOAN_PAYMENTS_CREDIT_CARD_PAYMENT,LOAN_PAYMENTS_CREDIT_CARD_PAYMENT,debit,blank,2025-09-08,risk_t6bound_debit,T6_provider_crosswalk,plaid,credit_card_repayment,credit_card_repayment,,credit_card_repayment,human_reviewed,carlos,credit_loan_repayments,carlos
30075,,,LLOYDS BANK PLATIN 200000001620553572,3.000000000,debit,LOAN_PAYMENTS_CREDIT_CARD_PAYMENT,LOAN_PAYMENTS_CREDIT_CARD_PAYMENT,debit,blank,2025-09-05,risk_t6bound_debit,T6_provider_crosswalk,plaid,credit_card_repayment,credit_card_repayment,,credit_card_repayment,human_reviewed,carlos,credit_loan_repayments,carlos
30076,Remainder,remainder,Remainder,24.090000000,debit,LOAN_PAYMENTS_CREDIT_CARD_PAYMENT,LOAN_PAYMENTS_CREDIT_CARD_PAYMENT,debit,filled,2025-08-12,risk_t6bound_debit,T6_provider_crosswalk,plaid,unclassified_other,unclassified_other,,unclassified_other,human_reviewed,carlos,unclassified,carlos
30077,,,"WLT 89, Wollit",7.990000000,debit,LOAN_PAYMENTS_CREDIT_CARD_PAYMENT,LOAN_PAYMENTS_CREDIT_CARD_PAYMENT,debit,blank,2025-10-02,risk_t6bound_debit,T6_provider_crosswalk,plaid,credit_reporting_service,revolving_credit_repayment,money_management_service,credit_reporting_service,agent_review,agent_review: Wollit credit builder,high_cost_distress_credit,
30078,,,SERVICE CHARGES REF : 461695607,8.500000000,debit,BANK_FEES_OTHER_BANK_FEES,BANK_FEES_OTHER_BANK_FEES,debit,blank,2025-07-28,risk_t6bound_debit,T6_provider_crosswalk,plaid,account_charge,bank_charge_other,account_charge,account_charge,human_reviewed,carlos,fees_charges,carlos
30079,,,THIRD PARTY PAYMENT MADE VIA FASTER PAYMENT TO LCI LIMITED REFERENCE 67T5TARAFAY9TGON5N SANTANDER REFERENCE 67T5TARAFAY9TGON5N,5.200000000,debit,LOAN_PAYMENTS_CREDIT_CARD_PAYMENT,LOAN_PAYMENTS_CREDIT_CARD_PAYMENT,debit,blank,2025-08-08,risk_t6bound_debit,T6_provider_crosswalk,plaid,gambling_betting,gambling_betting,,gambling_betting,human_reviewed,carlos,gambling,carlos
30080,,,HSBC PLC LOANS,141.790000000,debit,LOAN_PAYMENTS_PERSONAL_LOAN_PAYMENT,LOAN_PAYMENTS_PERSONAL_LOAN_PAYMENT,debit,blank,2025-07-31,risk_t6bound_debit,T6_provider_crosswalk,plaid,personal_loan_repayment,personal_loan_repayment,,personal_loan_repayment,human_reviewed,carlos,credit_loan_repayments,carlos
30081,,,UNPAID TRANSAC FEE25JUL A/C 66324874,1.550000000,debit,BANK_FEES_OTHER_BANK_FEES,BANK_FEES_OTHER_BANK_FEES,debit,blank,2025-08-15,risk_t6bound_debit,T6_provider_crosswalk,plaid,returned_payment,bank_charge_other,returned_payment,returned_payment,human_reviewed,carlos,fees_charges,carlos
30082,Sunderland,sunderland,2781 21AUG25 CD   ARRIVA MIDLANDS   LIMITE            SUNDERLAND GB,2.100000000,debit,ENTERTAINMENT_CASINOS_AND_GAMBLING,ENTERTAINMENT_CASINOS_AND_GAMBLING,debit,filled,2025-08-22,risk_t6bound_debit,T6_provider_crosswalk,plaid,public_transport_rail_coach,public_transport_rail_coach,,public_transport_rail_coach,human_reviewed,carlos,transport_motoring,carlos
30083,,,Blue Rewards Fee CB  Blue Rewards Fee CB ,5.000000000,debit,BANK_FEES_OTHER_BANK_FEES,BANK_FEES_OTHER_BANK_FEES,debit,blank,2025-07-02,risk_t6bound_debit,T6_provider_crosswalk,plaid,account_charge,account_charge,,account_charge,human_reviewed,carlos,fees_charges,carlos
30084,,,LLOYDS BANK LOAN 100205133603,187.760000000,debit,LOAN_PAYMENTS_PERSONAL_LOAN_PAYMENT,LOAN_PAYMENTS_PERSONAL_LOAN_PAYMENT,debit,blank,2025-08-05,risk_t6bound_debit,T6_provider_crosswalk,plaid,personal_loan_repayment,personal_loan_repayment,,personal_loan_repayment,human_reviewed,carlos,credit_loan_repayments,carlos
30085,Sunderland,sunderland,2781 26JUL25 CD   ARRIVA MIDLANDS   LIMITE            SUNDERLAND GB,2.100000000,debit,ENTERTAINMENT_CASINOS_AND_GAMBLING,ENTERTAINMENT_CASINOS_AND_GAMBLING,debit,filled,2025-07-28,risk_t6bound_debit,T6_provider_crosswalk,plaid,public_transport_rail_coach,public_transport_rail_coach,,public_transport_rail_coach,human_reviewed,carlos,transport_motoring,carlos
30086,,,THIRD PARTY PAYMENT MADE VIA FASTER PAYMENT TO ZABLE CARD REFERENCE ZABLE SANTANDER REFERENCE 011M37A1RKW1KIIYM1,20.000000000,debit,LOAN_PAYMENTS_CREDIT_CARD_PAYMENT,LOAN_PAYMENTS_CREDIT_CARD_PAYMENT,debit,blank,2025-07-27,risk_t6bound_debit,T6_provider_crosswalk,plaid,credit_card_repayment,credit_card_repayment,,credit_card_repayment,human_reviewed,carlos,credit_loan_repayments,carlos
30087,,,Ovo Charge Anywhere,2.000000000,debit,BANK_FEES_OTHER_BANK_FEES,BANK_FEES_OTHER_BANK_FEES,debit,blank,2025-07-19,risk_t6bound_debit,T6_provider_crosswalk,plaid,fuel,bank_charge_other,fuel,fuel,human_reviewed,carlos,transport_motoring,carlos
30088,,,Tide fee for the transaction of £500.20 amount,0.200000000,debit,BANK_FEES_OTHER_BANK_FEES,BANK_FEES_OTHER_BANK_FEES,debit,blank,2025-08-20,risk_t6bound_debit,T6_provider_crosswalk,plaid,bank_charge_other,account_charge,account_charge,account_charge,human_reviewed,carlos,fees_charges,carlos
30089,,,TRISH CHASE       MIMI              VIA MOBILE - PYMT FP 04/08/25 10    32095907303384000N,4798.320000000,debit,LOAN_PAYMENTS_CREDIT_CARD_PAYMENT,LOAN_PAYMENTS_CREDIT_CARD_PAYMENT,debit,blank,2025-08-04,risk_t6bound_debit,T6_provider_crosswalk,plaid,transfer_p2p,transfer_p2p,,transfer_p2p,human_reviewed,carlos,transfers,carlos
30090,,,2416 25JUL25  D   WWW.MARISOTA.CO.UKMANCHESTER GB,6.180000000,debit,LOAN_PAYMENTS_PERSONAL_LOAN_PAYMENT,LOAN_PAYMENTS_PERSONAL_LOAN_PAYMENT,debit,blank,2025-07-28,risk_t6bound_debit,T6_provider_crosswalk,plaid,clothing_womens,clothing_womens,,clothing_womens,human_reviewed,carlos,clothing_personal_care,carlos
30091,,,Tide fee for the transaction of £119.80 amount,0.200000000,debit,BANK_FEES_OTHER_BANK_FEES,BANK_FEES_OTHER_BANK_FEES,debit,blank,2025-08-23,risk_t6bound_debit,T6_provider_crosswalk,plaid,bank_charge_other,account_charge,account_charge,account_charge,human_reviewed,carlos,fees_charges,carlos
30092,💰 Pocket Money,💰 pocket money,💰 Pocket money,0.010000000,debit,LOAN_PAYMENTS_CREDIT_CARD_PAYMENT,LOAN_PAYMENTS_CREDIT_CARD_PAYMENT,debit,filled,2025-06-02,risk_t6bound_debit,T6_provider_crosswalk,plaid,savings_transfer,transfer_p2p,transfer_own_account,savings_transfer,agent_review,agent_review: Pocket money pot,savings_investments,
30093,,,B/CARD PLAT VISA XXXXXXXXXXXX3002,50.000000000,debit,LOAN_PAYMENTS_CREDIT_CARD_PAYMENT,LOAN_PAYMENTS_CREDIT_CARD_PAYMENT,debit,blank,2025-08-11,risk_t6bound_debit,T6_provider_crosswalk,plaid,credit_card_repayment,credit_card_repayment,,credit_card_repayment,human_reviewed,carlos,credit_loan_repayments,carlos
30094,,,Tide fee for the transaction of £845.16 amount,0.200000000,debit,BANK_FEES_OTHER_BANK_FEES,BANK_FEES_OTHER_BANK_FEES,debit,blank,2025-07-07,risk_t6bound_debit,T6_provider_crosswalk,plaid,bank_charge_other,account_charge,account_charge,account_charge,human_reviewed,carlos,fees_charges,carlos
30095,,,Playnation Gbp Change,10.000000000,debit,ENTERTAINMENT_CASINOS_AND_GAMBLING,ENTERTAINMENT_CASINOS_AND_GAMBLING,debit,blank,2025-08-22,risk_t6bound_debit,T6_provider_crosswalk,plaid,gambling_unspecified,gambling_unspecified,,gambling_unspecified,human_reviewed,carlos,gambling,carlos
30096,,,"DIRECT DEBIT PAYMENT TO SANTANDER LOANS REF 09035879927224, MANDATE NO 0026",41.810000000,debit,LOAN_PAYMENTS_PERSONAL_LOAN_PAYMENT,LOAN_PAYMENTS_PERSONAL_LOAN_PAYMENT,debit,blank,2025-08-15,risk_t6bound_debit,T6_provider_crosswalk,plaid,personal_loan_repayment,personal_loan_repayment,,personal_loan_repayment,human_reviewed,carlos,credit_loan_repayments,carlos
30097,Fabgizmo,fabgizmo,Fabgizmo Personal Funding,20.000000000,debit,LOAN_PAYMENTS_PERSONAL_LOAN_PAYMENT,LOAN_PAYMENTS_PERSONAL_LOAN_PAYMENT,debit,filled,2025-07-17,risk_t6bound_debit,T6_provider_crosswalk,plaid,personal_loan_repayment,personal_loan_repayment,,personal_loan_repayment,human_reviewed,carlos,credit_loan_repayments,carlos
30098,,,LOANS TSB                             REFERENCE: 100303819786,61.880000000,debit,LOAN_PAYMENTS_PERSONAL_LOAN_PAYMENT,LOAN_PAYMENTS_PERSONAL_LOAN_PAYMENT,debit,blank,2025-08-26,risk_t6bound_debit,T6_provider_crosswalk,plaid,personal_loan_repayment,personal_loan_repayment,,personal_loan_repayment,human_reviewed,carlos,credit_loan_repayments,carlos
30099,Sunderland,sunderland,2781 11SEP25 CD   ARRIVA MIDLANDS   LIMITE            SUNDERLAND GB,2.100000000,debit,ENTERTAINMENT_CASINOS_AND_GAMBLING,ENTERTAINMENT_CASINOS_AND_GAMBLING,debit,filled,2025-09-12,risk_t6bound_debit,T6_provider_crosswalk,plaid,public_transport_rail_coach,public_transport_rail_coach,,public_transport_rail_coach,human_reviewed,carlos,transport_motoring,carlos
30100,,,CAPITAL CREDIT UNI                    REFERENCE: 000000011424050001,15.000000000,debit,LOAN_PAYMENTS_CREDIT_CARD_PAYMENT,LOAN_PAYMENTS_CREDIT_CARD_PAYMENT,debit,blank,2025-07-01,risk_t6bound_debit,T6_provider_crosswalk,plaid,credit_union_repayment,credit_union_repayment,,credit_union_repayment,human_reviewed,carlos,credit_loan_repayments,carlos
30101,,,Service Navigo,10.410000000,debit,LOAN_PAYMENTS_PERSONAL_LOAN_PAYMENT,LOAN_PAYMENTS_PERSONAL_LOAN_PAYMENT,debit,blank,2025-09-01,risk_t6bound_debit,T6_provider_crosswalk,plaid,public_transport_rail_coach,unclassified_other,public_transport_rail_coach,public_transport_rail_coach,human_reviewed,carlos,transport_motoring,carlos
30102,,,H3GDEVICEPAYMENT,29.000000000,debit,ENTERTAINMENT_CASINOS_AND_GAMBLING,ENTERTAINMENT_CASINOS_AND_GAMBLING,debit,blank,2025-08-27,risk_t6bound_debit,T6_provider_crosswalk,plaid,mobile_phone_contract,mobile_phone_contract,,mobile_phone_contract,human_reviewed,carlos,utilities_household_bills,carlos
30103,,,CREDIT CARD PAYMENT,991.960000000,debit,LOAN_PAYMENTS_CREDIT_CARD_PAYMENT,LOAN_PAYMENTS_CREDIT_CARD_PAYMENT,debit,blank,2025-06-20,risk_t6bound_debit,T6_provider_crosswalk,plaid,credit_card_repayment,credit_card_repayment,,credit_card_repayment,human_reviewed,carlos,credit_loan_repayments,carlos
30104,,,THIRD PARTY PAYMENT MADE VIA FASTER PAYMENT TO LAURISSA TRAYNOR REFERENCE MONZO-YWPTC SANTANDER REFERENCE 0000AZACAAYHAL4IV5SAIY,43.000000000,debit,LOAN_PAYMENTS_PERSONAL_LOAN_PAYMENT,LOAN_PAYMENTS_PERSONAL_LOAN_PAYMENT,debit,blank,2025-10-13,risk_t6bound_debit,T6_provider_crosswalk,plaid,transfer_p2p,transfer_p2p,,transfer_p2p,human_reviewed,carlos,transfers,carlos
30105,Div Bills,div bills,DIV               BILLS             VIA MOBILE - PYMT FP 21/07/25 10    32160555881872000N,65.000000000,debit,LOAN_PAYMENTS_CREDIT_CARD_PAYMENT,LOAN_PAYMENTS_CREDIT_CARD_PAYMENT,debit,filled,2025-07-21,risk_t6bound_debit,T6_provider_crosswalk,plaid,transfer_p2p,transfer_p2p,,transfer_p2p,human_reviewed,carlos,transfers,carlos
30106,,,LottoGo CD 0541,40.000000000,debit,ENTERTAINMENT_CASINOS_AND_GAMBLING,ENTERTAINMENT_CASINOS_AND_GAMBLING,debit,blank,2025-08-15,risk_t6bound_debit,T6_provider_crosswalk,plaid,gambling_lottery,gambling_lottery,,gambling_lottery,human_reviewed,carlos,gambling,carlos
30107,,,INT'L 1656864720  PLAY PERFECT INC  EAST BRUNSWIC     USD 5.00 @ 1.3586 MAS Rate,3.680000000,debit,ENTERTAINMENT_CASINOS_AND_GAMBLING,ENTERTAINMENT_CASINOS_AND_GAMBLING,debit,blank,2025-06-27,risk_t6bound_debit,T6_provider_crosswalk,plaid,gaming_mobile,gambling_unspecified,gambling_casino,gambling_casino,human_reviewed,carlos,gambling,carlos
30108,Finance,finance,DEBIT FINANCE COLL 6024014HR417372,50.000000000,debit,LOAN_PAYMENTS_PERSONAL_LOAN_PAYMENT,LOAN_PAYMENTS_PERSONAL_LOAN_PAYMENT,debit,filled,2025-09-01,risk_t6bound_debit,T6_provider_crosswalk,plaid,personal_loan_repayment,debt_collection,personal_loan_repayment,debt_collection,human_reviewed,carlos,high_cost_distress_credit,carlos
30109,,,CARD PAYMENT TO QUOTIENTAPP.COM ON 07-08-2025,37.000000000,debit,LOAN_PAYMENTS_PERSONAL_LOAN_PAYMENT,LOAN_PAYMENTS_PERSONAL_LOAN_PAYMENT,debit,blank,2025-08-07,risk_t6bound_debit,T6_provider_crosswalk,plaid,software,unclassified_other,unclassified_other,software,human_reviewed,carlos,digital_subscriptions_services,carlos
30110,,,2848 24OCT25  D   888*UK LIMITED    GIBRALTAR GI,10.000000000,debit,ENTERTAINMENT_CASINOS_AND_GAMBLING,ENTERTAINMENT_CASINOS_AND_GAMBLING,debit,blank,2025-10-27,risk_t6bound_debit,T6_provider_crosswalk,plaid,gambling_casino,gambling_unspecified,gambling_casino,gambling_casino,human_reviewed,carlos,gambling,carlos
30111,,,August overdraft fees,0.980000000,debit,BANK_PENALTIES_CASH_ADVANCE_AND_OVERDRAFT_FEES,BANK_PENALTIES_CASH_ADVANCE_AND_OVERDRAFT_FEES,debit,blank,2025-09-01,risk_t6bound_debit,T6_provider_crosswalk,plaid,overdraft_arranged,overdraft_unarranged,overdraft_arranged,overdraft_arranged,human_reviewed,carlos,fees_charges,carlos
30112,,,THIRD PARTY PAYMENT MADE VIA FASTER PAYMENT TO JAKUB PAWELA REFERENCE OBAD8CN7OQW1Y4A5P SANTANDER REFERENCE OBAD8CN7OQW1Y4A5P,100.000000000,debit,LOAN_PAYMENTS_PERSONAL_LOAN_PAYMENT,LOAN_PAYMENTS_PERSONAL_LOAN_PAYMENT,debit,blank,2025-08-11,risk_t6bound_debit,T6_provider_crosswalk,plaid,transfer_p2p,transfer_p2p,,transfer_p2p,human_reviewed,carlos,transfers,carlos
30113,Sunderland,sunderland,3273 01OCT25 CD   ARRIVA DURHAM     COUNTY L          SUNDERLAND GB,1.700000000,debit,ENTERTAINMENT_CASINOS_AND_GAMBLING,ENTERTAINMENT_CASINOS_AND_GAMBLING,debit,filled,2025-10-02,risk_t6bound_debit,T6_provider_crosswalk,plaid,public_transport_rail_coach,public_transport_rail_coach,,public_transport_rail_coach,human_reviewed,carlos,transport_motoring,carlos
30114,,,ARRANGED OVERDRAFT INTEREST,0.340000000,debit,BANK_PENALTIES_CASH_ADVANCE_AND_OVERDRAFT_FEES,BANK_PENALTIES_CASH_ADVANCE_AND_OVERDRAFT_FEES,debit,blank,2025-08-25,risk_t6bound_debit,T6_provider_crosswalk,plaid,overdraft_arranged,overdraft_arranged,,overdraft_arranged,human_reviewed,carlos,fees_charges,carlos
30115,,,Betting  pot transfer,36.000000000,debit,TRANSFER_OUT_SAVINGS,TRANSFER_OUT_SAVINGS,debit,blank,2025-07-06,risk_t6bound_debit,T6_provider_crosswalk,plaid,savings_transfer,savings_transfer,,savings_transfer,human_reviewed,carlos,savings_investments,carlos
30116,Gorilla Jet Wash,gorilla jet wash,NYA*Gorilla Jet Wa,2.000000000,debit,ENTERTAINMENT_CASINOS_AND_GAMBLING,ENTERTAINMENT_CASINOS_AND_GAMBLING,debit,filled,2025-09-17,risk_t6bound_debit,T6_provider_crosswalk,plaid,carwash,carwash,,carwash,human_reviewed,carlos,transport_motoring,carlos
30117,,,AMERICAN EXP 3773  PB959383806237614 FT,25.000000000,debit,LOAN_PAYMENTS_CREDIT_CARD_PAYMENT,LOAN_PAYMENTS_CREDIT_CARD_PAYMENT,debit,blank,2025-06-28,risk_t6bound_debit,T6_provider_crosswalk,plaid,charge_card_repayment,credit_card_repayment,credit_card_repayment,charge_card_repayment,human_reviewed,carlos,credit_loan_repayments,carlos
30118,Payment-assistmelton,payment-assistmelton,6990 10JUN25      WWW.PAYMENT-ASSISTMELTON MOWBRA GB,17.220000000,debit,LOAN_PAYMENTS_PERSONAL_LOAN_PAYMENT,LOAN_PAYMENTS_PERSONAL_LOAN_PAYMENT,debit,filled,2025-06-11,risk_t6bound_debit,T6_provider_crosswalk,plaid,bnpl,unclassified_other,retail_finance_repayment,bnpl,agent_review,agent_review: Payment Assist -> bnpl (AGENT_RULES),credit_loan_repayments,
30119,,,CARD PAYMENT TO FGFS LTD ON 04-07-2025,8.560000000,debit,LOAN_PAYMENTS_PERSONAL_LOAN_PAYMENT,LOAN_PAYMENTS_PERSONAL_LOAN_PAYMENT,debit,blank,2025-07-05,risk_t6bound_debit,T6_provider_crosswalk,plaid,financial_services_other,unclassified_other,unclassified_other,unclassified_other,human_reviewed,carlos,unclassified,carlos
30120,,,SANTANDER VISA CRE 500000001595081972,5813.000000000,debit,LOAN_PAYMENTS_CREDIT_CARD_PAYMENT,LOAN_PAYMENTS_CREDIT_CARD_PAYMENT,debit,blank,2025-07-15,risk_t6bound_debit,T6_provider_crosswalk,plaid,credit_card_repayment,credit_card_repayment,,credit_card_repayment,human_reviewed,carlos,credit_loan_repayments,carlos
30121,,,ACC-NWESTPLAT     552213******1262  VIA MOBILE - PYMT FP 31/07/25 10    05135312650646000N,3.590000000,debit,LOAN_PAYMENTS_CREDIT_CARD_PAYMENT,LOAN_PAYMENTS_CREDIT_CARD_PAYMENT,debit,blank,2025-07-31,risk_t6bound_debit,T6_provider_crosswalk,plaid,account_charge,credit_card_repayment,credit_card_repayment,credit_card_repayment,human_reviewed,carlos,credit_loan_repayments,carlos
30122,,,"DIRECT DEBIT PAYMENT TO ACCORD REF AC162028, MANDATE NO 0042",10.500000000,debit,LOAN_PAYMENTS_PERSONAL_LOAN_PAYMENT,LOAN_PAYMENTS_PERSONAL_LOAN_PAYMENT,debit,blank,2025-08-21,risk_t6bound_debit,T6_provider_crosswalk,plaid,mortgage,mortgage,,mortgage,human_reviewed,carlos,housing,carlos
30123,,,Direct debit ACIUKLTD 162224 10135836,2.000000000,debit,LOAN_PAYMENTS_CREDIT_CARD_PAYMENT,LOAN_PAYMENTS_CREDIT_CARD_PAYMENT,debit,blank,2025-10-17,risk_t6bound_debit,T6_provider_crosswalk,plaid,debt_collection,credit_card_repayment,unclassified_recurring,debt_collection,human_reviewed,carlos,high_cost_distress_credit,carlos
30124,,,TIBU 2 SPAIN AMOUNT IN EUR 10.00 ON 06 AUG VISA 1.14713 FINAL GBP AMOUNT INCLUDES NON-STERLING TRANS FEE £0.26 ,8.980000000,debit,BANK_FEES_OTHER_BANK_FEES,BANK_FEES_OTHER_BANK_FEES,debit,blank,2025-08-07,risk_t6bound_debit,T6_provider_crosswalk,plaid,foreign_spend_unspecified,foreign_spend_unspecified,,foreign_spend_unspecified,human_reviewed,carlos,travel_holidays,carlos
30125,Incrediblebaits,incrediblebaits,Visa purchase INCREDIBLEBAITS.COM APPLEPAY 0616,25.990000000,debit,ENTERTAINMENT_CASINOS_AND_GAMBLING,ENTERTAINMENT_CASINOS_AND_GAMBLING,debit,filled,2025-10-02,risk_t6bound_debit,T6_provider_crosswalk,plaid,sports_equipment,retail_small_independent,sports_equipment,sports_equipment,human_reviewed,carlos,entertainment_leisure,carlos
30126,,,Tide fee for the transaction of £6.20 amount,0.200000000,debit,BANK_FEES_OTHER_BANK_FEES,BANK_FEES_OTHER_BANK_FEES,debit,blank,2025-08-18,risk_t6bound_debit,T6_provider_crosswalk,plaid,account_charge,account_charge,,account_charge,human_reviewed,carlos,fees_charges,carlos
30127,,,888 Casino,20.000000000,debit,ENTERTAINMENT_CASINOS_AND_GAMBLING,ENTERTAINMENT_CASINOS_AND_GAMBLING,debit,blank,2025-08-29,risk_t6bound_debit,T6_provider_crosswalk,plaid,gambling_casino,gambling_casino,,gambling_casino,human_reviewed,carlos,gambling,carlos
30128,,,To Sky Betting and Gaming - 6DHOZZ6ZN1ARZCC6SD - SortCodeAccountNumber: 04067800003555,10.490000000,debit,ENTERTAINMENT_CASINOS_AND_GAMBLING,ENTERTAINMENT_CASINOS_AND_GAMBLING,debit,blank,2025-08-10,risk_t6bound_debit,T6_provider_crosswalk,plaid,gambling_betting,gambling_betting,,gambling_betting,human_reviewed,carlos,gambling,carlos
30129,,,LottoGo CD 0541,50.000000000,debit,ENTERTAINMENT_CASINOS_AND_GAMBLING,ENTERTAINMENT_CASINOS_AND_GAMBLING,debit,blank,2025-08-19,risk_t6bound_debit,T6_provider_crosswalk,plaid,gambling_lottery,gambling_lottery,,gambling_lottery,human_reviewed,carlos,gambling,carlos
30130,,,ACCOUNT FEE,29.000000000,debit,BANK_FEES_OTHER_BANK_FEES,BANK_FEES_OTHER_BANK_FEES,debit,blank,2025-10-01,risk_t6bound_debit,T6_provider_crosswalk,plaid,account_charge,account_charge,,account_charge,human_reviewed,carlos,fees_charges,carlos
30131,,,Debt/Credit Cards pot transfer,14.820000000,debit,TRANSFER_OUT_SAVINGS,TRANSFER_OUT_SAVINGS,debit,blank,2025-07-21,risk_t6bound_debit,T6_provider_crosswalk,plaid,savings_transfer,savings_transfer,,savings_transfer,human_reviewed,carlos,savings_investments,carlos
30132,,,4219 17JUL25      PAYPAL *PYPL      PAYIN3            8003587911 GB,96.670000000,debit,LOAN_PAYMENTS_PERSONAL_LOAN_PAYMENT,LOAN_PAYMENTS_PERSONAL_LOAN_PAYMENT,debit,blank,2025-07-21,risk_t6bound_debit,T6_provider_crosswalk,plaid,bnpl,bnpl,,bnpl,human_reviewed,carlos,credit_loan_repayments,carlos
30133,,,To Bip - 000001c39IOSyXCb - SortCodeAccountNumber: 60000148926892,20.350000000,debit,LOAN_PAYMENTS_PERSONAL_LOAN_PAYMENT,LOAN_PAYMENTS_PERSONAL_LOAN_PAYMENT,debit,blank,2025-09-11,risk_t6bound_debit,T6_provider_crosswalk,plaid,credit_card_repayment,unclassified_other,transfer_p2p,credit_card_repayment,agent_review,agent_review: Bip credit card,credit_loan_repayments,
30134,,,July overdraft fees,28.040000000,debit,BANK_PENALTIES_CASH_ADVANCE_AND_OVERDRAFT_FEES,BANK_PENALTIES_CASH_ADVANCE_AND_OVERDRAFT_FEES,debit,blank,2025-08-01,risk_t6bound_debit,T6_provider_crosswalk,plaid,overdraft_arranged,overdraft_unarranged,overdraft_arranged,overdraft_arranged,human_reviewed,carlos,fees_charges,carlos
30135,,,THIRD PARTY PAYMENT MADE VIA FASTER PAYMENT TO AO REFERENCE 000001ZLNZZAHSRV SANTANDER REFERENCE 8E36488XTTB53UNK75NRYYWN6,5.000000000,debit,LOAN_PAYMENTS_PERSONAL_LOAN_PAYMENT,LOAN_PAYMENTS_PERSONAL_LOAN_PAYMENT,debit,blank,2025-08-16,risk_t6bound_debit,T6_provider_crosswalk,plaid,retail_finance_repayment,retail_finance_repayment,,retail_finance_repayment,human_reviewed,carlos,credit_loan_repayments,carlos
30136,,,DH7DXPJ Credit Spring,10.000000000,debit,LOAN_PAYMENTS_CREDIT_CARD_PAYMENT,LOAN_PAYMENTS_CREDIT_CARD_PAYMENT,debit,blank,2025-05-26,risk_t6bound_debit,T6_provider_crosswalk,plaid,personal_loan_repayment,personal_loan_repayment,,personal_loan_repayment,human_reviewed,carlos,credit_loan_repayments,carlos
30137,,,"DIRECT DEBIT PAYMENT TO B/CARD REWARDS REF XXXXXXXXXXXX9002, MANDATE NO 0117",127.730000000,debit,LOAN_PAYMENTS_CREDIT_CARD_PAYMENT,LOAN_PAYMENTS_CREDIT_CARD_PAYMENT,debit,blank,2025-06-06,risk_t6bound_debit,T6_provider_crosswalk,plaid,credit_card_repayment,credit_card_repayment,,credit_card_repayment,human_reviewed,carlos,credit_loan_repayments,carlos
30138,,,Tide fee for the transaction of £4704.80 amount,0.200000000,debit,BANK_FEES_OTHER_BANK_FEES,BANK_FEES_OTHER_BANK_FEES,debit,blank,2025-09-26,risk_t6bound_debit,T6_provider_crosswalk,plaid,account_charge,account_charge,,account_charge,human_reviewed,carlos,fees_charges,carlos
30139,Sharon Thornton,sharon thornton,GB Account - loan Sharon Thornton - SortCodeAccountNumber: 09012628392803,118.000000000,debit,LOAN_PAYMENTS_PERSONAL_LOAN_PAYMENT,LOAN_PAYMENTS_PERSONAL_LOAN_PAYMENT,debit,filled,2025-09-17,risk_t6bound_debit,T6_provider_crosswalk,plaid,loan_repayment_manual,loan_repayment_manual,,loan_repayment_manual,human_reviewed,carlos,credit_loan_repayments,carlos
30140,,,2284 17JUL25      EDF UK CARD       PAYMENTS          LONDON GB,45.000000000,debit,LOAN_PAYMENTS_CREDIT_CARD_PAYMENT,LOAN_PAYMENTS_CREDIT_CARD_PAYMENT,debit,blank,2025-07-18,risk_t6bound_debit,T6_provider_crosswalk,plaid,energy,energy,,energy,human_reviewed,carlos,utilities_household_bills,carlos
30141,,,HOZAH* AUTOPAY    CASTLE STREET,10.120000000,debit,LOAN_PAYMENTS_CREDIT_CARD_PAYMENT,LOAN_PAYMENTS_CREDIT_CARD_PAYMENT,debit,blank,2025-07-09,risk_t6bound_debit,T6_provider_crosswalk,plaid,car_parking,unclassified_recurring,car_parking,car_parking,human_reviewed,carlos,transport_motoring,carlos
30142,,,"DIRECT DEBIT PAYMENT TO SAINSBURY S BANK REF 57001805207002, MANDATE NO 0018",494.120000000,debit,LOAN_PAYMENTS_CREDIT_CARD_PAYMENT,LOAN_PAYMENTS_CREDIT_CARD_PAYMENT,debit,blank,2025-07-07,risk_t6bound_debit,T6_provider_crosswalk,plaid,credit_card_repayment,credit_card_repayment,,credit_card_repayment,human_reviewed,carlos,credit_loan_repayments,carlos
30143,DAY,day,DAY TODAY         HAMILTON ML3,0.790000000,debit,LOAN_PAYMENTS_PERSONAL_LOAN_PAYMENT,LOAN_PAYMENTS_PERSONAL_LOAN_PAYMENT,debit,filled,2025-07-31,risk_t6bound_debit,T6_provider_crosswalk,plaid,convenience_store,convenience_store,,convenience_store,human_reviewed,carlos,groceries_household_essentials,carlos
30144,,,ACC-NWESTPLAT     552213******9728  VIA MOBILE - PYMT FP 17/06/25 10    26101109706607000N,10.000000000,debit,LOAN_PAYMENTS_CREDIT_CARD_PAYMENT,LOAN_PAYMENTS_CREDIT_CARD_PAYMENT,debit,blank,2025-06-17,risk_t6bound_debit,T6_provider_crosswalk,plaid,account_charge,credit_card_repayment,credit_card_repayment,credit_card_repayment,human_reviewed,carlos,credit_loan_repayments,carlos
30145,💰 Pocket Money,💰 pocket money,💰 Pocket money,0.100000000,debit,LOAN_PAYMENTS_CREDIT_CARD_PAYMENT,LOAN_PAYMENTS_CREDIT_CARD_PAYMENT,debit,filled,2025-09-30,risk_t6bound_debit,T6_provider_crosswalk,plaid,savings_transfer,transfer_p2p,transfer_own_account,savings_transfer,agent_review,agent_review: Pocket money pot,savings_investments,
30146,Cardfac,cardfac,0455 01JUL25      WWW.CARDFAC       TORY.CO.UK        INTERNET GB,4.190000000,debit,LOAN_PAYMENTS_PERSONAL_LOAN_PAYMENT,LOAN_PAYMENTS_PERSONAL_LOAN_PAYMENT,debit,filled,2025-07-02,risk_t6bound_debit,T6_provider_crosswalk,plaid,gifts_flowers,unclassified_other,gifts_flowers,gifts_flowers,human_reviewed,carlos,general_retail_marketplaces,carlos
30147,,,"VIRKANDSONS LTD (VIA GOOGLE PAY), ON 30-08-2025",22.190000000,debit,ENTERTAINMENT_CASINOS_AND_GAMBLING,ENTERTAINMENT_CASINOS_AND_GAMBLING,debit,blank,2025-08-30,risk_t6bound_debit,T6_provider_crosswalk,plaid,convenience_store,gambling_unspecified,unclassified_card_spend,convenience_store,human_reviewed,carlos,groceries_household_essentials,carlos
30148,,,UNPAID TRANSAC FEE15AUG A/C 35602139,1.550000000,debit,BANK_FEES_OTHER_BANK_FEES,BANK_FEES_OTHER_BANK_FEES,debit,blank,2025-09-05,risk_t6bound_debit,T6_provider_crosswalk,plaid,returned_payment,returned_payment,,returned_payment,human_reviewed,carlos,fees_charges,carlos
30149,,,Monthly Account Fee,18.000000000,debit,BANK_FEES_OTHER_BANK_FEES,BANK_FEES_OTHER_BANK_FEES,debit,blank,2025-08-31,risk_t6bound_debit,T6_provider_crosswalk,plaid,account_charge,account_charge,,account_charge,human_reviewed,carlos,fees_charges,carlos
30150,,,LOQBOX GROW  ON 16 JUL BCC,28.970000000,debit,LOAN_PAYMENTS_CREDIT_CARD_PAYMENT,LOAN_PAYMENTS_CREDIT_CARD_PAYMENT,debit,blank,2025-07-17,risk_t6bound_debit,T6_provider_crosswalk,plaid,revolving_credit_repayment,savings_transfer,revolving_credit_repayment,savings_transfer,human_reviewed,carlos,savings_investments,carlos
30151,Grow,grow,SQ *GROW,10.000000000,debit,LOAN_PAYMENTS_PERSONAL_LOAN_PAYMENT,LOAN_PAYMENTS_PERSONAL_LOAN_PAYMENT,debit,filled,2025-09-03,risk_t6bound_debit,T6_provider_crosswalk,plaid,unclassified_other,unclassified_other,,unclassified_other,human_reviewed,carlos,unclassified,carlos
30152,,,LOU               CHASE             VIA MOBILE - PYMT FP 23/08/25 10    25180535844571000N,7.190000000,debit,LOAN_PAYMENTS_CREDIT_CARD_PAYMENT,LOAN_PAYMENTS_CREDIT_CARD_PAYMENT,debit,blank,2025-08-26,risk_t6bound_debit,T6_provider_crosswalk,plaid,transfer_p2p,transfer_p2p,,transfer_p2p,human_reviewed,carlos,transfers,carlos
30153,Excaliber Sec,excaliber sec,EXCALIBER SEC     26538             VIA MOBILE - PYMT FP 24/07/25 10    05152211541967000N,120.000000000,debit,LOAN_PAYMENTS_PERSONAL_LOAN_PAYMENT,LOAN_PAYMENTS_PERSONAL_LOAN_PAYMENT,debit,filled,2025-07-24,risk_t6bound_debit,T6_provider_crosswalk,plaid,unclassified_other,transfer_p2p,unclassified_other,unclassified_other,human_reviewed,carlos,unclassified,carlos
30154,,,AQUA CREDIT CARD CD 1233,287.820000000,debit,LOAN_PAYMENTS_CREDIT_CARD_PAYMENT,LOAN_PAYMENTS_CREDIT_CARD_PAYMENT,debit,blank,2025-09-29,risk_t6bound_debit,T6_provider_crosswalk,plaid,credit_card_repayment,credit_card_repayment,,credit_card_repayment,human_reviewed,carlos,credit_loan_repayments,carlos
30155,,,To Sky Betting and Gaming - SQ6DROLR9LRZRF5YYL - SortCodeAccountNumber: 04067800003555,5.000000000,debit,ENTERTAINMENT_CASINOS_AND_GAMBLING,ENTERTAINMENT_CASINOS_AND_GAMBLING,debit,blank,2025-07-28,risk_t6bound_debit,T6_provider_crosswalk,plaid,gambling_betting,gambling_betting,,gambling_betting,human_reviewed,carlos,gambling,carlos
30156,Darrell Bright,darrell bright,Payment to DARRELL BRIGHT 110681 02025061 2025-08-01,8.000000000,debit,LOAN_PAYMENTS_PERSONAL_LOAN_PAYMENT,LOAN_PAYMENTS_PERSONAL_LOAN_PAYMENT,debit,filled,2025-08-02,risk_t6bound_debit,T6_provider_crosswalk,plaid,transfer_p2p,transfer_p2p,,transfer_p2p,human_reviewed,carlos,transfers,carlos
30157,,,LottoGo           +442036089384,10.000000000,debit,ENTERTAINMENT_CASINOS_AND_GAMBLING,ENTERTAINMENT_CASINOS_AND_GAMBLING,debit,blank,2025-07-30,risk_t6bound_debit,T6_provider_crosswalk,plaid,gambling_lottery,gambling_lottery,,gambling_lottery,human_reviewed,carlos,gambling,carlos
30158,Starling,starling,STARLING          STARLING          VIA MOBILE - PYMT FP 04/07/25 10    34233746302256000N,5.000000000,debit,LOAN_PAYMENTS_CREDIT_CARD_PAYMENT,LOAN_PAYMENTS_CREDIT_CARD_PAYMENT,debit,filled,2025-07-07,risk_t6bound_debit,T6_provider_crosswalk,plaid,transfer_own_account,transfer_own_account,,transfer_own_account,human_reviewed,carlos,transfers,carlos
30159,,,ACCOUNT FEE,11.500000000,debit,BANK_FEES_OTHER_BANK_FEES,BANK_FEES_OTHER_BANK_FEES,debit,blank,2025-09-01,risk_t6bound_debit,T6_provider_crosswalk,plaid,account_charge,account_charge,,account_charge,human_reviewed,carlos,fees_charges,carlos
30160,Katie,katie,Payment to KATIE,15.000000000,debit,LOAN_PAYMENTS_PERSONAL_LOAN_PAYMENT,LOAN_PAYMENTS_PERSONAL_LOAN_PAYMENT,debit,filled,2025-10-22,risk_t6bound_debit,T6_provider_crosswalk,plaid,transfer_p2p,transfer_p2p,,transfer_p2p,human_reviewed,carlos,transfers,carlos
30161,Clear Fina,clear fina,CRYSTAL CLEAR FINA 600000001601834233,498.000000000,debit,LOAN_PAYMENTS_PERSONAL_LOAN_PAYMENT,LOAN_PAYMENTS_PERSONAL_LOAN_PAYMENT,debit,filled,2025-07-28,risk_t6bound_debit,T6_provider_crosswalk,plaid,car_finance_repayment,personal_loan_repayment,unclassified_other,car_finance_repayment,human_reviewed,carlos,credit_loan_repayments,carlos
30162,,,MAINTAINING THE ACCOUNT - MONTHLY FEE,3.000000000,debit,BANK_FEES_OTHER_BANK_FEES,BANK_FEES_OTHER_BANK_FEES,debit,blank,2025-08-31,risk_t6bound_debit,T6_provider_crosswalk,plaid,account_charge,account_charge,,account_charge,human_reviewed,carlos,fees_charges,carlos
30163,,,Tide fee for the transaction of £99.80 amount,0.200000000,debit,BANK_FEES_OTHER_BANK_FEES,BANK_FEES_OTHER_BANK_FEES,debit,blank,2025-09-21,risk_t6bound_debit,T6_provider_crosswalk,plaid,account_charge,account_charge,,account_charge,human_reviewed,carlos,fees_charges,carlos
30164,,,CARD PAYMENT TO WWW.CABOTFINANCIAL.CO. ON 29-08-2025,20.000000000,debit,LOAN_PAYMENTS_CREDIT_CARD_PAYMENT,LOAN_PAYMENTS_CREDIT_CARD_PAYMENT,debit,blank,2025-08-30,risk_t6bound_debit,T6_provider_crosswalk,plaid,debt_collection,debt_collection,,debt_collection,human_reviewed,carlos,high_cost_distress_credit,carlos
30165,,,Mum’s Loan pot transfer,160.330000000,debit,TRANSFER_OUT_SAVINGS,TRANSFER_OUT_SAVINGS,debit,blank,2025-09-25,risk_t6bound_debit,T6_provider_crosswalk,plaid,savings_transfer,savings_transfer,,savings_transfer,human_reviewed,carlos,savings_investments,carlos
30166,,,THIRD PARTY PAYMENT MADE VIA FASTER PAYMENT TO WHO INTERNET REFERENCE F61Z8EIMDUTQ62FWHZ SANTANDER REFERENCE F61Z8EIMDUTQ62FWHZ,5.000000000,debit,LOAN_PAYMENTS_CREDIT_CARD_PAYMENT,LOAN_PAYMENTS_CREDIT_CARD_PAYMENT,debit,blank,2025-08-01,risk_t6bound_debit,T6_provider_crosswalk,plaid,broadband_tv_phone,unclassified_transfer,transfer_bank_unspecified,gambling_betting,agent_review,agent_review: William Hill Online deposit,gambling,
30167,,,YOUR PLAN CARD PAYCREATION.CO.U,47.600000000,debit,LOAN_PAYMENTS_CREDIT_CARD_PAYMENT,LOAN_PAYMENTS_CREDIT_CARD_PAYMENT,debit,blank,2025-09-24,risk_t6bound_debit,T6_provider_crosswalk,plaid,retail_finance_repayment,retail_finance_repayment,,retail_finance_repayment,human_reviewed,carlos,credit_loan_repayments,carlos
30168,Www.cleverbridge.n,www.cleverbridge.n,www.cleverbridge.n,60.000000000,debit,LOAN_PAYMENTS_PERSONAL_LOAN_PAYMENT,LOAN_PAYMENTS_PERSONAL_LOAN_PAYMENT,debit,filled,2025-07-23,risk_t6bound_debit,T6_provider_crosswalk,plaid,software,software,,software,human_reviewed,carlos,digital_subscriptions_services,carlos
30169,,,6926 29AUG25      YOUR PLAN CARD    PAYMENT           CREATION.CO.U GB,189.580000000,debit,LOAN_PAYMENTS_CREDIT_CARD_PAYMENT,LOAN_PAYMENTS_CREDIT_CARD_PAYMENT,debit,blank,2025-09-01,risk_t6bound_debit,T6_provider_crosswalk,plaid,retail_finance_repayment,retail_finance_repayment,,retail_finance_repayment,human_reviewed,carlos,credit_loan_repayments,carlos
30170,,,THIRD PARTY PAYMENT MADE VIA FASTER PAYMENT TO ZABLE CARD REFERENCE ZABLE SANTANDER REFERENCE ZQVD6AAPOUSCSMK27M,55.920000000,debit,LOAN_PAYMENTS_CREDIT_CARD_PAYMENT,LOAN_PAYMENTS_CREDIT_CARD_PAYMENT,debit,blank,2025-08-24,risk_t6bound_debit,T6_provider_crosswalk,plaid,credit_card_repayment,credit_card_repayment,,credit_card_repayment,human_reviewed,carlos,credit_loan_repayments,carlos
30171,,,NW BUSINESS CREDIT5473679058135912,256.900000000,debit,LOAN_PAYMENTS_CREDIT_CARD_PAYMENT,LOAN_PAYMENTS_CREDIT_CARD_PAYMENT,debit,blank,2025-08-18,risk_t6bound_debit,T6_provider_crosswalk,plaid,credit_card_repayment,credit_card_repayment,,credit_card_repayment,human_reviewed,carlos,credit_loan_repayments,carlos
30172,,,ACC-NWESTPLAT     552213******1262  VIA MOBILE - PYMT FP 24/08/25 10    04153317785902000N,12.000000000,debit,LOAN_PAYMENTS_CREDIT_CARD_PAYMENT,LOAN_PAYMENTS_CREDIT_CARD_PAYMENT,debit,blank,2025-08-26,risk_t6bound_debit,T6_provider_crosswalk,plaid,account_charge,credit_card_repayment,transfer_own_account,credit_card_repayment,agent_review,agent_review: NatWest Platinum card payment,credit_loan_repayments,
30173,Liberty Scarboroug,liberty scarboroug,LIBERTY SCARBOROUG,3.000000000,debit,ENTERTAINMENT_CASINOS_AND_GAMBLING,ENTERTAINMENT_CASINOS_AND_GAMBLING,debit,filled,2025-08-21,risk_t6bound_debit,T6_provider_crosswalk,plaid,gambling_unspecified,gambling_unspecified,,gambling_unspecified,human_reviewed,carlos,gambling,carlos
30174,,,"BILL PAYMENT VIA FASTER PAYMENT TO AFTAB REFERENCE BORROWED , MANDATE NO 179",200.000000000,debit,LOAN_PAYMENTS_PERSONAL_LOAN_PAYMENT,LOAN_PAYMENTS_PERSONAL_LOAN_PAYMENT,debit,blank,2025-08-18,risk_t6bound_debit,T6_provider_crosswalk,plaid,loan_repayment_manual,loan_repayment_manual,,loan_repayment_manual,human_reviewed,carlos,credit_loan_repayments,carlos
30175,,,AMERICAN EXP 3773 PB4525******88522,15.450000000,debit,LOAN_PAYMENTS_CREDIT_CARD_PAYMENT,LOAN_PAYMENTS_CREDIT_CARD_PAYMENT,debit,blank,2025-08-25,risk_t6bound_debit,T6_provider_crosswalk,plaid,charge_card_repayment,credit_card_repayment,credit_card_repayment,charge_card_repayment,human_reviewed,carlos,credit_loan_repayments,carlos
30176,,,9036 22AUG25 CD   PHZ BALTONA C99   POZNAN PL         PLN          17.00VRATE       4.8850N-S TRN FEE   0.10,3.580000000,debit,BANK_FEES_OTHER_BANK_FEES,BANK_FEES_OTHER_BANK_FEES,debit,blank,2025-08-26,risk_t6bound_debit,T6_provider_crosswalk,plaid,foreign_spend_unspecified,bank_charge_other,foreign_spend_unspecified,foreign_spend_unspecified,human_reviewed,carlos,travel_holidays,carlos
30177,Viagogo,viagogo,Klarna Viagogo Event,172.240000000,debit,ENTERTAINMENT_EVENTS_AND_TICKETS,ENTERTAINMENT_EVENTS_AND_TICKETS,debit,filled,2025-08-29,risk_t6bound_debit,T6_provider_crosswalk,plaid,sports_tickets,sports_tickets,,sports_tickets,human_reviewed,carlos,entertainment_leisure,carlos
30178,,,NW MASTERCARD,55.920000000,debit,LOAN_PAYMENTS_CREDIT_CARD_PAYMENT,LOAN_PAYMENTS_CREDIT_CARD_PAYMENT,debit,blank,2025-08-20,risk_t6bound_debit,T6_provider_crosswalk,plaid,credit_card_repayment,credit_card_repayment,,credit_card_repayment,human_reviewed,carlos,credit_loan_repayments,carlos
30179,Win On,win on,SUNSTAR FOOD N WIN  ON 30 JUN CLP SUNSTAR FOOD N WINE,4.540000000,debit,ENTERTAINMENT_CASINOS_AND_GAMBLING,ENTERTAINMENT_CASINOS_AND_GAMBLING,debit,filled,2025-07-01,risk_t6bound_debit,T6_provider_crosswalk,plaid,alcohol_wine,gambling_unspecified,convenience_store,convenience_store,agent_review,agent_review: food & wine shop,groceries_household_essentials,
30180,Starling,starling,STARLING          STARLING          VIA MOBILE - PYMT FP 06/07/25 10    20150926807216000N,5.000000000,debit,LOAN_PAYMENTS_CREDIT_CARD_PAYMENT,LOAN_PAYMENTS_CREDIT_CARD_PAYMENT,debit,filled,2025-07-07,risk_t6bound_debit,T6_provider_crosswalk,plaid,transfer_own_account,transfer_own_account,,transfer_own_account,human_reviewed,carlos,transfers,carlos
30181,Mark Courier,mark courier,MARK COURIER      0006              VIA MOBILE - PYMT FP 04/07/25 10    08120301523643000N,70.000000000,debit,LOAN_PAYMENTS_CREDIT_CARD_PAYMENT,LOAN_PAYMENTS_CREDIT_CARD_PAYMENT,debit,filled,2025-07-04,risk_t6bound_debit,T6_provider_crosswalk,plaid,transfer_p2p,transfer_p2p,,transfer_p2p,human_reviewed,carlos,transfers,carlos
30182,Starling,starling,STARLING          STARLING          VIA MOBILE - PYMT FP 02/08/25 10    47234540078922000N,5.000000000,debit,LOAN_PAYMENTS_CREDIT_CARD_PAYMENT,LOAN_PAYMENTS_CREDIT_CARD_PAYMENT,debit,filled,2025-08-04,risk_t6bound_debit,T6_provider_crosswalk,plaid,transfer_own_account,transfer_own_account,,transfer_own_account,human_reviewed,carlos,transfers,carlos
30183,,,HSBC PLC LOANS,1992.430000000,debit,LOAN_PAYMENTS_PERSONAL_LOAN_PAYMENT,LOAN_PAYMENTS_PERSONAL_LOAN_PAYMENT,debit,blank,2025-10-20,risk_t6bound_debit,T6_provider_crosswalk,plaid,personal_loan_repayment,personal_loan_repayment,,personal_loan_repayment,human_reviewed,carlos,credit_loan_repayments,carlos
30184,,,Transfer to MBNA MASTERCARD 2025-09-28,58.830000000,debit,LOAN_PAYMENTS_CREDIT_CARD_PAYMENT,LOAN_PAYMENTS_CREDIT_CARD_PAYMENT,debit,blank,2025-09-29,risk_t6bound_debit,T6_provider_crosswalk,plaid,credit_card_repayment,credit_card_repayment,,credit_card_repayment,human_reviewed,carlos,credit_loan_repayments,carlos
30185,Piccadilly,piccadilly,SPAR PICCADILLY   MANCHESTER,6.800000000,debit,ENTERTAINMENT_CASINOS_AND_GAMBLING,ENTERTAINMENT_CASINOS_AND_GAMBLING,debit,filled,2025-08-13,risk_t6bound_debit,T6_provider_crosswalk,plaid,groceries,groceries,,groceries,human_reviewed,carlos,groceries_household_essentials,carlos
30186,,,HSBC CREDIT CARD,100.000000000,debit,LOAN_PAYMENTS_CREDIT_CARD_PAYMENT,LOAN_PAYMENTS_CREDIT_CARD_PAYMENT,debit,blank,2025-10-02,risk_t6bound_debit,T6_provider_crosswalk,plaid,credit_card_repayment,credit_card_repayment,,credit_card_repayment,human_reviewed,carlos,credit_loan_repayments,carlos
30187,,,7531 23AUG25      TEK FOX PRCHS.    DONCASTER GB      EUR          59.40VRATE       1.1533N-S TRN FEE   1.42,52.920000000,debit,BANK_FEES_OTHER_BANK_FEES,BANK_FEES_OTHER_BANK_FEES,debit,blank,2025-08-26,risk_t6bound_debit,T6_provider_crosswalk,plaid,unclassified_other,foreign_spend_unspecified,foreign_spend_unspecified,foreign_spend_unspecified,human_reviewed,carlos,travel_holidays,carlos
30188,Money,money,"MOB, Aimee, money",7.000000000,debit,LOAN_PAYMENTS_PERSONAL_LOAN_PAYMENT,LOAN_PAYMENTS_PERSONAL_LOAN_PAYMENT,debit,filled,2025-07-03,risk_t6bound_debit,T6_provider_crosswalk,plaid,transfer_p2p,transfer_p2p,,transfer_p2p,human_reviewed,carlos,transfers,carlos
30189,,,"DIRECT DEBIT PAYMENT TO FIRSTCENTRALSERV REF 56911909, MANDATE NO 0009",136.290000000,debit,LOAN_PAYMENTS_CREDIT_CARD_PAYMENT,LOAN_PAYMENTS_CREDIT_CARD_PAYMENT,debit,blank,2025-08-18,risk_t6bound_debit,T6_provider_crosswalk,plaid,insurance_motor,insurance_motor,,insurance_motor,human_reviewed,carlos,insurance,carlos
30190,,,AQUA CREDIT CARD,22.580000000,debit,LOAN_PAYMENTS_CREDIT_CARD_PAYMENT,LOAN_PAYMENTS_CREDIT_CARD_PAYMENT,debit,blank,2025-08-13,risk_t6bound_debit,T6_provider_crosswalk,plaid,credit_card_repayment,credit_card_repayment,,credit_card_repayment,human_reviewed,carlos,credit_loan_repayments,carlos
30191,,,Plus Repricing 1 plan fee,3.990000000,debit,BANK_FEES_OTHER_BANK_FEES,BANK_FEES_OTHER_BANK_FEES,debit,blank,2025-07-28,risk_t6bound_debit,T6_provider_crosswalk,plaid,account_charge,bank_charge_other,account_charge,account_charge,human_reviewed,carlos,fees_charges,carlos
30192,,,Tide fee for the transaction of £385.20 amount,0.200000000,debit,BANK_FEES_OTHER_BANK_FEES,BANK_FEES_OTHER_BANK_FEES,debit,blank,2025-09-12,risk_t6bound_debit,T6_provider_crosswalk,plaid,bank_charge_other,bank_charge_other,,bank_charge_other,human_reviewed,carlos,fees_charges,carlos
30193,,,September overdraft fees,6.210000000,debit,BANK_PENALTIES_CASH_ADVANCE_AND_OVERDRAFT_FEES,BANK_PENALTIES_CASH_ADVANCE_AND_OVERDRAFT_FEES,debit,blank,2025-10-01,risk_t6bound_debit,T6_provider_crosswalk,plaid,overdraft_arranged,overdraft_unarranged,overdraft_arranged,overdraft_arranged,human_reviewed,carlos,fees_charges,carlos
30194,The New Bramle,the new bramle,ZETTLE_*THE NEW BR,31.700000000,debit,LOAN_PAYMENTS_PERSONAL_LOAN_PAYMENT,LOAN_PAYMENTS_PERSONAL_LOAN_PAYMENT,debit,filled,2025-09-01,risk_t6bound_debit,T6_provider_crosswalk,plaid,pub_bar,pub_bar,,pub_bar,human_reviewed,carlos,eating_drinking_out,carlos
30195,,,LLOYDS BANK LOAN 100220944986,62.140000000,debit,LOAN_PAYMENTS_PERSONAL_LOAN_PAYMENT,LOAN_PAYMENTS_PERSONAL_LOAN_PAYMENT,debit,blank,2025-08-01,risk_t6bound_debit,T6_provider_crosswalk,plaid,personal_loan_repayment,personal_loan_repayment,,personal_loan_repayment,human_reviewed,carlos,credit_loan_repayments,carlos
30196,,,ACCOUNT FEE,19.000000000,debit,BANK_FEES_OTHER_BANK_FEES,BANK_FEES_OTHER_BANK_FEES,debit,blank,2025-09-01,risk_t6bound_debit,T6_provider_crosswalk,plaid,account_charge,account_charge,,account_charge,human_reviewed,carlos,fees_charges,carlos
30197,,,LLOYDS BANK LOAN 100217081769,271.040000000,debit,LOAN_PAYMENTS_PERSONAL_LOAN_PAYMENT,LOAN_PAYMENTS_PERSONAL_LOAN_PAYMENT,debit,blank,2025-08-22,risk_t6bound_debit,T6_provider_crosswalk,plaid,personal_loan_repayment,personal_loan_repayment,,personal_loan_repayment,human_reviewed,carlos,credit_loan_repayments,carlos
30198,,,MICHAEL HARRINGTON / ref: Loan repayment ,386.940000000,debit,LOAN_PAYMENTS_PERSONAL_LOAN_PAYMENT,LOAN_PAYMENTS_PERSONAL_LOAN_PAYMENT,debit,blank,2025-08-12,risk_t6bound_debit,T6_provider_crosswalk,plaid,loan_repayment_manual,loan_repayment_manual,,loan_repayment_manual,human_reviewed,carlos,credit_loan_repayments,carlos
30199,,,888 Casino,20.000000000,debit,ENTERTAINMENT_CASINOS_AND_GAMBLING,ENTERTAINMENT_CASINOS_AND_GAMBLING,debit,blank,2025-10-17,risk_t6bound_debit,T6_provider_crosswalk,plaid,gambling_casino,gambling_casino,,gambling_casino,human_reviewed,carlos,gambling,carlos
30200,,,7475 30JUL25      BARTV SPORTS      HAMILTON NORT AU  AUD          19.95VRATE       2.0440N-S TRN FEE   0.27,10.030000000,debit,BANK_FEES_OTHER_BANK_FEES,BANK_FEES_OTHER_BANK_FEES,debit,blank,2025-07-31,risk_t6bound_debit,T6_provider_crosswalk,plaid,streaming,foreign_spend_unspecified,foreign_spend_unspecified,foreign_spend_unspecified,human_reviewed,carlos,travel_holidays,carlos
30201,,,HSBC CREDIT CARD,54.310000000,debit,LOAN_PAYMENTS_CREDIT_CARD_PAYMENT,LOAN_PAYMENTS_CREDIT_CARD_PAYMENT,debit,blank,2025-07-10,risk_t6bound_debit,T6_provider_crosswalk,plaid,credit_card_repayment,credit_card_repayment,,credit_card_repayment,human_reviewed,carlos,credit_loan_repayments,carlos
30202,,,To Capify - YQSHGYF,280.660000000,debit,LOAN_PAYMENTS_PERSONAL_LOAN_PAYMENT,LOAN_PAYMENTS_PERSONAL_LOAN_PAYMENT,debit,blank,2025-07-28,risk_t6bound_debit,T6_provider_crosswalk,plaid,business_loan_repayment,business_loan_repayment,,business_loan_repayment,human_reviewed,carlos,business_self_employment,carlos
30203,,,AQUA CREDIT CARD XXXXXXXXXXXX5153,146.870000000,debit,LOAN_PAYMENTS_CREDIT_CARD_PAYMENT,LOAN_PAYMENTS_CREDIT_CARD_PAYMENT,debit,blank,2025-10-10,risk_t6bound_debit,T6_provider_crosswalk,plaid,credit_card_repayment,credit_card_repayment,,credit_card_repayment,human_reviewed,carlos,credit_loan_repayments,carlos
30204,,,"DIRECT DEBIT PAYMENT TO VIDA HOMELOANS REF VHF10000/822078200, MANDATE NO 0003",1003.370000000,debit,LOAN_PAYMENTS_PERSONAL_LOAN_PAYMENT,LOAN_PAYMENTS_PERSONAL_LOAN_PAYMENT,debit,blank,2025-08-26,risk_t6bound_debit,T6_provider_crosswalk,plaid,mortgage,mortgage,,mortgage,human_reviewed,carlos,housing,carlos
30205,Eggwala,eggwala,Eggwala  ON 13 AUG CPM EGGWALA,1.000000000,debit,LOAN_PAYMENTS_PERSONAL_LOAN_PAYMENT,LOAN_PAYMENTS_PERSONAL_LOAN_PAYMENT,debit,filled,2025-08-14,risk_t6bound_debit,T6_provider_crosswalk,plaid,restaurant_cafe,restaurant_cafe,,restaurant_cafe,human_reviewed,carlos,eating_drinking_out,carlos
30206,,,LLOYDS BANK PLATIN 600000001585983423,112.430000000,debit,LOAN_PAYMENTS_CREDIT_CARD_PAYMENT,LOAN_PAYMENTS_CREDIT_CARD_PAYMENT,debit,blank,2025-06-30,risk_t6bound_debit,T6_provider_crosswalk,plaid,credit_card_repayment,credit_card_repayment,,credit_card_repayment,human_reviewed,carlos,credit_loan_repayments,carlos
30207,,,LLOYDS BANK PLATIN 300000001615145045,1.650000000,debit,LOAN_PAYMENTS_CREDIT_CARD_PAYMENT,LOAN_PAYMENTS_CREDIT_CARD_PAYMENT,debit,blank,2025-08-14,risk_t6bound_debit,T6_provider_crosswalk,plaid,credit_card_repayment,credit_card_repayment,,credit_card_repayment,human_reviewed,carlos,credit_loan_repayments,carlos
30208,,,Playnation Gbp Change,10.000000000,debit,ENTERTAINMENT_CASINOS_AND_GAMBLING,ENTERTAINMENT_CASINOS_AND_GAMBLING,debit,blank,2025-10-16,risk_t6bound_debit,T6_provider_crosswalk,plaid,entertainment_other,gambling_unspecified,gambling_unspecified,gambling_unspecified,human_reviewed,carlos,gambling,carlos
30209,,,8533 12AUG25      PAYPAL *PYPL      PAYIN3            8003587911 GB,14.000000000,debit,LOAN_PAYMENTS_PERSONAL_LOAN_PAYMENT,LOAN_PAYMENTS_PERSONAL_LOAN_PAYMENT,debit,blank,2025-08-13,risk_t6bound_debit,T6_provider_crosswalk,plaid,bnpl,bnpl,,bnpl,human_reviewed,carlos,credit_loan_repayments,carlos
30210,,,UNPAID TRANSAC FEE15JUL A/C 32464886,1.550000000,debit,BANK_FEES_OTHER_BANK_FEES,BANK_FEES_OTHER_BANK_FEES,debit,blank,2025-08-05,risk_t6bound_debit,T6_provider_crosswalk,plaid,bank_charge_other,bank_charge_other,,returned_payment,human_reviewed,carlos,fees_charges,carlos
30211,,,Blue Rewards Fee CB  Blue Rewards Fee CB ,5.000000000,debit,BANK_FEES_OTHER_BANK_FEES,BANK_FEES_OTHER_BANK_FEES,debit,blank,2025-09-02,risk_t6bound_debit,T6_provider_crosswalk,plaid,account_charge,account_charge,,account_charge,human_reviewed,carlos,fees_charges,carlos
30212,Onmo LTD,onmo ltd,ONMO LTD,25.000000000,debit,LOAN_PAYMENTS_CREDIT_CARD_PAYMENT,LOAN_PAYMENTS_CREDIT_CARD_PAYMENT,debit,filled,2025-08-15,risk_t6bound_debit,T6_provider_crosswalk,plaid,credit_card_repayment,credit_card_repayment,,credit_card_repayment,human_reviewed,carlos,credit_loan_repayments,carlos
30213,,,AMERICAN EXP 3773  PB261050273461383 FT,15.000000000,debit,LOAN_PAYMENTS_CREDIT_CARD_PAYMENT,LOAN_PAYMENTS_CREDIT_CARD_PAYMENT,debit,blank,2025-09-20,risk_t6bound_debit,T6_provider_crosswalk,plaid,credit_card_repayment,credit_card_repayment,,credit_card_repayment,human_reviewed,carlos,credit_loan_repayments,carlos
30214,,,THIRD PARTY PAYMENT MADE VIA FASTER PAYMENT TO KELLY HENRY REFERENCE MONZO-PVDKB SANTANDER REFERENCE 0000AVP38H2VOTELXZ3YG1,10.000000000,debit,LOAN_PAYMENTS_CREDIT_CARD_PAYMENT,LOAN_PAYMENTS_CREDIT_CARD_PAYMENT,debit,blank,2025-07-05,risk_t6bound_debit,T6_provider_crosswalk,plaid,transfer_p2p,transfer_p2p,,transfer_p2p,human_reviewed,carlos,transfers,carlos
30215,,,LOTTOMART CD 9926,100.000000000,debit,ENTERTAINMENT_CASINOS_AND_GAMBLING,ENTERTAINMENT_CASINOS_AND_GAMBLING,debit,blank,2025-06-24,risk_t6bound_debit,T6_provider_crosswalk,plaid,gambling_lottery,gambling_lottery,,gambling_lottery,human_reviewed,carlos,gambling,carlos
30216,Dave S Valley,dave s valley,ZETTLE_*DAVE S VAL  ON 01 OCT CPM ZETTLE_*DAVE S VALLEY,2.000000000,debit,LOAN_PAYMENTS_PERSONAL_LOAN_PAYMENT,LOAN_PAYMENTS_PERSONAL_LOAN_PAYMENT,debit,filled,2025-10-02,risk_t6bound_debit,T6_provider_crosswalk,plaid,unclassified_other,restaurant_cafe,retail_small_independent,retail_small_independent,agent_review,agent_review: Zettle small trader,general_retail_marketplaces,
30217,,,7488 21AUG25      MOL*FIVEMODS      37251925920 EE    USD          11.99VRATE       1.3441N-S TRN FEE   0.25,9.170000000,debit,BANK_FEES_OTHER_BANK_FEES,BANK_FEES_OTHER_BANK_FEES,debit,blank,2025-08-22,risk_t6bound_debit,T6_provider_crosswalk,plaid,gaming_online,gaming_online,,gaming_online,human_reviewed,carlos,entertainment_leisure,carlos
30218,,,HSBC LIFE  UK  LTD 820240/HS/001,9.830000000,debit,LOAN_PAYMENTS_CREDIT_CARD_PAYMENT,LOAN_PAYMENTS_CREDIT_CARD_PAYMENT,debit,blank,2025-08-07,risk_t6bound_debit,T6_provider_crosswalk,plaid,insurance_life,insurance_life,,insurance_life,human_reviewed,carlos,insurance,carlos
30219,,,HALIFAX CLARITY MA 600000001586268140,31.550000000,debit,LOAN_PAYMENTS_CREDIT_CARD_PAYMENT,LOAN_PAYMENTS_CREDIT_CARD_PAYMENT,debit,blank,2025-06-30,risk_t6bound_debit,T6_provider_crosswalk,plaid,credit_card_repayment,credit_card_repayment,,credit_card_repayment,human_reviewed,carlos,credit_loan_repayments,carlos
30220,,,Blue Rewards Fee CB  Blue Rewards Fee CB ,5.000000000,debit,BANK_FEES_OTHER_BANK_FEES,BANK_FEES_OTHER_BANK_FEES,debit,blank,2025-09-02,risk_t6bound_debit,T6_provider_crosswalk,plaid,account_charge,account_charge,,account_charge,human_reviewed,carlos,fees_charges,carlos
30221,,,9288 29AUG25      BODEGON DE LUAN   PUERTO DEL CA ES  EUR          48.80VRATE       1.1525N-S TRN FEE   1.16,43.500000000,debit,BANK_FEES_OTHER_BANK_FEES,BANK_FEES_OTHER_BANK_FEES,debit,blank,2025-09-01,risk_t6bound_debit,T6_provider_crosswalk,plaid,foreign_spend_unspecified,foreign_spend_unspecified,,foreign_spend_unspecified,human_reviewed,carlos,travel_holidays,carlos
30222,Mulberry,mulberry,Mulberry,6.000000000,debit,ENTERTAINMENT_CASINOS_AND_GAMBLING,ENTERTAINMENT_CASINOS_AND_GAMBLING,debit,filled,2025-10-06,risk_t6bound_debit,T6_provider_crosswalk,plaid,unclassified_other,gambling_unspecified,unclassified_other,unclassified_other,human_reviewed,carlos,unclassified,carlos
30223,,,Direct debit NW MASTERCARD 605050 84114967,200.000000000,debit,LOAN_PAYMENTS_CREDIT_CARD_PAYMENT,LOAN_PAYMENTS_CREDIT_CARD_PAYMENT,debit,blank,2025-09-01,risk_t6bound_debit,T6_provider_crosswalk,plaid,credit_card_repayment,credit_card_repayment,,credit_card_repayment,human_reviewed,carlos,credit_loan_repayments,carlos
30224,Vanline Rec,vanline rec,VANLINE REC  ON 04 OCT BCC,12.630000000,debit,LOAN_PAYMENTS_CREDIT_CARD_PAYMENT,LOAN_PAYMENTS_CREDIT_CARD_PAYMENT,debit,filled,2025-10-05,risk_t6bound_debit,T6_provider_crosswalk,plaid,unclassified_other,unclassified_other,,unclassified_other,human_reviewed,carlos,unclassified,carlos
30225,Starling,starling,STARLING          STARLING          VIA MOBILE - PYMT FP 06/07/25 10    34151456804237000N,5.000000000,debit,LOAN_PAYMENTS_CREDIT_CARD_PAYMENT,LOAN_PAYMENTS_CREDIT_CARD_PAYMENT,debit,filled,2025-07-07,risk_t6bound_debit,T6_provider_crosswalk,plaid,transfer_own_account,transfer_own_account,,transfer_own_account,human_reviewed,carlos,transfers,carlos
30226,,,LOQBOX,2.500000000,debit,LOAN_PAYMENTS_CREDIT_CARD_PAYMENT,LOAN_PAYMENTS_CREDIT_CARD_PAYMENT,debit,blank,2025-10-01,risk_t6bound_debit,T6_provider_crosswalk,plaid,savings_transfer,savings_transfer,,savings_transfer,human_reviewed,carlos,savings_investments,carlos
30227,Avant,avant,HAVANT BOROUGH COU,1.200000000,debit,LOAN_PAYMENTS_PERSONAL_LOAN_PAYMENT,LOAN_PAYMENTS_PERSONAL_LOAN_PAYMENT,debit,filled,2025-09-12,risk_t6bound_debit,T6_provider_crosswalk,plaid,government_services,council_tax,government_services,council_tax,human_reviewed,carlos,council_tax_government,carlos
30228,Vms Coventry,vms coventry,Vms Coventry Online,8.000000000,debit,ENTERTAINMENT_CASINOS_AND_GAMBLING,ENTERTAINMENT_CASINOS_AND_GAMBLING,debit,filled,2025-07-30,risk_t6bound_debit,T6_provider_crosswalk,plaid,unclassified_other,gambling_unspecified,unclassified_other,gambling_unspecified,human_reviewed,carlos,gambling,carlos
30229,,,AMERICAN EXP 3773 PB3175******01117,100.000000000,debit,LOAN_PAYMENTS_CREDIT_CARD_PAYMENT,LOAN_PAYMENTS_CREDIT_CARD_PAYMENT,debit,blank,2025-08-27,risk_t6bound_debit,T6_provider_crosswalk,plaid,credit_card_repayment,credit_card_repayment,,credit_card_repayment,human_reviewed,carlos,credit_loan_repayments,carlos
30230,Ben Adams,ben adams,Payment to BEN ADAMS 404761 54730844,10.000000000,debit,LOAN_PAYMENTS_PERSONAL_LOAN_PAYMENT,LOAN_PAYMENTS_PERSONAL_LOAN_PAYMENT,debit,filled,2025-08-06,risk_t6bound_debit,T6_provider_crosswalk,plaid,transfer_p2p,transfer_p2p,,transfer_p2p,human_reviewed,carlos,transfers,carlos
30231,,,"DIRECT DEBIT PAYMENT TO ACIUKLTD REF V4AP3BN, MANDATE NO 0134",14.750000000,debit,LOAN_PAYMENTS_CREDIT_CARD_PAYMENT,LOAN_PAYMENTS_CREDIT_CARD_PAYMENT,debit,blank,2025-08-18,risk_t6bound_debit,T6_provider_crosswalk,plaid,debt_collection,unclassified_other,unclassified_recurring,debt_collection,human_reviewed,carlos,high_cost_distress_credit,carlos
30232,Mulberry,mulberry,Mulberry,2.450000000,debit,ENTERTAINMENT_CASINOS_AND_GAMBLING,ENTERTAINMENT_CASINOS_AND_GAMBLING,debit,filled,2025-09-22,risk_t6bound_debit,T6_provider_crosswalk,plaid,unclassified_other,gambling_unspecified,unclassified_card_spend,unclassified_other,human_reviewed,carlos,unclassified,carlos
30233,Fhs.grant.uk,fhs.grant.uk,FHS.GRANT.UK  ON 06 AUG BCC,20.000000000,debit,LOAN_PAYMENTS_PERSONAL_LOAN_PAYMENT,LOAN_PAYMENTS_PERSONAL_LOAN_PAYMENT,debit,filled,2025-08-07,risk_t6bound_debit,T6_provider_crosswalk,plaid,unclassified_other,personal_loan_repayment,unclassified_other,unclassified_other,human_reviewed,carlos,unclassified,carlos
30234,,,CARD PAYMENT TO WWW.FAIRFORYOU.CO.UK ON 04-07-2025,84.360000000,debit,LOAN_PAYMENTS_CREDIT_CARD_PAYMENT,LOAN_PAYMENTS_CREDIT_CARD_PAYMENT,debit,blank,2025-07-07,risk_t6bound_debit,T6_provider_crosswalk,plaid,retail_finance_repayment,retail_finance_repayment,,retail_finance_repayment,human_reviewed,carlos,credit_loan_repayments,carlos
30235,,,8738 22JUL25      SIBYL TAROT       WASHINGTON US     USD          19.00VRATE       1.3389N-S TRN FEE   0.39,14.580000000,debit,ENTERTAINMENT_CASINOS_AND_GAMBLING,ENTERTAINMENT_CASINOS_AND_GAMBLING,debit,blank,2025-07-23,risk_t6bound_debit,T6_provider_crosswalk,plaid,online_services,gambling_unspecified,online_services,online_services,human_reviewed,carlos,digital_subscriptions_services,carlos
30236,,,AQUA CREDIT CARD  XXXXXXXXXXXX6448 DDR Aqua,493.590000000,debit,LOAN_PAYMENTS_CREDIT_CARD_PAYMENT,LOAN_PAYMENTS_CREDIT_CARD_PAYMENT,debit,blank,2025-06-19,risk_t6bound_debit,T6_provider_crosswalk,plaid,credit_card_repayment,credit_card_repayment,,credit_card_repayment,human_reviewed,carlos,credit_loan_repayments,carlos
30237,,,CARD PAYMENT TO LOTTOMART ON 06-08-2025,20.000000000,debit,ENTERTAINMENT_CASINOS_AND_GAMBLING,ENTERTAINMENT_CASINOS_AND_GAMBLING,debit,blank,2025-08-07,risk_t6bound_debit,T6_provider_crosswalk,plaid,gambling_casino,gambling_lottery,gambling_casino,gambling_lottery,human_reviewed,carlos,gambling,carlos
30238,Priority,priority,PRIORITYBILL.COM,1.000000000,debit,LOAN_PAYMENTS_PERSONAL_LOAN_PAYMENT,LOAN_PAYMENTS_PERSONAL_LOAN_PAYMENT,debit,filled,2025-08-18,risk_t6bound_debit,T6_provider_crosswalk,plaid,unclassified_other,personal_loan_repayment,unclassified_other,unclassified_other,human_reviewed,carlos,unclassified,carlos
30239,💰 Pocket Money,💰 pocket money,💰 Pocket money,10.000000000,debit,LOAN_PAYMENTS_CREDIT_CARD_PAYMENT,LOAN_PAYMENTS_CREDIT_CARD_PAYMENT,debit,filled,2025-09-16,risk_t6bound_debit,T6_provider_crosswalk,plaid,transfer_p2p,transfer_p2p,,transfer_p2p,human_reviewed,carlos,transfers,carlos
30240,,,Plus Repricing 1 plan fee,3.990000000,debit,BANK_FEES_OTHER_BANK_FEES,BANK_FEES_OTHER_BANK_FEES,debit,blank,2025-07-13,risk_t6bound_debit,T6_provider_crosswalk,plaid,account_charge,bank_charge_other,account_charge,account_charge,human_reviewed,carlos,fees_charges,carlos
30241,,,ROYAL BANK OF SCOT 600000001615663296,500.000000000,debit,LOAN_PAYMENTS_CREDIT_CARD_PAYMENT,LOAN_PAYMENTS_CREDIT_CARD_PAYMENT,debit,blank,2025-08-22,risk_t6bound_debit,T6_provider_crosswalk,plaid,credit_card_repayment,credit_card_repayment,,credit_card_repayment,human_reviewed,carlos,credit_loan_repayments,carlos
30242,,,THIRD PARTY PAYMENT MADE VIA FASTER PAYMENT TO ZABLE CARD REFERENCE ZABLE SANTANDER REFERENCE SWK5HHB9CYN5EIB9HN,6.000000000,debit,LOAN_PAYMENTS_CREDIT_CARD_PAYMENT,LOAN_PAYMENTS_CREDIT_CARD_PAYMENT,debit,blank,2025-07-29,risk_t6bound_debit,T6_provider_crosswalk,plaid,credit_card_repayment,credit_card_repayment,,credit_card_repayment,human_reviewed,carlos,credit_loan_repayments,carlos
30243,,,THIRD PARTY PAYMENT MADE VIA FASTER PAYMENT TO TRANSFEROP PAYMENT GATEWAY LTD REFERENCE 9939B0A6452B56 SANTANDER REFERENCE 4D626BFA1F01BCC93665B2546A0B939,625.000000000,debit,LOAN_PAYMENTS_CREDIT_CARD_PAYMENT,LOAN_PAYMENTS_CREDIT_CARD_PAYMENT,debit,blank,2025-08-01,risk_t6bound_debit,T6_provider_crosswalk,plaid,payment_intermediary,payment_intermediary,,payment_intermediary,human_reviewed,carlos,general_retail_marketplaces,carlos
30244,Plata,plata,WWW.PLATA.COM         Plata,108.040000000,debit,LOAN_PAYMENTS_PERSONAL_LOAN_PAYMENT,LOAN_PAYMENTS_PERSONAL_LOAN_PAYMENT,debit,filled,2025-08-05,risk_t6bound_debit,T6_provider_crosswalk,plaid,personal_loan_repayment,personal_loan_repayment,,personal_loan_repayment,human_reviewed,carlos,credit_loan_repayments,carlos
30245,Lexington Cate,lexington cate,ZETTLE_*LEXINGTON,1.800000000,debit,LOAN_PAYMENTS_PERSONAL_LOAN_PAYMENT,LOAN_PAYMENTS_PERSONAL_LOAN_PAYMENT,debit,filled,2025-08-08,risk_t6bound_debit,T6_provider_crosswalk,plaid,catering,restaurant_cafe,restaurant_cafe,restaurant_cafe,human_reviewed,carlos,eating_drinking_out,carlos
30246,,,EDEN              NATWEST           VIA MOBILE - PYMT,20.000000000,debit,LOAN_PAYMENTS_CREDIT_CARD_PAYMENT,LOAN_PAYMENTS_CREDIT_CARD_PAYMENT,debit,blank,2025-08-15,risk_t6bound_debit,T6_provider_crosswalk,plaid,transfer_p2p,transfer_p2p,,transfer_p2p,human_reviewed,carlos,transfers,carlos
30247,,,1801 06SEP25 CD   MCDONALDSHURGHADA1HURGHADA -25B EG  EGP         960.00VRATE      65.0406N-S TRN FEE   0.41,15.170000000,debit,BANK_FEES_OTHER_BANK_FEES,BANK_FEES_OTHER_BANK_FEES,debit,blank,2025-09-08,risk_t6bound_debit,T6_provider_crosswalk,plaid,takeaway,foreign_spend_unspecified,foreign_spend_unspecified,foreign_spend_unspecified,human_reviewed,carlos,travel_holidays,carlos
30248,Starling,starling,STARLING          STARLING          VIA MOBILE - PYMT FP 14/07/25 10    31000040839852000N,26.000000000,debit,LOAN_PAYMENTS_CREDIT_CARD_PAYMENT,LOAN_PAYMENTS_CREDIT_CARD_PAYMENT,debit,filled,2025-07-14,risk_t6bound_debit,T6_provider_crosswalk,plaid,transfer_own_account,transfer_own_account,,transfer_own_account,human_reviewed,carlos,transfers,carlos
30249,,,2901 12JUN25      WWW.VANQUIS.CO.UK 02036203142 GB,23.370000000,debit,LOAN_PAYMENTS_PERSONAL_LOAN_PAYMENT,LOAN_PAYMENTS_PERSONAL_LOAN_PAYMENT,debit,blank,2025-06-13,risk_t6bound_debit,T6_provider_crosswalk,plaid,credit_card_repayment,credit_card_repayment,,credit_card_repayment,human_reviewed,carlos,credit_loan_repayments,carlos
30250,Sunderland,sunderland,Omniplex Sunderland,23.850000000,debit,ENTERTAINMENT_CASINOS_AND_GAMBLING,ENTERTAINMENT_CASINOS_AND_GAMBLING,debit,filled,2025-07-31,risk_t6bound_debit,T6_provider_crosswalk,plaid,cinema,cinema,,cinema,human_reviewed,carlos,entertainment_leisure,carlos
30251,Melissa,melissa,Melissa Ryan Repayment,300.000000000,debit,LOAN_PAYMENTS_CREDIT_CARD_PAYMENT,LOAN_PAYMENTS_CREDIT_CARD_PAYMENT,debit,filled,2025-09-01,risk_t6bound_debit,T6_provider_crosswalk,plaid,loan_repayment_manual,transfer_p2p,transfer_p2p,loan_repayment_manual,human_reviewed,carlos,credit_loan_repayments,carlos
30252,,,CARD PAYMENT TO QUOTIENTAPP.COM ON 07-09-2025,37.000000000,debit,LOAN_PAYMENTS_PERSONAL_LOAN_PAYMENT,LOAN_PAYMENTS_PERSONAL_LOAN_PAYMENT,debit,blank,2025-09-07,risk_t6bound_debit,T6_provider_crosswalk,plaid,software,money_management_service,software,software,human_reviewed,carlos,digital_subscriptions_services,carlos
30253,,,8410 25AUG25      PAYPAL *PYPL      PAYIN3            8003587911 GB,11.670000000,debit,LOAN_PAYMENTS_PERSONAL_LOAN_PAYMENT,LOAN_PAYMENTS_PERSONAL_LOAN_PAYMENT,debit,blank,2025-08-28,risk_t6bound_debit,T6_provider_crosswalk,plaid,bnpl,bnpl,,bnpl,human_reviewed,carlos,credit_loan_repayments,carlos
30254,,,CHARGES COMMISSION FOR PERIOD 14JUL/12AUG **********************,23.080000000,debit,BANK_FEES_OTHER_BANK_FEES,BANK_FEES_OTHER_BANK_FEES,debit,blank,2025-09-05,risk_t6bound_debit,T6_provider_crosswalk,plaid,bank_charge_other,bank_charge_other,,bank_charge_other,human_reviewed,carlos,fees_charges,carlos
30255,,,BRKDOWN PCK FEE  Ref 3202718341 PDP,9.000000000,debit,BANK_FEES_OTHER_BANK_FEES,BANK_FEES_OTHER_BANK_FEES,debit,blank,2025-07-01,risk_t6bound_debit,T6_provider_crosswalk,plaid,breakdown_cover,breakdown_cover,,breakdown_cover,human_reviewed,carlos,transport_motoring,carlos
30256,,,NOVUNA PERSONAL FI                    REFERENCE: 033712886/29,63.030000000,debit,LOAN_PAYMENTS_PERSONAL_LOAN_PAYMENT,LOAN_PAYMENTS_PERSONAL_LOAN_PAYMENT,debit,blank,2025-08-08,risk_t6bound_debit,T6_provider_crosswalk,plaid,personal_loan_repayment,personal_loan_repayment,,personal_loan_repayment,human_reviewed,carlos,credit_loan_repayments,carlos
30257,,,Account - PB607002299166343 AMERICAN EXP 3773 - SortCodeAccountNumber: 30000000200476,4500.000000000,debit,LOAN_PAYMENTS_CREDIT_CARD_PAYMENT,LOAN_PAYMENTS_CREDIT_CARD_PAYMENT,debit,blank,2025-06-03,risk_t6bound_debit,T6_provider_crosswalk,plaid,credit_card_repayment,credit_card_repayment,,credit_card_repayment,human_reviewed,carlos,credit_loan_repayments,carlos
30258,,,CARD PAYMENT TO PREMIER ASHWORTH LANE ON 08-08-2025,14.940000000,debit,LOAN_PAYMENTS_CREDIT_CARD_PAYMENT,LOAN_PAYMENTS_CREDIT_CARD_PAYMENT,debit,blank,2025-08-09,risk_t6bound_debit,T6_provider_crosswalk,plaid,groceries,convenience_store,groceries,convenience_store,human_reviewed,carlos,groceries_household_essentials,carlos
30259,,,MONEY TO HMPPS  ON 18 JUL BCC,40.000000000,debit,LOAN_PAYMENTS_CREDIT_CARD_PAYMENT,LOAN_PAYMENTS_CREDIT_CARD_PAYMENT,debit,blank,2025-07-19,risk_t6bound_debit,T6_provider_crosswalk,plaid,government_services,unclassified_other,government_services,government_services,human_reviewed,carlos,council_tax_government,carlos
30260,Fabgizmo,fabgizmo,Fabgizmo Personal Funding,10.000000000,debit,LOAN_PAYMENTS_PERSONAL_LOAN_PAYMENT,LOAN_PAYMENTS_PERSONAL_LOAN_PAYMENT,debit,filled,2025-06-22,risk_t6bound_debit,T6_provider_crosswalk,plaid,personal_loan_repayment,payday_loan,unclassified_other,unclassified_other,human_reviewed,carlos,unclassified,carlos
30261,L D,l d,L D C COLLECTION F 20001414984,131.000000000,debit,LOAN_PAYMENTS_PERSONAL_LOAN_PAYMENT,LOAN_PAYMENTS_PERSONAL_LOAN_PAYMENT,debit,filled,2025-09-01,risk_t6bound_debit,T6_provider_crosswalk,plaid,debt_collection,debt_collection,,debt_collection,human_reviewed,carlos,high_cost_distress_credit,carlos
30262,,,THIRD PARTY PAYMENT MADE VIA FASTER PAYMENT TO CRAIG HANLEY JOESPH GEBHARDT REFERENCE PLUM SANTANDER REFERENCE YNZS7MP6QUW6WZ5I0S,39.840000000,debit,LOAN_PAYMENTS_CREDIT_CARD_PAYMENT,LOAN_PAYMENTS_CREDIT_CARD_PAYMENT,debit,blank,2025-08-06,risk_t6bound_debit,T6_provider_crosswalk,plaid,savings_transfer,savings_transfer,,savings_transfer,human_reviewed,carlos,savings_investments,carlos
30263,,,Account - PB935269824998746 AMERICAN EXP 3773 - SortCodeAccountNumber: 30000000200476,1200.000000000,debit,LOAN_PAYMENTS_CREDIT_CARD_PAYMENT,LOAN_PAYMENTS_CREDIT_CARD_PAYMENT,debit,blank,2025-08-06,risk_t6bound_debit,T6_provider_crosswalk,plaid,credit_card_repayment,credit_card_repayment,,credit_card_repayment,human_reviewed,carlos,credit_loan_repayments,carlos
30264,,,"DIRECT DEBIT PAYMENT TO CREATION.CO.UK REF ZK539373/R406446, MANDATE NO 0093",28.680000000,debit,LOAN_PAYMENTS_CREDIT_CARD_PAYMENT,LOAN_PAYMENTS_CREDIT_CARD_PAYMENT,debit,blank,2025-08-01,risk_t6bound_debit,T6_provider_crosswalk,plaid,retail_finance_repayment,retail_finance_repayment,,retail_finance_repayment,human_reviewed,carlos,credit_loan_repayments,carlos
30265,,,LLOYDS BANK PLATIN 300000001626157001,40.000000000,debit,LOAN_PAYMENTS_CREDIT_CARD_PAYMENT,LOAN_PAYMENTS_CREDIT_CARD_PAYMENT,debit,blank,2025-09-02,risk_t6bound_debit,T6_provider_crosswalk,plaid,credit_card_repayment,credit_card_repayment,,credit_card_repayment,human_reviewed,carlos,credit_loan_repayments,carlos
30266,,,SEQUENCE UK LTD  40JUNIPERCRESCENT FT,895.000000000,debit,BANK_FEES_OTHER_BANK_FEES,BANK_FEES_OTHER_BANK_FEES,debit,blank,2025-08-08,risk_t6bound_debit,T6_provider_crosswalk,plaid,rent,unclassified_other,unclassified_other,unclassified_other,human_reviewed,carlos,unclassified,carlos
30267,,,SCOTWEST CREDIT UN,250.000000000,debit,LOAN_PAYMENTS_CREDIT_CARD_PAYMENT,LOAN_PAYMENTS_CREDIT_CARD_PAYMENT,debit,blank,2025-08-11,risk_t6bound_debit,T6_provider_crosswalk,plaid,credit_union_repayment,credit_union_repayment,,credit_union_repayment,human_reviewed,carlos,credit_loan_repayments,carlos
30268,,,LOQBOX MEMBERSHIP CD 9111,2.990000000,debit,LOAN_PAYMENTS_CREDIT_CARD_PAYMENT,LOAN_PAYMENTS_CREDIT_CARD_PAYMENT,debit,blank,2025-07-30,risk_t6bound_debit,T6_provider_crosswalk,plaid,credit_reporting_service,savings_transfer,savings_transfer,credit_reporting_service,human_reviewed,carlos,high_cost_distress_credit,carlos
30269,,,HSBC BNK VSA454638454638******4482,377.000000000,debit,LOAN_PAYMENTS_CREDIT_CARD_PAYMENT,LOAN_PAYMENTS_CREDIT_CARD_PAYMENT,debit,blank,2025-08-14,risk_t6bound_debit,T6_provider_crosswalk,plaid,credit_card_repayment,credit_card_repayment,,credit_card_repayment,human_reviewed,carlos,credit_loan_repayments,carlos
30270,,,Tide fee for the transaction of £160.80 amount,0.200000000,debit,BANK_FEES_OTHER_BANK_FEES,BANK_FEES_OTHER_BANK_FEES,debit,blank,2025-09-12,risk_t6bound_debit,T6_provider_crosswalk,plaid,bank_charge_other,account_charge,account_charge,account_charge,human_reviewed,carlos,fees_charges,carlos
30271,,,MAINTAINING THE ACCOUNT - MONTHLY FEE,4.000000000,debit,BANK_FEES_OTHER_BANK_FEES,BANK_FEES_OTHER_BANK_FEES,debit,blank,2025-07-13,risk_t6bound_debit,T6_provider_crosswalk,plaid,account_charge,account_charge,,account_charge,human_reviewed,carlos,fees_charges,carlos
30272,Brighton Kiosks,brighton kiosks,Zettle_*Brighton k,20.000000000,debit,LOAN_PAYMENTS_PERSONAL_LOAN_PAYMENT,LOAN_PAYMENTS_PERSONAL_LOAN_PAYMENT,debit,filled,2025-09-29,risk_t6bound_debit,T6_provider_crosswalk,plaid,retail_small_independent,unclassified_other,retail_small_independent,retail_small_independent,human_reviewed,carlos,general_retail_marketplaces,carlos
30273,,,HALIFAX MASTERCARD 300000001618665577,12.000000000,debit,LOAN_PAYMENTS_CREDIT_CARD_PAYMENT,LOAN_PAYMENTS_CREDIT_CARD_PAYMENT,debit,blank,2025-08-21,risk_t6bound_debit,T6_provider_crosswalk,plaid,credit_card_repayment,credit_card_repayment,,credit_card_repayment,human_reviewed,carlos,credit_loan_repayments,carlos
30274,,,Transfer to Zable Card,5.000000000,debit,LOAN_PAYMENTS_CREDIT_CARD_PAYMENT,LOAN_PAYMENTS_CREDIT_CARD_PAYMENT,debit,blank,2025-08-21,risk_t6bound_debit,T6_provider_crosswalk,plaid,credit_card_repayment,credit_card_repayment,,credit_card_repayment,human_reviewed,carlos,credit_loan_repayments,carlos
30275,Plata,plata,WWW.PLATA.COM,103.130000000,debit,LOAN_PAYMENTS_PERSONAL_LOAN_PAYMENT,LOAN_PAYMENTS_PERSONAL_LOAN_PAYMENT,debit,filled,2025-08-04,risk_t6bound_debit,T6_provider_crosswalk,plaid,personal_loan_repayment,payday_loan,unclassified_other,credit_card_repayment,agent_review,agent_review: Plata credit card,credit_loan_repayments,
30276,Ee Finance Glow,ee finance glow,EE FINANCE GLOW,29.140000000,debit,LOAN_PAYMENTS_PERSONAL_LOAN_PAYMENT,LOAN_PAYMENTS_PERSONAL_LOAN_PAYMENT,debit,filled,2025-07-24,risk_t6bound_debit,T6_provider_crosswalk,plaid,retail_finance_repayment,retail_finance_repayment,,retail_finance_repayment,human_reviewed,carlos,credit_loan_repayments,carlos
30277,,,LLOYDS BANK LOAN 100218896611,540.200000000,debit,LOAN_PAYMENTS_PERSONAL_LOAN_PAYMENT,LOAN_PAYMENTS_PERSONAL_LOAN_PAYMENT,debit,blank,2025-07-04,risk_t6bound_debit,T6_provider_crosswalk,plaid,personal_loan_repayment,personal_loan_repayment,,personal_loan_repayment,human_reviewed,carlos,credit_loan_repayments,carlos
30278,P G Home Security,p g home security,loan p g home security,26.000000000,debit,LOAN_PAYMENTS_PERSONAL_LOAN_PAYMENT,LOAN_PAYMENTS_PERSONAL_LOAN_PAYMENT,debit,filled,2025-06-24,risk_t6bound_debit,T6_provider_crosswalk,plaid,loan_repayment_manual,loan_repayment_manual,,loan_repayment_manual,human_reviewed,carlos,credit_loan_repayments,carlos
30279,,,SOUTH BANK SERVICE,75.040000000,debit,LOAN_PAYMENTS_CREDIT_CARD_PAYMENT,LOAN_PAYMENTS_CREDIT_CARD_PAYMENT,debit,blank,2025-08-12,risk_t6bound_debit,T6_provider_crosswalk,plaid,unclassified_other,unclassified_other,,unclassified_other,human_reviewed,carlos,unclassified,carlos
30280,,,CARD PAYMENT TO NEXT DIRECTORY ON 28-07-2025,25.000000000,debit,LOAN_PAYMENTS_PERSONAL_LOAN_PAYMENT,LOAN_PAYMENTS_PERSONAL_LOAN_PAYMENT,debit,blank,2025-07-29,risk_t6bound_debit,T6_provider_crosswalk,plaid,catalogue_retail,catalogue_retail,,catalogue_retail,human_reviewed,carlos,general_retail_marketplaces,carlos
30281,,,June overdraft fees,5.920000000,debit,BANK_PENALTIES_CASH_ADVANCE_AND_OVERDRAFT_FEES,BANK_PENALTIES_CASH_ADVANCE_AND_OVERDRAFT_FEES,debit,blank,2025-07-01,risk_t6bound_debit,T6_provider_crosswalk,plaid,overdraft_arranged,overdraft_unarranged,overdraft_arranged,overdraft_arranged,human_reviewed,carlos,fees_charges,carlos
30282,,,CREDIT CARD PAYMENT,923.770000000,debit,LOAN_PAYMENTS_CREDIT_CARD_PAYMENT,LOAN_PAYMENTS_CREDIT_CARD_PAYMENT,debit,blank,2025-08-19,risk_t6bound_debit,T6_provider_crosswalk,plaid,credit_card_repayment,credit_card_repayment,,credit_card_repayment,human_reviewed,carlos,credit_loan_repayments,carlos
30283,,,LLOYDS BANK PLATIN 300000001639772824,200.000000000,debit,LOAN_PAYMENTS_CREDIT_CARD_PAYMENT,LOAN_PAYMENTS_CREDIT_CARD_PAYMENT,debit,blank,2025-09-26,risk_t6bound_debit,T6_provider_crosswalk,plaid,credit_card_repayment,credit_card_repayment,,credit_card_repayment,human_reviewed,carlos,credit_loan_repayments,carlos
30284,,,Transfer to Zable Card,46.640000000,debit,LOAN_PAYMENTS_CREDIT_CARD_PAYMENT,LOAN_PAYMENTS_CREDIT_CARD_PAYMENT,debit,blank,2025-07-26,risk_t6bound_debit,T6_provider_crosswalk,plaid,credit_card_repayment,credit_card_repayment,,credit_card_repayment,human_reviewed,carlos,credit_loan_repayments,carlos
30285,,,7937 17JUN25 CD   PIZZA EXPRESS     RIVERTON          RIVERTON AU       AUD          30.00VRATE       2.0775N-S TRN FEE   0.40,14.840000000,debit,BANK_FEES_OTHER_BANK_FEES,BANK_FEES_OTHER_BANK_FEES,debit,blank,2025-06-19,risk_t6bound_debit,T6_provider_crosswalk,plaid,foreign_spend_unspecified,restaurant_cafe,foreign_spend_unspecified,foreign_spend_unspecified,human_reviewed,carlos,travel_holidays,carlos
30286,,,2155 25JUL25 CD   ARTA EN6          HERTFORD GB,4.390000000,debit,ENTERTAINMENT_CASINOS_AND_GAMBLING,ENTERTAINMENT_CASINOS_AND_GAMBLING,debit,blank,2025-07-28,risk_t6bound_debit,T6_provider_crosswalk,plaid,unclassified_card_spend,gambling_unspecified,unclassified_card_spend,unclassified_card_spend,human_reviewed,carlos,unclassified,carlos
30287,Vantage,vantage,Vantage,70.000000000,debit,LOAN_PAYMENTS_CREDIT_CARD_PAYMENT,LOAN_PAYMENTS_CREDIT_CARD_PAYMENT,debit,filled,2025-07-23,risk_t6bound_debit,T6_provider_crosswalk,plaid,forex_trading,credit_card_repayment,unclassified_other,unclassified_other,human_reviewed,carlos,unclassified,carlos
30288,,,5288 29AUG25      NBPLYX            PRAGUE CZ         EUR         200.00VRATE       1.1526N-S TRN FEE   4.60,178.120000000,debit,BANK_FEES_OTHER_BANK_FEES,BANK_FEES_OTHER_BANK_FEES,debit,blank,2025-09-01,risk_t6bound_debit,T6_provider_crosswalk,plaid,foreign_spend_unspecified,money_transfer_fee,foreign_spend_unspecified,foreign_spend_unspecified,human_reviewed,carlos,travel_holidays,carlos
30289,,,AQUA CREDIT CARD  XXXXXXXXXXXX5314 DDR Aqua,82.900000000,debit,LOAN_PAYMENTS_CREDIT_CARD_PAYMENT,LOAN_PAYMENTS_CREDIT_CARD_PAYMENT,debit,blank,2025-10-02,risk_t6bound_debit,T6_provider_crosswalk,plaid,credit_card_repayment,credit_card_repayment,,credit_card_repayment,human_reviewed,carlos,credit_loan_repayments,carlos
30290,,,LOANS TSB                             REFERENCE: 100303872523,285.330000000,debit,LOAN_PAYMENTS_PERSONAL_LOAN_PAYMENT,LOAN_PAYMENTS_PERSONAL_LOAN_PAYMENT,debit,blank,2025-09-25,risk_t6bound_debit,T6_provider_crosswalk,plaid,personal_loan_repayment,personal_loan_repayment,,personal_loan_repayment,human_reviewed,carlos,credit_loan_repayments,carlos
30291,,,To Colin Sheehan - Dweet - Week 21 and 22 - SortCodeAccountNumber: 60203247835036,1046.930000000,debit,ENTERTAINMENT_CASINOS_AND_GAMBLING,ENTERTAINMENT_CASINOS_AND_GAMBLING,debit,blank,2025-09-05,risk_t6bound_debit,T6_provider_crosswalk,plaid,transfer_p2p,transfer_p2p,,transfer_p2p,human_reviewed,carlos,transfers,carlos
30292,,,MAINTAINING THE ACCOUNT - MONTHLY FEE,4.000000000,debit,BANK_FEES_OTHER_BANK_FEES,BANK_FEES_OTHER_BANK_FEES,debit,blank,2025-09-13,risk_t6bound_debit,T6_provider_crosswalk,plaid,account_charge,account_charge,,account_charge,human_reviewed,carlos,fees_charges,carlos
30293,Worldline,worldline,Worldline,147.510000000,debit,LOAN_PAYMENTS_PERSONAL_LOAN_PAYMENT,LOAN_PAYMENTS_PERSONAL_LOAN_PAYMENT,debit,filled,2025-08-20,risk_t6bound_debit,T6_provider_crosswalk,plaid,payment_intermediary,unclassified_other,payment_intermediary,payment_intermediary,human_reviewed,carlos,general_retail_marketplaces,carlos
30294,Windrush Taverns,windrush taverns,Windrush Taverns Limit from Groceries Pot,120.000000000,debit,ENTERTAINMENT_CASINOS_AND_GAMBLING,ENTERTAINMENT_CASINOS_AND_GAMBLING,debit,filled,2025-09-13,risk_t6bound_debit,T6_provider_crosswalk,plaid,pub_bar,pub_bar,,pub_bar,human_reviewed,carlos,eating_drinking_out,carlos
30295,,,LLOYDS BANK PLATIN 600000001569420058,100.000000000,debit,LOAN_PAYMENTS_CREDIT_CARD_PAYMENT,LOAN_PAYMENTS_CREDIT_CARD_PAYMENT,debit,blank,2025-06-02,risk_t6bound_debit,T6_provider_crosswalk,plaid,credit_card_repayment,credit_card_repayment,,credit_card_repayment,human_reviewed,carlos,credit_loan_repayments,carlos
30296,,,ARRANGED OVERDRAFT INTEREST,0.130000000,debit,BANK_PENALTIES_CASH_ADVANCE_AND_OVERDRAFT_FEES,BANK_PENALTIES_CASH_ADVANCE_AND_OVERDRAFT_FEES,debit,blank,2025-07-21,risk_t6bound_debit,T6_provider_crosswalk,plaid,overdraft_arranged,overdraft_arranged,,overdraft_arranged,human_reviewed,carlos,fees_charges,carlos
30297,Platinumwc.co.uk,platinumwc.co.uk,PLATINUMWC.CO.UK,16.000000000,debit,LOAN_PAYMENTS_PERSONAL_LOAN_PAYMENT,LOAN_PAYMENTS_PERSONAL_LOAN_PAYMENT,debit,filled,2025-08-11,risk_t6bound_debit,T6_provider_crosswalk,plaid,cleaning_services,personal_loan_repayment,prize_competitions,unclassified_other,human_reviewed,carlos,unclassified,carlos
30298,,,Visa purchase LottoGo 9689,6.000000000,debit,ENTERTAINMENT_CASINOS_AND_GAMBLING,ENTERTAINMENT_CASINOS_AND_GAMBLING,debit,blank,2025-06-14,risk_t6bound_debit,T6_provider_crosswalk,plaid,gambling_lottery,gambling_lottery,,gambling_lottery,human_reviewed,carlos,gambling,carlos
30299,Vaultc,vaultc,9891 22SEP25      VAULTCRAFTEDGE LTDLONDON GB,19.000000000,debit,LOAN_PAYMENTS_PERSONAL_LOAN_PAYMENT,LOAN_PAYMENTS_PERSONAL_LOAN_PAYMENT,debit,filled,2025-09-23,risk_t6bound_debit,T6_provider_crosswalk,plaid,unclassified_other,unclassified_other,,unclassified_other,human_reviewed,carlos,unclassified,carlos
30300,Tandem Motor Finanagreement,tandem motor finanagreement,Tandem motor finanAgreement: H44253,16178.040000000,debit,LOAN_PAYMENTS_PERSONAL_LOAN_PAYMENT,LOAN_PAYMENTS_PERSONAL_LOAN_PAYMENT,debit,filled,2025-08-13,risk_t6bound_debit,T6_provider_crosswalk,plaid,car_finance_repayment,car_finance_repayment,,car_finance_repayment,human_reviewed,carlos,credit_loan_repayments,carlos
30301,,,Transfer to Aqua,150.000000000,debit,LOAN_PAYMENTS_CREDIT_CARD_PAYMENT,LOAN_PAYMENTS_CREDIT_CARD_PAYMENT,debit,blank,2025-08-12,risk_t6bound_debit,T6_provider_crosswalk,plaid,credit_card_repayment,credit_card_repayment,,credit_card_repayment,human_reviewed,carlos,credit_loan_repayments,carlos
30302,,,H3GDEVICEPAYMENT,35.250000000,debit,ENTERTAINMENT_CASINOS_AND_GAMBLING,ENTERTAINMENT_CASINOS_AND_GAMBLING,debit,blank,2025-06-16,risk_t6bound_debit,T6_provider_crosswalk,plaid,mobile_phone_contract,mobile_phone_contract,,mobile_phone_contract,human_reviewed,carlos,utilities_household_bills,carlos
30303,Hitesh Pradhan Loan,hitesh pradhan loan,HITESH PRADHAN  LOAN FT,30.000000000,debit,LOAN_PAYMENTS_PERSONAL_LOAN_PAYMENT,LOAN_PAYMENTS_PERSONAL_LOAN_PAYMENT,debit,filled,2025-10-16,risk_t6bound_debit,T6_provider_crosswalk,plaid,loan_repayment_manual,loan_repayment_manual,,loan_repayment_manual,human_reviewed,carlos,credit_loan_repayments,carlos
30304,,,NEXT  ON 18 SEP CPM Next,25.450000000,debit,LOAN_PAYMENTS_PERSONAL_LOAN_PAYMENT,LOAN_PAYMENTS_PERSONAL_LOAN_PAYMENT,debit,blank,2025-09-19,risk_t6bound_debit,T6_provider_crosswalk,plaid,catalogue_retail,retail_finance_repayment,catalogue_retail,catalogue_retail,human_reviewed,carlos,general_retail_marketplaces,carlos
30305,,,Tide fee for the transaction of £68.16 amount,0.200000000,debit,BANK_FEES_OTHER_BANK_FEES,BANK_FEES_OTHER_BANK_FEES,debit,blank,2025-10-15,risk_t6bound_debit,T6_provider_crosswalk,plaid,bank_charge_other,account_charge,account_charge,account_charge,human_reviewed,carlos,fees_charges,carlos
30306,,,SANTANDER CONSUMER,158.260000000,debit,LOAN_PAYMENTS_PERSONAL_LOAN_PAYMENT,LOAN_PAYMENTS_PERSONAL_LOAN_PAYMENT,debit,blank,2025-09-15,risk_t6bound_debit,T6_provider_crosswalk,plaid,car_finance_repayment,car_finance_repayment,,car_finance_repayment,human_reviewed,carlos,credit_loan_repayments,carlos
30307,,,Direct debit ONE CLICK 309751 62840960,32.020000000,debit,LOAN_PAYMENTS_CREDIT_CARD_PAYMENT,LOAN_PAYMENTS_CREDIT_CARD_PAYMENT,debit,blank,2025-06-30,risk_t6bound_debit,T6_provider_crosswalk,plaid,credit_card_repayment,credit_card_repayment,,credit_card_repayment,human_reviewed,carlos,credit_loan_repayments,carlos
30308,,,THIRD PARTY PAYMENT MADE VIA FASTER PAYMENT TO FRASERS GROUP FINANCIAL SERVICES LIMITED REFERENCE KWVKIJ SANTANDER REFERENCE KWVKIJ,19.900000000,debit,LOAN_PAYMENTS_PERSONAL_LOAN_PAYMENT,LOAN_PAYMENTS_PERSONAL_LOAN_PAYMENT,debit,blank,2025-09-18,risk_t6bound_debit,T6_provider_crosswalk,plaid,retail_finance_repayment,retail_finance_repayment,,retail_finance_repayment,human_reviewed,carlos,credit_loan_repayments,carlos
30309,,,Arranged Overdraft Interest,54.090000000,debit,BANK_PENALTIES_CASH_ADVANCE_AND_OVERDRAFT_FEES,BANK_PENALTIES_CASH_ADVANCE_AND_OVERDRAFT_FEES,debit,blank,2025-09-10,risk_t6bound_debit,T6_provider_crosswalk,plaid,overdraft_arranged,overdraft_arranged,,overdraft_arranged,human_reviewed,carlos,fees_charges,carlos
30310,,,HUNTERS PREMIER  ON 31 JUL CPM,14.460000000,debit,LOAN_PAYMENTS_PERSONAL_LOAN_PAYMENT,LOAN_PAYMENTS_PERSONAL_LOAN_PAYMENT,debit,blank,2025-08-01,risk_t6bound_debit,T6_provider_crosswalk,plaid,groceries,unclassified_other,groceries,convenience_store,human_reviewed,carlos,groceries_household_essentials,carlos
30311,Boulebar Uk LTD,boulebar uk ltd,BOULEBAR UK LTD  ON 20 SEP CLP,13.000000000,debit,ENTERTAINMENT_CASINOS_AND_GAMBLING,ENTERTAINMENT_CASINOS_AND_GAMBLING,debit,filled,2025-09-21,risk_t6bound_debit,T6_provider_crosswalk,plaid,eating_out_other,eating_out_other,,eating_out_other,human_reviewed,carlos,eating_drinking_out,carlos
30312,,,6620 03JUL25      PAYPAL *PYPL      PAYIN3            8003587911 GB,17.570000000,debit,LOAN_PAYMENTS_PERSONAL_LOAN_PAYMENT,LOAN_PAYMENTS_PERSONAL_LOAN_PAYMENT,debit,blank,2025-07-07,risk_t6bound_debit,T6_provider_crosswalk,plaid,bnpl,bnpl,,bnpl,human_reviewed,carlos,credit_loan_repayments,carlos
30313,,,3150 20JUL25      PAYPAL *PYPL      PAYIN3            8003587911 GB,24.850000000,debit,LOAN_PAYMENTS_PERSONAL_LOAN_PAYMENT,LOAN_PAYMENTS_PERSONAL_LOAN_PAYMENT,debit,blank,2025-07-22,risk_t6bound_debit,T6_provider_crosswalk,plaid,bnpl,bnpl,,bnpl,human_reviewed,carlos,credit_loan_repayments,carlos
30314,,,Zettle_*Country CrPICKERING,5.900000000,debit,LOAN_PAYMENTS_PERSONAL_LOAN_PAYMENT,LOAN_PAYMENTS_PERSONAL_LOAN_PAYMENT,debit,blank,2025-10-03,risk_t6bound_debit,T6_provider_crosswalk,plaid,unclassified_other,unclassified_other,,unclassified_other,human_reviewed,carlos,unclassified,carlos
30315,,,Account - PB377637913598175 AMERICAN EXP 3773 - SortCodeAccountNumber: 30000000200476,830.000000000,debit,LOAN_PAYMENTS_CREDIT_CARD_PAYMENT,LOAN_PAYMENTS_CREDIT_CARD_PAYMENT,debit,blank,2025-07-25,risk_t6bound_debit,T6_provider_crosswalk,plaid,credit_card_repayment,credit_card_repayment,,credit_card_repayment,human_reviewed,carlos,credit_loan_repayments,carlos
30316,,,NOVOCASH259,100.000000000,debit,LOAN_PAYMENTS_PERSONAL_LOAN_PAYMENT,LOAN_PAYMENTS_PERSONAL_LOAN_PAYMENT,debit,blank,2025-06-19,risk_t6bound_debit,T6_provider_crosswalk,plaid,payday_loan,payday_loan,,personal_loan_repayment,human_reviewed,carlos,credit_loan_repayments,carlos
30317,,,July overdraft fees,3.000000000,debit,BANK_PENALTIES_CASH_ADVANCE_AND_OVERDRAFT_FEES,BANK_PENALTIES_CASH_ADVANCE_AND_OVERDRAFT_FEES,debit,blank,2025-08-01,risk_t6bound_debit,T6_provider_crosswalk,plaid,overdraft_arranged,overdraft_arranged,,overdraft_arranged,human_reviewed,carlos,fees_charges,carlos
30318,,,UNPAID TRANSAC FEE08AUG A/C 39171701,1.550000000,debit,BANK_FEES_OTHER_BANK_FEES,BANK_FEES_OTHER_BANK_FEES,debit,blank,2025-08-29,risk_t6bound_debit,T6_provider_crosswalk,plaid,returned_payment,bank_charge_other,returned_payment,returned_payment,human_reviewed,carlos,fees_charges,carlos
30319,,,0612 31JUL25      WWW.PLATA.COM     SOUTHAMPTON GB,529.540000000,debit,LOAN_PAYMENTS_PERSONAL_LOAN_PAYMENT,LOAN_PAYMENTS_PERSONAL_LOAN_PAYMENT,debit,blank,2025-08-01,risk_t6bound_debit,T6_provider_crosswalk,plaid,credit_card_repayment,personal_loan_repayment,investment_general,credit_card_repayment,agent_review,agent_review: Plata credit card,credit_loan_repayments,
30320,,,CHARGES COMMISSION FOR PERIOD 13JUN/13JUL **********************,8.500000000,debit,BANK_FEES_OTHER_BANK_FEES,BANK_FEES_OTHER_BANK_FEES,debit,blank,2025-08-02,risk_t6bound_debit,T6_provider_crosswalk,plaid,bank_charge_other,bank_charge_other,,bank_charge_other,human_reviewed,carlos,fees_charges,carlos
30321,,,CARD PAYMENT TO PREMIER ASHWORTH LANE ON 01-08-2025,30.120000000,debit,LOAN_PAYMENTS_CREDIT_CARD_PAYMENT,LOAN_PAYMENTS_CREDIT_CARD_PAYMENT,debit,blank,2025-08-02,risk_t6bound_debit,T6_provider_crosswalk,plaid,groceries,convenience_store,groceries,convenience_store,human_reviewed,carlos,groceries_household_essentials,carlos
30322,Sunderland,sunderland,SUNNINGDALE STORESSUNDERLAND,9.000000000,debit,ENTERTAINMENT_CASINOS_AND_GAMBLING,ENTERTAINMENT_CASINOS_AND_GAMBLING,debit,filled,2025-09-29,risk_t6bound_debit,T6_provider_crosswalk,plaid,convenience_store,convenience_store,,convenience_store,human_reviewed,carlos,groceries_household_essentials,carlos
30323,,,THIRD PARTY PAYMENT MADE VIA FASTER PAYMENT TO MATTHEW TIMMS REFERENCE MONZO-KZGRF SANTANDER REFERENCE 0000AZJBDDXTSGOUSSQI42,5.000000000,debit,LOAN_PAYMENTS_CREDIT_CARD_PAYMENT,LOAN_PAYMENTS_CREDIT_CARD_PAYMENT,debit,blank,2025-10-17,risk_t6bound_debit,T6_provider_crosswalk,plaid,transfer_p2p,transfer_p2p,,transfer_p2p,human_reviewed,carlos,transfers,carlos
30324,Rooster Money Hunter,rooster money hunter,ROOSTER MONEY     HUNTER            VIA MOBILE - PYMT FP 26/07/25 10    55152844252578000N,5.000000000,debit,LOAN_PAYMENTS_CREDIT_CARD_PAYMENT,LOAN_PAYMENTS_CREDIT_CARD_PAYMENT,debit,filled,2025-07-28,risk_t6bound_debit,T6_provider_crosswalk,plaid,prepaid_card,prepaid_card,,prepaid_card,human_reviewed,carlos,transfers,carlos
30325,,,7881 06JUL25      LOTTOSOCIAL       LONDON GB,7.990000000,debit,ENTERTAINMENT_CASINOS_AND_GAMBLING,ENTERTAINMENT_CASINOS_AND_GAMBLING,debit,blank,2025-07-07,risk_t6bound_debit,T6_provider_crosswalk,plaid,gambling_lottery,gambling_lottery,,gambling_lottery,human_reviewed,carlos,gambling,carlos
30326,,,July overdraft fees,19.330000000,debit,BANK_PENALTIES_CASH_ADVANCE_AND_OVERDRAFT_FEES,BANK_PENALTIES_CASH_ADVANCE_AND_OVERDRAFT_FEES,debit,blank,2025-08-01,risk_t6bound_debit,T6_provider_crosswalk,plaid,overdraft_arranged,overdraft_arranged,,overdraft_arranged,human_reviewed,carlos,fees_charges,carlos
30327,,,Ukcrdtratng.com,1.500000000,debit,ENTERTAINMENT_CASINOS_AND_GAMBLING,ENTERTAINMENT_CASINOS_AND_GAMBLING,debit,blank,2025-09-09,risk_t6bound_debit,T6_provider_crosswalk,plaid,credit_reporting_service,credit_reporting_service,,credit_reporting_service,human_reviewed,carlos,high_cost_distress_credit,carlos
30328,,,THIRD PARTY PAYMENT MADE VIA FASTER PAYMENT TO RICHARD LONG REFERENCE MONZO-VYYRN SANTANDER REFERENCE 0000AYZABCHCECCBM4YRPP,50.000000000,debit,LOAN_PAYMENTS_CREDIT_CARD_PAYMENT,LOAN_PAYMENTS_CREDIT_CARD_PAYMENT,debit,blank,2025-10-08,risk_t6bound_debit,T6_provider_crosswalk,plaid,transfer_p2p,transfer_p2p,,transfer_p2p,human_reviewed,carlos,transfers,carlos
30329,,,Overdraft,830.000000000,debit,BANK_PENALTIES_CASH_ADVANCE_AND_OVERDRAFT_FEES,BANK_PENALTIES_CASH_ADVANCE_AND_OVERDRAFT_FEES,debit,blank,2025-10-15,risk_t6bound_debit,T6_provider_crosswalk,plaid,overdraft_arranged,overdraft_unarranged,overdraft_arranged,overdraft_arranged,human_reviewed,carlos,fees_charges,carlos
30330,,,Premium Repricing 1 plan fee,7.990000000,debit,BANK_FEES_OTHER_BANK_FEES,BANK_FEES_OTHER_BANK_FEES,debit,blank,2025-09-05,risk_t6bound_debit,T6_provider_crosswalk,plaid,account_charge,bank_charge_other,account_charge,account_charge,human_reviewed,carlos,fees_charges,carlos
30331,Starling,starling,STARLING          STARLING          VIA MOBILE - PYMT FP 14/07/25 10    48225848246371000N,2.180000000,debit,LOAN_PAYMENTS_CREDIT_CARD_PAYMENT,LOAN_PAYMENTS_CREDIT_CARD_PAYMENT,debit,filled,2025-07-15,risk_t6bound_debit,T6_provider_crosswalk,plaid,transfer_own_account,transfer_own_account,,transfer_own_account,human_reviewed,carlos,transfers,carlos
30332,Sunderland,sunderland,2781 07SEP25 CD   ARRIVA MIDLANDS   LIMITE            SUNDERLAND GB,2.100000000,debit,ENTERTAINMENT_CASINOS_AND_GAMBLING,ENTERTAINMENT_CASINOS_AND_GAMBLING,debit,filled,2025-09-08,risk_t6bound_debit,T6_provider_crosswalk,plaid,public_transport_rail_coach,public_transport_rail_coach,,public_transport_rail_coach,human_reviewed,carlos,transport_motoring,carlos
30333,,,CARD PAYMENT TO DAY TODAY ON 10-09-2025,0.990000000,debit,LOAN_PAYMENTS_CREDIT_CARD_PAYMENT,LOAN_PAYMENTS_CREDIT_CARD_PAYMENT,debit,blank,2025-09-11,risk_t6bound_debit,T6_provider_crosswalk,plaid,convenience_store,convenience_store,,convenience_store,human_reviewed,carlos,groceries_household_essentials,carlos
30334,,,CREDIT STYLE LIMIT3496852,80.000000000,debit,LOAN_PAYMENTS_CREDIT_CARD_PAYMENT,LOAN_PAYMENTS_CREDIT_CARD_PAYMENT,debit,blank,2025-10-22,risk_t6bound_debit,T6_provider_crosswalk,plaid,debt_collection,revolving_credit_repayment,debt_collection,debt_collection,human_reviewed,carlos,high_cost_distress_credit,carlos
30335,,,V12VEHICLEFINANCE,125.480000000,debit,ENTERTAINMENT_CASINOS_AND_GAMBLING,ENTERTAINMENT_CASINOS_AND_GAMBLING,debit,blank,2025-07-23,risk_t6bound_debit,T6_provider_crosswalk,plaid,car_finance_repayment,car_finance_repayment,,car_finance_repayment,human_reviewed,carlos,credit_loan_repayments,carlos
30336,Red Lion,red lion,RED LION TELFORD CD 2419,10.000000000,debit,ENTERTAINMENT_CASINOS_AND_GAMBLING,ENTERTAINMENT_CASINOS_AND_GAMBLING,debit,filled,2025-07-18,risk_t6bound_debit,T6_provider_crosswalk,plaid,pub_bar,pub_bar,,pub_bar,human_reviewed,carlos,eating_drinking_out,carlos
30337,,,9891 03OCT25      OPTTRX*120164395  SOFIA BG          EUR          11.47VRATE       1.1458N-S TRN FEE   0.28,10.290000000,debit,BANK_FEES_OTHER_BANK_FEES,BANK_FEES_OTHER_BANK_FEES,debit,blank,2025-10-06,risk_t6bound_debit,T6_provider_crosswalk,plaid,foreign_spend_unspecified,foreign_spend_unspecified,,foreign_spend_unspecified,human_reviewed,carlos,travel_holidays,carlos
30338,,,LLOYDS BANK PLATIN 200000001616896690,198.010000000,debit,LOAN_PAYMENTS_CREDIT_CARD_PAYMENT,LOAN_PAYMENTS_CREDIT_CARD_PAYMENT,debit,blank,2025-09-01,risk_t6bound_debit,T6_provider_crosswalk,plaid,credit_card_repayment,credit_card_repayment,,credit_card_repayment,human_reviewed,carlos,credit_loan_repayments,carlos
30339,,,Payment to JOINT BANK 040004 61592628,20.000000000,debit,LOAN_PAYMENTS_CREDIT_CARD_PAYMENT,LOAN_PAYMENTS_CREDIT_CARD_PAYMENT,debit,blank,2025-09-02,risk_t6bound_debit,T6_provider_crosswalk,plaid,transfer_own_account,transfer_own_account,,transfer_own_account,human_reviewed,carlos,transfers,carlos
30340,,,MAINTAINING THE ACCOUNT - MONTHLY FEE,4.000000000,debit,BANK_FEES_OTHER_BANK_FEES,BANK_FEES_OTHER_BANK_FEES,debit,blank,2025-09-07,risk_t6bound_debit,T6_provider_crosswalk,plaid,account_charge,account_charge,,account_charge,human_reviewed,carlos,fees_charges,carlos
30341,,,ARRANGED OVERDRAFT INTEREST,10.430000000,debit,BANK_PENALTIES_CASH_ADVANCE_AND_OVERDRAFT_FEES,BANK_PENALTIES_CASH_ADVANCE_AND_OVERDRAFT_FEES,debit,blank,2025-06-30,risk_t6bound_debit,T6_provider_crosswalk,plaid,overdraft_arranged,overdraft_arranged,,overdraft_arranged,human_reviewed,carlos,fees_charges,carlos
30342,,,8105 15AUG25  D   LUCKYDUCKY        JARROW GB,0.050000000,debit,ENTERTAINMENT_CASINOS_AND_GAMBLING,ENTERTAINMENT_CASINOS_AND_GAMBLING,debit,blank,2025-08-18,risk_t6bound_debit,T6_provider_crosswalk,plaid,gambling_unspecified,gambling_casino,gambling_unspecified,gambling_casino,human_reviewed,carlos,gambling,carlos
30343,,,"H3G, 983080840901",13.780000000,debit,LOAN_PAYMENTS_PERSONAL_LOAN_PAYMENT,LOAN_PAYMENTS_PERSONAL_LOAN_PAYMENT,debit,blank,2025-09-25,risk_t6bound_debit,T6_provider_crosswalk,plaid,mobile_phone_contract,mobile_phone_contract,,mobile_phone_contract,human_reviewed,carlos,utilities_household_bills,carlos
30344,,,AQUA CREDIT CARD XXXXXXXXXXXX0879,34.180000000,debit,LOAN_PAYMENTS_CREDIT_CARD_PAYMENT,LOAN_PAYMENTS_CREDIT_CARD_PAYMENT,debit,blank,2025-10-22,risk_t6bound_debit,T6_provider_crosswalk,plaid,credit_card_repayment,credit_card_repayment,,credit_card_repayment,human_reviewed,carlos,credit_loan_repayments,carlos
30345,Telford & Wrekin Counc,telford & wrekin counc,TELFORD & WREKIN C,178.000000000,debit,ENTERTAINMENT_CASINOS_AND_GAMBLING,ENTERTAINMENT_CASINOS_AND_GAMBLING,debit,filled,2025-07-29,risk_t6bound_debit,T6_provider_crosswalk,plaid,council_tax,council_tax,,council_tax,human_reviewed,carlos,council_tax_government,carlos
30346,,,Betting  pot transfer,0.350000000,debit,TRANSFER_OUT_SAVINGS,TRANSFER_OUT_SAVINGS,debit,blank,2025-06-19,risk_t6bound_debit,T6_provider_crosswalk,plaid,savings_transfer,gambling_unspecified,gambling_unspecified,savings_transfer,human_reviewed,carlos,savings_investments,carlos
30347,,,CREDIT CARD 600000001610288678,1500.000000000,debit,LOAN_PAYMENTS_CREDIT_CARD_PAYMENT,LOAN_PAYMENTS_CREDIT_CARD_PAYMENT,debit,blank,2025-08-12,risk_t6bound_debit,T6_provider_crosswalk,plaid,credit_card_repayment,credit_card_repayment,,credit_card_repayment,human_reviewed,carlos,credit_loan_repayments,carlos
30348,,,HOLYWOOD DELI LTD Overdraft,10.000000000,debit,DINING_OTHER_DINING,DINING_OTHER_DINING,debit,blank,2025-07-18,risk_t6bound_debit,T6_provider_crosswalk,plaid,restaurant_cafe,restaurant_cafe,,restaurant_cafe,human_reviewed,carlos,eating_drinking_out,carlos
30349,Thunder,thunder,THUNDER SPAIN AMOUNT IN EUR 11.95 ON 06 OCT VISA 1.145189 FINAL GBP AMOUNT INCLUDES NON-STERLING TRANS FEE £0.31 ,10.740000000,debit,BANK_FEES_OTHER_BANK_FEES,BANK_FEES_OTHER_BANK_FEES,debit,filled,2025-10-07,risk_t6bound_debit,T6_provider_crosswalk,plaid,foreign_spend_unspecified,foreign_spend_unspecified,,foreign_spend_unspecified,human_reviewed,carlos,travel_holidays,carlos
30350,,,Direct debit MONEYLINE CYMRU LO 560059 34858725,9.950000000,debit,LOAN_PAYMENTS_PERSONAL_LOAN_PAYMENT,LOAN_PAYMENTS_PERSONAL_LOAN_PAYMENT,debit,blank,2025-07-11,risk_t6bound_debit,T6_provider_crosswalk,plaid,personal_loan_repayment,payday_loan,personal_loan_repayment,personal_loan_repayment,human_reviewed,carlos,credit_loan_repayments,carlos
30351,,,8105 17OCT25  D   LUCKYDUCKY        JARROW GB,7.000000000,debit,ENTERTAINMENT_CASINOS_AND_GAMBLING,ENTERTAINMENT_CASINOS_AND_GAMBLING,debit,blank,2025-10-20,risk_t6bound_debit,T6_provider_crosswalk,plaid,gambling_unspecified,gambling_casino,gambling_unspecified,gambling_casino,human_reviewed,carlos,gambling,carlos
30352,,,UNPAID TRANSAC FEE08AUG A/C 46555811,1.550000000,debit,BANK_FEES_OTHER_BANK_FEES,BANK_FEES_OTHER_BANK_FEES,debit,blank,2025-08-29,risk_t6bound_debit,T6_provider_crosswalk,plaid,returned_payment,bank_charge_other,returned_payment,returned_payment,human_reviewed,carlos,fees_charges,carlos
30353,,,OVERDRAFT INTERESTTO 23JUN2025,43.640000000,debit,BANK_PENALTIES_CASH_ADVANCE_AND_OVERDRAFT_FEES,BANK_PENALTIES_CASH_ADVANCE_AND_OVERDRAFT_FEES,debit,blank,2025-07-15,risk_t6bound_debit,T6_provider_crosswalk,plaid,overdraft_arranged,overdraft_arranged,,overdraft_arranged,human_reviewed,carlos,fees_charges,carlos
30354,,,HSBC account - jd Amy Hanlon - SortCodeAccountNumber: 40234841494732,12.000000000,debit,LOAN_PAYMENTS_CREDIT_CARD_PAYMENT,LOAN_PAYMENTS_CREDIT_CARD_PAYMENT,debit,blank,2025-08-31,risk_t6bound_debit,T6_provider_crosswalk,plaid,transfer_p2p,transfer_p2p,,transfer_p2p,human_reviewed,carlos,transfers,carlos
30355,,,4964 10AUG25 C    SCTP IASI         IASI RO           RON           4.00VRATE       5.7971N-S TRN FEE   0.02,0.710000000,debit,BANK_FEES_OTHER_BANK_FEES,BANK_FEES_OTHER_BANK_FEES,debit,blank,2025-08-12,risk_t6bound_debit,T6_provider_crosswalk,plaid,foreign_spend_unspecified,money_transfer_fee,foreign_spend_unspecified,foreign_spend_unspecified,human_reviewed,carlos,travel_holidays,carlos
30356,,,To Sky Betting and Gaming - OAW6JBXTE59OVEJXOJ - SortCodeAccountNumber: 04067800003555,6.000000000,debit,ENTERTAINMENT_CASINOS_AND_GAMBLING,ENTERTAINMENT_CASINOS_AND_GAMBLING,debit,blank,2025-09-24,risk_t6bound_debit,T6_provider_crosswalk,plaid,gambling_betting,gambling_betting,,gambling_betting,human_reviewed,carlos,gambling,carlos
30357,,,ACIUKLTD  GZ5GSNE DDR,7.500000000,debit,LOAN_PAYMENTS_CREDIT_CARD_PAYMENT,LOAN_PAYMENTS_CREDIT_CARD_PAYMENT,debit,blank,2025-10-17,risk_t6bound_debit,T6_provider_crosswalk,plaid,debt_collection,credit_card_repayment,unclassified_recurring,debt_collection,human_reviewed,carlos,high_cost_distress_credit,carlos
30358,,,Royal Cash and Car,16.010000000,debit,LOAN_PAYMENTS_PERSONAL_LOAN_PAYMENT,LOAN_PAYMENTS_PERSONAL_LOAN_PAYMENT,debit,blank,2025-09-30,risk_t6bound_debit,T6_provider_crosswalk,plaid,cash_and_carry,pawnbroker,cash_and_carry,cash_and_carry,human_reviewed,carlos,groceries_household_essentials,carlos
30359,Transport To Revolving Line,transport to revolving line,Transport to Revolving Line Account,182.000000000,debit,LOAN_PAYMENTS_PERSONAL_LOAN_PAYMENT,LOAN_PAYMENTS_PERSONAL_LOAN_PAYMENT,debit,filled,2025-09-04,risk_t6bound_debit,T6_provider_crosswalk,plaid,revolving_credit_repayment,revolving_credit_repayment,,revolving_credit_repayment,human_reviewed,carlos,credit_loan_repayments,carlos
30360,,,Tide fee for the transaction of £99.80 amount,0.200000000,debit,BANK_FEES_OTHER_BANK_FEES,BANK_FEES_OTHER_BANK_FEES,debit,blank,2025-09-26,risk_t6bound_debit,T6_provider_crosswalk,plaid,account_charge,account_charge,,account_charge,human_reviewed,carlos,fees_charges,carlos
30361,Fourvenues,fourvenues,Fourvenues SPAIN AMOUNT IN EUR 64.80 ON 27 JUL VISA 1.14349 FINAL GBP AMOUNT INCLUDES NON-STERLING TRANS FEE £1.69 FOURVENUES,58.360000000,debit,ENTERTAINMENT_CASINOS_AND_GAMBLING,ENTERTAINMENT_CASINOS_AND_GAMBLING,debit,filled,2025-07-28,risk_t6bound_debit,T6_provider_crosswalk,plaid,night_club,night_club,,night_club,human_reviewed,carlos,eating_drinking_out,carlos
30362,,,2211 29AUG25      PAYPAL *PYPL      PAYIN3            8003587911 GB,25.330000000,debit,LOAN_PAYMENTS_PERSONAL_LOAN_PAYMENT,LOAN_PAYMENTS_PERSONAL_LOAN_PAYMENT,debit,blank,2025-09-01,risk_t6bound_debit,T6_provider_crosswalk,plaid,bnpl,bnpl,,bnpl,human_reviewed,carlos,credit_loan_repayments,carlos
30363,Marbles,marbles,MARBLES CREDITCARD XXXXXXXXXXXX2841,2.530000000,debit,LOAN_PAYMENTS_CREDIT_CARD_PAYMENT,LOAN_PAYMENTS_CREDIT_CARD_PAYMENT,debit,filled,2025-09-18,risk_t6bound_debit,T6_provider_crosswalk,plaid,credit_card_repayment,credit_card_repayment,,credit_card_repayment,human_reviewed,carlos,credit_loan_repayments,carlos
30364,,,ACIUKLTD,7.500000000,debit,LOAN_PAYMENTS_CREDIT_CARD_PAYMENT,LOAN_PAYMENTS_CREDIT_CARD_PAYMENT,debit,blank,2025-10-01,risk_t6bound_debit,T6_provider_crosswalk,plaid,debt_collection,unclassified_other,unclassified_recurring,debt_collection,human_reviewed,carlos,high_cost_distress_credit,carlos
30365,,,Tide fee for the transaction of £45.20 amount,0.200000000,debit,BANK_FEES_OTHER_BANK_FEES,BANK_FEES_OTHER_BANK_FEES,debit,blank,2025-09-11,risk_t6bound_debit,T6_provider_crosswalk,plaid,account_charge,account_charge,,account_charge,human_reviewed,carlos,fees_charges,carlos
30366,,,"Hme Rtl Grp Cards, 00008921900III2163",55.720000000,debit,LOAN_PAYMENTS_CREDIT_CARD_PAYMENT,LOAN_PAYMENTS_CREDIT_CARD_PAYMENT,debit,blank,2025-10-21,risk_t6bound_debit,T6_provider_crosswalk,plaid,credit_card_repayment,catalogue_retail,catalogue_retail,catalogue_retail,human_reviewed,carlos,general_retail_marketplaces,carlos
30367,,,MBNA MASTERCARD                          XXXXXXXXXXXX8944,200.000000000,debit,LOAN_PAYMENTS_CREDIT_CARD_PAYMENT,LOAN_PAYMENTS_CREDIT_CARD_PAYMENT,debit,blank,2025-07-26,risk_t6bound_debit,T6_provider_crosswalk,plaid,credit_card_repayment,credit_card_repayment,,credit_card_repayment,human_reviewed,carlos,credit_loan_repayments,carlos
30368,,,CARD PAYMENT TO BANBRIDGE CREDIT UNION ON 04-07-2025,90.000000000,debit,LOAN_PAYMENTS_CREDIT_CARD_PAYMENT,LOAN_PAYMENTS_CREDIT_CARD_PAYMENT,debit,blank,2025-07-05,risk_t6bound_debit,T6_provider_crosswalk,plaid,credit_union_repayment,credit_union_repayment,,credit_union_repayment,human_reviewed,carlos,credit_loan_repayments,carlos
30369,,,"ZETTLE_*ASPENS SERVICE (VIA APPLE PAY), ON 07-07-2025",4.600000000,debit,LOAN_PAYMENTS_PERSONAL_LOAN_PAYMENT,LOAN_PAYMENTS_PERSONAL_LOAN_PAYMENT,debit,blank,2025-07-08,risk_t6bound_debit,T6_provider_crosswalk,plaid,catering,catering,,catering,human_reviewed,carlos,eating_drinking_out,carlos
30370,,,HSBC BNK VSA454638454638******0923,153.000000000,debit,LOAN_PAYMENTS_CREDIT_CARD_PAYMENT,LOAN_PAYMENTS_CREDIT_CARD_PAYMENT,debit,blank,2025-08-27,risk_t6bound_debit,T6_provider_crosswalk,plaid,credit_card_repayment,credit_card_repayment,,credit_card_repayment,human_reviewed,carlos,credit_loan_repayments,carlos
30371,,,easyJetKB6R3QM,292.480000000,debit,ENTERTAINMENT_CASINOS_AND_GAMBLING,ENTERTAINMENT_CASINOS_AND_GAMBLING,debit,blank,2025-09-15,risk_t6bound_debit,T6_provider_crosswalk,plaid,flights,flights,,flights,human_reviewed,carlos,travel_holidays,carlos
30372,,,ccbilling247.com,2.990000000,debit,LOAN_PAYMENTS_CREDIT_CARD_PAYMENT,LOAN_PAYMENTS_CREDIT_CARD_PAYMENT,debit,blank,2025-09-19,risk_t6bound_debit,T6_provider_crosswalk,plaid,adult_entertainment,unclassified_other,unclassified_recurring,adult_entertainment,agent_review,agent_review: ccbilling247 adult billing,entertainment_leisure,
30373,,,INT'L 1690940135  TALKSPORTBET      GIBRALTAR,10.000000000,debit,ENTERTAINMENT_CASINOS_AND_GAMBLING,ENTERTAINMENT_CASINOS_AND_GAMBLING,debit,blank,2025-07-22,risk_t6bound_debit,T6_provider_crosswalk,plaid,gambling_betting,gambling_betting,,gambling_betting,human_reviewed,carlos,gambling,carlos
30374,Skill On,skill on,"SKILL ON NET (VIA APPLE PAY), ON 02-07-2025",20.000000000,debit,ENTERTAINMENT_CASINOS_AND_GAMBLING,ENTERTAINMENT_CASINOS_AND_GAMBLING,debit,filled,2025-07-03,risk_t6bound_debit,T6_provider_crosswalk,plaid,gambling_casino,gambling_casino,,gambling_casino,human_reviewed,carlos,gambling,carlos
30375,,,THIRD PARTY PAYMENT MADE VIA FASTER PAYMENT TO REUBEN MCFARLANE REFERENCE MONZO-PBZSC SANTANDER REFERENCE 0000AX5LYCNUYV4FMUXNXZ,15.000000000,debit,LOAN_PAYMENTS_CREDIT_CARD_PAYMENT,LOAN_PAYMENTS_CREDIT_CARD_PAYMENT,debit,blank,2025-08-12,risk_t6bound_debit,T6_provider_crosswalk,plaid,transfer_p2p,transfer_p2p,,transfer_p2p,human_reviewed,carlos,transfers,carlos
30376,,,Plus Repricing 1 plan fee,3.990000000,debit,BANK_FEES_OTHER_BANK_FEES,BANK_FEES_OTHER_BANK_FEES,debit,blank,2025-06-19,risk_t6bound_debit,T6_provider_crosswalk,plaid,account_charge,account_charge,,account_charge,human_reviewed,carlos,fees_charges,carlos
30377,,,AMERICAN EXP 3773 PB4525******88522,9.000000000,debit,LOAN_PAYMENTS_CREDIT_CARD_PAYMENT,LOAN_PAYMENTS_CREDIT_CARD_PAYMENT,debit,blank,2025-09-08,risk_t6bound_debit,T6_provider_crosswalk,plaid,charge_card_repayment,credit_card_repayment,credit_card_repayment,charge_card_repayment,human_reviewed,carlos,credit_loan_repayments,carlos
30378,,,Visa purchase 1 Month Member Subscripti 2109,6.990000000,debit,LOAN_PAYMENTS_CREDIT_CARD_PAYMENT,LOAN_PAYMENTS_CREDIT_CARD_PAYMENT,debit,blank,2025-07-19,risk_t6bound_debit,T6_provider_crosswalk,plaid,memberships,unclassified_recurring,unclassified_recurring,unclassified_recurring,human_reviewed,carlos,unclassified,carlos
30379,,,ARRANGED OVERDRAFT INTEREST,5.940000000,debit,BANK_PENALTIES_CASH_ADVANCE_AND_OVERDRAFT_FEES,BANK_PENALTIES_CASH_ADVANCE_AND_OVERDRAFT_FEES,debit,blank,2025-09-17,risk_t6bound_debit,T6_provider_crosswalk,plaid,overdraft_arranged,overdraft_arranged,,overdraft_arranged,human_reviewed,carlos,fees_charges,carlos
