merchant,final_leaf,tier,haiku_leaf,sonnet_leaf,sonnet_conf,opus_leaf,general_category,plaid_n
u.s. post office,government_services,accepted_tiebreak,delivery_courier,government_services,0.6,government_services,council_tax_government,12205
wise,transfer_international,accepted,transfer_international,transfer_international,0.75,,transfers,2275
nugents newsagents,convenience_store,accepted,convenience_store,convenience_store,0.85,,groceries_household_essentials,1234
savers health & beauty,pharmacy,accepted,pharmacy,pharmacy,0.8,,health_medical,1223
t k maxx,department_store,accepted_tiebreak,department_store,clothing_general,0.8,department_store,general_retail_marketplaces,1195
best one,convenience_store,accepted,convenience_store,convenience_store,0.7,,groceries_household_essentials,1186
bt group,broadband_tv_phone,auto_accept,broadband_tv_phone,broadband_tv_phone,0.9,,utilities_household_bills,1182
co op group food,groceries,auto_accept,groceries,groceries,0.9,,groceries_household_essentials,1169
plum fintech,savings_transfer,accepted,savings_transfer,savings_transfer,0.85,,savings_investments,1155
lime,taxi_rideshare,accepted,taxi_rideshare,taxi_rideshare,0.7,,transport_motoring,1143
domino s pizza,takeaway,auto_accept,takeaway,takeaway,0.9,,eating_drinking_out,1141
home retail group,catalogue_retail,accepted_tiebreak,home_accessories,catalogue_retail,0.75,catalogue_retail,general_retail_marketplaces,1139
118 118 money,payday_loan,accepted,payday_loan,payday_loan,0.85,,high_cost_distress_credit,1121
whsmith,books,accepted,books,books,0.7,,entertainment_leisure,1115
p mackie,transfer_p2p,accepted_tiebreak,transfer_p2p,transfer_p2p,0.6,transfer_p2p,transfers,1098
rainbow riches,gambling_casino,accepted,gambling_casino,gambling_casino,0.85,,gambling,1081
electraworks ltd,gambling_casino,auto_accept,gambling_casino,gambling_casino,0.9,,gambling,1050
puregym,gym_fitness,auto_accept,gym_fitness,gym_fitness,0.9,,health_medical,1043
bolt.euo,taxi_rideshare,accepted,taxi_rideshare,taxi_rideshare,0.85,,transport_motoring,1013
smyths,toys,auto_accept,toys,toys,0.9,,general_retail_marketplaces,1011
lloyds bank,account_charge,accepted,account_charge,account_charge,0.85,,fees_charges,1005
creation.co.uk,retail_finance_repayment,accepted,retail_finance_repayment,retail_finance_repayment,0.85,,credit_loan_repayments,997
steam,gaming_console_pc,auto_accept,gaming_console_pc,gaming_console_pc,0.9,,entertainment_leisure,996
moorcroft group,debt_collection,auto_accept,debt_collection,debt_collection,0.92,,high_cost_distress_credit,987
cash machine,cash_withdrawal,auto_accept,cash_withdrawal,cash_withdrawal,0.95,,cash,952
m&s simply food,groceries,auto_accept,groceries,groceries,0.92,,groceries_household_essentials,946
cd b&m,discount_store,auto_accept,discount_store,discount_store,0.9,,groceries_household_essentials,943
snappy,groceries,accepted_tiebreak,convenience_store,groceries,0.75,groceries,groceries_household_essentials,941
easy saver,savings_transfer,accepted,savings_transfer,savings_transfer,0.85,,savings_investments,922
whatnot,marketplace_general,accepted,marketplace_general,marketplace_general,0.8,,general_retail_marketplaces,918
sunderland,unclassified_other,context_dependent,gambling_casino,gambling_unspecified,0.55,convenience_store,unclassified,912
32red,gambling_casino,auto_accept,gambling_casino,gambling_casino,0.9,,gambling,895
p.o.,unclassified_other,abstain_confirmed,unclassified_other,unclassified_other,0.4,,unclassified,887
cd ppoint,convenience_store,accepted_tiebreak,convenience_store,convenience_store,0.5,convenience_store,groceries_household_essentials,876
ad free for primevideo,streaming,auto_accept,streaming,streaming,0.9,,digital_subscriptions_services,859
sumup,unclassified_other,abstain_residual,unclassified_other,retail_small_independent,0.4,payment_intermediary,unclassified,859
s tasker,transfer_p2p,accepted_tiebreak,transfer_p2p,transfer_p2p,0.55,transfer_p2p,transfers,858
e fuels,unclassified_other,abstain_confirmed,unclassified_other,energy,0.55,unclassified_other,unclassified,845
edf uk card payments,energy,auto_accept,energy,energy,0.92,,utilities_household_bills,837
bally's,gambling_casino,accepted,gambling_casino,gambling_casino,0.88,,gambling,829
www.amazon.uk.co,marketplace_amazon,accepted,marketplace_amazon,marketplace_amazon,0.85,,general_retail_marketplaces,824
national health service,medicine,accepted_tiebreak,medicine,pharmacy,0.6,medicine,health_medical,797
newday,credit_card_repayment,accepted,credit_card_repayment,credit_card_repayment,0.85,,credit_loan_repayments,793
thomas furniss,transfer_p2p,accepted_tiebreak,transfer_p2p,transfer_p2p,0.6,transfer_p2p,transfers,778
paybyphone,car_parking,auto_accept,car_parking,car_parking,0.9,,transport_motoring,775
livescorebet,gambling_betting,auto_accept,gambling_betting,gambling_betting,0.9,,gambling,773
youtube,streaming,auto_accept,streaming,streaming,0.9,,digital_subscriptions_services,768
edf energy,energy,auto_accept,energy,energy,0.95,,utilities_household_bills,767
win bet online ltd,gambling_betting,accepted_tiebreak,gambling_casino,gambling_betting,0.85,gambling_betting,gambling,760
darren dolan,transfer_p2p,accepted_tiebreak,transfer_p2p,transfer_p2p,0.65,transfer_p2p,transfers,760
butlin's,holiday_uk,accepted,holiday_uk,holiday_uk,0.75,,travel_holidays,754
that prize guy ltd,prize_competitions,auto_accept,prize_competitions,prize_competitions,0.9,,gambling,739
cls,unclassified_other,abstain_confirmed,unclassified_other,unclassified_other,0.4,,unclassified,718
nando's,restaurant_cafe,auto_accept,restaurant_cafe,restaurant_cafe,0.9,,eating_drinking_out,715
j nainu,transfer_p2p,accepted_tiebreak,transfer_p2p,transfer_p2p,0.55,transfer_p2p,transfers,712
bee network,public_transport_rail_coach,accepted,public_transport_rail_coach,public_transport_rail_coach,0.7,,transport_motoring,693
m steller,transfer_p2p,accepted_tiebreak,transfer_p2p,transfer_p2p,0.55,transfer_p2p,transfers,678
z jaskulski,transfer_p2p,accepted_tiebreak,transfer_p2p,transfer_p2p,0.55,transfer_p2p,transfers,674
beenetwork,public_transport_rail_coach,accepted_tiebreak,public_transport_rail_coach,public_transport_rail_coach,0.65,public_transport_rail_coach,transport_motoring,673
merseyside entertainments,public_transport_rail_coach,accepted_tiebreak,public_transport_rail_coach,public_transport_rail_coach,0.6,public_transport_rail_coach,transport_motoring,668
pp online,unclassified_other,abstain_residual,payment_intermediary,unclassified_other,0.3,unclassified_card_spend,unclassified,667
pokerstars,gambling_casino,auto_accept,gambling_casino,gambling_casino,0.9,,gambling,666
cox,transfer_p2p,accepted_tiebreak,broadband_tv_phone,transfer_p2p,0.55,transfer_p2p,transfers,661
trading,investment_trading,accepted,investment_trading,investment_trading,0.85,,savings_investments,659
ring basic plan,online_services,human_reviewed,home_accessories,utility_other,0.5,online_services,digital_subscriptions_services,656
telematic interactivbg,gambling_unspecified,human_reviewed,unclassified_other,gambling_unspecified,0.6,foreign_spend_unspecified,gambling,654
l&g insurance,insurance_general,accepted,insurance_general,insurance_general,0.8,,insurance,648
exchanged to sol,crypto,accepted_tiebreak,crypto,crypto,0.6,crypto,savings_investments,640
nandos.co.uk,restaurant_cafe,auto_accept,restaurant_cafe,restaurant_cafe,0.95,,eating_drinking_out,636
aaa membership,breakdown_cover,accepted,breakdown_cover,breakdown_cover,0.85,,transport_motoring,632
prime video rent buy,streaming,accepted,streaming,streaming,0.85,,digital_subscriptions_services,632
prime video add-on,streaming,accepted,streaming,streaming,0.85,,digital_subscriptions_services,627
electraworks,gambling_casino,auto_accept,gambling_casino,gambling_casino,0.9,,gambling,624
barclays savings,savings_transfer,accepted,savings_transfer,savings_transfer,0.85,,savings_investments,607
human forest,unclassified_other,abstain_residual,unclassified_other,bicycle,0.7,transport_other,unclassified,593
biola olatunji,transfer_p2p,accepted,transfer_p2p,transfer_p2p,0.75,,transfers,591
one below,discount_store,accepted,discount_store,discount_store,0.75,,groceries_household_essentials,580
voi,bicycle,accepted_general,taxi_rideshare,bicycle,0.7,transport_other,transport_motoring,575
cd sumup,payment_intermediary,accepted_tiebreak,payment_intermediary,retail_small_independent,0.4,payment_intermediary,general_retail_marketplaces,575
justpark,car_parking,auto_accept,car_parking,car_parking,0.9,,transport_motoring,575
tesla,fuel,accepted_tiebreak,vehicle_purchase,fuel,0.5,fuel,transport_motoring,570
national car parks,car_parking,auto_accept,car_parking,car_parking,0.97,,transport_motoring,565
ovoenergy,energy,auto_accept,energy,energy,0.98,,utilities_household_bills,564
barclays prtnr,retail_finance_repayment,auto_accept,retail_finance_repayment,retail_finance_repayment,0.9,,credit_loan_repayments,557
animal health care,veterinary,accepted,veterinary,veterinary,0.85,,pets,556
paramount,streaming,auto_accept,streaming,streaming,0.92,,digital_subscriptions_services,555
skill on net,gambling_casino,auto_accept,gambling_casino,gambling_casino,0.9,,gambling,554
exchanged to btc,crypto,auto_accept,crypto,crypto,0.9,,savings_investments,552
selecta u.k. limited,confectionary,accepted,confectionary,confectionary,0.85,,groceries_household_essentials,543
yourparkingspace,car_parking,auto_accept,car_parking,car_parking,0.95,,transport_motoring,542
ee device,mobile_handset,accepted,mobile_handset,mobile_handset,0.88,,general_retail_marketplaces,525
d&g ao care plan,insurance_other,accepted,insurance_other,insurance_other,0.7,,insurance,525
john lewis & partners,department_store,auto_accept,department_store,department_store,0.9,,general_retail_marketplaces,524
d murray,transfer_p2p,accepted_tiebreak,transfer_p2p,transfer_p2p,0.6,transfer_p2p,transfers,519
david lloyd,gym_fitness,auto_accept,gym_fitness,gym_fitness,0.93,,health_medical,516
ddr,unclassified_other,abstain_residual,unclassified_other,payment_intermediary,0.5,unclassified_transfer,unclassified,516
takeway,takeaway,auto_accept,takeaway,takeaway,0.9,,eating_drinking_out,516
mrs,transfer_p2p,accepted_tiebreak,transfer_p2p,transfer_p2p,0.6,transfer_p2p,transfers,514
go local extra,convenience_store,accepted,convenience_store,convenience_store,0.75,,groceries_household_essentials,513
b&m european retail value s.a.,discount_store,auto_accept,discount_store,discount_store,0.95,,groceries_household_essentials,509
aqua pi,credit_card_repayment,auto_accept,credit_card_repayment,credit_card_repayment,0.9,,credit_loan_repayments,503
t bennett,transfer_p2p,accepted_tiebreak,transfer_p2p,transfer_p2p,0.6,transfer_p2p,transfers,503
j d sports,sportswear,auto_accept,sportswear,sportswear,0.95,,clothing_personal_care,500
freeprints,printing_services,accepted_tiebreak,printing_services,retail_other,0.5,printing_services,business_self_employment,500
💰 pocket money,transfer_p2p,accepted_tiebreak,transfer_p2p,transfer_p2p,0.6,transfer_p2p,transfers,499
buzz group,gambling_bingo,accepted_tiebreak,gambling_bingo,gambling_unspecified,0.7,gambling_bingo,gambling,499
broadway casino,gambling_casino,auto_accept,gambling_casino,gambling_casino,0.9,,gambling,497
k lynn,transfer_p2p,accepted_tiebreak,transfer_p2p,transfer_p2p,0.6,transfer_p2p,transfers,497
gopuff,convenience_store,accepted,convenience_store,convenience_store,0.7,,groceries_household_essentials,496
talktalk telecom,broadband_tv_phone,auto_accept,broadband_tv_phone,broadband_tv_phone,0.95,,utilities_household_bills,496
vdp-that pr,unclassified_other,abstain_confirmed,unclassified_other,unclassified_other,0.3,,unclassified,493
mum food via,transfer_p2p,accepted,transfer_p2p,transfer_p2p,0.7,,transfers,492
savers health & be,pharmacy,auto_accept,pharmacy,pharmacy,0.9,,health_medical,475
london underground limited,public_transport_rail_coach,auto_accept,public_transport_rail_coach,public_transport_rail_coach,0.95,,transport_motoring,475
go local,convenience_store,accepted_tiebreak,convenience_store,convenience_store,0.6,convenience_store,groceries_household_essentials,472
select and save,groceries,accepted_general,groceries,groceries,0.6,convenience_store,groceries_household_essentials,470
united kingdom,transfer_p2p,accepted_tiebreak,transfer_p2p,transfer_p2p,0.55,transfer_p2p,transfers,468
smarty co uk,mobile_phone_contract,accepted,mobile_phone_contract,mobile_phone_contract,0.85,,utilities_household_bills,466
meccabingo,gambling_bingo,auto_accept,gambling_bingo,gambling_bingo,0.95,,gambling,464
the vending people ltd,unclassified_other,abstain_residual,convenience_store,retail_other,0.6,confectionary,unclassified,459
disney,streaming,auto_accept,streaming,streaming,0.95,,digital_subscriptions_services,457
poundbakery,restaurant_cafe,accepted_tiebreak,takeaway,restaurant_cafe,0.7,restaurant_cafe,eating_drinking_out,453
cd boots,pharmacy,auto_accept,pharmacy,pharmacy,0.9,,health_medical,451
perks,unclassified_other,abstain_confirmed,unclassified_other,transfer_p2p,0.55,unclassified_other,unclassified,451
broadway gaming,gambling_casino,accepted,gambling_casino,gambling_casino,0.75,,gambling,451
the gym,gym_fitness,auto_accept,gym_fitness,gym_fitness,0.95,,health_medical,450
trip,accommodation,accepted,accommodation,accommodation,0.8,,travel_holidays,447
exchanged to eth,crypto,auto_accept,crypto,crypto,0.9,,savings_investments,447
c b&m,discount_store,auto_accept,discount_store,discount_store,0.92,,groceries_household_essentials,444
pubcasino.co.uk,gambling_casino,auto_accept,gambling_casino,gambling_casino,0.9,,gambling,441
kath money,transfer_p2p,accepted,transfer_p2p,transfer_p2p,0.7,,transfers,440
transdev,public_transport_rail_coach,accepted,public_transport_rail_coach,public_transport_rail_coach,0.85,,transport_motoring,440
starling,transfer_own_account,accepted,transfer_own_account,transfer_own_account,0.75,,transfers,437
electraworks casinos & bingo sites,gambling_casino,accepted,gambling_casino,gambling_casino,0.85,,gambling,436
www.getbits.app,unclassified_other,context_dependent,unclassified_other,crypto,0.6,money_management_service,unclassified,435
one london,web_services,accepted_tiebreak,web_services,software,0.75,web_services,digital_subscriptions_services,432
very bootle,catalogue_retail,auto_accept,catalogue_retail,catalogue_retail,0.9,,general_retail_marketplaces,430
cuvva,insurance_motor,auto_accept,insurance_motor,insurance_motor,0.9,,insurance,424
overdales,debt_collection,accepted_tiebreak,unclassified_other,debt_collection,0.85,debt_collection,high_cost_distress_credit,423
domino's pizza,takeaway,auto_accept,takeaway,takeaway,0.9,,eating_drinking_out,422
b&q,home_improvement,auto_accept,home_improvement,home_improvement,0.95,,home_garden,420
miss,transfer_p2p,accepted,transfer_p2p,transfer_p2p,0.7,,transfers,415
savers,pharmacy,accepted,pharmacy,pharmacy,0.85,,health_medical,412
zettle,payment_intermediary,accepted_tiebreak,payment_intermediary,eating_out_other,0.4,payment_intermediary,general_retail_marketplaces,411
family shopper,convenience_store,accepted,convenience_store,convenience_store,0.7,,groceries_household_essentials,406
uk limited,gambling_unspecified,human_reviewed,unclassified_other,gambling_unspecified,0.55,gambling_casino,gambling,404
dad,transfer_p2p,accepted,transfer_p2p,transfer_p2p,0.8,,transfers,403
t mohammad,transfer_p2p,accepted,transfer_p2p,transfer_p2p,0.75,,transfers,401
a mussarat,transfer_p2p,accepted,transfer_p2p,transfer_p2p,0.75,,transfers,401
love holidays,holiday_package,auto_accept,holiday_package,holiday_package,0.9,,travel_holidays,398
jasmin tao hughes,transfer_p2p,accepted,transfer_p2p,transfer_p2p,0.75,,transfers,398
first central serv,insurance_motor,accepted_tiebreak,insurance_motor,insurance_motor,0.6,insurance_motor,insurance,395
shopify,business_services,accepted_tiebreak,payment_intermediary,business_services,0.5,business_services,business_self_employment,394
cd ridgewood stores,unclassified_other,abstain_residual,retail_small_independent,retail_small_independent,0.5,convenience_store,unclassified,394
flower lane sp,unclassified_other,abstain_confirmed,gifts_flowers,unclassified_other,0.3,unclassified_other,unclassified,393
s harris-day,transfer_p2p,accepted,transfer_p2p,transfer_p2p,0.75,,transfers,387
l rose,transfer_p2p,accepted,transfer_p2p,transfer_p2p,0.75,,transfers,387
esure,insurance_motor,accepted,insurance_motor,insurance_motor,0.85,,insurance,386
next retail ltd,retail_finance_repayment,human_reviewed,retail_finance_repayment,retail_finance_repayment,0.65,catalogue_retail,credit_loan_repayments,385
extra,unclassified_other,abstain_confirmed,unclassified_other,unclassified_other,0.3,,unclassified,385
pc goskippy,insurance_motor,accepted_tiebreak,insurance_pet,insurance_motor,0.85,insurance_motor,insurance,385
hpi instant ink uk,printing_supplies,accepted_tiebreak,printing_supplies,printing_supplies,0.5,printing_supplies,general_retail_marketplaces,385
contactless.travel,public_transport_rail_coach,accepted_tiebreak,travel_other,public_transport_rail_coach,0.5,public_transport_rail_coach,transport_motoring,384
heartbingo,gambling_bingo,auto_accept,gambling_bingo,gambling_bingo,0.9,,gambling,383
max,unclassified_other,abstain_confirmed,streaming,unclassified_other,0.4,unclassified_other,unclassified,382
tsb bank,transfer_p2p,accepted_tiebreak,transfer_own_account,transfer_p2p,0.55,transfer_p2p,transfers,380
d townsley,transfer_p2p,accepted_tiebreak,transfer_p2p,transfer_p2p,0.6,transfer_p2p,transfers,379
j javed,transfer_p2p,accepted_tiebreak,transfer_p2p,transfer_p2p,0.6,transfer_p2p,transfers,376
exchanged to xrp,crypto,accepted,crypto,crypto,0.85,,savings_investments,375
bolt.eu o,taxi_rideshare,accepted,taxi_rideshare,taxi_rideshare,0.85,,transport_motoring,375
classic plus,transfer_own_account,accepted_tiebreak,transfer_own_account,transfer_own_account,0.55,transfer_own_account,transfers,375
miss bethany r tas,transfer_p2p,accepted_tiebreak,transfer_p2p,transfer_p2p,0.6,transfer_p2p,transfers,374
lci,unclassified_other,abstain_confirmed,payment_intermediary,unclassified_other,0.3,unclassified_other,unclassified,369
itvx,streaming,auto_accept,streaming,streaming,0.9,,digital_subscriptions_services,369
m gleeson,transfer_p2p,accepted_tiebreak,transfer_p2p,transfer_p2p,0.6,transfer_p2p,transfers,366
jordan mckenna mum,transfer_p2p,accepted,transfer_p2p,transfer_p2p,0.7,,transfers,366
moredon stores,convenience_store,accepted_tiebreak,convenience_store,convenience_store,0.6,convenience_store,groceries_household_essentials,359
who internet,unclassified_other,abstain_confirmed,broadband_tv_phone,unclassified_other,0.3,unclassified_other,unclassified,356
apple store,computing_devices,accepted_tiebreak,computing_devices,computing_devices,0.55,computing_devices,general_retail_marketplaces,355
marbles,credit_card_repayment,accepted,credit_card_repayment,credit_card_repayment,0.85,,credit_loan_repayments,354
fairforyou,retail_finance_repayment,accepted_tiebreak,bnpl,retail_finance_repayment,0.75,retail_finance_repayment,credit_loan_repayments,354
james,transfer_p2p,accepted,transfer_p2p,transfer_p2p,0.75,,transfers,353
lowell group,debt_collection,auto_accept,debt_collection,debt_collection,0.92,,high_cost_distress_credit,353
grab,taxi_rideshare,accepted_tiebreak,taxi_rideshare,takeaway,0.5,taxi_rideshare,transport_motoring,353
scottishpower,energy,auto_accept,energy,energy,0.97,,utilities_household_bills,351
sky tv,broadband_tv_phone,accepted,broadband_tv_phone,broadband_tv_phone,0.85,,utilities_household_bills,350
cooplands,restaurant_cafe,accepted,restaurant_cafe,restaurant_cafe,0.75,,eating_drinking_out,350
scotmid co-operative,groceries,auto_accept,groceries,groceries,0.92,,groceries_household_essentials,350
ag communications,broadband_tv_phone,accepted_tiebreak,broadband_tv_phone,broadband_tv_phone,0.6,broadband_tv_phone,utilities_household_bills,348
mum,transfer_p2p,accepted,transfer_p2p,transfer_p2p,0.85,,transfers,348
close,insurance_general,accepted_tiebreak,insurance_general,insurance_general,0.5,insurance_general,insurance,348
best one express,convenience_store,accepted,convenience_store,convenience_store,0.85,,groceries_household_essentials,348
petplan,insurance_pet,auto_accept,insurance_pet,insurance_pet,0.95,,pets,347
polesworth convenience,convenience_store,auto_accept,convenience_store,convenience_store,0.92,,groceries_household_essentials,346
m horrix,transfer_p2p,accepted_tiebreak,transfer_p2p,personal_loan_repayment,0.55,transfer_p2p,transfers,344
michaels,transfer_p2p,accepted_tiebreak,transfer_p2p,transfer_p2p,0.6,transfer_p2p,transfers,343
brighton and hove buses,public_transport_rail_coach,auto_accept,public_transport_rail_coach,public_transport_rail_coach,0.92,,transport_motoring,342
hellofresh,groceries,accepted,groceries,groceries,0.7,,groceries_household_essentials,341
kens convenien winsford,convenience_store,accepted,convenience_store,convenience_store,0.85,,groceries_household_essentials,339
a dawson,transfer_p2p,accepted_tiebreak,transfer_p2p,transfer_p2p,0.55,transfer_p2p,transfers,339
home insurancelbis,insurance_home,accepted,insurance_home,insurance_home,0.85,,insurance,337
tgtg,takeaway,accepted_tiebreak,takeaway,groceries,0.6,takeaway,eating_drinking_out,337
c weston,transfer_p2p,accepted_tiebreak,unclassified_other,transfer_p2p,0.6,transfer_p2p,transfers,336
wescot credit services,debt_collection,auto_accept,debt_collection,debt_collection,0.9,,high_cost_distress_credit,334
r green,transfer_p2p,accepted_tiebreak,transfer_p2p,transfer_p2p,0.6,transfer_p2p,transfers,334
fraud,refund_received,accepted,refund_received,refund_received,0.75,,income_other,333
doublebubblebingo,gambling_bingo,auto_accept,gambling_bingo,gambling_bingo,0.9,,gambling,332
happytiger,takeaway,accepted_general,takeaway,takeaway,0.55,eating_out_other,eating_drinking_out,332
oodle car finance,car_finance_repayment,auto_accept,car_finance_repayment,car_finance_repayment,0.92,,credit_loan_repayments,329
driving standards agency,driving_tuition,accepted,driving_tuition,driving_tuition,0.75,,childcare_education,328
cd spar,groceries,accepted,groceries,groceries,0.85,,groceries_household_essentials,328
dixy chicken,takeaway,auto_accept,takeaway,takeaway,0.9,,eating_drinking_out,328
fnz,unclassified_other,abstain_confirmed,unclassified_other,investment_general,0.55,unclassified_other,unclassified,328
savers health and beauty,pharmacy,accepted,pharmacy,pharmacy,0.8,,health_medical,327
robinson hello,transfer_p2p,accepted_tiebreak,transfer_p2p,transfer_p2p,0.6,transfer_p2p,transfers,326
dazn,streaming,accepted,streaming,streaming,0.85,,digital_subscriptions_services,325
j berryman,transfer_p2p,accepted_tiebreak,transfer_p2p,transfer_p2p,0.6,transfer_p2p,transfers,324
betano.co.uk,gambling_betting,accepted,gambling_betting,gambling_betting,0.85,,gambling,322
a betteridge,transfer_p2p,accepted_tiebreak,transfer_p2p,transfer_p2p,0.55,transfer_p2p,transfers,321
bodycare,health_beauty_general,accepted_tiebreak,pharmacy,health_beauty_general,0.6,health_beauty_general,clothing_personal_care,320
ltd,unclassified_other,abstain_confirmed,unclassified_other,unclassified_other,0.3,,unclassified,320
t j morris ltd,discount_store,accepted,discount_store,discount_store,0.75,,groceries_household_essentials,318
albert,transfer_p2p,accepted_tiebreak,transfer_p2p,savings_transfer,0.55,transfer_p2p,transfers,318
d meccabingo,gambling_bingo,auto_accept,gambling_bingo,gambling_bingo,0.95,,gambling,315
xero,accountancy,accepted_tiebreak,software,accountancy,0.85,accountancy,business_self_employment,313
sarah,transfer_p2p,accepted,transfer_p2p,transfer_p2p,0.75,,transfers,313
volvo,vehicle_purchase,human_reviewed,unclassified_other,vehicle_purchase,0.4,car_finance_repayment,transport_motoring,313
youfibre,broadband_tv_phone,accepted,broadband_tv_phone,broadband_tv_phone,0.85,,utilities_household_bills,310
lavazza professional uk,confectionary,accepted,confectionary,confectionary,0.7,,groceries_household_essentials,310
twilio,web_services,accepted,web_services,web_services,0.85,,digital_subscriptions_services,307
mortimer clarke,debt_collection,accepted_tiebreak,unclassified_other,debt_collection,0.8,debt_collection,high_cost_distress_credit,307
gbp pro,unclassified_other,abstain_confirmed,unclassified_other,unclassified_other,0.3,,unclassified,305
natwest loan,personal_loan_repayment,accepted_tiebreak,loan_repayment_dd,personal_loan_repayment,0.85,personal_loan_repayment,credit_loan_repayments,305
allianz,insurance_general,accepted,insurance_general,insurance_general,0.75,,insurance,302
timpson,unclassified_other,abstain_residual,retail_small_independent,retail_small_independent,0.5,home_repair,unclassified,302
asda.george,clothing_general,accepted,clothing_general,clothing_general,0.7,,clothing_personal_care,302
broderick vend,confectionary,accepted_tiebreak,confectionary,convenience_store,0.55,confectionary,groceries_household_essentials,302
whatnot cd,marketplace_general,accepted_tiebreak,unclassified_other,marketplace_general,0.6,marketplace_general,general_retail_marketplaces,302
d inayatullah,transfer_p2p,accepted_tiebreak,transfer_p2p,transfer_p2p,0.65,transfer_p2p,transfers,300
nyx,unclassified_other,abstain_residual,health_beauty_general,skin_hair_care,0.5,days_out,unclassified,300
cd nyx,unclassified_other,abstain_residual,health_beauty_general,beauty_treatment,0.4,confectionary,unclassified,299
aspire,prize_competitions,accepted_tiebreak,prize_competitions,prize_competitions,0.55,prize_competitions,gambling,298
justeatcouk,takeaway,auto_accept,takeaway,takeaway,0.95,,eating_drinking_out,295
barnardo's,charitable_donation,accepted,charitable_donation,charitable_donation,0.85,,charitable_political_giving,293
dhgate,marketplace_general,accepted,marketplace_general,marketplace_general,0.85,,general_retail_marketplaces,292
everyday,unclassified_other,abstain_confirmed,unclassified_other,unclassified_other,0.3,,unclassified,291
d whitworth,transfer_p2p,accepted_tiebreak,transfer_p2p,transfer_p2p,0.6,transfer_p2p,transfers,290
s sprigg,transfer_p2p,accepted_tiebreak,transfer_p2p,transfer_p2p,0.6,transfer_p2p,transfers,288
tv licensing spp,tv_licence,auto_accept,tv_licence,tv_licence,0.95,,utilities_household_bills,288
d gleed,transfer_p2p,accepted_tiebreak,transfer_p2p,transfer_p2p,0.6,transfer_p2p,transfers,288
rooster money,prepaid_card,accepted_tiebreak,prepaid_card,financial_services_other,0.4,prepaid_card,transfers,287
david,transfer_p2p,accepted_tiebreak,transfer_p2p,transfer_p2p,0.55,transfer_p2p,transfers,287
mob miss jessica marsh,transfer_p2p,accepted_tiebreak,transfer_p2p,transfer_p2p,0.6,transfer_p2p,transfers,287
j de battisti,transfer_p2p,accepted_tiebreak,restaurant_cafe,transfer_p2p,0.55,transfer_p2p,transfers,285
paypoint,payment_intermediary,accepted_tiebreak,payment_intermediary,utility_other,0.4,payment_intermediary,general_retail_marketplaces,285
trustly uk limited,payment_intermediary,accepted_tiebreak,payment_intermediary,payment_intermediary,0.55,payment_intermediary,general_retail_marketplaces,284
s fagan,transfer_p2p,accepted_tiebreak,transfer_p2p,transfer_p2p,0.55,transfer_p2p,transfers,283
s harris,transfer_p2p,accepted_tiebreak,transfer_p2p,transfer_p2p,0.6,transfer_p2p,transfers,283
nx bus,public_transport_rail_coach,accepted,public_transport_rail_coach,public_transport_rail_coach,0.85,,transport_motoring,282
my jaja,credit_card_repayment,human_reviewed,prepaid_card,prepaid_card,0.4,credit_card_repayment,credit_loan_repayments,282
paysafecard,prepaid_card,accepted_tiebreak,prepaid_card,prepaid_card,0.55,prepaid_card,transfers,281
diamond draws,prize_competitions,accepted,prize_competitions,prize_competitions,0.75,,gambling,281
three square market,convenience_store,accepted,convenience_store,convenience_store,0.7,,groceries_household_essentials,279
apple itunes,streaming,accepted_general,streaming,streaming,0.4,software,digital_subscriptions_services,279
currys pc world,computing_devices,accepted,computing_devices,computing_devices,0.85,,general_retail_marketplaces,279
whataday,unclassified_other,abstain_confirmed,takeaway,unclassified_other,0.3,unclassified_other,unclassified,277
decorum vending payter,convenience_store,accepted_general,convenience_store,convenience_store,0.5,confectionary,groceries_household_essentials,276
breeze competition cd,prize_competitions,accepted,prize_competitions,prize_competitions,0.7,,gambling,276
r brandenberg,transfer_p2p,accepted_tiebreak,transfer_p2p,transfer_p2p,0.6,transfer_p2p,transfers,275
ring,unclassified_other,abstain_residual,home_accessories,web_services,0.5,online_services,unclassified,275
novuna personal fi,personal_loan_repayment,accepted,personal_loan_repayment,personal_loan_repayment,0.85,,credit_loan_repayments,274
alife ahmed,transfer_p2p,accepted,transfer_p2p,transfer_p2p,0.7,,transfers,274
natwest bank,financial_institution_unspecified,accepted,financial_institution_unspecified,financial_institution_unspecified,0.7,,unclassified,274
the,unclassified_other,abstain_confirmed,unclassified_other,unclassified_other,0.3,,unclassified,272
l and l,unclassified_other,abstain_confirmed,unclassified_other,unclassified_other,0.3,,unclassified,272
britannia parking,car_parking,accepted_tiebreak,car_parking,car_parking,0.6,car_parking,transport_motoring,268
resolvecall limite,debt_collection,accepted_tiebreak,unclassified_other,debt_collection,0.6,debt_collection,high_cost_distress_credit,268
c strickland,transfer_p2p,accepted_tiebreak,transfer_p2p,transfer_p2p,0.6,transfer_p2p,transfers,267
blink,unclassified_other,abstain_residual,gym_fitness,car_parking,0.4,unclassified_recurring,unclassified,267
stars,gambling_casino,accepted_tiebreak,gambling_unspecified,gambling_casino,0.5,gambling_casino,gambling,267
day today,convenience_store,accepted_tiebreak,personal_loan_repayment,convenience_store,0.55,convenience_store,groceries_household_essentials,267
co-op food,groceries,auto_accept,groceries,groceries,0.95,,groceries_household_essentials,266
oculus,gaming_console_pc,accepted,gaming_console_pc,gaming_console_pc,0.7,,entertainment_leisure,264
gwr,public_transport_rail_coach,accepted,public_transport_rail_coach,public_transport_rail_coach,0.85,,transport_motoring,263
q-park,car_parking,auto_accept,car_parking,car_parking,0.9,,transport_motoring,263
annie doyle,transfer_p2p,accepted,transfer_p2p,transfer_p2p,0.75,,transfers,262
nettleship ag,transfer_p2p,accepted_tiebreak,transfer_p2p,transfer_p2p,0.65,transfer_p2p,transfers,262
caffè nero,restaurant_cafe,auto_accept,restaurant_cafe,restaurant_cafe,0.9,,eating_drinking_out,262
robert turner,transfer_p2p,accepted,transfer_p2p,transfer_p2p,0.7,,transfers,262
l watts,transfer_p2p,accepted_tiebreak,transfer_p2p,transfer_p2p,0.65,transfer_p2p,transfers,261
d&g ao care,insurance_general,accepted_tiebreak,insurance_motor,insurance_general,0.6,insurance_general,insurance,261
bits,unclassified_other,abstain_residual,personal_loan_repayment,personal_loan_repayment,0.55,payday_loan,unclassified,259
c rymond,transfer_p2p,accepted_tiebreak,transfer_p2p,transfer_p2p,0.65,transfer_p2p,transfers,259
a cawley,transfer_p2p,accepted_tiebreak,transfer_p2p,transfer_p2p,0.65,transfer_p2p,transfers,259
enterprise rent-a-car,car_hire,auto_accept,car_hire,car_hire,0.9,,transport_motoring,257
a bartley,transfer_p2p,accepted_tiebreak,transfer_p2p,transfer_p2p,0.55,transfer_p2p,transfers,257
cd savers health & beauty,pharmacy,accepted,pharmacy,pharmacy,0.85,,health_medical,256
bingo cash,gambling_bingo,accepted,gambling_bingo,gambling_bingo,0.85,,gambling,256
skyline chili,takeaway,accepted_tiebreak,takeaway,restaurant_cafe,0.75,takeaway,eating_drinking_out,255
l simm,transfer_p2p,accepted_tiebreak,transfer_p2p,transfer_p2p,0.65,transfer_p2p,transfers,254
loveholidays,holiday_package,auto_accept,holiday_package,holiday_package,0.95,,travel_holidays,254
morrisons petrol,fuel,auto_accept,fuel,fuel,0.97,,transport_motoring,253
acorn insurance,insurance_motor,accepted_tiebreak,insurance_general,insurance_motor,0.75,insurance_motor,insurance,253
exchanged to eur,foreign_currency,accepted,foreign_currency,foreign_currency,0.7,,travel_holidays,253
kausys e,transfer_p2p,accepted,transfer_p2p,transfer_p2p,0.7,,transfers,253
a harkins,transfer_p2p,accepted_tiebreak,unclassified_other,transfer_p2p,0.55,transfer_p2p,transfers,252
jollyes,pet_supplies,auto_accept,pet_supplies,pet_supplies,0.95,,pets,252
wolf competitions,prize_competitions,accepted,prize_competitions,prize_competitions,0.85,,gambling,252
r c dell s dell,transfer_p2p,accepted_tiebreak,transfer_p2p,transfer_p2p,0.65,transfer_p2p,transfers,251
haven serve,unclassified_other,abstain_residual,takeaway,restaurant_cafe,0.5,convenience_store,unclassified,251
sky betting and ga,gambling_betting,auto_accept,gambling_betting,gambling_betting,0.97,,gambling,251
premier express,unclassified_other,abstain_residual,public_transport_rail_coach,unclassified_other,0.4,convenience_store,unclassified,251
888.com,gambling_casino,auto_accept,gambling_casino,gambling_casino,0.9,,gambling,250
first west of england,public_transport_rail_coach,accepted,public_transport_rail_coach,public_transport_rail_coach,0.7,,transport_motoring,250
tote,gambling_betting,accepted,gambling_betting,gambling_betting,0.7,,gambling,250
sainsburys.co.uk,groceries,auto_accept,groceries,groceries,0.9,,groceries_household_essentials,250
rac insurance services,insurance_motor,accepted,insurance_motor,insurance_motor,0.85,,insurance,250
google storage,web_services,accepted,web_services,web_services,0.75,,digital_subscriptions_services,249
angel hill site,car_parking,accepted_tiebreak,car_parking,fuel,0.55,car_parking,transport_motoring,246
autopart international,gambling_casino,accepted_general,gambling_casino,gambling_casino,0.6,gambling_betting,gambling,246
phoenix stores,convenience_store,accepted,convenience_store,convenience_store,0.75,,groceries_household_essentials,244
morvendltd,confectionary,accepted_tiebreak,confectionary,convenience_store,0.4,confectionary,groceries_household_essentials,243
m wilson,transfer_p2p,accepted_tiebreak,transfer_p2p,transfer_p2p,0.6,transfer_p2p,transfers,242
crane and dragon,pub_bar,accepted_tiebreak,restaurant_cafe,pub_bar,0.55,pub_bar,eating_drinking_out,241
palladium competitions,prize_competitions,accepted,prize_competitions,prize_competitions,0.75,,gambling,241
l pleace,transfer_p2p,accepted_tiebreak,transfer_p2p,transfer_p2p,0.55,transfer_p2p,transfers,240
t allen,transfer_p2p,accepted_tiebreak,transfer_p2p,transfer_p2p,0.6,transfer_p2p,transfers,240
a watson,transfer_p2p,accepted_tiebreak,transfer_p2p,transfer_p2p,0.6,transfer_p2p,transfers,239
dott scooter ride,transport_other,accepted_tiebreak,taxi_rideshare,transport_other,0.7,transport_other,transport_motoring,238
bettavendltd,confectionary,accepted_tiebreak,confectionary,convenience_store,0.5,confectionary,groceries_household_essentials,237
twitch,streaming,accepted,streaming,streaming,0.7,,digital_subscriptions_services,237
finio loans,personal_loan_repayment,accepted,personal_loan_repayment,personal_loan_repayment,0.85,,credit_loan_repayments,236
novuna personal,personal_loan_repayment,accepted_tiebreak,personal_loan_repayment,retail_finance_repayment,0.75,personal_loan_repayment,credit_loan_repayments,236
tesco stores,groceries,auto_accept,groceries,groceries,0.9,,groceries_household_essentials,236
lowell,debt_collection,accepted,debt_collection,debt_collection,0.85,,high_cost_distress_credit,236
avant,unclassified_other,abstain_human,personal_loan_repayment,personal_loan_repayment,0.5,unclassified_other,unclassified,235
everyday lending,personal_loan_repayment,accepted,personal_loan_repayment,personal_loan_repayment,0.85,,credit_loan_repayments,235
elite competition,prize_competitions,accepted,prize_competitions,prize_competitions,0.75,,gambling,234
rontec,fuel,accepted_tiebreak,taxi_rideshare,fuel,0.8,fuel,transport_motoring,234
k homles,transfer_p2p,accepted_tiebreak,transfer_p2p,transfer_p2p,0.55,transfer_p2p,transfers,233
n poole,transfer_p2p,accepted_tiebreak,transfer_p2p,transfer_p2p,0.6,transfer_p2p,transfers,233
jd sports fashion plc,sportswear,auto_accept,sportswear,sportswear,0.95,,clothing_personal_care,232
trustly uk limited pi,payment_intermediary,accepted,payment_intermediary,payment_intermediary,0.7,,general_retail_marketplaces,232
a pasker,transfer_p2p,accepted_tiebreak,transfer_p2p,transfer_p2p,0.6,transfer_p2p,transfers,232
frasers plus,retail_finance_repayment,accepted_tiebreak,restaurant_cafe,retail_finance_repayment,0.75,retail_finance_repayment,credit_loan_repayments,232
ebay uk,marketplace_general,auto_accept,marketplace_general,marketplace_general,0.9,,general_retail_marketplaces,232
first response fin,personal_loan_repayment,accepted,personal_loan_repayment,personal_loan_repayment,0.85,,credit_loan_repayments,230
wagamama,restaurant_cafe,auto_accept,restaurant_cafe,restaurant_cafe,0.9,,eating_drinking_out,230
amusement game,gambling_unspecified,accepted_tiebreak,gaming_online,gambling_unspecified,0.6,gambling_unspecified,gambling,228
cent rec group,debt_collection,accepted,debt_collection,debt_collection,0.75,,high_cost_distress_credit,228
buzz bingo,gambling_bingo,auto_accept,gambling_bingo,gambling_bingo,0.9,,gambling,227
exchanged to floki,crypto,accepted,crypto,crypto,0.8,,savings_investments,227
stacey,transfer_p2p,accepted_tiebreak,transfer_p2p,transfer_p2p,0.6,transfer_p2p,transfers,226
forest,unclassified_other,abstain_confirmed,unclassified_other,unclassified_other,0.4,,unclassified,225
platinum m,credit_card_repayment,accepted_tiebreak,credit_card_repayment,credit_card_repayment,0.6,credit_card_repayment,credit_loan_repayments,225
the ship,pub_bar,accepted_tiebreak,pub_bar,pub_bar,0.6,pub_bar,eating_drinking_out,225
rac motoring servi,breakdown_cover,auto_accept,breakdown_cover,breakdown_cover,0.9,,transport_motoring,225
brent parking,car_parking,auto_accept,car_parking,car_parking,0.9,,transport_motoring,224
s fogarty,transfer_p2p,accepted_tiebreak,transfer_p2p,transfer_p2p,0.6,transfer_p2p,transfers,223
the people's postcode,gambling_lottery,accepted,gambling_lottery,gambling_lottery,0.85,,gambling,221
wh smith,books,accepted,books,books,0.75,,entertainment_leisure,220
swipez,foreign_spend_unspecified,accepted_tiebreak,foreign_spend_unspecified,unclassified_other,0.4,foreign_spend_unspecified,travel_holidays,220
ee ltd,mobile_phone_contract,auto_accept,mobile_phone_contract,mobile_phone_contract,0.92,,utilities_household_bills,219
s edwards,transfer_p2p,accepted_tiebreak,unclassified_other,transfer_p2p,0.6,transfer_p2p,transfers,218
ry's competitions,prize_competitions,accepted,prize_competitions,prize_competitions,0.7,,gambling,217
d poole,transfer_p2p,accepted_tiebreak,unclassified_other,transfer_p2p,0.6,transfer_p2p,transfers,216
aws,unclassified_other,abstain_residual,web_services,web_services,0.6,unclassified_other,unclassified,216
c boots,pharmacy,accepted,pharmacy,pharmacy,0.85,,health_medical,216
cdkeys com,gaming_console_pc,accepted,gaming_console_pc,gaming_console_pc,0.75,,entertainment_leisure,215
george,transfer_p2p,accepted_tiebreak,unclassified_other,transfer_p2p,0.5,transfer_p2p,transfers,215
bg services,vehicle_maintenance,accepted_general,vehicle_maintenance,vehicle_maintenance,0.4,vehicle_servicing,transport_motoring,214
adam elves,transfer_p2p,accepted_tiebreak,transfer_p2p,transfer_p2p,0.65,transfer_p2p,transfers,214
regal gaming and leisu,gambling_unspecified,accepted_tiebreak,gaming_online,gambling_unspecified,0.6,gambling_unspecified,gambling,214
steven roberts,transfer_p2p,accepted_tiebreak,transfer_p2p,transfer_p2p,0.65,transfer_p2p,transfers,214
andrew forshaw shan,transfer_p2p,accepted_tiebreak,transfer_p2p,transfer_p2p,0.65,transfer_p2p,transfers,214
cd the,pub_bar,accepted_tiebreak,pub_bar,pub_bar,0.5,pub_bar,eating_drinking_out,213
dsolpay,unclassified_other,abstain_residual,foreign_spend_unspecified,unclassified_other,0.35,payment_intermediary,unclassified,213
walton pub com,pub_bar,accepted,pub_bar,pub_bar,0.85,,eating_drinking_out,213
nadezda kononova,transfer_p2p,accepted_tiebreak,transfer_p2p,transfer_p2p,0.65,transfer_p2p,transfers,211
peter mackie,transfer_p2p,accepted_tiebreak,transfer_p2p,transfer_p2p,0.65,transfer_p2p,transfers,211
rac motoring,breakdown_cover,auto_accept,breakdown_cover,breakdown_cover,0.9,,transport_motoring,210
ojuolape s,transfer_p2p,accepted,transfer_p2p,transfer_p2p,0.7,,transfers,210
r cozza,unclassified_other,abstain_residual,restaurant_cafe,transfer_p2p,0.55,unclassified_other,unclassified,210
zabka,convenience_store,accepted,convenience_store,convenience_store,0.85,,groceries_household_essentials,210
chaiwalla,restaurant_cafe,accepted,restaurant_cafe,restaurant_cafe,0.75,,eating_drinking_out,208
m edwards,transfer_p2p,accepted,transfer_p2p,transfer_p2p,0.7,,transfers,208
dream car giveaway,prize_competitions,accepted,prize_competitions,prize_competitions,0.85,,gambling,208
metrobus,public_transport_rail_coach,accepted,public_transport_rail_coach,public_transport_rail_coach,0.8,,transport_motoring,208
loan,personal_loan_repayment,accepted_tiebreak,loan_repayment_manual,personal_loan_repayment,0.6,personal_loan_repayment,credit_loan_repayments,208
red cars taxis,taxi_rideshare,auto_accept,taxi_rideshare,taxi_rideshare,0.9,,transport_motoring,206
frank ha,transfer_p2p,accepted_tiebreak,transfer_p2p,transfer_p2p,0.65,transfer_p2p,transfers,206
h massingham,transfer_p2p,accepted,transfer_p2p,transfer_p2p,0.7,,transfers,206
liverpool victoria insurance,insurance_general,accepted,insurance_general,insurance_general,0.85,,insurance,205
talksport bet,gambling_betting,auto_accept,gambling_betting,gambling_betting,0.9,,gambling,205
nicola,transfer_p2p,accepted,transfer_p2p,transfer_p2p,0.75,,transfers,205
peacock,clothing_general,accepted_tiebreak,unclassified_other,clothing_general,0.5,clothing_general,clothing_personal_care,205
r fakir,transfer_p2p,accepted,transfer_p2p,transfer_p2p,0.7,,transfers,204
singh stores,convenience_store,accepted_tiebreak,convenience_store,convenience_store,0.6,convenience_store,groceries_household_essentials,204
m palmer,transfer_p2p,accepted_tiebreak,transfer_p2p,transfer_p2p,0.6,transfer_p2p,transfers,204
well pharmacy,pharmacy,auto_accept,pharmacy,pharmacy,0.9,,health_medical,203
sky betting and,gambling_betting,auto_accept,gambling_betting,gambling_betting,0.95,,gambling,203
ltduk,unclassified_other,abstain_residual,health_beauty_general,beauty_treatment,0.4,unclassified_other,unclassified,203
loqbox grow,revolving_credit_repayment,human_reviewed,savings_transfer,credit_card_repayment,0.55,credit_reporting_service,credit_loan_repayments,203
pra uk limited,debt_collection,accepted_tiebreak,clothing_general,debt_collection,0.85,debt_collection,high_cost_distress_credit,203
manor view stores,convenience_store,accepted_tiebreak,convenience_store,unclassified_other,0.3,convenience_store,groceries_household_essentials,203
amazon.uk,marketplace_amazon,accepted_tiebreak,marketplace_amazon,marketplace_amazon,0.6,marketplace_amazon,general_retail_marketplaces,201
daneil fortr,transfer_p2p,accepted_tiebreak,transfer_p2p,transfer_p2p,0.6,transfer_p2p,transfers,201
south east water,water,auto_accept,water,water,0.97,,utilities_household_bills,200
northern rail,public_transport_rail_coach,auto_accept,public_transport_rail_coach,public_transport_rail_coach,0.96,,transport_motoring,200
your local,pub_bar,accepted_tiebreak,pub_bar,restaurant_cafe,0.4,pub_bar,eating_drinking_out,200
unite the union,trade_union,auto_accept,trade_union,trade_union,0.95,,business_self_employment,199
mirror bingo,gambling_bingo,auto_accept,gambling_bingo,gambling_bingo,0.95,,gambling,199
anthony page,transfer_p2p,accepted_tiebreak,transfer_p2p,transfer_p2p,0.55,transfer_p2p,transfers,199
hanna watson,transfer_p2p,accepted_tiebreak,transfer_p2p,transfer_p2p,0.6,transfer_p2p,transfers,198
cd zettle,payment_intermediary,accepted_tiebreak,payment_intermediary,restaurant_cafe,0.4,payment_intermediary,general_retail_marketplaces,198
c cato,transfer_p2p,accepted_tiebreak,unclassified_other,transfer_p2p,0.45,transfer_p2p,transfers,198
wingstop,takeaway,accepted,takeaway,takeaway,0.75,,eating_drinking_out,198
john,transfer_p2p,accepted_tiebreak,transfer_p2p,transfer_p2p,0.55,transfer_p2p,transfers,197
lci limited,unclassified_other,abstain_confirmed,unclassified_other,unclassified_other,0.35,,unclassified,196
m smallridge,transfer_p2p,accepted_tiebreak,transfer_p2p,transfer_p2p,0.6,transfer_p2p,transfers,195
zynga,gaming_mobile,accepted,gaming_mobile,gaming_mobile,0.85,,entertainment_leisure,195
pending,taxi_rideshare,accepted,taxi_rideshare,taxi_rideshare,0.75,,transport_motoring,194
kash retail,unclassified_other,abstain_confirmed,unclassified_other,unclassified_other,0.4,,unclassified,194
madalina n,transfer_p2p,accepted,transfer_p2p,transfer_p2p,0.75,,transfers,194
ee topup vesta,mobile_phone_contract,accepted,mobile_phone_contract,mobile_phone_contract,0.75,,utilities_household_bills,193
the corner shop,convenience_store,accepted,convenience_store,convenience_store,0.7,,groceries_household_essentials,192
wlt,unclassified_other,abstain_confirmed,unclassified_other,unclassified_other,0.4,,unclassified,192
dgi sky protect,insurance_general,accepted_tiebreak,unclassified_other,insurance_general,0.65,insurance_general,insurance,192
pfs mfg meole,fuel,accepted_tiebreak,unclassified_other,fuel,0.7,fuel,transport_motoring,192
carbon,convenience_store,accepted_general,convenience_store,convenience_store,0.55,confectionary,groceries_household_essentials,192
robert hall,transfer_p2p,accepted,transfer_p2p,transfer_p2p,0.7,,transfers,192
budgetenergy,energy,auto_accept,energy,energy,0.9,,utilities_household_bills,191
virgin games cd,gambling_casino,accepted,gambling_casino,gambling_casino,0.85,,gambling,191
hpi,printing_supplies,accepted_tiebreak,software,printing_supplies,0.6,printing_supplies,general_retail_marketplaces,191
domestic & general insurance,insurance_general,auto_accept,insurance_general,insurance_general,0.9,,insurance,191
megan louise palme,transfer_p2p,accepted,transfer_p2p,transfer_p2p,0.7,,transfers,191
seccl,investment_general,accepted_tiebreak,payment_intermediary,investment_general,0.6,investment_general,savings_investments,191
angel hill,unclassified_other,abstain_confirmed,unclassified_other,unclassified_other,0.35,,unclassified,190
monopolygo!,gambling_casino,accepted,gambling_casino,gambling_casino,0.85,,gambling,190
bits app,unclassified_other,context_dependent,unclassified_other,investment_general,0.55,money_management_service,unclassified,190
dwr cymru,water,auto_accept,water,water,0.97,,utilities_household_bills,190
b nussey,transfer_p2p,accepted,transfer_p2p,transfer_p2p,0.75,,transfers,189
onebeyond,unclassified_other,abstain_confirmed,unclassified_other,unclassified_other,0.4,,unclassified,189
kittybingo,gambling_bingo,auto_accept,gambling_bingo,gambling_bingo,0.92,,gambling,189
hollywoodbowlgroupp,days_out,accepted_general,entertainment_other,days_out,0.75,sports_participation,entertainment_leisure,188
g cameron,transfer_p2p,accepted,transfer_p2p,transfer_p2p,0.75,,transfers,187
wild boar,pub_bar,accepted_tiebreak,pub_bar,pub_bar,0.65,pub_bar,eating_drinking_out,187
melvin,transfer_p2p,accepted,transfer_p2p,transfer_p2p,0.8,,transfers,186
e kalenga,transfer_p2p,accepted,transfer_p2p,transfer_p2p,0.75,,transfers,186
premier store,convenience_store,accepted_general,convenience_store,convenience_store,0.6,groceries,groceries_household_essentials,186
heathfield mini market,convenience_store,accepted,convenience_store,convenience_store,0.85,,groceries_household_essentials,186
vendltd,unclassified_other,abstain_residual,unclassified_other,retail_other,0.4,confectionary,unclassified,185
cd subway,takeaway,accepted,takeaway,takeaway,0.85,,eating_drinking_out,185
welcome,unclassified_other,abstain_confirmed,unclassified_other,unclassified_other,0.4,,unclassified,185
personal,unclassified_other,abstain_confirmed,unclassified_other,unclassified_other,0.4,,unclassified,185
laura pearse,transfer_p2p,accepted,transfer_p2p,transfer_p2p,0.8,,transfers,185
british airways,flights,auto_accept,flights,flights,0.9,,travel_holidays,184
pauls news,convenience_store,accepted,convenience_store,convenience_store,0.75,,groceries_household_essentials,184
mersey tunnels,tolls,auto_accept,tolls,tolls,0.9,,transport_motoring,184
white,unclassified_other,abstain_confirmed,unclassified_other,unclassified_other,0.35,,unclassified,183
corner shop,convenience_store,accepted,convenience_store,convenience_store,0.8,,groceries_household_essentials,183
tempcover,insurance_motor,accepted_tiebreak,insurance_general,insurance_motor,0.75,insurance_motor,insurance,183
humber bridge board,tolls,accepted,tolls,tolls,0.8,,transport_motoring,183
samantha scragg sammy,transfer_p2p,accepted,transfer_p2p,transfer_p2p,0.75,,transfers,183
the gladstone,pub_bar,accepted_tiebreak,pub_bar,pub_bar,0.6,pub_bar,eating_drinking_out,183
first eastern counties,public_transport_rail_coach,accepted_tiebreak,public_transport_rail_coach,public_transport_rail_coach,0.65,public_transport_rail_coach,transport_motoring,182
stakemate,gambling_betting,accepted_general,gambling_betting,gambling_betting,0.6,gambling_unspecified,gambling,182
miss c,transfer_p2p,accepted_tiebreak,transfer_p2p,transfer_p2p,0.6,transfer_p2p,transfers,182
cd first,public_transport_rail_coach,accepted_tiebreak,public_transport_rail_coach,public_transport_rail_coach,0.55,public_transport_rail_coach,transport_motoring,182
jessica louise jam money,transfer_p2p,accepted,transfer_p2p,transfer_p2p,0.7,,transfers,182
the hd,transfer_own_account,accepted_tiebreak,transfer_p2p,transfer_own_account,0.45,transfer_own_account,transfers,181
the kings arms,pub_bar,accepted,pub_bar,pub_bar,0.85,,eating_drinking_out,181
cd morr,unclassified_other,abstain_residual,public_transport_rail_coach,unclassified_other,0.3,groceries,unclassified,181
vitality life,insurance_life,accepted,insurance_life,insurance_life,0.85,,insurance,180
dwp debt management,debt_management_plan,accepted,debt_management_plan,debt_management_plan,0.75,,high_cost_distress_credit,180
s f elcock,transfer_p2p,accepted,transfer_p2p,transfer_p2p,0.7,,transfers,180
trustly group ab,payment_intermediary,accepted_tiebreak,payment_intermediary,gambling_unspecified,0.55,payment_intermediary,general_retail_marketplaces,179
novocash,unclassified_other,abstain_residual,cash_advance,payday_loan,0.7,unclassified_other,unclassified,178
l saunders,transfer_p2p,accepted_tiebreak,transfer_p2p,transfer_p2p,0.65,transfer_p2p,transfers,178
admiralcasino.co.uk,gambling_casino,auto_accept,gambling_casino,gambling_casino,0.9,,gambling,177
the plough,pub_bar,accepted,pub_bar,pub_bar,0.85,,eating_drinking_out,177
cd lavazza professional,confectionary,accepted,confectionary,confectionary,0.75,,groceries_household_essentials,176
cvrplan,insurance_general,accepted_tiebreak,insurance_general,insurance_general,0.5,insurance_general,insurance,176
hm passport office,id_documents,auto_accept,id_documents,id_documents,0.95,,council_tax_government,175
driver & vehicle licensing agency,road_tax,auto_accept,road_tax,road_tax,0.9,,transport_motoring,174
mert gundes,transfer_p2p,accepted,transfer_p2p,transfer_p2p,0.75,,transfers,174
loqbox membership,money_management_service,accepted_tiebreak,money_management_service,credit_reporting_service,0.6,money_management_service,high_cost_distress_credit,174
aaa insurance,insurance_motor,accepted,insurance_motor,insurance_motor,0.75,,insurance,174
m russell,transfer_p2p,accepted,transfer_p2p,transfer_p2p,0.7,,transfers,173
s hall,transfer_p2p,accepted,transfer_p2p,transfer_p2p,0.7,,transfers,173
moreco,unclassified_other,abstain_confirmed,unclassified_other,unclassified_other,0.4,,unclassified,173
red lion,pub_bar,accepted,pub_bar,pub_bar,0.8,,eating_drinking_out,173
l c dillon,unclassified_other,abstain_residual,groceries_specialist,groceries_specialist,0.55,transfer_p2p,unclassified,173
next retail,retail_finance_repayment,human_reviewed,retail_finance_repayment,retail_finance_repayment,0.65,catalogue_retail,credit_loan_repayments,173
prettylittlething,clothing_womens,accepted_tiebreak,clothing_general,clothing_womens,0.85,clothing_womens,clothing_personal_care,172
sky tv sky,broadband_tv_phone,auto_accept,broadband_tv_phone,broadband_tv_phone,0.9,,utilities_household_bills,172
holiday,savings_transfer,accepted_tiebreak,unclassified_other,savings_transfer,0.55,savings_transfer,savings_investments,172
b smith,transfer_p2p,accepted,transfer_p2p,transfer_p2p,0.7,,transfers,171
zurich assurance,insurance_life,accepted_tiebreak,insurance_general,insurance_life,0.75,insurance_life,insurance,171
grosvenor,gambling_casino,accepted,gambling_casino,gambling_casino,0.7,,gambling,171
star bar,pub_bar,accepted,pub_bar,pub_bar,0.75,,eating_drinking_out,170
credit,payment_intermediary,accepted_tiebreak,payment_intermediary,credit_card_repayment,0.55,payment_intermediary,general_retail_marketplaces,170
louise,transfer_p2p,accepted,transfer_p2p,transfer_p2p,0.7,,transfers,170
your plan card payment,credit_card_repayment,accepted_general,credit_card_repayment,credit_card_repayment,0.55,revolving_credit_repayment,credit_loan_repayments,170
ishrat khan,transfer_p2p,accepted,transfer_p2p,transfer_p2p,0.7,,transfers,170
m thompson,transfer_p2p,accepted,transfer_p2p,transfer_p2p,0.7,,transfers,170
finance,unclassified_other,abstain_confirmed,unclassified_other,car_finance_repayment,0.5,unclassified_other,unclassified,169
sky store,streaming,accepted_tiebreak,streaming,physical_media,0.5,streaming,digital_subscriptions_services,169
tr mini mart ltd,convenience_store,accepted,convenience_store,convenience_store,0.75,,groceries_household_essentials,168
nathan adshead,transfer_p2p,accepted,transfer_p2p,transfer_p2p,0.7,,transfers,168
park holidays,holiday_uk,accepted,holiday_uk,holiday_uk,0.7,,travel_holidays,168
hiya rental,unclassified_other,context_dependent,unclassified_other,rent,0.55,retail_finance_repayment,unclassified,168
jennings,transfer_p2p,accepted_tiebreak,transfer_p2p,gambling_unspecified,0.45,transfer_p2p,transfers,168
n baron,transfer_p2p,accepted,transfer_p2p,transfer_p2p,0.7,,transfers,168
jack's,transfer_own_account,accepted_tiebreak,transfer_own_account,savings_transfer,0.65,transfer_own_account,transfers,168
yvonne docherty,transfer_p2p,accepted_tiebreak,transfer_p2p,transfer_p2p,0.65,transfer_p2p,transfers,167
festival bars,pub_bar,accepted_tiebreak,pub_bar,pub_bar,0.65,pub_bar,eating_drinking_out,167
healthy pet club,insurance_pet,accepted,insurance_pet,insurance_pet,0.7,,pets,167
man air doz,unclassified_other,abstain_residual,unclassified_other,flights,0.55,airport_spend,unclassified,167
adunn,transfer_p2p,accepted_tiebreak,transfer_p2p,transfer_p2p,0.6,transfer_p2p,transfers,167
fgfs ltd,unclassified_other,abstain_confirmed,unclassified_other,unclassified_other,0.3,,unclassified,166
newton general store,convenience_store,accepted,convenience_store,convenience_store,0.8,,groceries_household_essentials,166
k higginson,transfer_p2p,accepted_tiebreak,transfer_p2p,transfer_p2p,0.65,transfer_p2p,transfers,166
sheincom,clothing_general,accepted,clothing_general,clothing_general,0.85,,clothing_personal_care,166
venda valet,unclassified_other,abstain_residual,unclassified_other,convenience_store,0.4,confectionary,unclassified,166
r kaminski,transfer_p2p,accepted_tiebreak,transfer_p2p,transfer_p2p,0.65,transfer_p2p,transfers,166
a r dagnall,transfer_p2p,accepted_tiebreak,transfer_p2p,transfer_p2p,0.65,transfer_p2p,transfers,165
baynes family bakers,groceries_specialist,accepted_tiebreak,restaurant_cafe,groceries_specialist,0.6,groceries_specialist,groceries_household_essentials,165
ocs group uk,salary,accepted,salary,salary,0.75,,income_employment,165
bp bromham service statio,fuel,accepted,fuel,fuel,0.85,,transport_motoring,164
ashley cox,transfer_p2p,accepted,transfer_p2p,transfer_p2p,0.7,,transfers,164
7 days performance,prize_competitions,human_reviewed,unclassified_other,vehicle_maintenance,0.5,prize_competitions,gambling,164
mleczko delikatesy,groceries_specialist,accepted,groceries_specialist,groceries_specialist,0.7,,groceries_household_essentials,164
google tiktok,online_services,accepted,online_services,online_services,0.7,,digital_subscriptions_services,164
abraham hilden,transfer_p2p,accepted_tiebreak,transfer_p2p,transfer_p2p,0.6,transfer_p2p,transfers,164
aldenham social clu,pub_bar,accepted_tiebreak,pub_bar,pub_bar,0.6,pub_bar,eating_drinking_out,163
vape uk,vaping,accepted,vaping,vaping,0.85,,groceries_household_essentials,163
flares & popworld middlesbrough,night_club,accepted,night_club,night_club,0.75,,eating_drinking_out,163
i riaz,transfer_p2p,accepted_tiebreak,transfer_p2p,transfer_p2p,0.65,transfer_p2p,transfers,163
yeticasino,gambling_casino,auto_accept,gambling_casino,gambling_casino,0.9,,gambling,163
l logan,transfer_p2p,accepted,transfer_p2p,transfer_p2p,0.7,,transfers,163
howard stores,convenience_store,accepted_tiebreak,convenience_store,convenience_store,0.6,convenience_store,groceries_household_essentials,162
m hunter,transfer_p2p,accepted,transfer_p2p,transfer_p2p,0.7,,transfers,162
festival foods,groceries,accepted,groceries,groceries,0.7,,groceries_household_essentials,162
acorn insurance an,insurance_motor,accepted_tiebreak,insurance_general,insurance_motor,0.75,insurance_motor,insurance,162
first hampshire,public_transport_rail_coach,accepted_tiebreak,unclassified_other,public_transport_rail_coach,0.6,public_transport_rail_coach,transport_motoring,162
jane elizabeth col,transfer_p2p,accepted_tiebreak,transfer_p2p,transfer_p2p,0.65,transfer_p2p,transfers,162
rooster top,prepaid_card,accepted_tiebreak,prepaid_card,prepaid_card,0.6,prepaid_card,transfers,161
rooster money topup,prepaid_card,accepted_tiebreak,prepaid_card,prepaid_card,0.65,prepaid_card,transfers,160
c wills,transfer_p2p,accepted,transfer_p2p,transfer_p2p,0.7,,transfers,160
a mckimmie,transfer_p2p,accepted,transfer_p2p,transfer_p2p,0.7,,transfers,160
wilcomatic,unclassified_other,abstain_residual,unclassified_other,groceries,0.5,carwash,unclassified,159
canny lad,restaurant_cafe,accepted_general,restaurant_cafe,restaurant_cafe,0.65,takeaway,eating_drinking_out,159
uki t a churchill,insurance_general,accepted_tiebreak,unclassified_other,insurance_general,0.6,insurance_general,insurance,159
farmford food,groceries_specialist,accepted_tiebreak,groceries_specialist,groceries,0.55,groceries_specialist,groceries_household_essentials,159
street news,convenience_store,accepted_tiebreak,convenience_store,convenience_store,0.65,convenience_store,groceries_household_essentials,158
d butler,transfer_p2p,accepted,transfer_p2p,transfer_p2p,0.7,,transfers,158
donohue jl,transfer_p2p,accepted,transfer_p2p,transfer_p2p,0.75,,transfers,158
mexpress uk,unclassified_other,abstain_residual,taxi_rideshare,unclassified_other,0.35,travel_other,unclassified,158
c orchard mum ft,transfer_p2p,accepted,transfer_p2p,transfer_p2p,0.8,,transfers,158
dvla-k,road_tax,auto_accept,road_tax,road_tax,0.95,,transport_motoring,158
careem ride,taxi_rideshare,auto_accept,taxi_rideshare,taxi_rideshare,0.95,,transport_motoring,158
taptap send pi,transfer_international,auto_accept,transfer_international,transfer_international,0.9,,transfers,158
loans2go,personal_loan_repayment,accepted,personal_loan_repayment,personal_loan_repayment,0.85,,credit_loan_repayments,157
vortex competition,prize_competitions,accepted,prize_competitions,prize_competitions,0.8,,gambling,157
of usd,unclassified_other,abstain_residual,foreign_currency,unclassified_other,0.4,foreign_spend_unspecified,unclassified,157
puregym limited,gym_fitness,auto_accept,gym_fitness,gym_fitness,0.95,,health_medical,157
iris pay,unclassified_other,abstain_confirmed,unclassified_other,unclassified_other,0.3,,unclassified,156
d&g bus,public_transport_rail_coach,auto_accept,public_transport_rail_coach,public_transport_rail_coach,0.9,,transport_motoring,156
reffle-reffle,prize_competitions,accepted_tiebreak,prize_competitions,prize_competitions,0.6,prize_competitions,gambling,156
google youtubepremium,streaming,auto_accept,streaming,streaming,0.95,,digital_subscriptions_services,156
b mitchinson,transfer_p2p,accepted,transfer_p2p,transfer_p2p,0.7,,transfers,156
zoom,web_services,accepted,web_services,web_services,0.7,,digital_subscriptions_services,156
leovegas,gambling_casino,auto_accept,gambling_casino,gambling_casino,0.9,,gambling,156
rcn,broadband_tv_phone,accepted_tiebreak,trade_union,broadband_tv_phone,0.8,broadband_tv_phone,utilities_household_bills,155
michaela,transfer_p2p,accepted,transfer_p2p,transfer_p2p,0.75,,transfers,155
laura simm,transfer_p2p,accepted,transfer_p2p,transfer_p2p,0.75,,transfers,155
necton stores,convenience_store,accepted,convenience_store,convenience_store,0.85,,groceries_household_essentials,155
lauren baker,transfer_p2p,accepted,transfer_p2p,transfer_p2p,0.75,,transfers,155
flixbus,public_transport_rail_coach,accepted_tiebreak,ferry_rail_travel,public_transport_rail_coach,0.85,public_transport_rail_coach,transport_motoring,155
the gym group,gym_fitness,auto_accept,gym_fitness,gym_fitness,0.97,,health_medical,155
samsung electronics,electrical_goods,accepted_tiebreak,computing_devices,electrical_goods,0.55,electrical_goods,general_retail_marketplaces,155
semichem,pharmacy,accepted_tiebreak,pharmacy,health_beauty_general,0.75,pharmacy,health_medical,154
sean philburn powe none,transfer_p2p,accepted_tiebreak,transfer_p2p,transfer_p2p,0.6,transfer_p2p,transfers,154
mob gemma radford nat,transfer_p2p,accepted_tiebreak,transfer_p2p,gambling_unspecified,0.5,transfer_p2p,transfers,154
j smith,transfer_p2p,accepted_tiebreak,transfer_p2p,transfer_p2p,0.55,transfer_p2p,transfers,153
liam miner liam,transfer_p2p,accepted_tiebreak,transfer_p2p,transfer_p2p,0.65,transfer_p2p,transfers,153
zigzag global,unclassified_other,abstain_confirmed,unclassified_other,unclassified_other,0.4,,unclassified,152
liquid liner etail,alcohol_beer_spirits,accepted_general,alcohol_beer_spirits,alcohol_beer_spirits,0.45,confectionary,groceries_household_essentials,152
dave,transfer_p2p,accepted_tiebreak,transfer_p2p,personal_loan_repayment,0.6,transfer_p2p,transfers,152
usave,unclassified_other,abstain_confirmed,unclassified_other,unclassified_other,0.35,,unclassified,151
lego,toys,accepted,toys,toys,0.85,,general_retail_marketplaces,151
kirsty farthing,transfer_p2p,accepted_tiebreak,transfer_p2p,transfer_p2p,0.55,transfer_p2p,transfers,151
laura,transfer_p2p,accepted_tiebreak,transfer_p2p,transfer_p2p,0.6,transfer_p2p,transfers,151
finance coll,payment_intermediary,human_reviewed,unclassified_other,debt_collection,0.6,loan_repayment_dd,general_retail_marketplaces,151
halifax loan,personal_loan_repayment,accepted_tiebreak,loan_repayment_manual,personal_loan_repayment,0.85,personal_loan_repayment,credit_loan_repayments,151
nexus travel shop,public_transport_rail_coach,accepted,public_transport_rail_coach,public_transport_rail_coach,0.75,,transport_motoring,151
tts seller,unclassified_other,abstain_confirmed,unclassified_other,unclassified_other,0.35,,unclassified,151
cherry tree fruit and veg,groceries_specialist,accepted,groceries_specialist,groceries_specialist,0.75,,groceries_household_essentials,151
mond,transfer_p2p,accepted_tiebreak,transfer_p2p,transfer_p2p,0.55,transfer_p2p,transfers,151
lbg,unclassified_other,abstain_residual,unclassified_other,transfer_p2p,0.3,unclassified_card_spend,unclassified,151
spar rathcoole,groceries,auto_accept,groceries,groceries,0.9,,groceries_household_essentials,150
mr steven,transfer_p2p,accepted,transfer_p2p,transfer_p2p,0.75,,transfers,150
randalls,groceries,accepted_tiebreak,groceries,groceries,0.6,groceries,groceries_household_essentials,150
r allen,transfer_p2p,accepted,transfer_p2p,transfer_p2p,0.7,,transfers,149
c luke,transfer_p2p,accepted,transfer_p2p,transfer_p2p,0.7,,transfers,149
pound plus,discount_store,accepted,discount_store,discount_store,0.75,,groceries_household_essentials,149
jdwilliams,catalogue_retail,accepted,catalogue_retail,catalogue_retail,0.85,,general_retail_marketplaces,149
the princess alexandra,pub_bar,accepted_tiebreak,pub_bar,pub_bar,0.6,pub_bar,eating_drinking_out,149
c taylor,transfer_p2p,accepted,transfer_p2p,transfer_p2p,0.7,,transfers,149
shop local,convenience_store,accepted,convenience_store,convenience_store,0.7,,groceries_household_essentials,149
mr jamie hubble,transfer_p2p,accepted,transfer_p2p,transfer_p2p,0.75,,transfers,149
selecta u.k.,confectionary,accepted,confectionary,confectionary,0.85,,groceries_household_essentials,148
reading transport,public_transport_rail_coach,auto_accept,public_transport_rail_coach,public_transport_rail_coach,0.9,,transport_motoring,148
asim mahmood,transfer_p2p,accepted_tiebreak,unclassified_other,transfer_p2p,0.6,transfer_p2p,transfers,148
t chamberlain,transfer_p2p,accepted,transfer_p2p,transfer_p2p,0.7,,transfers,148
daniel,transfer_p2p,accepted,transfer_p2p,transfer_p2p,0.75,,transfers,147
harriet olive helen via,transfer_p2p,accepted,transfer_p2p,transfer_p2p,0.7,,transfers,147
allbritishcasino,gambling_casino,auto_accept,gambling_casino,gambling_casino,0.9,,gambling,147
nwl & esw,water,auto_accept,water,water,0.9,,utilities_household_bills,147
gbp teeth,dentist,accepted_tiebreak,dentist,dentist,0.6,dentist,health_medical,147
super sam,convenience_store,accepted_tiebreak,groceries,convenience_store,0.4,convenience_store,groceries_household_essentials,147
mr kane a lord,transfer_p2p,accepted_tiebreak,groceries,transfer_p2p,0.55,transfer_p2p,transfers,146
adewale opawoye,transfer_p2p,accepted,transfer_p2p,transfer_p2p,0.75,,transfers,146
c stagecoach bus ticket,public_transport_rail_coach,auto_accept,public_transport_rail_coach,public_transport_rail_coach,0.9,,transport_motoring,146
vinted vilnius,marketplace_general,accepted,marketplace_general,marketplace_general,0.85,,general_retail_marketplaces,146
tiktok shop cd,marketplace_general,accepted,marketplace_general,marketplace_general,0.7,,general_retail_marketplaces,146
k mosley expenses,transfer_p2p,accepted_tiebreak,transfer_p2p,transfer_p2p,0.55,transfer_p2p,transfers,146
marc gooding son,transfer_p2p,accepted_tiebreak,transfer_p2p,transfer_p2p,0.6,transfer_p2p,transfers,145
click competition,prize_competitions,accepted,prize_competitions,prize_competitions,0.75,,gambling,145
mr j,transfer_p2p,accepted_tiebreak,transfer_p2p,transfer_p2p,0.55,transfer_p2p,transfers,145
mab retail,unclassified_other,abstain_confirmed,unclassified_other,unclassified_other,0.3,,unclassified,145
bakkavor salads bourne,unclassified_other,abstain_residual,restaurant_cafe,groceries,0.4,catering,unclassified,145
nicola donnelly starling,transfer_p2p,accepted_tiebreak,transfer_p2p,transfer_p2p,0.65,transfer_p2p,transfers,145
aiden,transfer_p2p,accepted_tiebreak,transfer_p2p,transfer_p2p,0.65,transfer_p2p,transfers,144
premier park,car_parking,accepted_tiebreak,car_parking,car_parking,0.6,car_parking,transport_motoring,144
next plc,catalogue_retail,accepted_tiebreak,catalogue_retail,clothing_general,0.6,catalogue_retail,general_retail_marketplaces,144
the doctors tonic,pub_bar,human_reviewed,restaurant_cafe,unclassified_other,0.3,pub_bar,eating_drinking_out,144
z ahmed,transfer_p2p,accepted_tiebreak,transfer_p2p,transfer_p2p,0.6,transfer_p2p,transfers,144
l and l europe,unclassified_other,abstain_confirmed,unclassified_other,unclassified_other,0.3,,unclassified,143
andrei gorghe,transfer_p2p,accepted_tiebreak,transfer_p2p,transfer_p2p,0.6,transfer_p2p,transfers,143
ourtaap,unclassified_other,abstain_confirmed,unclassified_other,public_transport_rail_coach,0.45,unclassified_other,unclassified,143
vitas vending machines lt,confectionary,accepted_tiebreak,confectionary,confectionary,0.55,confectionary,groceries_household_essentials,143
cd wh,books,accepted,books,books,0.75,,entertainment_leisure,143
cd the posset cup,pub_bar,human_reviewed,retail_small_independent,pub_bar,0.55,restaurant_cafe,eating_drinking_out,143
prize paradise,prize_competitions,accepted,prize_competitions,prize_competitions,0.7,,gambling,143
european mini market,convenience_store,accepted,convenience_store,convenience_store,0.75,,groceries_household_essentials,143
simple be.,clothing_general,accepted,clothing_general,clothing_general,0.7,,clothing_personal_care,142
cd black,pub_bar,accepted,pub_bar,pub_bar,0.7,,eating_drinking_out,142
scopay,school_fees,accepted_tiebreak,unclassified_other,school_fees,0.6,school_fees,childcare_education,142
jack,transfer_p2p,accepted_tiebreak,transfer_p2p,transfer_p2p,0.55,transfer_p2p,transfers,142
mychildatschool bromco,school_fees,accepted_tiebreak,childcare,school_fees,0.75,school_fees,childcare_education,142
google roblox,gaming_online,accepted_tiebreak,gaming_online,gaming_mobile,0.6,gaming_online,entertainment_leisure,142
cd selecta,confectionary,accepted,confectionary,confectionary,0.75,,groceries_household_essentials,142
chika celestine,transfer_p2p,accepted,transfer_p2p,transfer_p2p,0.7,,transfers,142
brodericks love manvend,confectionary,accepted_tiebreak,retail_small_independent,confectionary,0.5,confectionary,groceries_household_essentials,141
k jefferies,transfer_p2p,human_reviewed,loan_repayment_manual,personal_loan_repayment,0.55,transfer_p2p,transfers,141
spend,transfer_own_account,accepted_tiebreak,transfer_own_account,savings_transfer,0.7,transfer_own_account,transfers,140
thomas hill,transfer_p2p,accepted_tiebreak,transfer_p2p,transfer_p2p,0.55,transfer_p2p,transfers,140
boots uk ecomm,pharmacy,accepted,pharmacy,pharmacy,0.75,,health_medical,140
tj morris,salary,accepted_tiebreak,salary,groceries,0.75,salary,income_employment,140
food bazaar,convenience_store,accepted_general,groceries,convenience_store,0.6,groceries_specialist,groceries_household_essentials,140
brampton,alcohol_beer_spirits,accepted_general,groceries,alcohol_beer_spirits,0.55,convenience_store,groceries_household_essentials,140
hkr family shopper,convenience_store,accepted_tiebreak,transfer_p2p,convenience_store,0.4,convenience_store,groceries_household_essentials,140
danielle gumbs,transfer_p2p,accepted,transfer_p2p,transfer_p2p,0.75,,transfers,140
dvla vehicle,road_tax,auto_accept,road_tax,road_tax,0.95,,transport_motoring,139
closebrosmotfin,car_finance_repayment,accepted,car_finance_repayment,car_finance_repayment,0.85,,credit_loan_repayments,139
frasers group,retail_finance_repayment,accepted,retail_finance_repayment,retail_finance_repayment,0.7,,credit_loan_repayments,139
mob miss gemma,transfer_p2p,accepted,transfer_p2p,transfer_p2p,0.7,,transfers,139
moneyboat.co.uk,payday_loan,accepted,payday_loan,payday_loan,0.85,,high_cost_distress_credit,139
wendy's,takeaway,accepted,takeaway,takeaway,0.75,,eating_drinking_out,139
sheilas' wheels,insurance_motor,accepted,insurance_motor,insurance_motor,0.85,,insurance,139
hollies village store,convenience_store,accepted_tiebreak,convenience_store,convenience_store,0.6,convenience_store,groceries_household_essentials,139
emma,transfer_p2p,accepted_tiebreak,transfer_p2p,transfer_p2p,0.6,transfer_p2p,transfers,139
who internet pi,unclassified_other,abstain_confirmed,unclassified_other,unclassified_other,0.4,,unclassified,139
bmw,car_finance_repayment,accepted,car_finance_repayment,car_finance_repayment,0.75,,credit_loan_repayments,138
c cave,transfer_p2p,accepted_tiebreak,transfer_p2p,transfer_p2p,0.6,transfer_p2p,transfers,138
e dent,unclassified_other,abstain_residual,transfer_p2p,transfer_p2p,0.55,unclassified_other,unclassified,138
2 ufood manchester,takeaway,accepted_tiebreak,takeaway,takeaway,0.6,takeaway,eating_drinking_out,138
mum cake ft,unclassified_other,abstain_residual,restaurant_cafe,transfer_p2p,0.5,unclassified_other,unclassified,138
michael kerr,transfer_p2p,accepted_tiebreak,transfer_p2p,transfer_p2p,0.6,transfer_p2p,transfers,138
tvlicensing.co.uk,tv_licence,auto_accept,tv_licence,tv_licence,0.98,,utilities_household_bills,138
shop smart,convenience_store,accepted_tiebreak,discount_store,convenience_store,0.5,convenience_store,groceries_household_essentials,137
hollister co.,clothing_general,accepted,clothing_general,clothing_general,0.85,,clothing_personal_care,137
budget insurance,insurance_general,accepted_tiebreak,insurance_general,insurance_motor,0.7,insurance_general,insurance,137
emily matkin,transfer_p2p,accepted_tiebreak,transfer_p2p,transfer_p2p,0.6,transfer_p2p,transfers,137
maxol sstn tates avenue,fuel,accepted,fuel,fuel,0.85,,transport_motoring,137
the hut pub,pub_bar,accepted,pub_bar,pub_bar,0.85,,eating_drinking_out,137
m ring,transfer_p2p,accepted_tiebreak,unclassified_other,transfer_p2p,0.4,transfer_p2p,transfers,136
payment-assist,personal_loan_repayment,accepted,personal_loan_repayment,personal_loan_repayment,0.7,,credit_loan_repayments,136
papa john's pizza,takeaway,accepted,takeaway,takeaway,0.85,,eating_drinking_out,136
newbottle general stor,convenience_store,accepted,convenience_store,convenience_store,0.75,,groceries_household_essentials,135
butlersbingo,gambling_bingo,auto_accept,gambling_bingo,gambling_bingo,0.9,,gambling,135
lisa harris,transfer_p2p,accepted_tiebreak,transfer_p2p,transfer_p2p,0.6,transfer_p2p,transfers,135
paramedia uk b.v.,unclassified_other,abstain_confirmed,unclassified_other,unclassified_other,0.4,,unclassified,135
betfred chargeback,gambling_betting,accepted_tiebreak,gambling_betting,gambling_betting,0.6,gambling_betting,gambling,135
c hemmings,transfer_p2p,accepted_tiebreak,transfer_p2p,transfer_p2p,0.6,transfer_p2p,transfers,135
turnpike filling stati,fuel,accepted,fuel,fuel,0.85,,transport_motoring,134
sephora,health_beauty_general,accepted_tiebreak,health_beauty_general,skin_hair_care,0.8,health_beauty_general,clothing_personal_care,134
mr billy j bull bjb,transfer_p2p,accepted_tiebreak,unclassified_other,transfer_p2p,0.55,transfer_p2p,transfers,134
bcp council,council_tax,accepted,council_tax,council_tax,0.85,,council_tax_government,134
vend,convenience_store,accepted_general,convenience_store,convenience_store,0.55,confectionary,groceries_household_essentials,134
bannatyne's health club,gym_fitness,auto_accept,gym_fitness,gym_fitness,0.95,,health_medical,134
portland wines,alcohol_wine,accepted,alcohol_wine,alcohol_wine,0.85,,groceries_household_essentials,134
twinkl,education_general,accepted,education_general,education_general,0.75,,childcare_education,133
sunrise community,unclassified_other,abstain_confirmed,unclassified_other,unclassified_other,0.4,,unclassified,133
j johnson,transfer_p2p,accepted_tiebreak,transfer_p2p,transfer_p2p,0.6,transfer_p2p,transfers,133
mr cameron luke,transfer_p2p,accepted_tiebreak,transfer_p2p,transfer_p2p,0.6,transfer_p2p,transfers,132
back of beyond,pub_bar,accepted_tiebreak,pub_bar,restaurant_cafe,0.6,pub_bar,eating_drinking_out,132
co op group,groceries,accepted,groceries,groceries,0.85,,groceries_household_essentials,132
i roberts,transfer_p2p,accepted_tiebreak,transfer_p2p,transfer_p2p,0.6,transfer_p2p,transfers,132
ipayimpact.co.uk,school_fees,human_reviewed,charitable_donation,personal_loan_repayment,0.5,school_fees,childcare_education,132
nottingham contactless,public_transport_rail_coach,accepted_tiebreak,public_transport_rail_coach,public_transport_rail_coach,0.55,public_transport_rail_coach,transport_motoring,132
smart parking,car_parking,auto_accept,car_parking,car_parking,0.9,,transport_motoring,132
refreshmentsystemslt,convenience_store,accepted_general,convenience_store,convenience_store,0.55,confectionary,groceries_household_essentials,132
paddle,unclassified_other,abstain_residual,software,software,0.55,payment_intermediary,unclassified,132
electronic arts,gaming_console_pc,accepted,gaming_console_pc,gaming_console_pc,0.75,,entertainment_leisure,131
muhammad,transfer_p2p,accepted_tiebreak,transfer_p2p,transfer_p2p,0.55,transfer_p2p,transfers,131
h gibney,transfer_p2p,accepted_tiebreak,transfer_p2p,transfer_p2p,0.6,transfer_p2p,transfers,131
euro supermarket,groceries,accepted,groceries,groceries,0.8,,groceries_household_essentials,131
haven,holiday_uk,accepted_tiebreak,holiday_uk,holiday_uk,0.65,holiday_uk,travel_holidays,131
resul convenience store,convenience_store,accepted,convenience_store,convenience_store,0.85,,groceries_household_essentials,131
bb-samsung cd,unclassified_other,abstain_residual,computing_devices,unclassified_other,0.35,software,unclassified,131
cd b,unclassified_other,abstain_confirmed,unclassified_other,unclassified_other,0.3,,unclassified,131
s cherrat,transfer_p2p,accepted_tiebreak,unclassified_other,transfer_p2p,0.6,transfer_p2p,transfers,131
denzil simms,transfer_p2p,accepted,transfer_p2p,transfer_p2p,0.75,,transfers,131
sue ryder,charity_shop,accepted_tiebreak,charity_shop,charitable_donation,0.75,charity_shop,charitable_political_giving,131
ryan hinnells,transfer_p2p,accepted,transfer_p2p,transfer_p2p,0.75,,transfers,131
muhammed julkarnai,unclassified_other,abstain_confirmed,unclassified_other,unclassified_other,0.3,,unclassified,130
beryl bikes,bicycle,accepted,bicycle,bicycle,0.7,,transport_motoring,130
cafe,restaurant_cafe,accepted_tiebreak,restaurant_cafe,restaurant_cafe,0.6,restaurant_cafe,eating_drinking_out,130
lci limited pi,unclassified_other,abstain_confirmed,unclassified_other,unclassified_other,0.3,,unclassified,130
the dolphin,pub_bar,accepted_tiebreak,pub_bar,pub_bar,0.55,pub_bar,eating_drinking_out,130
rebecca pilling,unclassified_other,abstain_confirmed,unclassified_other,unclassified_other,0.3,,unclassified,130
frasers group fina pi,retail_finance_repayment,accepted_tiebreak,retail_finance_repayment,insurance_general,0.55,retail_finance_repayment,credit_loan_repayments,130
shannon thomson karen dunbar,transfer_p2p,accepted_tiebreak,transfer_p2p,transfer_p2p,0.6,transfer_p2p,transfers,130
ee device payment,mobile_phone_contract,accepted_tiebreak,mobile_handset,mobile_phone_contract,0.75,mobile_phone_contract,utilities_household_bills,129
the bike club ltd,bicycle,accepted_tiebreak,bicycle,retail_finance_repayment,0.4,bicycle,transport_motoring,129
safin hamakhan pv,transfer_p2p,accepted_tiebreak,unclassified_other,transfer_p2p,0.55,transfer_p2p,transfers,129
firstclear,unclassified_other,abstain_confirmed,unclassified_other,unclassified_other,0.3,,unclassified,129
mae,transfer_p2p,accepted,transfer_p2p,transfer_p2p,0.7,,transfers,129
taptap send london,transfer_international,auto_accept,transfer_international,transfer_international,0.9,,transfers,129
georgina,transfer_p2p,accepted,transfer_p2p,transfer_p2p,0.75,,transfers,129
stagecoach service,public_transport_rail_coach,auto_accept,public_transport_rail_coach,public_transport_rail_coach,0.9,,transport_motoring,129
kids pass,memberships,accepted,memberships,memberships,0.75,,entertainment_leisure,129
channel,streaming,accepted_tiebreak,streaming,streaming,0.6,streaming,digital_subscriptions_services,129
c nicholls,transfer_p2p,accepted,transfer_p2p,transfer_p2p,0.75,,transfers,129
one o one convenience,convenience_store,auto_accept,convenience_store,convenience_store,0.9,,groceries_household_essentials,128
veygo,insurance_motor,accepted_tiebreak,insurance_travel,insurance_motor,0.85,insurance_motor,insurance,128
pnet,broadband_tv_phone,accepted_tiebreak,broadband_tv_phone,broadband_tv_phone,0.6,broadband_tv_phone,utilities_household_bills,128
hp instant ink,printing_supplies,accepted_tiebreak,software,printing_supplies,0.85,printing_supplies,general_retail_marketplaces,128
aishi superstore,convenience_store,accepted,convenience_store,convenience_store,0.75,,groceries_household_essentials,128
mini market,convenience_store,accepted,convenience_store,convenience_store,0.85,,groceries_household_essentials,128
geardown competit,prize_competitions,accepted_tiebreak,unclassified_other,prize_competitions,0.6,prize_competitions,gambling,128
kidspass,memberships,accepted,memberships,memberships,0.75,,entertainment_leisure,127
ring standard plan,home_accessories,accepted_tiebreak,home_accessories,home_accessories,0.5,home_accessories,home_garden,127
mr joe biddick owed,transfer_p2p,accepted,transfer_p2p,transfer_p2p,0.8,,transfers,127
l adams,transfer_p2p,accepted,transfer_p2p,transfer_p2p,0.75,,transfers,127
19s,transfer_own_account,accepted_tiebreak,transfer_p2p,transfer_own_account,0.4,transfer_own_account,transfers,127
the railway,pub_bar,accepted_tiebreak,pub_bar,pub_bar,0.6,pub_bar,eating_drinking_out,127
k baxter,transfer_p2p,accepted,transfer_p2p,transfer_p2p,0.7,,transfers,127
finnegan j,transfer_p2p,accepted,transfer_p2p,transfer_p2p,0.75,,transfers,127
superbuy com,marketplace_general,accepted_tiebreak,marketplace_general,marketplace_general,0.6,marketplace_general,general_retail_marketplaces,127
uk fuels ltd,fuel,accepted,fuel,fuel,0.85,,transport_motoring,126
ballycasino cd,gambling_casino,auto_accept,gambling_casino,gambling_casino,0.9,,gambling,126
ayden super store,groceries,accepted_general,groceries,groceries,0.6,convenience_store,groceries_household_essentials,126
c savers health & beauty,pharmacy,accepted,pharmacy,pharmacy,0.85,,health_medical,126
vetsuccess limited,veterinary,accepted,veterinary,veterinary,0.75,,pets,125
mob,unclassified_other,abstain_confirmed,unclassified_other,unclassified_other,0.3,,unclassified,125
magicalvegas cd,gambling_casino,auto_accept,gambling_casino,gambling_casino,0.9,,gambling,125
pepes,takeaway,accepted_tiebreak,takeaway,takeaway,0.55,takeaway,eating_drinking_out,125
m danielle louise owe,transfer_p2p,accepted,transfer_p2p,transfer_p2p,0.7,,transfers,125
skill on net cd,gambling_casino,auto_accept,gambling_casino,gambling_casino,0.9,,gambling,125
rocket,unclassified_other,abstain_confirmed,unclassified_other,personal_loan_repayment,0.6,unclassified_other,unclassified,125
bettavend ltd,convenience_store,accepted_general,convenience_store,convenience_store,0.5,confectionary,groceries_household_essentials,124
nkp food and wine,alcohol_wine,accepted_general,groceries_specialist,alcohol_wine,0.55,convenience_store,groceries_household_essentials,124
gary,transfer_p2p,accepted_tiebreak,transfer_p2p,transfer_p2p,0.65,transfer_p2p,transfers,124
papa john's,takeaway,auto_accept,takeaway,takeaway,0.9,,eating_drinking_out,124
craigens,unclassified_other,abstain_confirmed,unclassified_other,unclassified_other,0.3,,unclassified,124
doherty mr,transfer_p2p,accepted,transfer_p2p,transfer_p2p,0.75,,transfers,124
mychildatschool bromcom,school_fees,accepted_tiebreak,childcare,school_fees,0.8,school_fees,childcare_education,124
natasha mcdonald mom,transfer_p2p,accepted,transfer_p2p,transfer_p2p,0.7,,transfers,124
vitality,insurance_life,accepted_tiebreak,insurance_health,insurance_life,0.6,insurance_life,insurance,124
vendingglasgowltd,convenience_store,accepted_general,convenience_store,convenience_store,0.5,confectionary,groceries_household_essentials,124
a elliot,transfer_p2p,accepted_tiebreak,transfer_p2p,transfer_p2p,0.55,transfer_p2p,transfers,124
apcoa,car_parking,auto_accept,car_parking,car_parking,0.9,,transport_motoring,124
taxi driver,taxi_rideshare,accepted,taxi_rideshare,taxi_rideshare,0.85,,transport_motoring,124
gemma doyle,transfer_p2p,accepted,transfer_p2p,transfer_p2p,0.7,,transfers,124
wilko,home_accessories,accepted,home_accessories,home_accessories,0.85,,home_garden,123
manypets,insurance_pet,auto_accept,insurance_pet,insurance_pet,0.9,,pets,123
t cotton,transfer_p2p,accepted_tiebreak,unclassified_other,transfer_p2p,0.55,transfer_p2p,transfers,123
bethany harvey & john,transfer_p2p,accepted_tiebreak,unclassified_other,transfer_p2p,0.5,transfer_p2p,transfers,123
cine,streaming,accepted,streaming,streaming,0.7,,digital_subscriptions_services,123
talkmobile,mobile_phone_contract,auto_accept,mobile_phone_contract,mobile_phone_contract,0.9,,utilities_household_bills,123
portlandvending,convenience_store,accepted_general,convenience_store,convenience_store,0.5,confectionary,groceries_household_essentials,123
day-today,convenience_store,accepted_tiebreak,groceries,convenience_store,0.6,convenience_store,groceries_household_essentials,123
edward sullivan,transfer_p2p,accepted,transfer_p2p,transfer_p2p,0.7,,transfers,123
cd co op group food,groceries,accepted,groceries,groceries,0.85,,groceries_household_essentials,122
dispute,refund_received,accepted,refund_received,refund_received,0.75,,income_other,122
playnation gbp change mac,gambling_casino,accepted_tiebreak,gambling_casino,gambling_unspecified,0.6,gambling_casino,gambling,122
cd brighton and hove bus hove,public_transport_rail_coach,accepted,public_transport_rail_coach,public_transport_rail_coach,0.85,,transport_motoring,122
lorraine,transfer_p2p,accepted,transfer_p2p,transfer_p2p,0.75,,transfers,122
ivars libins,transfer_p2p,accepted_tiebreak,transfer_p2p,transfer_p2p,0.6,transfer_p2p,transfers,121
sophie,transfer_p2p,accepted,transfer_p2p,transfer_p2p,0.75,,transfers,121
freds off license,alcohol_beer_spirits,accepted,alcohol_beer_spirits,alcohol_beer_spirits,0.7,,groceries_household_essentials,121
south staffs water,water,auto_accept,water,water,0.97,,utilities_household_bills,121
wwf,charitable_donation,auto_accept,charitable_donation,charitable_donation,0.9,,charitable_political_giving,121
the kiosk,unclassified_other,abstain_confirmed,unclassified_other,unclassified_other,0.4,,unclassified,121
i theyer,transfer_p2p,accepted_tiebreak,transfer_p2p,transfer_p2p,0.55,transfer_p2p,transfers,121
edf uk,energy,accepted,energy,energy,0.85,,utilities_household_bills,121
gll better,gym_fitness,accepted,gym_fitness,gym_fitness,0.85,,health_medical,120
gareth,transfer_p2p,accepted,transfer_p2p,transfer_p2p,0.7,,transfers,120
costa collect,restaurant_cafe,accepted,restaurant_cafe,restaurant_cafe,0.85,,eating_drinking_out,120
old farmhouse,restaurant_cafe,accepted_tiebreak,unclassified_other,restaurant_cafe,0.55,restaurant_cafe,eating_drinking_out,120
ariyana rajah,transfer_p2p,accepted,transfer_p2p,transfer_p2p,0.75,,transfers,120
a rahman,transfer_p2p,accepted,transfer_p2p,transfer_p2p,0.7,,transfers,119
shannon lang,transfer_p2p,accepted,transfer_p2p,transfer_p2p,0.75,,transfers,119
hpincuklimi,payment_intermediary,accepted_tiebreak,payment_intermediary,unclassified_other,0.3,payment_intermediary,general_retail_marketplaces,119
plata,personal_loan_repayment,accepted,personal_loan_repayment,personal_loan_repayment,0.75,,credit_loan_repayments,119
argos ltd,catalogue_retail,accepted,catalogue_retail,catalogue_retail,0.85,,general_retail_marketplaces,118
m mason,transfer_p2p,accepted,transfer_p2p,transfer_p2p,0.7,,transfers,118
national express limited,public_transport_rail_coach,auto_accept,public_transport_rail_coach,public_transport_rail_coach,0.9,,transport_motoring,118
audi,unclassified_other,abstain_confirmed,transfer_p2p,unclassified_other,0.4,unclassified_other,unclassified,118
josh hampson,transfer_p2p,accepted,transfer_p2p,transfer_p2p,0.8,,transfers,118
temu cd,marketplace_general,accepted,marketplace_general,marketplace_general,0.85,,general_retail_marketplaces,118
c mcdonald,transfer_p2p,accepted,transfer_p2p,transfer_p2p,0.7,,transfers,118
elaine,transfer_p2p,accepted_tiebreak,transfer_p2p,transfer_p2p,0.65,transfer_p2p,transfers,117
xbox game pass,gaming_console_pc,accepted,gaming_console_pc,gaming_console_pc,0.85,,entertainment_leisure,117
star,unclassified_other,abstain_confirmed,unclassified_other,transfer_p2p,0.6,unclassified_other,unclassified,117
robbie collard,transfer_p2p,accepted,transfer_p2p,transfer_p2p,0.8,,transfers,117
g gualano,transfer_p2p,accepted,transfer_p2p,transfer_p2p,0.7,,transfers,117
jackpotjoy cd,gambling_bingo,accepted,gambling_bingo,gambling_bingo,0.85,,gambling,117
natasha gallacher,transfer_p2p,accepted,transfer_p2p,transfer_p2p,0.75,,transfers,117
xplore dundee,public_transport_rail_coach,auto_accept,public_transport_rail_coach,public_transport_rail_coach,0.9,,transport_motoring,117
xsolla,gaming_online,accepted_tiebreak,gaming_online,gaming_online,0.6,gaming_online,entertainment_leisure,117
miss sam denny hi,transfer_p2p,accepted_tiebreak,transfer_p2p,transfer_p2p,0.6,transfer_p2p,transfers,117
mr james m worrol,transfer_p2p,accepted_tiebreak,transfer_p2p,transfer_p2p,0.55,transfer_p2p,transfers,117
e hogg,transfer_p2p,accepted_tiebreak,transfer_p2p,transfer_p2p,0.55,transfer_p2p,transfers,117
co-op group,groceries,auto_accept,groceries,groceries,0.9,,groceries_household_essentials,116
d jonas,transfer_p2p,accepted,transfer_p2p,transfer_p2p,0.7,,transfers,116
first,unclassified_other,abstain_confirmed,payment_intermediary,unclassified_other,0.3,unclassified_other,unclassified,116
mersey,tolls,accepted,tolls,tolls,0.7,,transport_motoring,116
k mcwilliams,transfer_p2p,accepted,transfer_p2p,transfer_p2p,0.75,,transfers,116
chloe venables,transfer_p2p,accepted,transfer_p2p,transfer_p2p,0.8,,transfers,116
fasthosts,web_services,accepted,web_services,web_services,0.85,,digital_subscriptions_services,116
spar st. maerby,groceries,accepted,groceries,groceries,0.85,,groceries_household_essentials,116
hmcts,government_services,accepted_tiebreak,government_services,government_services,0.6,government_services,council_tax_government,116
upwork,business_services,accepted_tiebreak,business_services,income_agency_work,0.6,business_services,business_self_employment,116
mm minimarket ltd,convenience_store,accepted,convenience_store,convenience_store,0.75,,groceries_household_essentials,116
claire carter,transfer_p2p,accepted,transfer_p2p,transfer_p2p,0.75,,transfers,116
ck foodstores,groceries,accepted_tiebreak,groceries,convenience_store,0.75,groceries,groceries_household_essentials,116
miss k,transfer_p2p,accepted,transfer_p2p,transfer_p2p,0.7,,transfers,116
b jones ash ft,transfer_p2p,accepted,transfer_p2p,transfer_p2p,0.7,,transfers,115
victoria crocker,transfer_p2p,accepted_tiebreak,transfer_p2p,transfer_p2p,0.6,transfer_p2p,transfers,115
birchills news,convenience_store,accepted_tiebreak,convenience_store,convenience_store,0.55,convenience_store,groceries_household_essentials,115
mpou wallet topup,money_transfer_service,accepted_general,prepaid_card,money_transfer_service,0.6,transfer_mobile_app,transfers,115
mnk,takeaway,accepted_tiebreak,restaurant_cafe,takeaway,0.5,takeaway,eating_drinking_out,115
mrvegas,gambling_casino,accepted,gambling_casino,gambling_casino,0.85,,gambling,115
sontiele,transfer_p2p,accepted,transfer_p2p,transfer_p2p,0.8,,transfers,115
mars birstall,convenience_store,accepted_tiebreak,convenience_store,convenience_store,0.4,convenience_store,groceries_household_essentials,115
lemonade insurance,insurance_general,accepted,insurance_general,insurance_general,0.75,,insurance,114
hobbs,transfer_p2p,accepted_tiebreak,transfer_p2p,transfer_p2p,0.6,transfer_p2p,transfers,114
the anchor,pub_bar,accepted,pub_bar,pub_bar,0.85,,eating_drinking_out,114
credit spring,payday_loan,auto_accept,payday_loan,payday_loan,0.9,,high_cost_distress_credit,114
haj news & convenience,convenience_store,auto_accept,convenience_store,convenience_store,0.9,,groceries_household_essentials,114
excelvendingltd,confectionary,accepted_tiebreak,confectionary,convenience_store,0.55,confectionary,groceries_household_essentials,114
dunbar k,transfer_p2p,accepted,transfer_p2p,transfer_p2p,0.75,,transfers,114
allwyn ent ltd,gambling_lottery,accepted,gambling_lottery,gambling_lottery,0.85,,gambling,114
r hall,transfer_p2p,accepted_tiebreak,transfer_p2p,transfer_p2p,0.65,transfer_p2p,transfers,114
bulls head,pub_bar,accepted,pub_bar,pub_bar,0.85,,eating_drinking_out,114
nationwide building society,mortgage,accepted,mortgage,mortgage,0.75,,housing,113
tom round,unclassified_other,abstain_residual,gambling_betting,gambling_unspecified,0.7,transfer_p2p,unclassified,113
josh,transfer_p2p,accepted,transfer_p2p,transfer_p2p,0.75,,transfers,113
supreme paper supplies,unclassified_other,abstain_confirmed,office_supplies,unclassified_other,0.4,unclassified_other,unclassified,113
cent rec group dd,unclassified_other,abstain_residual,sports_participation,gym_fitness,0.55,unclassified_recurring,unclassified,113
northern trains,public_transport_rail_coach,auto_accept,public_transport_rail_coach,public_transport_rail_coach,0.95,,transport_motoring,113
hill food and wine,alcohol_wine,accepted,alcohol_wine,alcohol_wine,0.7,,groceries_household_essentials,112
siemens lincoln,restaurant_cafe,accepted_tiebreak,restaurant_cafe,unclassified_other,0.35,restaurant_cafe,eating_drinking_out,112
vivo foodstore,groceries,accepted,groceries,groceries,0.8,,groceries_household_essentials,112
kumar stores ltd,convenience_store,auto_accept,convenience_store,convenience_store,0.9,,groceries_household_essentials,112
fonehouse,mobile_handset,accepted_tiebreak,mobile_handset,mobile_handset,0.55,mobile_handset,general_retail_marketplaces,112
bar,pub_bar,accepted_tiebreak,pub_bar,pub_bar,0.6,pub_bar,eating_drinking_out,112
nth degree catering compa,catering,accepted,catering,catering,0.75,,eating_drinking_out,112
bills,unclassified_other,context_dependent,pub_bar,unclassified_other,0.4,restaurant_cafe,unclassified,112
joanna chapman,transfer_p2p,accepted,transfer_p2p,transfer_p2p,0.7,,transfers,112
admiralcasino,gambling_casino,auto_accept,gambling_casino,gambling_casino,0.9,,gambling,112
miss l,transfer_p2p,accepted_tiebreak,transfer_p2p,transfer_p2p,0.65,transfer_p2p,transfers,111
ptmp,unclassified_other,abstain_confirmed,unclassified_other,unclassified_other,0.4,,unclassified,111
little supermarket,groceries,accepted,groceries,groceries,0.75,,groceries_household_essentials,111
manorfarm,groceries,accepted_general,groceries,groceries,0.55,groceries_specialist,groceries_household_essentials,111
k mcmanus,transfer_p2p,accepted_tiebreak,transfer_p2p,transfer_p2p,0.55,transfer_p2p,transfers,111
slug and lettuce,pub_bar,accepted,pub_bar,pub_bar,0.85,,eating_drinking_out,111
a dax,transfer_p2p,accepted_tiebreak,transfer_p2p,transfer_p2p,0.55,transfer_p2p,transfers,111
spotify *,streaming,auto_accept,streaming,streaming,0.95,,digital_subscriptions_services,111
onmo ltd,credit_card_repayment,accepted_tiebreak,bnpl,credit_card_repayment,0.7,credit_card_repayment,credit_loan_repayments,111
c king johns,pub_bar,accepted,pub_bar,pub_bar,0.7,,eating_drinking_out,111
ross eeles ross,transfer_p2p,accepted,transfer_p2p,transfer_p2p,0.75,,transfers,111
c hynd,transfer_p2p,accepted_tiebreak,transfer_p2p,transfer_p2p,0.6,transfer_p2p,transfers,110
simply convenience,convenience_store,accepted,convenience_store,convenience_store,0.8,,groceries_household_essentials,110
zoe,transfer_p2p,accepted,transfer_p2p,transfer_p2p,0.75,,transfers,110
community fi bre ltd,broadband_tv_phone,accepted,broadband_tv_phone,broadband_tv_phone,0.85,,utilities_household_bills,110
taxis,taxi_rideshare,accepted,taxi_rideshare,taxi_rideshare,0.85,,transport_motoring,110
site canteen cd,restaurant_cafe,accepted_tiebreak,restaurant_cafe,restaurant_cafe,0.6,restaurant_cafe,eating_drinking_out,110
tom hayes,transfer_p2p,accepted_tiebreak,transfer_p2p,transfer_p2p,0.6,transfer_p2p,transfers,110
furlong mm,transfer_p2p,accepted,transfer_p2p,transfer_p2p,0.7,,transfers,110
onebeyond retail,unclassified_other,abstain_confirmed,unclassified_other,unclassified_other,0.3,,unclassified,110
betting,gambling_betting,auto_accept,gambling_betting,gambling_betting,0.9,,gambling,110
gonortheast,public_transport_rail_coach,accepted_tiebreak,public_transport_rail_coach,public_transport_rail_coach,0.6,public_transport_rail_coach,transport_motoring,109
wombwell main barnsley gb,unclassified_other,abstain_confirmed,unclassified_other,unclassified_other,0.3,,unclassified,109
whittle cp,transfer_p2p,accepted,transfer_p2p,transfer_p2p,0.7,,transfers,109
motorfuelltd,fuel,accepted,fuel,fuel,0.85,,transport_motoring,109
youtube london,streaming,accepted,streaming,streaming,0.85,,digital_subscriptions_services,109
sellertiktok,marketplace_general,accepted_tiebreak,online_services,marketplace_general,0.7,marketplace_general,general_retail_marketplaces,109
oakwell rex,taxi_rideshare,accepted,taxi_rideshare,taxi_rideshare,0.85,,transport_motoring,109
l jones,transfer_p2p,accepted_tiebreak,transfer_p2p,transfer_p2p,0.6,transfer_p2p,transfers,109
mob claire claire,transfer_p2p,accepted_tiebreak,unclassified_other,transfer_p2p,0.5,transfer_p2p,transfers,109
spar stores,groceries,accepted,groceries,groceries,0.8,,groceries_household_essentials,109
c taylor aa ft,transfer_p2p,accepted_tiebreak,transfer_p2p,transfer_p2p,0.55,transfer_p2p,transfers,109
angling direct,sports_equipment,accepted,sports_equipment,sports_equipment,0.8,,entertainment_leisure,108
kelly goodwin kelly,transfer_p2p,accepted_tiebreak,transfer_p2p,transfer_p2p,0.6,transfer_p2p,transfers,108
c buckley,transfer_p2p,accepted_tiebreak,transfer_p2p,transfer_p2p,0.6,transfer_p2p,transfers,108
nikesh,unclassified_other,abstain_residual,unclassified_other,transfer_p2p,0.5,retail_small_independent,unclassified,108
emily jackman,transfer_p2p,accepted_tiebreak,transfer_p2p,transfer_p2p,0.55,transfer_p2p,transfers,108
spar store,groceries,accepted,groceries,groceries,0.75,,groceries_household_essentials,108
star food and wine,convenience_store,accepted_tiebreak,convenience_store,convenience_store,0.65,convenience_store,groceries_household_essentials,108
s hassanzade,transfer_p2p,accepted_tiebreak,transfer_p2p,transfer_p2p,0.6,transfer_p2p,transfers,108
be at one cocktail bars,pub_bar,accepted,pub_bar,pub_bar,0.8,,eating_drinking_out,108
royal,unclassified_other,abstain_confirmed,convenience_store,unclassified_other,0.4,unclassified_other,unclassified,108
11 eleven enterprises,convenience_store,accepted_tiebreak,convenience_store,convenience_store,0.55,convenience_store,groceries_household_essentials,108
bolt.eu,taxi_rideshare,accepted,taxi_rideshare,taxi_rideshare,0.85,,transport_motoring,108
k heyes,transfer_p2p,accepted_tiebreak,transfer_p2p,transfer_p2p,0.55,transfer_p2p,transfers,108
l manfield,transfer_p2p,accepted_tiebreak,transfer_p2p,transfer_p2p,0.6,transfer_p2p,transfers,108
kryptonim sp. z o.,crypto,accepted_tiebreak,transfer_international,crypto,0.6,crypto,savings_investments,107
crown,unclassified_other,abstain_confirmed,unclassified_other,unclassified_other,0.4,,unclassified,107
wenzels,restaurant_cafe,accepted,restaurant_cafe,restaurant_cafe,0.7,,eating_drinking_out,107
hinkley point east caf,restaurant_cafe,accepted,restaurant_cafe,restaurant_cafe,0.75,,eating_drinking_out,107
taptap send uk,transfer_international,accepted,transfer_international,transfer_international,0.85,,transfers,107
dwr cymru welsh,water,auto_accept,water,water,0.9,,utilities_household_bills,107
midhurst service stati,fuel,accepted,fuel,fuel,0.7,,transport_motoring,107
bee network app,public_transport_rail_coach,accepted_tiebreak,public_transport_rail_coach,public_transport_rail_coach,0.55,public_transport_rail_coach,transport_motoring,107
metrolink tvm,public_transport_rail_coach,auto_accept,public_transport_rail_coach,public_transport_rail_coach,0.9,,transport_motoring,107
rev corp,prize_competitions,human_reviewed,unclassified_other,gambling_casino,0.55,unclassified_card_spend,gambling,107
slim chickens,restaurant_cafe,accepted_tiebreak,takeaway,restaurant_cafe,0.85,restaurant_cafe,eating_drinking_out,107
l dykeman,transfer_p2p,accepted_tiebreak,groceries,transfer_p2p,0.6,transfer_p2p,transfers,107
winner winner chic,gambling_casino,accepted_general,gambling_unspecified,gambling_casino,0.75,prize_competitions,gambling,106
the light cinemas,cinema,auto_accept,cinema,cinema,0.92,,entertainment_leisure,106
c the green club,pub_bar,accepted_tiebreak,pub_bar,restaurant_cafe,0.55,pub_bar,eating_drinking_out,106
balls of thunder compe,prize_competitions,accepted_tiebreak,unclassified_other,prize_competitions,0.6,prize_competitions,gambling,106
callum williams,transfer_p2p,accepted,transfer_p2p,transfer_p2p,0.75,,transfers,106
miss hayley d gould,transfer_p2p,accepted,transfer_p2p,transfer_p2p,0.75,,transfers,106
studio,unclassified_other,abstain_confirmed,unclassified_other,catalogue_retail,0.55,unclassified_other,unclassified,106
wessex,unclassified_other,abstain_confirmed,unclassified_other,unclassified_other,0.4,,unclassified,106
centurion waterloovil,pub_bar,accepted_tiebreak,pub_bar,restaurant_cafe,0.4,pub_bar,eating_drinking_out,106
i poulter,transfer_p2p,accepted,transfer_p2p,transfer_p2p,0.7,,transfers,106
stacey mcneice,transfer_p2p,accepted,transfer_p2p,transfer_p2p,0.7,,transfers,106
agent topup,unclassified_other,abstain_residual,transfer_international,transfer_international,0.4,foreign_spend_unspecified,unclassified,106
sd fitness,gym_fitness,accepted,gym_fitness,gym_fitness,0.85,,health_medical,106
cbs,restaurant_cafe,accepted_tiebreak,restaurant_cafe,restaurant_cafe,0.45,restaurant_cafe,eating_drinking_out,106
nuvendingltd,confectionary,accepted_tiebreak,confectionary,convenience_store,0.5,confectionary,groceries_household_essentials,106
kieron davies,transfer_p2p,accepted,transfer_p2p,transfer_p2p,0.75,,transfers,106
harneet food & wine,convenience_store,accepted_tiebreak,groceries,convenience_store,0.65,convenience_store,groceries_household_essentials,106
c ccr retailing ltd,unclassified_other,abstain_residual,discount_store,unclassified_other,0.4,convenience_store,unclassified,106
kna convenience store ltd,convenience_store,accepted,convenience_store,convenience_store,0.85,,groceries_household_essentials,105
a barker,transfer_p2p,accepted_tiebreak,transfer_p2p,transfer_p2p,0.6,transfer_p2p,transfers,105
slmwac,unclassified_other,abstain_confirmed,unclassified_other,unclassified_other,0.4,,unclassified,105
w mcquade,transfer_p2p,accepted_tiebreak,transfer_p2p,transfer_p2p,0.6,transfer_p2p,transfers,105
united airlines,unclassified_other,abstain_confirmed,unclassified_other,transfer_p2p,0.5,unclassified_other,unclassified,105
omniplex,cinema,auto_accept,cinema,cinema,0.9,,entertainment_leisure,105
whole foods,groceries,accepted,groceries,groceries,0.85,,groceries_household_essentials,105
london borough of,council_tax,accepted,council_tax,council_tax,0.7,,council_tax_government,105
mr robert davies,transfer_p2p,accepted_tiebreak,transfer_p2p,transfer_p2p,0.6,transfer_p2p,transfers,105
peacock stores,clothing_general,accepted_tiebreak,unclassified_other,clothing_general,0.75,clothing_general,clothing_personal_care,105
oxfam,charitable_donation,accepted_tiebreak,charity_shop,charitable_donation,0.85,charitable_donation,charitable_political_giving,105
boyle sports,gambling_betting,auto_accept,gambling_betting,gambling_betting,0.9,,gambling,105
blank street,restaurant_cafe,accepted_tiebreak,restaurant_cafe,restaurant_cafe,0.65,restaurant_cafe,eating_drinking_out,104
general,unclassified_other,abstain_confirmed,unclassified_other,unclassified_other,0.4,,unclassified,104
jaja,credit_card_repayment,accepted,credit_card_repayment,credit_card_repayment,0.85,,credit_loan_repayments,104
nwmscail,unclassified_other,abstain_confirmed,unclassified_other,unclassified_other,0.4,,unclassified,104
joshua,transfer_p2p,accepted_tiebreak,transfer_p2p,transfer_p2p,0.65,transfer_p2p,transfers,104
spar mcbride's,groceries,accepted,groceries,groceries,0.85,,groceries_household_essentials,104
a hodgson,transfer_p2p,accepted_tiebreak,transfer_p2p,transfer_p2p,0.55,transfer_p2p,transfers,104
milan kroscen,transfer_p2p,accepted_tiebreak,transfer_p2p,personal_loan_repayment,0.6,transfer_p2p,transfers,104
sileby mini supermarke,groceries,accepted,groceries,groceries,0.75,,groceries_household_essentials,104
the venue,eating_out_other,human_reviewed,restaurant_cafe,unclassified_other,0.4,pub_bar,eating_drinking_out,104
duelz,gambling_casino,accepted,gambling_casino,gambling_casino,0.85,,gambling,104
cd esso,fuel,auto_accept,fuel,fuel,0.9,,transport_motoring,104
welcome retail,convenience_store,accepted_tiebreak,convenience_store,convenience_store,0.6,convenience_store,groceries_household_essentials,104
open all hours cd,convenience_store,accepted_tiebreak,convenience_store,convenience_store,0.55,convenience_store,groceries_household_essentials,104
west end arms,pub_bar,accepted,pub_bar,pub_bar,0.75,,eating_drinking_out,104
oyster mobile app,public_transport_rail_coach,accepted_tiebreak,transfer_mobile_app,public_transport_rail_coach,0.7,public_transport_rail_coach,transport_motoring,104
vms,school_fees,accepted_tiebreak,payment_intermediary,school_fees,0.5,school_fees,childcare_education,104
miss denise l war,transfer_p2p,accepted_tiebreak,transfer_p2p,transfer_p2p,0.5,transfer_p2p,transfers,104
j clifton,transfer_p2p,accepted_tiebreak,transfer_p2p,transfer_p2p,0.55,transfer_p2p,transfers,104
thomas griffiths,transfer_p2p,accepted_tiebreak,transfer_p2p,transfer_p2p,0.6,transfer_p2p,transfers,103
christopher clayton leisure,unclassified_other,abstain_residual,unclassified_other,sports_participation,0.4,entertainment_other,unclassified,103
s rogerson,transfer_p2p,accepted_tiebreak,transfer_p2p,transfer_p2p,0.55,transfer_p2p,transfers,103
l.j. ingram hehehehe,transfer_p2p,accepted_tiebreak,transfer_p2p,transfer_p2p,0.5,transfer_p2p,transfers,103
adam riley,transfer_p2p,accepted_tiebreak,transfer_p2p,transfer_p2p,0.55,transfer_p2p,transfers,103
lauren puddy,transfer_p2p,accepted_tiebreak,transfer_p2p,transfer_p2p,0.55,transfer_p2p,transfers,103
meadowhall,retail_other,accepted_tiebreak,department_store,retail_other,0.4,retail_other,general_retail_marketplaces,103
amazonslots,gambling_casino,accepted_tiebreak,gaming_online,gambling_casino,0.9,gambling_casino,gambling,103
l smith,transfer_p2p,accepted_tiebreak,transfer_p2p,transfer_p2p,0.6,transfer_p2p,transfers,103
m chumber,transfer_p2p,accepted_tiebreak,transfer_p2p,transfer_p2p,0.6,transfer_p2p,transfers,103
z sattar,transfer_p2p,accepted_tiebreak,transfer_p2p,transfer_p2p,0.6,transfer_p2p,transfers,103
k gallagher,transfer_p2p,accepted_tiebreak,transfer_p2p,transfer_p2p,0.6,transfer_p2p,transfers,103
elizabeth steadman,transfer_p2p,accepted_tiebreak,transfer_p2p,transfer_p2p,0.6,transfer_p2p,transfers,103
mr d,transfer_p2p,accepted_tiebreak,transfer_p2p,transfer_p2p,0.55,transfer_p2p,transfers,102
32 red,gambling_casino,auto_accept,gambling_casino,gambling_casino,0.9,,gambling,102
ajjb law,legal_services,accepted_tiebreak,legal_services,legal_services,0.65,legal_services,business_self_employment,102
canada,unclassified_other,abstain_confirmed,unclassified_other,transfer_p2p,0.4,unclassified_other,unclassified,102
bnaelocationsbasedo,unclassified_other,abstain_confirmed,unclassified_other,unclassified_other,0.4,,unclassified,102
jason,transfer_p2p,accepted_tiebreak,transfer_p2p,transfer_p2p,0.6,transfer_p2p,transfers,102
careem food,takeaway,accepted,takeaway,takeaway,0.85,,eating_drinking_out,102
powles,transfer_p2p,accepted_tiebreak,transfer_p2p,transfer_p2p,0.6,transfer_p2p,transfers,102
christopher,transfer_p2p,accepted_tiebreak,transfer_p2p,transfer_p2p,0.6,transfer_p2p,transfers,102
adz lawro,unclassified_other,abstain_residual,legal_services,transfer_p2p,0.4,unclassified_other,unclassified,102
clint page,transfer_p2p,accepted_tiebreak,transfer_p2p,transfer_p2p,0.6,transfer_p2p,transfers,101
power ni domestic ecom,energy,auto_accept,energy,energy,0.9,,utilities_household_bills,101
dvla vehicle tax,road_tax,auto_accept,road_tax,road_tax,0.95,,transport_motoring,101
three pigeons,pub_bar,accepted_tiebreak,restaurant_cafe,pub_bar,0.8,pub_bar,eating_drinking_out,101
white lion cd,pub_bar,accepted,pub_bar,pub_bar,0.7,,eating_drinking_out,101
isha expense via,transfer_p2p,accepted_tiebreak,transfer_p2p,transfer_p2p,0.4,transfer_p2p,transfers,101
booths,groceries,auto_accept,groceries,groceries,0.9,,groceries_household_essentials,101
anthony,transfer_p2p,accepted,transfer_p2p,transfer_p2p,0.75,,transfers,101
sterling foods,groceries,accepted,groceries,groceries,0.7,,groceries_household_essentials,101
m higham,transfer_p2p,accepted,transfer_p2p,transfer_p2p,0.7,,transfers,101
sam humphries,transfer_p2p,accepted,transfer_p2p,transfer_p2p,0.75,,transfers,101
mta,public_transport_rail_coach,accepted_tiebreak,unclassified_other,public_transport_rail_coach,0.8,public_transport_rail_coach,transport_motoring,100
mersey tunnels pilot,tolls,auto_accept,tolls,tolls,0.9,,transport_motoring,100
exchanged to bgn,foreign_currency,accepted,foreign_currency,foreign_currency,0.7,,travel_holidays,100
company shop ltd,groceries,accepted_tiebreak,discount_store,groceries,0.6,groceries,groceries_household_essentials,100
rafal kaminski,transfer_p2p,accepted,transfer_p2p,transfer_p2p,0.75,,transfers,100
cd city,unclassified_card_spend,accepted_tiebreak,unclassified_other,unclassified_card_spend,0.3,unclassified_card_spend,unclassified,100
hiya rental payment,unclassified_other,context_dependent,mobile_handset,rent,0.5,online_services,unclassified,100
datman.je,unclassified_other,abstain_confirmed,unclassified_other,unclassified_other,0.3,,unclassified,100
gbp,unclassified_transfer,accepted_tiebreak,unclassified_transfer,transfer_own_account,0.4,unclassified_transfer,unclassified,100
alardistributionlt,confectionary,human_reviewed,unclassified_other,vaping,0.55,confectionary,groceries_household_essentials,100
tamar bridge,tolls,auto_accept,tolls,tolls,0.9,,transport_motoring,100
samantha,transfer_p2p,accepted,transfer_p2p,transfer_p2p,0.75,,transfers,100
cd reading transport limi,public_transport_rail_coach,accepted,public_transport_rail_coach,public_transport_rail_coach,0.85,,transport_motoring,100
youpay inc.,payment_intermediary,accepted_tiebreak,payment_intermediary,unclassified_other,0.3,payment_intermediary,general_retail_marketplaces,100
c wolff,transfer_p2p,accepted_tiebreak,transfer_p2p,transfer_p2p,0.6,transfer_p2p,transfers,100
miss k walls,transfer_p2p,accepted_tiebreak,transfer_p2p,transfer_p2p,0.6,transfer_p2p,transfers,100
pixelpay solutions ltd,payment_intermediary,accepted_tiebreak,payment_intermediary,unclassified_other,0.3,payment_intermediary,general_retail_marketplaces,100
c barlow,transfer_p2p,accepted_tiebreak,transfer_p2p,transfer_p2p,0.6,transfer_p2p,transfers,100
c the,unclassified_other,abstain_residual,convenience_store,restaurant_cafe,0.4,unclassified_card_spend,unclassified,99
first essex,public_transport_rail_coach,accepted_tiebreak,public_transport_rail_coach,public_transport_rail_coach,0.6,public_transport_rail_coach,transport_motoring,99
deichmann se,footwear,accepted,footwear,footwear,0.85,,clothing_personal_care,99
money to hmpps,unclassified_other,abstain_confirmed,unclassified_other,unclassified_other,0.4,,unclassified,99
lyca,mobile_phone_contract,accepted,mobile_phone_contract,mobile_phone_contract,0.7,,utilities_household_bills,99
sainsburys s mkts,groceries,auto_accept,groceries,groceries,0.9,,groceries_household_essentials,99
dott bike ride,bicycle,accepted_tiebreak,taxi_rideshare,bicycle,0.7,bicycle,transport_motoring,99
jade wilson jade,transfer_p2p,accepted_tiebreak,transfer_p2p,transfer_p2p,0.6,transfer_p2p,transfers,99
savers health & beauty cd,pharmacy,accepted,pharmacy,pharmacy,0.85,,health_medical,99
lv life,insurance_life,accepted,insurance_life,insurance_life,0.75,,insurance,99
motorfuellimited,fuel,accepted_tiebreak,unclassified_other,fuel,0.55,fuel,transport_motoring,99
s oliver,transfer_p2p,accepted_tiebreak,transfer_p2p,transfer_p2p,0.55,transfer_p2p,transfers,99
east west continen,unclassified_other,abstain_residual,convenience_store,travel_other,0.4,groceries_specialist,unclassified,99
celia ce ft,transfer_p2p,accepted_tiebreak,transfer_p2p,transfer_p2p,0.55,transfer_p2p,transfers,99
bryce walker vending,convenience_store,accepted_general,convenience_store,convenience_store,0.4,confectionary,groceries_household_essentials,99
fire engine,unclassified_other,abstain_confirmed,unclassified_other,unclassified_other,0.3,,unclassified,98
qbic,unclassified_other,abstain_confirmed,payment_intermediary,unclassified_other,0.3,unclassified_other,unclassified,98
rachel,transfer_p2p,accepted,transfer_p2p,transfer_p2p,0.7,,transfers,98
iss,unclassified_other,abstain_confirmed,unclassified_other,unclassified_other,0.3,,unclassified,98
verisure,home_repair,accepted_tiebreak,cleaning_services,home_repair,0.5,home_repair,home_garden,98
thorness bay,holiday_uk,accepted_tiebreak,holiday_uk,holiday_uk,0.6,holiday_uk,travel_holidays,98
s kiernan,transfer_p2p,accepted,transfer_p2p,transfer_p2p,0.7,,transfers,98
circuit go,unclassified_other,abstain_confirmed,unclassified_other,unclassified_other,0.3,,unclassified,98
david watson,transfer_p2p,accepted,transfer_p2p,transfer_p2p,0.7,,transfers,98
mark,transfer_p2p,accepted,transfer_p2p,transfer_p2p,0.7,,transfers,98
stagecoach cd,public_transport_rail_coach,accepted,public_transport_rail_coach,public_transport_rail_coach,0.85,,transport_motoring,98
claire,transfer_p2p,accepted_tiebreak,transfer_p2p,transfer_p2p,0.65,transfer_p2p,transfers,98
talk,mobile_phone_contract,accepted_tiebreak,mobile_phone_contract,mobile_phone_contract,0.6,mobile_phone_contract,utilities_household_bills,98
daniel uzoma iwu daniel,transfer_p2p,accepted,transfer_p2p,transfer_p2p,0.75,,transfers,98
samsung financeglow,retail_finance_repayment,accepted,retail_finance_repayment,retail_finance_repayment,0.8,,credit_loan_repayments,97
tt2 ltd tyne tunnels,tolls,accepted,tolls,tolls,0.85,,transport_motoring,97
khyber shop,convenience_store,accepted,convenience_store,convenience_store,0.8,,groceries_household_essentials,97
b lockwood,transfer_p2p,accepted_tiebreak,transfer_p2p,transfer_p2p,0.6,transfer_p2p,transfers,97
usd,foreign_currency,accepted_tiebreak,foreign_currency,foreign_currency,0.5,foreign_currency,travel_holidays,97
jdsportsgymsltd,gym_fitness,accepted,gym_fitness,gym_fitness,0.85,,health_medical,97
garry potter,transfer_p2p,accepted,transfer_p2p,transfer_p2p,0.75,,transfers,97
augusta tanor asua,transfer_p2p,accepted,transfer_p2p,transfer_p2p,0.75,,transfers,97
barclays bank,mortgage,auto_accept,mortgage,mortgage,0.9,,housing,97
sainsbury s s mkts,groceries,auto_accept,groceries,groceries,0.95,,groceries_household_essentials,97
amber malkin,transfer_p2p,accepted,transfer_p2p,transfer_p2p,0.75,,transfers,97
expressappliances,household_appliances,accepted_tiebreak,electrical_goods,household_appliances,0.55,household_appliances,home_garden,97
lee,transfer_p2p,accepted,transfer_p2p,transfer_p2p,0.7,,transfers,97
precious,transfer_p2p,accepted,transfer_p2p,transfer_p2p,0.7,,transfers,97
talk talk,broadband_tv_phone,auto_accept,broadband_tv_phone,broadband_tv_phone,0.95,,utilities_household_bills,97
interparcel,delivery_courier,accepted,delivery_courier,delivery_courier,0.85,,general_retail_marketplaces,97
n m'caw,transfer_p2p,accepted_tiebreak,transfer_p2p,transfer_p2p,0.6,transfer_p2p,transfers,96
kayley difford,transfer_p2p,accepted,transfer_p2p,transfer_p2p,0.75,,transfers,96
fabgizmo,personal_loan_repayment,accepted,personal_loan_repayment,personal_loan_repayment,0.8,,credit_loan_repayments,96
spar grand street,groceries,accepted,groceries,groceries,0.8,,groceries_household_essentials,96
central co op,groceries,accepted,groceries,groceries,0.75,,groceries_household_essentials,96
oksana,transfer_p2p,accepted,transfer_p2p,transfer_p2p,0.75,,transfers,96
ee home,broadband_tv_phone,auto_accept,broadband_tv_phone,broadband_tv_phone,0.9,,utilities_household_bills,96
sam humphries & nadine humphries,transfer_p2p,accepted,transfer_p2p,transfer_p2p,0.75,,transfers,96
alex,transfer_p2p,accepted,transfer_p2p,transfer_p2p,0.75,,transfers,96
alpha cars,taxi_rideshare,accepted_tiebreak,taxi_rideshare,taxi_rideshare,0.6,taxi_rideshare,transport_motoring,96
laura hardcast,transfer_p2p,accepted,transfer_p2p,transfer_p2p,0.75,,transfers,96
stvendinglimited,confectionary,accepted_tiebreak,vaping,confectionary,0.55,confectionary,groceries_household_essentials,96
flip out,days_out,accepted_tiebreak,entertainment_other,days_out,0.6,days_out,entertainment_leisure,96
itv,streaming,accepted_tiebreak,streaming,streaming,0.6,streaming,digital_subscriptions_services,96
chorley moor road service,convenience_store,accepted_tiebreak,convenience_store,fuel,0.55,convenience_store,groceries_household_essentials,96
the globe,pub_bar,accepted_tiebreak,pub_bar,pub_bar,0.6,pub_bar,eating_drinking_out,96
onthatass,unclassified_other,abstain_residual,restaurant_cafe,unclassified_other,0.3,clothing_general,unclassified,96
club,unclassified_other,abstain_confirmed,unclassified_other,unclassified_other,0.3,,unclassified,96
jason manning,transfer_p2p,accepted,transfer_p2p,transfer_p2p,0.75,,transfers,96
brandon street premier,unclassified_other,abstain_residual,convenience_store,unclassified_other,0.3,groceries,unclassified,96
j martin,transfer_p2p,accepted,transfer_p2p,transfer_p2p,0.75,,transfers,96
vape zone,vaping,accepted,vaping,vaping,0.85,,groceries_household_essentials,96
kamara roberts,transfer_p2p,accepted,transfer_p2p,transfer_p2p,0.75,,transfers,96
amy lock,transfer_p2p,accepted,transfer_p2p,transfer_p2p,0.75,,transfers,96
central eng coop,groceries,accepted_tiebreak,public_transport_rail_coach,groceries,0.7,groceries,groceries_household_essentials,96
spar trevethin,groceries,accepted,groceries,groceries,0.85,,groceries_household_essentials,96
myiq,unclassified_other,abstain_confirmed,unclassified_other,unclassified_other,0.3,,unclassified,95
scc itchen bridge,unclassified_other,abstain_residual,convenience_store,restaurant_cafe,0.4,tolls,unclassified,95
s james,transfer_p2p,accepted_tiebreak,transfer_p2p,transfer_p2p,0.65,transfer_p2p,transfers,95
l holloway,transfer_p2p,accepted_tiebreak,transfer_p2p,transfer_p2p,0.65,transfer_p2p,transfers,95
stonegate pub,pub_bar,accepted,pub_bar,pub_bar,0.85,,eating_drinking_out,95
dizz foods limited,convenience_store,accepted_tiebreak,convenience_store,groceries,0.55,convenience_store,groceries_household_essentials,95
morrison supply,groceries,auto_accept,groceries,groceries,0.9,,groceries_household_essentials,95
asad ur rehman,transfer_p2p,accepted,transfer_p2p,transfer_p2p,0.75,,transfers,95
council tax,council_tax,auto_accept,council_tax,council_tax,0.95,,council_tax_government,95
google king,software,accepted_tiebreak,unclassified_other,software,0.5,software,digital_subscriptions_services,95
m himalova,transfer_p2p,accepted_tiebreak,restaurant_cafe,transfer_p2p,0.6,transfer_p2p,transfers,95
onbuy,marketplace_general,accepted,marketplace_general,marketplace_general,0.75,,general_retail_marketplaces,95
leeds city,council_tax,accepted_tiebreak,council_tax,council_tax,0.65,council_tax,council_tax_government,95
delamere cafe,unclassified_other,abstain_residual,restaurant_cafe,restaurant_cafe,0.6,convenience_store,unclassified,95
nelson village store,convenience_store,accepted,convenience_store,convenience_store,0.85,,groceries_household_essentials,95
cd dine pepsico sk,confectionary,accepted_tiebreak,confectionary,convenience_store,0.5,confectionary,groceries_household_essentials,95
the town mills,pub_bar,accepted_tiebreak,restaurant_cafe,pub_bar,0.55,pub_bar,eating_drinking_out,95
vape superstore,vaping,auto_accept,vaping,vaping,0.9,,groceries_household_essentials,95
tui uk ltd,holiday_package,accepted,holiday_package,holiday_package,0.8,,travel_holidays,95
harper vending ltd,confectionary,accepted_tiebreak,confectionary,convenience_store,0.5,confectionary,groceries_household_essentials,95
r singh,transfer_p2p,accepted,transfer_p2p,transfer_p2p,0.75,,transfers,95
benjiman varrier,transfer_p2p,accepted,transfer_p2p,transfer_p2p,0.7,,transfers,95
mr jake brooman,transfer_p2p,accepted,transfer_p2p,transfer_p2p,0.75,,transfers,95
sky protect,insurance_general,accepted_tiebreak,insurance_general,insurance_home,0.65,insurance_general,insurance,94
charlotte,transfer_p2p,accepted_tiebreak,transfer_p2p,transfer_p2p,0.6,transfer_p2p,transfers,94
a fisher,transfer_p2p,accepted_tiebreak,transfer_p2p,transfer_p2p,0.6,transfer_p2p,transfers,94
d holland,transfer_p2p,accepted_tiebreak,transfer_p2p,transfer_p2p,0.6,transfer_p2p,transfers,94
ukcc.co.uk,prize_competitions,human_reviewed,unclassified_other,energy,0.55,car_parking,gambling,94
premium credit insurance,insurance_general,accepted,insurance_general,insurance_general,0.7,,insurance,94
instant saver,savings_transfer,accepted,savings_transfer,savings_transfer,0.75,,savings_investments,94
d simpson,transfer_p2p,accepted_tiebreak,transfer_p2p,transfer_p2p,0.6,transfer_p2p,transfers,94
vance,unclassified_other,abstain_residual,transfer_p2p,personal_loan_repayment,0.45,unclassified_other,unclassified,94
centrebus,public_transport_rail_coach,accepted,public_transport_rail_coach,public_transport_rail_coach,0.85,,transport_motoring,94
himanshu malani,transfer_p2p,accepted_tiebreak,transfer_p2p,transfer_p2p,0.6,transfer_p2p,transfers,94
the perk company,restaurant_cafe,accepted_tiebreak,restaurant_cafe,restaurant_cafe,0.5,restaurant_cafe,eating_drinking_out,94
coinsolutionsltd,unclassified_other,abstain_confirmed,unclassified_other,unclassified_other,0.4,,unclassified,94
crossway s tavern ltd,pub_bar,accepted,pub_bar,pub_bar,0.8,,eating_drinking_out,94
via,payment_intermediary,accepted_tiebreak,payment_intermediary,transfer_p2p,0.4,payment_intermediary,general_retail_marketplaces,94
pepes piri piri,takeaway,accepted,takeaway,takeaway,0.75,,eating_drinking_out,94
breaktime groupltd,unclassified_other,abstain_confirmed,unclassified_other,unclassified_other,0.4,,unclassified,94
julie turner ba ft,transfer_p2p,accepted_tiebreak,transfer_p2p,transfer_p2p,0.6,transfer_p2p,transfers,94
rankinterac,gambling_unspecified,human_reviewed,payment_intermediary,unclassified_other,0.4,gambling_unspecified,gambling,94
fortunica,unclassified_other,abstain_residual,unclassified_other,gaming_online,0.4,online_services,unclassified,94
one call insurance,insurance_general,accepted_tiebreak,insurance_general,insurance_motor,0.7,insurance_general,insurance,93
bp ascona retail limited,fuel,accepted,fuel,fuel,0.85,,transport_motoring,93
skillnetltd,unclassified_other,abstain_confirmed,online_services,unclassified_other,0.4,unclassified_other,unclassified,93
gatwick drop off,airport_parking,accepted_tiebreak,airport_parking,car_parking,0.6,airport_parking,travel_holidays,93
mer,unclassified_other,abstain_confirmed,unclassified_other,unclassified_other,0.3,,unclassified,93
greens local,convenience_store,accepted_tiebreak,restaurant_cafe,convenience_store,0.55,convenience_store,groceries_household_essentials,93
gladeside local,convenience_store,accepted_tiebreak,restaurant_cafe,convenience_store,0.55,convenience_store,groceries_household_essentials,93
j pennington,unclassified_other,abstain_residual,pet_supplies,pet_supplies,0.55,transfer_p2p,unclassified,93
caron stewart,transfer_p2p,accepted,transfer_p2p,transfer_p2p,0.7,,transfers,93
ymca,charitable_donation,accepted_tiebreak,charitable_donation,charitable_donation,0.6,charitable_donation,charitable_political_giving,93
mob jamie jam,transfer_p2p,accepted_tiebreak,transfer_p2p,transfer_p2p,0.6,transfer_p2p,transfers,93
templeman retailing and v,retail_small_independent,accepted_tiebreak,retail_small_independent,retail_other,0.4,retail_small_independent,general_retail_marketplaces,93
victory news,convenience_store,accepted_tiebreak,convenience_store,convenience_store,0.6,convenience_store,groceries_household_essentials,93
holland and barrett,supplements,accepted_tiebreak,pharmacy,supplements,0.85,supplements,health_medical,93
pay.amazon,marketplace_amazon,accepted_tiebreak,marketplace_amazon,marketplace_amazon,0.6,marketplace_amazon,general_retail_marketplaces,93
get stuffed,unclassified_other,abstain_residual,toys,restaurant_cafe,0.45,takeaway,unclassified,93
k sounds group lim,unclassified_other,abstain_confirmed,unclassified_other,personal_loan_repayment,0.55,unclassified_other,unclassified,93
next e3,retail_finance_repayment,human_reviewed,retail_finance_repayment,retail_finance_repayment,0.55,catalogue_retail,credit_loan_repayments,93
dean hughes,transfer_p2p,accepted,transfer_p2p,transfer_p2p,0.7,,transfers,93
citipark,car_parking,accepted,car_parking,car_parking,0.85,,transport_motoring,93
j keogh,transfer_p2p,accepted_tiebreak,transfer_p2p,transfer_p2p,0.65,transfer_p2p,transfers,93
kirsty,transfer_p2p,accepted,transfer_p2p,transfer_p2p,0.75,,transfers,93
halifax barclays,credit_card_repayment,accepted_tiebreak,transfer_bank_unspecified,credit_card_repayment,0.6,credit_card_repayment,credit_loan_repayments,93
scottish police college,unclassified_other,abstain_residual,accommodation,unclassified_other,0.3,education_general,unclassified,93
mcgill s,unclassified_other,abstain_residual,takeaway,restaurant_cafe,0.45,unclassified_other,unclassified,92
stephen mcdonald friend,transfer_p2p,accepted,transfer_p2p,transfer_p2p,0.85,,transfers,92
guiney cl,transfer_p2p,accepted,transfer_p2p,transfer_p2p,0.75,,transfers,92
the open ditch,unclassified_other,abstain_confirmed,unclassified_other,unclassified_other,0.3,,unclassified,92
bradford royal infirmary,hospital,accepted,hospital,hospital,0.7,,health_medical,92
ashleigh licchelli,transfer_p2p,accepted,transfer_p2p,transfer_p2p,0.8,,transfers,92
zable cards london,credit_card_repayment,accepted_tiebreak,payment_intermediary,credit_card_repayment,0.7,credit_card_repayment,credit_loan_repayments,92
t hedger,transfer_p2p,accepted_tiebreak,transfer_p2p,transfer_p2p,0.6,transfer_p2p,transfers,92
ry's competition,prize_competitions,accepted,prize_competitions,prize_competitions,0.75,,gambling,92
clittaford stores,convenience_store,accepted_tiebreak,retail_small_independent,convenience_store,0.5,convenience_store,groceries_household_essentials,92
wenzels the baker,restaurant_cafe,accepted_tiebreak,restaurant_cafe,takeaway,0.6,restaurant_cafe,eating_drinking_out,92
dumbarton convenience,convenience_store,accepted,convenience_store,convenience_store,0.85,,groceries_household_essentials,92
exchanged to gbp,foreign_currency,accepted_tiebreak,foreign_currency,foreign_currency,0.55,foreign_currency,travel_holidays,91
bob shop,convenience_store,accepted_tiebreak,convenience_store,convenience_store,0.55,convenience_store,groceries_household_essentials,91
elitecompetitions,prize_competitions,accepted,prize_competitions,prize_competitions,0.75,,gambling,91
talabat,takeaway,accepted,takeaway,takeaway,0.75,,eating_drinking_out,91
ivanhoe wmc,pub_bar,accepted_tiebreak,unclassified_other,pub_bar,0.5,pub_bar,eating_drinking_out,91
jw vending ltd,convenience_store,accepted_general,convenience_store,convenience_store,0.6,confectionary,groceries_household_essentials,91
m stone,transfer_p2p,accepted_tiebreak,personal_loan_repayment,transfer_p2p,0.55,transfer_p2p,transfers,91
o baran,transfer_p2p,accepted_tiebreak,transfer_p2p,transfer_p2p,0.5,transfer_p2p,transfers,91
croydon international,groceries_specialist,accepted_tiebreak,groceries_specialist,groceries,0.55,groceries_specialist,groceries_household_essentials,91
shawney millar,transfer_p2p,accepted_tiebreak,transfer_p2p,transfer_p2p,0.65,transfer_p2p,transfers,91
airalo,unclassified_other,abstain_residual,foreign_currency,travel_other,0.6,mobile_phone_contract,unclassified,91
darren lee carter,transfer_p2p,accepted_tiebreak,transfer_p2p,transfer_p2p,0.65,transfer_p2p,transfers,91
marbles pi,credit_card_repayment,accepted_tiebreak,unclassified_other,credit_card_repayment,0.6,credit_card_repayment,credit_loan_repayments,91
fairfor,unclassified_other,abstain_residual,personal_loan_repayment,payday_loan,0.55,retail_finance_repayment,unclassified,91
linda butcher barclays,transfer_p2p,accepted_tiebreak,unclassified_other,transfer_p2p,0.5,transfer_p2p,transfers,91
relay,convenience_store,accepted_tiebreak,convenience_store,convenience_store,0.4,convenience_store,groceries_household_essentials,91
breaktimegroupltd,unclassified_other,abstain_residual,unclassified_other,convenience_store,0.4,confectionary,unclassified,91
c the star,pub_bar,accepted_tiebreak,unclassified_other,pub_bar,0.5,pub_bar,eating_drinking_out,91
nic services group,unclassified_other,abstain_confirmed,unclassified_other,unclassified_other,0.4,,unclassified,91
bettom ltd,gambling_unspecified,accepted_tiebreak,gambling_unspecified,gambling_unspecified,0.6,gambling_unspecified,gambling,91
esquires coffee,restaurant_cafe,accepted,restaurant_cafe,restaurant_cafe,0.75,,eating_drinking_out,90
stacey harding,transfer_p2p,accepted_tiebreak,transfer_p2p,transfer_p2p,0.65,transfer_p2p,transfers,90
nest it,pension_contribution,human_reviewed,energy,energy,0.55,pension_contribution,savings_investments,90
divine convenienc,convenience_store,accepted_tiebreak,unclassified_other,convenience_store,0.55,convenience_store,groceries_household_essentials,90
t mcdonald,transfer_p2p,accepted_tiebreak,transfer_p2p,transfer_p2p,0.5,transfer_p2p,transfers,90
moneyline cymru,personal_loan_repayment,accepted,personal_loan_repayment,personal_loan_repayment,0.75,,credit_loan_repayments,90
c leigham stores,convenience_store,accepted,convenience_store,convenience_store,0.85,,groceries_household_essentials,90
tfc supermarkets,groceries,accepted_general,groceries,groceries,0.55,groceries_specialist,groceries_household_essentials,90
rhiannon allen,transfer_p2p,accepted_tiebreak,transfer_p2p,transfer_p2p,0.6,transfer_p2p,transfers,90
hibbert ap,transfer_p2p,accepted_tiebreak,transfer_p2p,transfer_p2p,0.6,transfer_p2p,transfers,90
wollit,unclassified_other,abstain_residual,credit_card_repayment,bnpl,0.55,credit_reporting_service,unclassified,90
t mills,transfer_p2p,accepted_tiebreak,transfer_p2p,transfer_p2p,0.6,transfer_p2p,transfers,90
bounty,prize_competitions,accepted,prize_competitions,prize_competitions,0.75,,gambling,90
savoy hotel roma,accommodation,accepted,accommodation,accommodation,0.75,,travel_holidays,90
danny,transfer_p2p,accepted_tiebreak,transfer_p2p,transfer_p2p,0.6,transfer_p2p,transfers,90
arron blount,transfer_p2p,accepted_tiebreak,transfer_p2p,transfer_p2p,0.65,transfer_p2p,transfers,90
simmons bar,pub_bar,accepted,pub_bar,pub_bar,0.75,,eating_drinking_out,89
t pepper,transfer_p2p,accepted_tiebreak,transfer_p2p,transfer_p2p,0.6,transfer_p2p,transfers,89
m rushworth,transfer_p2p,accepted_tiebreak,transfer_p2p,transfer_p2p,0.6,transfer_p2p,transfers,89
ads,advertising_services,accepted,advertising_services,advertising_services,0.7,,business_self_employment,89
creation.co.uk a,retail_finance_repayment,accepted,retail_finance_repayment,retail_finance_repayment,0.8,,credit_loan_repayments,89
stripe re shopify capital uk,business_loan_repayment,accepted_tiebreak,loan_repayment_other,business_loan_repayment,0.6,business_loan_repayment,business_self_employment,89
piccadilly,convenience_store,accepted_tiebreak,convenience_store,gambling_unspecified,0.45,convenience_store,groceries_household_essentials,89
e macnamara,transfer_p2p,accepted_tiebreak,transfer_p2p,transfer_p2p,0.5,transfer_p2p,transfers,89
yeading convenience store,convenience_store,accepted,convenience_store,convenience_store,0.85,,groceries_household_essentials,89
golden lion,pub_bar,accepted,pub_bar,pub_bar,0.75,,eating_drinking_out,89
s k foods,groceries_specialist,accepted_tiebreak,groceries,groceries_specialist,0.5,groceries_specialist,groceries_household_essentials,89
allchinabuy,marketplace_general,accepted_tiebreak,takeaway,marketplace_general,0.65,marketplace_general,general_retail_marketplaces,89
harland group,gym_fitness,accepted_tiebreak,payment_intermediary,gym_fitness,0.55,gym_fitness,health_medical,89
ceri car,transfer_p2p,accepted_tiebreak,car_parking,transfer_p2p,0.5,transfer_p2p,transfers,89
r hawthorne,transfer_p2p,accepted_tiebreak,restaurant_cafe,transfer_p2p,0.6,transfer_p2p,transfers,89
survitec,unclassified_other,abstain_confirmed,unclassified_other,unclassified_other,0.4,,unclassified,89
miss fatha s nurey love,transfer_p2p,accepted_tiebreak,transfer_p2p,transfer_p2p,0.6,transfer_p2p,transfers,88
patrick lennon,transfer_p2p,accepted_tiebreak,transfer_p2p,transfer_p2p,0.65,transfer_p2p,transfers,88
uki t,insurance_motor,accepted,insurance_motor,insurance_motor,0.7,,insurance,88
three online,mobile_phone_contract,accepted_tiebreak,mobile_phone_contract,mobile_phone_contract,0.6,mobile_phone_contract,utilities_household_bills,88
mob s p fuller clothes,unclassified_other,abstain_residual,clothing_general,clothing_general,0.55,transfer_p2p,unclassified,88
r&co property mana,rent,accepted_tiebreak,property_management,rent,0.55,rent,housing,88
rifaat,transfer_p2p,accepted_tiebreak,transfer_p2p,transfer_p2p,0.65,transfer_p2p,transfers,88
cd nya,unclassified_card_spend,accepted_tiebreak,unclassified_other,unclassified_card_spend,0.3,unclassified_card_spend,unclassified,88
kyle sullivan,transfer_p2p,accepted_tiebreak,transfer_p2p,transfer_p2p,0.65,transfer_p2p,transfers,88
coral pi,gambling_betting,accepted,gambling_betting,gambling_betting,0.7,,gambling,88
brianna crabb ticket,transfer_p2p,accepted_tiebreak,transfer_p2p,transfer_p2p,0.5,transfer_p2p,transfers,88
table table,restaurant_cafe,accepted,restaurant_cafe,restaurant_cafe,0.7,,eating_drinking_out,88
c vilnius corner shop,convenience_store,accepted,convenience_store,convenience_store,0.75,,groceries_household_essentials,88
gbp outing,unclassified_other,abstain_residual,transfer_p2p,transfer_p2p,0.4,unclassified_transfer,unclassified,88
bb-samsung,unclassified_other,abstain_residual,computing_devices,unclassified_other,0.3,software,unclassified,88
b m,discount_store,accepted,discount_store,discount_store,0.75,,groceries_household_essentials,88
frasers group fina,retail_finance_repayment,accepted,retail_finance_repayment,retail_finance_repayment,0.7,,credit_loan_repayments,88
jackpotz competitions,prize_competitions,accepted,prize_competitions,prize_competitions,0.75,,gambling,88
russell aj,transfer_p2p,accepted,transfer_p2p,transfer_p2p,0.75,,transfers,88
the fox and tiger,pub_bar,accepted_tiebreak,pub_bar,pub_bar,0.6,pub_bar,eating_drinking_out,88
mr christopher fawcett,transfer_p2p,accepted,transfer_p2p,transfer_p2p,0.75,,transfers,88
l&g,insurance_life,accepted_tiebreak,insurance_general,insurance_life,0.8,insurance_life,insurance,87
pggroup,unclassified_other,abstain_confirmed,unclassified_other,gambling_unspecified,0.5,unclassified_other,unclassified,87
mcolls,cash_withdrawal,accepted_tiebreak,cash_withdrawal,cash_withdrawal,0.6,cash_withdrawal,cash,87
c crane,transfer_p2p,human_reviewed,unclassified_other,personal_loan_repayment,0.55,transfer_p2p,transfers,87
getyourguide,days_out,accepted_tiebreak,days_out,experience_days,0.7,days_out,entertainment_leisure,87
corkscrew off,alcohol_beer_spirits,accepted_tiebreak,alcohol_beer_spirits,alcohol_wine,0.6,alcohol_beer_spirits,groceries_household_essentials,87
tgi friday's,restaurant_cafe,accepted,restaurant_cafe,restaurant_cafe,0.85,,eating_drinking_out,87
seifeddin,transfer_p2p,accepted_tiebreak,transfer_p2p,transfer_p2p,0.6,transfer_p2p,transfers,87
marie,transfer_p2p,accepted,transfer_p2p,transfer_p2p,0.75,,transfers,87
evapo,vaping,accepted_tiebreak,unclassified_other,vaping,0.85,vaping,groceries_household_essentials,87
caitlin,transfer_p2p,accepted,transfer_p2p,transfer_p2p,0.75,,transfers,87
bp bovey sf connect,fuel,accepted,fuel,fuel,0.7,,transport_motoring,87
village store,convenience_store,accepted,convenience_store,convenience_store,0.75,,groceries_household_essentials,87
zabka ze,convenience_store,accepted_tiebreak,groceries,convenience_store,0.65,convenience_store,groceries_household_essentials,87
m.adair,transfer_p2p,accepted_tiebreak,transfer_p2p,unclassified_other,0.4,transfer_p2p,transfers,87
new coffee giant,restaurant_cafe,accepted_tiebreak,restaurant_cafe,restaurant_cafe,0.6,restaurant_cafe,eating_drinking_out,87
jaja finance limit,credit_card_repayment,accepted_tiebreak,personal_loan_repayment,credit_card_repayment,0.7,credit_card_repayment,credit_loan_repayments,87
chloe,transfer_p2p,accepted,transfer_p2p,transfer_p2p,0.7,,transfers,86
clarson ltd,unclassified_other,abstain_confirmed,unclassified_other,unclassified_other,0.35,,unclassified,86
dublin port tunnel,tolls,accepted,tolls,tolls,0.85,,transport_motoring,86
smarty co,mobile_phone_contract,accepted,mobile_phone_contract,mobile_phone_contract,0.85,,utilities_household_bills,86
oskar groceries,groceries,accepted,groceries,groceries,0.7,,groceries_household_essentials,86
goyal news cd,convenience_store,accepted_tiebreak,unclassified_other,convenience_store,0.5,convenience_store,groceries_household_essentials,86
lisa,transfer_p2p,accepted,transfer_p2p,transfer_p2p,0.7,,transfers,86
loaded,unclassified_other,abstain_confirmed,unclassified_other,unclassified_other,0.35,,unclassified,86
exchanged to try,foreign_currency,accepted_tiebreak,foreign_currency,foreign_currency,0.6,foreign_currency,travel_holidays,86
hotels-lo,accommodation,accepted_tiebreak,accommodation,accommodation,0.6,accommodation,travel_holidays,86
india richardson,transfer_p2p,accepted_tiebreak,transfer_p2p,transfer_p2p,0.6,transfer_p2p,transfers,86
local shop,convenience_store,accepted_tiebreak,convenience_store,convenience_store,0.65,convenience_store,groceries_household_essentials,86
cd jw vending ltd,convenience_store,accepted_general,convenience_store,convenience_store,0.5,confectionary,groceries_household_essentials,86
central co-op reta,groceries,accepted,groceries,groceries,0.7,,groceries_household_essentials,86
amanda holmes,transfer_p2p,accepted,transfer_p2p,transfer_p2p,0.7,,transfers,86
claire's accessories,jewellery,accepted,jewellery,jewellery,0.7,,clothing_personal_care,86
justeatcou,takeaway,auto_accept,takeaway,takeaway,0.95,,eating_drinking_out,86
jeff my,unclassified_other,abstain_residual,transfer_p2p,transfer_p2p,0.6,unclassified_other,unclassified,86
cubefunder,unclassified_other,abstain_residual,personal_loan_repayment,payday_loan,0.85,business_loan_repayment,unclassified,86
sky betting and ga pi,gambling_betting,auto_accept,gambling_betting,gambling_betting,0.95,,gambling,85
florin hutanu,transfer_p2p,accepted,transfer_p2p,transfer_p2p,0.75,,transfers,85
sonect,cash_withdrawal,accepted_tiebreak,cash_withdrawal,cash_withdrawal,0.6,cash_withdrawal,cash,85
julia doran,transfer_p2p,accepted,transfer_p2p,transfer_p2p,0.75,,transfers,85
a ward,transfer_p2p,accepted_tiebreak,transfer_p2p,transfer_p2p,0.65,transfer_p2p,transfers,85
dividebuy.co.uk,retail_finance_repayment,accepted_tiebreak,bnpl,retail_finance_repayment,0.9,retail_finance_repayment,credit_loan_repayments,85
iwoca,business_loan_repayment,accepted_tiebreak,personal_loan_repayment,business_loan_repayment,0.8,business_loan_repayment,business_self_employment,85
mi vehicle finance,car_finance_repayment,auto_accept,car_finance_repayment,car_finance_repayment,0.9,,credit_loan_repayments,85
thomson a & c,transfer_p2p,accepted_tiebreak,transfer_p2p,transfer_p2p,0.65,transfer_p2p,transfers,85
surreyvending cd,confectionary,accepted_tiebreak,convenience_store,confectionary,0.55,confectionary,groceries_household_essentials,85
credit solutions,debt_collection,accepted,debt_collection,debt_collection,0.85,,high_cost_distress_credit,85
moriarty law,debt_collection,accepted_tiebreak,debt_collection,debt_collection,0.6,debt_collection,high_cost_distress_credit,85
blank street uk limit,restaurant_cafe,accepted,restaurant_cafe,restaurant_cafe,0.7,,eating_drinking_out,85
excel vending ltd,confectionary,accepted_tiebreak,convenience_store,confectionary,0.55,confectionary,groceries_household_essentials,85
miss r tembey,transfer_p2p,accepted,transfer_p2p,transfer_p2p,0.7,,transfers,85
k rosher,transfer_p2p,accepted,transfer_p2p,transfer_p2p,0.7,,transfers,85
s wi,transfer_p2p,accepted_tiebreak,unclassified_other,transfer_p2p,0.4,transfer_p2p,transfers,85
park xmas,savings_transfer,accepted_tiebreak,savings_transfer,savings_transfer,0.55,savings_transfer,savings_investments,85
malachi,transfer_p2p,accepted,transfer_p2p,transfer_p2p,0.75,,transfers,85
favorite chicken & ribs,takeaway,accepted,takeaway,takeaway,0.85,,eating_drinking_out,85
s i news & off licence lt,convenience_store,accepted_tiebreak,convenience_store,alcohol_beer_spirits,0.6,convenience_store,groceries_household_essentials,85
animal health care cj,veterinary,accepted,veterinary,veterinary,0.85,,pets,84
maizie mcmillan,transfer_p2p,accepted,transfer_p2p,transfer_p2p,0.75,,transfers,84
ovidiu milia,transfer_p2p,accepted_tiebreak,transfer_p2p,transfer_p2p,0.55,transfer_p2p,transfers,84
hilltopvendingso,convenience_store,accepted_general,vaping,convenience_store,0.5,confectionary,groceries_household_essentials,84
tavistock square,unclassified_other,abstain_confirmed,unclassified_other,unclassified_other,0.3,,unclassified,84
gbolade design stu,unclassified_other,abstain_confirmed,unclassified_other,transfer_p2p,0.4,unclassified_other,unclassified,84
southend supermarket,groceries,accepted,groceries,groceries,0.85,,groceries_household_essentials,84
eastcoastrefreshment,convenience_store,accepted_general,vaping,convenience_store,0.45,confectionary,groceries_household_essentials,84
aimee gauld,transfer_p2p,accepted,transfer_p2p,transfer_p2p,0.8,,transfers,84
playnation gbp change,gambling_unspecified,accepted_tiebreak,gambling_unspecified,gambling_unspecified,0.55,gambling_unspecified,gambling,84
kelly,transfer_p2p,accepted,transfer_p2p,transfer_p2p,0.7,,transfers,84
leannne meneice best mum,transfer_p2p,accepted,transfer_p2p,transfer_p2p,0.85,,transfers,84
mr ibrahim a omar,transfer_p2p,accepted,transfer_p2p,transfer_p2p,0.75,,transfers,84
euan hadley food,transfer_p2p,accepted,transfer_p2p,transfer_p2p,0.7,,transfers,84
spar store tywyn,groceries,accepted,groceries,groceries,0.85,,groceries_household_essentials,84
vogue,unclassified_other,abstain_confirmed,clothing_general,unclassified_other,0.3,unclassified_other,unclassified,84
dayinsure,insurance_motor,accepted_tiebreak,insurance_general,insurance_motor,0.8,insurance_motor,insurance,84
south western railway,public_transport_rail_coach,auto_accept,public_transport_rail_coach,public_transport_rail_coach,0.95,,transport_motoring,84
bh&c limited,unclassified_other,abstain_residual,restaurant_cafe,restaurant_cafe,0.5,unclassified_other,unclassified,84
bp mirfield ser st,fuel,auto_accept,fuel,fuel,0.9,,transport_motoring,84
bp triangle connect,fuel,accepted,fuel,fuel,0.85,,transport_motoring,84
n rola,unclassified_other,abstain_residual,restaurant_cafe,unclassified_other,0.4,transfer_p2p,unclassified,83
intrum uk,debt_collection,auto_accept,debt_collection,debt_collection,0.9,,high_cost_distress_credit,83
m and m direct ltd,clothing_general,accepted_tiebreak,catalogue_retail,clothing_general,0.7,clothing_general,clothing_personal_care,83
vodafone topup,mobile_phone_contract,accepted,mobile_phone_contract,mobile_phone_contract,0.85,,utilities_household_bills,83
white lion,pub_bar,accepted,pub_bar,pub_bar,0.75,,eating_drinking_out,83
ricardo barbosa si ja,transfer_p2p,accepted_tiebreak,transfer_p2p,transfer_p2p,0.6,transfer_p2p,transfers,83
the aa,breakdown_cover,accepted,breakdown_cover,breakdown_cover,0.75,,transport_motoring,83
irsa sohail,cleaning_services,accepted_tiebreak,cleaning_services,transfer_p2p,0.5,cleaning_services,home_garden,83
opttrx,unclassified_other,abstain_confirmed,unclassified_other,unclassified_other,0.3,,unclassified,83
horton heath service stat,fuel,accepted_tiebreak,unclassified_other,fuel,0.75,fuel,transport_motoring,83
booze direct glasgow ltd,alcohol_beer_spirits,accepted,alcohol_beer_spirits,alcohol_beer_spirits,0.85,,groceries_household_essentials,83
boshhh,unclassified_other,abstain_confirmed,unclassified_other,unclassified_other,0.3,,unclassified,83
vaultc,unclassified_other,abstain_residual,jewellery,unclassified_other,0.3,unclassified_card_spend,unclassified,83
neal taylor,transfer_p2p,accepted_tiebreak,transfer_p2p,transfer_p2p,0.6,transfer_p2p,transfers,83
paul fakir,transfer_p2p,accepted_tiebreak,transfer_p2p,transfer_p2p,0.65,transfer_p2p,transfers,82
jp gardening designs,garden,accepted_tiebreak,tradesmen,garden,0.6,garden,home_garden,82
coppenhall working men,private_members_club,accepted_tiebreak,private_members_club,private_members_club,0.55,private_members_club,entertainment_leisure,82
jammy,unclassified_other,abstain_confirmed,unclassified_other,unclassified_other,0.3,,unclassified,82
oseyo,groceries,accepted_general,convenience_store,groceries,0.5,groceries_specialist,groceries_household_essentials,82
vendease,unclassified_other,abstain_residual,takeaway,groceries,0.4,confectionary,unclassified,82
a jones,transfer_p2p,accepted_tiebreak,transfer_p2p,transfer_p2p,0.6,transfer_p2p,transfers,82
close brother premium finance,insurance_general,accepted_tiebreak,retail_finance_repayment,insurance_general,0.55,insurance_general,insurance,82
l johnson,transfer_p2p,accepted_tiebreak,transfer_p2p,transfer_p2p,0.6,transfer_p2p,transfers,82
marldon road,convenience_store,accepted_tiebreak,convenience_store,convenience_store,0.6,convenience_store,groceries_household_essentials,82
o clover,transfer_p2p,accepted_tiebreak,transfer_p2p,transfer_p2p,0.5,transfer_p2p,transfers,82
transport for greater,public_transport_rail_coach,accepted,public_transport_rail_coach,public_transport_rail_coach,0.85,,transport_motoring,82
mr d d t clarke money,transfer_p2p,accepted_tiebreak,transfer_p2p,transfer_p2p,0.65,transfer_p2p,transfers,82
cd vg store,convenience_store,accepted_tiebreak,convenience_store,convenience_store,0.6,convenience_store,groceries_household_essentials,82
dwr cymru welsh water,water,auto_accept,water,water,0.95,,utilities_household_bills,82
holli murphy money,transfer_p2p,accepted_tiebreak,transfer_p2p,transfer_p2p,0.65,transfer_p2p,transfers,82
the blue ball,pub_bar,accepted_tiebreak,pub_bar,pub_bar,0.6,pub_bar,eating_drinking_out,82
lenka b,transfer_p2p,accepted_tiebreak,transfer_p2p,transfer_p2p,0.55,transfer_p2p,transfers,82
ondal,unclassified_other,abstain_confirmed,unclassified_other,unclassified_other,0.3,,unclassified,82
wakefield,council_tax,accepted_tiebreak,unclassified_other,council_tax,0.45,council_tax,council_tax_government,82
wheatsheaf,pub_bar,accepted_tiebreak,pub_bar,pub_bar,0.6,pub_bar,eating_drinking_out,82
natasha coulson,transfer_p2p,accepted,transfer_p2p,transfer_p2p,0.75,,transfers,82
sky spor,streaming,accepted_tiebreak,streaming,streaming,0.6,streaming,digital_subscriptions_services,82
a smiglarska,transfer_p2p,accepted_tiebreak,transfer_p2p,transfer_p2p,0.6,transfer_p2p,transfers,82
halifax district parki,car_parking,accepted,car_parking,car_parking,0.85,,transport_motoring,82
premier on,convenience_store,accepted_general,convenience_store,convenience_store,0.5,groceries,groceries_household_essentials,82
teqcors,unclassified_other,abstain_confirmed,unclassified_other,unclassified_other,0.4,,unclassified,82
food and wine,alcohol_wine,accepted_general,alcohol_wine,alcohol_wine,0.6,convenience_store,groceries_household_essentials,82
silkworth convenietyne,convenience_store,accepted_tiebreak,convenience_store,convenience_store,0.5,convenience_store,groceries_household_essentials,82
ogbe vincent,transfer_p2p,accepted,transfer_p2p,transfer_p2p,0.75,,transfers,82
b cooper,transfer_p2p,accepted,transfer_p2p,transfer_p2p,0.7,,transfers,82
whoop,gym_fitness,accepted_tiebreak,gym_fitness,gym_fitness,0.5,gym_fitness,health_medical,81
the global,unclassified_other,abstain_residual,newspapers,newspapers,0.4,convenience_store,unclassified,81
the cue club,pub_bar,human_reviewed,pub_bar,eating_out_other,0.4,sports_participation,eating_drinking_out,81
mark wickstead,transfer_p2p,accepted,transfer_p2p,transfer_p2p,0.75,,transfers,81
liverpool victoria,insurance_general,accepted_tiebreak,insurance_life,insurance_general,0.75,insurance_general,insurance,81
kck,unclassified_other,abstain_confirmed,unclassified_other,unclassified_other,0.3,,unclassified,81
harrow,unclassified_other,abstain_confirmed,transfer_p2p,unclassified_other,0.35,unclassified_other,unclassified,81
express,unclassified_other,abstain_confirmed,unclassified_other,unclassified_other,0.3,,unclassified,81
day today costcut,convenience_store,accepted_tiebreak,convenience_store,convenience_store,0.55,convenience_store,groceries_household_essentials,81
elizabeth sergeant,transfer_p2p,accepted_tiebreak,tax_payment,transfer_p2p,0.5,transfer_p2p,transfers,81
peck gr,transfer_p2p,accepted_tiebreak,transfer_p2p,transfer_p2p,0.6,transfer_p2p,transfers,81
justgiving,charitable_donation,auto_accept,charitable_donation,charitable_donation,0.9,,charitable_political_giving,81
radish,restaurant_cafe,accepted_tiebreak,restaurant_cafe,unclassified_other,0.3,restaurant_cafe,eating_drinking_out,81
kuick-order-food,takeaway,accepted,takeaway,takeaway,0.75,,eating_drinking_out,81
etika,personal_loan_repayment,accepted,personal_loan_repayment,personal_loan_repayment,0.7,,credit_loan_repayments,81
miss lucy,transfer_p2p,accepted_tiebreak,transfer_p2p,transfer_p2p,0.6,transfer_p2p,transfers,81
d macknight,transfer_p2p,accepted_tiebreak,transfer_p2p,transfer_p2p,0.6,transfer_p2p,transfers,81
m avery,transfer_p2p,accepted_tiebreak,transfer_p2p,transfer_p2p,0.6,transfer_p2p,transfers,81
chris whittaker,transfer_p2p,accepted_tiebreak,transfer_p2p,transfer_p2p,0.6,transfer_p2p,transfers,81
hp,unclassified_other,abstain_residual,software,software,0.55,printing_supplies,unclassified,81
cd sanders coaches limite,public_transport_rail_coach,accepted_tiebreak,public_transport_rail_coach,public_transport_rail_coach,0.6,public_transport_rail_coach,transport_motoring,81
the volunteer arms,pub_bar,accepted,pub_bar,pub_bar,0.7,,eating_drinking_out,81
magdalena poczek,transfer_p2p,accepted_tiebreak,transfer_p2p,transfer_p2p,0.6,transfer_p2p,transfers,81
moriarty law limit,debt_collection,accepted_tiebreak,debt_collection,debt_collection,0.55,debt_collection,high_cost_distress_credit,81
the victoria,pub_bar,accepted_tiebreak,pub_bar,pub_bar,0.65,pub_bar,eating_drinking_out,81
d hickman,transfer_p2p,accepted_tiebreak,transfer_p2p,transfer_p2p,0.6,transfer_p2p,transfers,80
mr l,transfer_p2p,accepted_tiebreak,transfer_p2p,transfer_p2p,0.55,transfer_p2p,transfers,80
luminate education g,education_general,accepted_tiebreak,education_general,education_general,0.65,education_general,childcare_education,80
portway convenience store,convenience_store,accepted,convenience_store,convenience_store,0.85,,groceries_household_essentials,80
senatsi ts,transfer_p2p,accepted_tiebreak,transfer_p2p,transfer_p2p,0.5,transfer_p2p,transfers,80
kofcomps ltd,unclassified_other,abstain_confirmed,unclassified_other,unclassified_other,0.3,,unclassified,80
ross stores,transfer_p2p,accepted_tiebreak,transfer_p2p,transfer_p2p,0.55,transfer_p2p,transfers,80
next applepay,catalogue_retail,accepted_tiebreak,catalogue_retail,clothing_general,0.6,catalogue_retail,general_retail_marketplaces,80
abound by fintern,personal_loan_repayment,accepted,personal_loan_repayment,personal_loan_repayment,0.85,,credit_loan_repayments,80
kiln,unclassified_other,abstain_residual,convenience_store,restaurant_cafe,0.4,unclassified_card_spend,unclassified,80
ellie ellie ft,transfer_p2p,accepted_tiebreak,transfer_p2p,transfer_p2p,0.6,transfer_p2p,transfers,80
ev charging,fuel,accepted_tiebreak,fuel,fuel,0.6,fuel,transport_motoring,80
nets bar limited,pub_bar,accepted_tiebreak,pub_bar,pub_bar,0.6,pub_bar,eating_drinking_out,80
cuckoo fibre,broadband_tv_phone,accepted,broadband_tv_phone,broadband_tv_phone,0.85,,utilities_household_bills,80
meccabingo cd,gambling_bingo,auto_accept,gambling_bingo,gambling_bingo,0.9,,gambling,80
james ocampo murillo,transfer_p2p,accepted,transfer_p2p,transfer_p2p,0.7,,transfers,80
co operative food,groceries,auto_accept,groceries,groceries,0.95,,groceries_household_essentials,80
the allied arms,pub_bar,accepted,pub_bar,pub_bar,0.75,,eating_drinking_out,80
premier zenith,convenience_store,human_reviewed,unclassified_other,credit_card_repayment,0.5,convenience_store,groceries_household_essentials,80
big ship,unclassified_other,abstain_residual,retail_other,unclassified_other,0.3,unclassified_card_spend,unclassified,80
mr miles avery my,transfer_p2p,accepted_tiebreak,transfer_p2p,transfer_p2p,0.6,transfer_p2p,transfers,80
m polat,transfer_p2p,accepted_tiebreak,transfer_p2p,transfer_p2p,0.55,transfer_p2p,transfers,80
j d williams,catalogue_retail,accepted,catalogue_retail,catalogue_retail,0.85,,general_retail_marketplaces,80
shahs store,convenience_store,accepted,convenience_store,convenience_store,0.7,,groceries_household_essentials,80
niall drummond rees,transfer_p2p,accepted_tiebreak,transfer_p2p,transfer_p2p,0.6,transfer_p2p,transfers,80
capital resolve,debt_collection,accepted_tiebreak,loan_repayment_dd,debt_collection,0.75,debt_collection,high_cost_distress_credit,79
cabot fin europe,debt_collection,accepted,debt_collection,debt_collection,0.85,,high_cost_distress_credit,79
mom mom,transfer_p2p,accepted_tiebreak,transfer_p2p,transfer_p2p,0.65,transfer_p2p,transfers,79
newman ocholi,transfer_p2p,accepted,transfer_p2p,transfer_p2p,0.7,,transfers,79
k williams monthly,transfer_p2p,accepted_tiebreak,transfer_p2p,transfer_p2p,0.55,transfer_p2p,transfers,79
wal,transfer_p2p,accepted_tiebreak,transfer_p2p,transfer_p2p,0.55,transfer_p2p,transfers,79
delaware north wembley,catering,accepted_tiebreak,catering,restaurant_cafe,0.6,catering,eating_drinking_out,79
zooplus,pet_supplies,auto_accept,pet_supplies,pet_supplies,0.9,,pets,79
merlin annual pass,memberships,accepted,memberships,memberships,0.75,,entertainment_leisure,79
premium credit,insurance_general,accepted_tiebreak,retail_finance_repayment,insurance_general,0.7,insurance_general,insurance,79
ben,transfer_p2p,accepted_tiebreak,transfer_p2p,transfer_p2p,0.6,transfer_p2p,transfers,79
heart bingo gibraltar,gambling_bingo,auto_accept,gambling_bingo,gambling_bingo,0.9,,gambling,79
kingsley aboagye,transfer_p2p,accepted,transfer_p2p,transfer_p2p,0.7,,transfers,79
arnold clark,vehicle_servicing,accepted_tiebreak,vehicle_servicing,vehicle_maintenance,0.6,vehicle_servicing,transport_motoring,79
payment-assistmelton,personal_loan_repayment,accepted_general,personal_loan_repayment,personal_loan_repayment,0.6,retail_finance_repayment,credit_loan_repayments,79
wallis,transfer_p2p,accepted_tiebreak,clothing_womens,transfer_p2p,0.5,transfer_p2p,transfers,79
vans,footwear,accepted,footwear,footwear,0.7,,clothing_personal_care,79
pure beak,unclassified_other,abstain_residual,takeaway,restaurant_cafe,0.5,unclassified_other,unclassified,79
swrailwayselfserve,public_transport_rail_coach,auto_accept,public_transport_rail_coach,public_transport_rail_coach,0.9,,transport_motoring,79
j campbell,transfer_p2p,accepted_tiebreak,transfer_p2p,transfer_p2p,0.6,transfer_p2p,transfers,79
moise state,transfer_p2p,accepted_tiebreak,transfer_p2p,transfer_p2p,0.5,transfer_p2p,transfers,79
beatport llc.,unclassified_other,abstain_residual,music_other,music_other,0.6,streaming,unclassified,79
glasgo cabs,taxi_rideshare,accepted,taxi_rideshare,taxi_rideshare,0.75,,transport_motoring,79
together,rent,accepted_tiebreak,loan_repayment_dd,rent,0.6,rent,housing,79
citybus limit,public_transport_rail_coach,accepted,public_transport_rail_coach,public_transport_rail_coach,0.8,,transport_motoring,79
sinnott ka,transfer_p2p,accepted,transfer_p2p,transfer_p2p,0.7,,transfers,79
rojalpark express,unclassified_other,abstain_residual,taxi_rideshare,taxi_rideshare,0.4,convenience_store,unclassified,79
the local,pub_bar,accepted_tiebreak,pub_bar,pub_bar,0.45,pub_bar,eating_drinking_out,79
milton keynes onstr,car_parking,accepted_tiebreak,car_parking,public_transport_rail_coach,0.55,car_parking,transport_motoring,79
ryan bromage & jessica reis,transfer_p2p,accepted,transfer_p2p,transfer_p2p,0.75,,transfers,79
hiren kantilal,transfer_p2p,accepted_tiebreak,transfer_p2p,transfer_p2p,0.6,transfer_p2p,transfers,79
moron,transfer_p2p,accepted_tiebreak,transfer_p2p,transfer_p2p,0.55,transfer_p2p,transfers,79
lser connect ecom,public_transport_rail_coach,accepted_tiebreak,public_transport_rail_coach,public_transport_rail_coach,0.5,public_transport_rail_coach,transport_motoring,79
hampton ale house,pub_bar,accepted,pub_bar,pub_bar,0.75,,eating_drinking_out,79
sam's convenience stor,convenience_store,accepted,convenience_store,convenience_store,0.85,,groceries_household_essentials,79
paydeal-uk,unclassified_other,abstain_residual,payment_intermediary,insurance_general,0.4,unclassified_other,unclassified,78
jordan broad pi,transfer_p2p,accepted_tiebreak,transfer_p2p,transfer_p2p,0.6,transfer_p2p,transfers,78
jumoke olagunju,transfer_p2p,accepted_tiebreak,transfer_p2p,transfer_p2p,0.55,transfer_p2p,transfers,78
thandis,unclassified_other,abstain_residual,taxi_rideshare,car_parking,0.4,convenience_store,unclassified,78
k mckenzie,transfer_p2p,accepted,transfer_p2p,transfer_p2p,0.7,,transfers,78
e tonks,transfer_p2p,accepted,transfer_p2p,transfer_p2p,0.7,,transfers,78
catherine cross,transfer_p2p,accepted,transfer_p2p,transfer_p2p,0.7,,transfers,78
clp,unclassified_other,abstain_residual,groceries,convenience_store,0.6,unclassified_card_spend,unclassified,78
dragon inn,takeaway,accepted_tiebreak,takeaway,takeaway,0.6,takeaway,eating_drinking_out,78
g dd g nw via,unclassified_other,abstain_residual,unclassified_other,transfer_p2p,0.5,unclassified_transfer,unclassified,78
michelle mills danny,transfer_p2p,accepted,transfer_p2p,transfer_p2p,0.7,,transfers,78
cre,personal_loan_repayment,accepted_tiebreak,personal_loan_repayment,personal_loan_repayment,0.65,personal_loan_repayment,credit_loan_repayments,78
anakatech interactiv,unclassified_other,abstain_confirmed,unclassified_other,unclassified_other,0.3,,unclassified,78
terence simms,transfer_p2p,accepted,transfer_p2p,transfer_p2p,0.7,,transfers,78
michael finlay,transfer_p2p,accepted,transfer_p2p,transfer_p2p,0.7,,transfers,78
kaspa's,restaurant_cafe,accepted_tiebreak,takeaway,restaurant_cafe,0.8,restaurant_cafe,eating_drinking_out,78
dental practice,dentist,auto_accept,dentist,dentist,0.9,,health_medical,78
cadbury,days_out,accepted_tiebreak,confectionary,days_out,0.6,days_out,entertainment_leisure,78
scott & co llp,debt_enforcement,human_reviewed,unclassified_other,debt_collection,0.75,debt_enforcement,high_cost_distress_credit,78
miller & carter,restaurant_cafe,auto_accept,restaurant_cafe,restaurant_cafe,0.9,,eating_drinking_out,78
ancestry.co.uk,genealogy_services,auto_accept,genealogy_services,genealogy_services,0.9,,digital_subscriptions_services,78
webflow,web_services,accepted,web_services,web_services,0.85,,digital_subscriptions_services,78
joshua griffiths,transfer_p2p,accepted,transfer_p2p,transfer_p2p,0.7,,transfers,78
joseph vanstien joseph,transfer_p2p,accepted,transfer_p2p,transfer_p2p,0.7,,transfers,77
toby,transfer_p2p,accepted_tiebreak,transfer_p2p,transfer_p2p,0.55,transfer_p2p,transfers,77
london overground sst,public_transport_rail_coach,accepted,public_transport_rail_coach,public_transport_rail_coach,0.85,,transport_motoring,77
san hamhill store,convenience_store,accepted,convenience_store,convenience_store,0.75,,groceries_household_essentials,77
lucky food,convenience_store,accepted_tiebreak,groceries,convenience_store,0.65,convenience_store,groceries_household_essentials,77
pracy s convenience store,convenience_store,accepted,convenience_store,convenience_store,0.85,,groceries_household_essentials,77
daisy pate,transfer_p2p,accepted,transfer_p2p,transfer_p2p,0.75,,transfers,77
jsk services wheaton,restaurant_cafe,accepted_general,restaurant_cafe,restaurant_cafe,0.45,takeaway,eating_drinking_out,77
seaview convenience stor,convenience_store,accepted,convenience_store,convenience_store,0.85,,groceries_household_essentials,77
anthony s,transfer_p2p,accepted_tiebreak,unclassified_other,transfer_p2p,0.5,transfer_p2p,transfers,77
me group,unclassified_other,abstain_confirmed,unclassified_other,unclassified_other,0.35,,unclassified,77
tickets,sports_tickets,accepted_general,sports_tickets,sports_tickets,0.4,entertainment_other,entertainment_leisure,77
mb ltd,unclassified_other,abstain_residual,unclassified_other,clothing_general,0.4,unclassified_card_spend,unclassified,77
huseyin karabay,transfer_p2p,accepted,transfer_p2p,transfer_p2p,0.7,,transfers,77
instron baxter st,unclassified_other,abstain_residual,public_transport_rail_coach,unclassified_other,0.3,unclassified_card_spend,unclassified,77
city mini market,convenience_store,accepted,convenience_store,convenience_store,0.85,,groceries_household_essentials,77
essentials,convenience_store,accepted_tiebreak,convenience_store,convenience_store,0.45,convenience_store,groceries_household_essentials,77
cd next retail,clothing_general,accepted_tiebreak,retail_finance_repayment,clothing_general,0.6,clothing_general,clothing_personal_care,77
elmford ltd,unclassified_other,abstain_confirmed,unclassified_other,unclassified_other,0.3,,unclassified,77
pav revoult bubu,unclassified_other,abstain_residual,unclassified_other,transfer_p2p,0.55,transfer_own_account,unclassified,77
frasers,retail_finance_repayment,accepted_tiebreak,retail_finance_repayment,retail_finance_repayment,0.5,retail_finance_repayment,credit_loan_repayments,76
liv young trading,clothing_general,accepted_tiebreak,retail_small_independent,clothing_general,0.45,clothing_general,clothing_personal_care,76
gbp bills,unclassified_other,abstain_residual,unclassified_other,transfer_bank_unspecified,0.4,unclassified_transfer,unclassified,76
uno bus,public_transport_rail_coach,accepted,public_transport_rail_coach,public_transport_rail_coach,0.8,,transport_motoring,76
funding,payment_intermediary,accepted_tiebreak,transfer_bank_unspecified,payment_intermediary,0.55,payment_intermediary,general_retail_marketplaces,76
eleven eleven gaming,convenience_store,accepted_tiebreak,convenience_store,convenience_store,0.5,convenience_store,groceries_household_essentials,76
thesnackboxvendin,confectionary,accepted_tiebreak,convenience_store,confectionary,0.55,confectionary,groceries_household_essentials,76
mr tristan chandle,transfer_p2p,accepted_tiebreak,transfer_p2p,transfer_p2p,0.6,transfer_p2p,transfers,76
mr mark,transfer_p2p,accepted_tiebreak,transfer_p2p,transfer_p2p,0.55,transfer_p2p,transfers,76
aaron james,transfer_p2p,accepted_tiebreak,transfer_p2p,transfer_p2p,0.6,transfer_p2p,transfers,76
c robinson,transfer_p2p,accepted_tiebreak,transfer_p2p,transfer_p2p,0.6,transfer_p2p,transfers,76
cd counter solutions,unclassified_other,abstain_confirmed,unclassified_other,unclassified_other,0.3,,unclassified,76
f halliday,transfer_p2p,accepted_tiebreak,transfer_p2p,transfer_p2p,0.5,transfer_p2p,transfers,76
mr k,transfer_p2p,accepted_tiebreak,transfer_p2p,transfer_p2p,0.55,transfer_p2p,transfers,76
mr s matu,transfer_p2p,accepted_tiebreak,transfer_p2p,restaurant_cafe,0.4,transfer_p2p,transfers,76
gale street market ltd,groceries,accepted,groceries,groceries,0.7,,groceries_household_essentials,76
the milliner,restaurant_cafe,accepted_general,restaurant_cafe,restaurant_cafe,0.45,pub_bar,eating_drinking_out,76
bethany jepson,transfer_p2p,accepted_tiebreak,transfer_p2p,transfer_p2p,0.6,transfer_p2p,transfers,76
cd tamar,tolls,accepted,tolls,tolls,0.75,,transport_motoring,76
k jerrard,transfer_p2p,accepted_tiebreak,transfer_p2p,transfer_p2p,0.6,transfer_p2p,transfers,76
smart insurance,insurance_general,accepted_tiebreak,insurance_general,insurance_general,0.65,insurance_general,insurance,76
vape club ltd,vaping,auto_accept,vaping,vaping,0.9,,groceries_household_essentials,76
wilkes vending service,confectionary,accepted_tiebreak,convenience_store,confectionary,0.6,confectionary,groceries_household_essentials,76
caitriona,transfer_p2p,accepted,transfer_p2p,transfer_p2p,0.75,,transfers,76
michael woodham mine,transfer_p2p,accepted_tiebreak,transfer_p2p,transfer_p2p,0.6,transfer_p2p,transfers,76
mcmeechan,transfer_p2p,accepted,transfer_p2p,transfer_p2p,0.7,,transfers,76
clearhilluk,unclassified_other,abstain_residual,health_beauty_general,skin_hair_care,0.55,confectionary,unclassified,75
ee home bill payments,broadband_tv_phone,accepted_tiebreak,broadband_tv_phone,mobile_phone_contract,0.85,broadband_tv_phone,utilities_household_bills,75
northwest vending,confectionary,accepted_tiebreak,convenience_store,confectionary,0.6,confectionary,groceries_household_essentials,75
hiscox under,insurance_general,accepted,insurance_general,insurance_general,0.8,,insurance,75
the fleece,pub_bar,accepted,pub_bar,pub_bar,0.75,,eating_drinking_out,75
c simply local,convenience_store,accepted_tiebreak,restaurant_cafe,convenience_store,0.6,convenience_store,groceries_household_essentials,75
b taylor,transfer_p2p,accepted_tiebreak,transfer_p2p,transfer_p2p,0.65,transfer_p2p,transfers,75
welcome bromham,convenience_store,accepted_tiebreak,convenience_store,pub_bar,0.6,convenience_store,groceries_household_essentials,75
the freemasons arms,pub_bar,accepted,pub_bar,pub_bar,0.7,,eating_drinking_out,75
peter gardner money,transfer_p2p,accepted_tiebreak,transfer_p2p,transfer_p2p,0.6,transfer_p2p,transfers,75
e h booth & co,groceries,accepted,groceries,groceries,0.85,,groceries_household_essentials,75
alfie taylor,transfer_p2p,accepted,transfer_p2p,transfer_p2p,0.8,,transfers,75
victoria market ltdiss,groceries,accepted_tiebreak,groceries_specialist,groceries,0.6,groceries,groceries_household_essentials,75
savannah,transfer_p2p,accepted,transfer_p2p,transfer_p2p,0.75,,transfers,75
evri,delivery_courier,accepted,delivery_courier,delivery_courier,0.85,,general_retail_marketplaces,75
cd go local,convenience_store,accepted_tiebreak,restaurant_cafe,convenience_store,0.55,convenience_store,groceries_household_essentials,75
google google one,software,accepted,software,software,0.75,,digital_subscriptions_services,75
premier garthdee cd,unclassified_other,abstain_residual,retail_small_independent,convenience_store,0.5,groceries,unclassified,75
nene training,gym_fitness,accepted_tiebreak,gym_fitness,gym_fitness,0.65,gym_fitness,health_medical,75
comewel,unclassified_other,abstain_confirmed,unclassified_other,unclassified_other,0.3,,unclassified,75
k.t.o.,gambling_unspecified,accepted_tiebreak,gambling_casino,gambling_unspecified,0.55,gambling_unspecified,gambling,75
spring,returned_payment,human_reviewed,payday_loan,payday_loan,0.65,returned_payment,fees_charges,75
colclough sj,transfer_p2p,accepted_tiebreak,transfer_p2p,transfer_p2p,0.6,transfer_p2p,transfers,75
adam morris,transfer_p2p,accepted_tiebreak,transfer_p2p,transfer_p2p,0.65,transfer_p2p,transfers,75
brit snr insurance,insurance_general,accepted_tiebreak,insurance_general,insurance_general,0.6,insurance_general,insurance,75
polly pol,unclassified_recurring,accepted_tiebreak,unclassified_other,unclassified_recurring,0.4,unclassified_recurring,unclassified,75
the good eatin,restaurant_cafe,accepted_tiebreak,restaurant_cafe,restaurant_cafe,0.6,restaurant_cafe,eating_drinking_out,75
fresh fields market,groceries,accepted,groceries,groceries,0.7,,groceries_household_essentials,75
pc simply business,insurance_general,accepted_tiebreak,insurance_general,insurance_general,0.6,insurance_general,insurance,74
s birch,transfer_p2p,accepted_tiebreak,transfer_p2p,transfer_p2p,0.6,transfer_p2p,transfers,74
the grocery,groceries,accepted_tiebreak,groceries,groceries,0.55,groceries,groceries_household_essentials,74
novuna,personal_loan_repayment,accepted,personal_loan_repayment,personal_loan_repayment,0.75,,credit_loan_repayments,74
savvy.co.uk,personal_loan_repayment,accepted,personal_loan_repayment,personal_loan_repayment,0.7,,credit_loan_repayments,74
miss cydnee j walm,transfer_p2p,accepted_tiebreak,transfer_p2p,transfer_p2p,0.6,transfer_p2p,transfers,74
cd elite,fuel,accepted_tiebreak,fuel,fuel,0.55,fuel,transport_motoring,74
steven stirling,transfer_p2p,accepted_tiebreak,transfer_p2p,transfer_p2p,0.6,transfer_p2p,transfers,74
hutchison 3g uk,mobile_phone_contract,auto_accept,mobile_phone_contract,mobile_phone_contract,0.92,,utilities_household_bills,74
laura needs,transfer_p2p,accepted_tiebreak,transfer_p2p,transfer_p2p,0.6,transfer_p2p,transfers,74
uw ppm top up,energy,accepted_tiebreak,prepaid_card,energy,0.65,energy,utilities_household_bills,74
buckpool minimarket,convenience_store,accepted,convenience_store,convenience_store,0.8,,groceries_household_essentials,74
caroline allen,transfer_p2p,accepted_tiebreak,transfer_p2p,transfer_p2p,0.65,transfer_p2p,transfers,74
callum,transfer_p2p,accepted_tiebreak,transfer_p2p,transfer_p2p,0.6,transfer_p2p,transfers,74
brian duncan,transfer_p2p,accepted_tiebreak,transfer_p2p,transfer_p2p,0.6,transfer_p2p,transfers,74
moransretail,retail_other,accepted_general,retail_other,retail_other,0.4,retail_small_independent,general_retail_marketplaces,74
danielle john,transfer_p2p,accepted_tiebreak,transfer_p2p,transfer_p2p,0.6,transfer_p2p,transfers,74
lancashire competition,prize_competitions,accepted_tiebreak,prize_competitions,prize_competitions,0.55,prize_competitions,gambling,74
domis,retail_small_independent,accepted_tiebreak,retail_other,retail_small_independent,0.35,retail_small_independent,general_retail_marketplaces,74
credit engine,unclassified_other,abstain_residual,financial_services_other,personal_loan_repayment,0.55,credit_reporting_service,unclassified,73
the lounges,pub_bar,accepted,pub_bar,pub_bar,0.7,,eating_drinking_out,73
close brothers ltd,retail_finance_repayment,accepted_tiebreak,retail_finance_repayment,personal_loan_repayment,0.6,retail_finance_repayment,credit_loan_repayments,73
mr steven d minty,transfer_p2p,accepted_tiebreak,transfer_p2p,transfer_p2p,0.6,transfer_p2p,transfers,73
olivecateringservi,catering,accepted_tiebreak,catering,catering,0.6,catering,eating_drinking_out,73
joint,transfer_own_account,accepted_tiebreak,transfer_own_account,transfer_own_account,0.5,transfer_own_account,transfers,73
bwin,gambling_casino,accepted,gambling_casino,gambling_casino,0.85,,gambling,73
wishing tree stores,unclassified_other,abstain_residual,retail_small_independent,retail_other,0.4,convenience_store,unclassified,73
kingsbury super,groceries,accepted,groceries,groceries,0.75,,groceries_household_essentials,73
n doyle,transfer_p2p,accepted_tiebreak,transfer_p2p,transfer_p2p,0.6,transfer_p2p,transfers,73
gibbon news market,convenience_store,accepted,convenience_store,convenience_store,0.7,,groceries_household_essentials,73
flix,streaming,accepted_tiebreak,streaming,streaming,0.55,streaming,digital_subscriptions_services,73
vape shop,vaping,accepted,vaping,vaping,0.8,,groceries_household_essentials,73
ann jones pv,transfer_p2p,accepted_tiebreak,transfer_p2p,transfer_p2p,0.6,transfer_p2p,transfers,73
tata steel sports port ta,sports_participation,accepted_tiebreak,sports_participation,sports_participation,0.5,sports_participation,entertainment_leisure,73
deposit with dream vegas,gambling_casino,accepted,gambling_casino,gambling_casino,0.85,,gambling,73
indresestak,payment_intermediary,accepted_tiebreak,payment_intermediary,unclassified_other,0.4,payment_intermediary,general_retail_marketplaces,73
ashley jones ash ft,transfer_p2p,accepted_tiebreak,transfer_p2p,transfer_p2p,0.6,transfer_p2p,transfers,73
premier bradymead,groceries,accepted_tiebreak,groceries,convenience_store,0.55,groceries,groceries_household_essentials,73
jack becque,transfer_p2p,accepted_tiebreak,transfer_p2p,transfer_p2p,0.55,transfer_p2p,transfers,73
jaroslav vano,transfer_p2p,accepted_tiebreak,transfer_p2p,transfer_p2p,0.6,transfer_p2p,transfers,73
nutrition geeks,supplements,accepted_tiebreak,supplements,supplements,0.6,supplements,health_medical,73
debt & revenue service,debt_collection,accepted,debt_collection,debt_collection,0.75,,high_cost_distress_credit,73
angie,transfer_p2p,accepted_tiebreak,transfer_p2p,transfer_p2p,0.55,transfer_p2p,transfers,73
gaming,prize_competitions,human_reviewed,gaming_online,gambling_unspecified,0.5,prize_competitions,gambling,73
orchard food,groceries,accepted_tiebreak,groceries,groceries,0.55,groceries,groceries_household_essentials,73
co op food,groceries,accepted,groceries,groceries,0.85,,groceries_household_essentials,73
oliwer je,transfer_p2p,accepted_tiebreak,transfer_p2p,transfer_p2p,0.6,transfer_p2p,transfers,73
build-a-bear,toys,auto_accept,toys,toys,0.9,,general_retail_marketplaces,73
mum mum,transfer_p2p,accepted,transfer_p2p,transfer_p2p,0.85,,transfers,73
debden store,convenience_store,accepted,convenience_store,convenience_store,0.75,,groceries_household_essentials,73
mersey gateway,tolls,accepted,tolls,tolls,0.85,,transport_motoring,73
cd premier,groceries,accepted_tiebreak,groceries,convenience_store,0.5,groceries,groceries_household_essentials,73
toyota financial,car_finance_repayment,auto_accept,car_finance_repayment,car_finance_repayment,0.9,,credit_loan_repayments,73
www.gov.uk pay-dartford,tolls,accepted,tolls,tolls,0.8,,transport_motoring,73
vetsuccess,veterinary,accepted,veterinary,veterinary,0.75,,pets,73
bumper.co.uk,retail_finance_repayment,human_reviewed,car_finance_repayment,retail_finance_repayment,0.7,vehicle_servicing,credit_loan_repayments,72
first west,public_transport_rail_coach,accepted,public_transport_rail_coach,public_transport_rail_coach,0.7,,transport_motoring,72
mr b mrs,transfer_p2p,accepted,transfer_p2p,transfer_p2p,0.7,,transfers,72
target,retail_other,accepted_tiebreak,retail_other,unclassified_other,0.4,retail_other,general_retail_marketplaces,72
cd fox & crown,pub_bar,accepted,pub_bar,pub_bar,0.85,,eating_drinking_out,72
clete griffiths,transfer_p2p,accepted,transfer_p2p,transfer_p2p,0.85,,transfers,72
tu clothing,clothing_general,accepted,clothing_general,clothing_general,0.85,,clothing_personal_care,72
najabat khan,transfer_p2p,accepted,transfer_p2p,transfer_p2p,0.8,,transfers,72
ariana mini superstore,convenience_store,accepted,convenience_store,convenience_store,0.75,,groceries_household_essentials,72
peter hetherington,transfer_p2p,accepted,transfer_p2p,transfer_p2p,0.75,,transfers,72
warrens bakery,restaurant_cafe,accepted,restaurant_cafe,restaurant_cafe,0.75,,eating_drinking_out,72
napo pet insurance,insurance_pet,auto_accept,insurance_pet,insurance_pet,0.9,,pets,72
emma jones,transfer_p2p,accepted,transfer_p2p,transfer_p2p,0.75,,transfers,72
kirklees council,council_tax,accepted,council_tax,council_tax,0.8,,council_tax_government,72
loqbox save,savings_transfer,accepted,savings_transfer,savings_transfer,0.7,,savings_investments,72
standing,unclassified_other,abstain_confirmed,unclassified_other,transfer_bank_unspecified,0.5,unclassified_other,unclassified,72
mini,convenience_store,accepted_tiebreak,car_parking,convenience_store,0.6,convenience_store,groceries_household_essentials,72
luisa tardelli,transfer_p2p,accepted_tiebreak,unclassified_other,transfer_p2p,0.6,transfer_p2p,transfers,72
beehive convenience store,convenience_store,auto_accept,convenience_store,convenience_store,0.9,,groceries_household_essentials,72
store,unclassified_other,abstain_confirmed,unclassified_other,unclassified_other,0.4,,unclassified,72
g franks,transfer_p2p,accepted_tiebreak,restaurant_cafe,transfer_p2p,0.65,transfer_p2p,transfers,72
sleafordian coaches,public_transport_rail_coach,accepted_tiebreak,public_transport_rail_coach,public_transport_rail_coach,0.6,public_transport_rail_coach,transport_motoring,72
j toothill,transfer_p2p,accepted_tiebreak,unclassified_other,transfer_p2p,0.55,transfer_p2p,transfers,72
andrew brocklehurs,transfer_p2p,accepted,transfer_p2p,transfer_p2p,0.8,,transfers,72
r bentinck,transfer_p2p,accepted,transfer_p2p,transfer_p2p,0.75,,transfers,72
spar whiterock,groceries,accepted_tiebreak,groceries,convenience_store,0.85,groceries,groceries_household_essentials,72
j paterson,transfer_p2p,accepted,transfer_p2p,transfer_p2p,0.75,,transfers,72
faire wholesale uk lim,cash_and_carry,accepted_tiebreak,cash_and_carry,cash_and_carry,0.5,cash_and_carry,groceries_household_essentials,72
a strange,transfer_p2p,accepted,transfer_p2p,transfer_p2p,0.75,,transfers,72
power leisure,gambling_betting,accepted_tiebreak,entertainment_other,gambling_betting,0.7,gambling_betting,gambling,72
church street minimarket,convenience_store,accepted,convenience_store,convenience_store,0.85,,groceries_household_essentials,72
nicole smith,transfer_p2p,accepted,transfer_p2p,transfer_p2p,0.85,,transfers,72
hmrc shipley,tax_payment,auto_accept,tax_payment,tax_payment,0.95,,council_tax_government,71
forester life,insurance_life,accepted,insurance_life,insurance_life,0.85,,insurance,71
scott grimmond,transfer_p2p,accepted_tiebreak,transfer_p2p,transfer_p2p,0.6,transfer_p2p,transfers,71
go local xtra,convenience_store,accepted_tiebreak,convenience_store,convenience_store,0.6,convenience_store,groceries_household_essentials,71
m coe,transfer_p2p,accepted_tiebreak,transfer_p2p,transfer_p2p,0.55,transfer_p2p,transfers,71
c pick and pay,groceries,accepted_general,groceries,groceries,0.55,convenience_store,groceries_household_essentials,71
lion garage,fuel,accepted_tiebreak,vehicle_servicing,fuel,0.55,fuel,transport_motoring,71
evology parking,car_parking,auto_accept,car_parking,car_parking,0.9,,transport_motoring,71
horizon parking,car_parking,auto_accept,car_parking,car_parking,0.92,,transport_motoring,71
decorum vending,confectionary,accepted_tiebreak,confectionary,confectionary,0.5,confectionary,groceries_household_essentials,71
goshcc,charitable_donation,accepted,charitable_donation,charitable_donation,0.85,,charitable_political_giving,71
a hunter,transfer_p2p,accepted_tiebreak,transfer_p2p,transfer_p2p,0.55,transfer_p2p,transfers,71
uppal convenience stor,convenience_store,auto_accept,convenience_store,convenience_store,0.9,,groceries_household_essentials,71
kellie roachford mum,transfer_p2p,accepted,transfer_p2p,transfer_p2p,0.7,,transfers,71
reynoldscateringsu,catering,accepted_tiebreak,catering,catering,0.55,catering,eating_drinking_out,71
harry eastwood,transfer_p2p,accepted_tiebreak,transfer_p2p,transfer_p2p,0.5,transfer_p2p,transfers,71
bristol airport,airport_spend,accepted_tiebreak,airport_spend,airport_spend,0.6,airport_spend,travel_holidays,71
ezee shop,convenience_store,accepted,convenience_store,convenience_store,0.85,,groceries_household_essentials,71
cd the railway,pub_bar,accepted_tiebreak,pub_bar,pub_bar,0.55,pub_bar,eating_drinking_out,71
carpatica,unclassified_other,abstain_confirmed,unclassified_other,unclassified_other,0.3,,unclassified,71
octopus electroverse,fuel,accepted_tiebreak,energy,fuel,0.72,fuel,transport_motoring,70
newsmarket,convenience_store,accepted_tiebreak,convenience_store,convenience_store,0.65,convenience_store,groceries_household_essentials,70
usworth wash,carwash,accepted,carwash,carwash,0.85,,transport_motoring,70
cd k and g super store,groceries,accepted,groceries,groceries,0.75,,groceries_household_essentials,70
james robinson donna,transfer_p2p,accepted,transfer_p2p,transfer_p2p,0.75,,transfers,70
sealy beds,bedding,accepted_tiebreak,bedding,unclassified_other,0.4,bedding,home_garden,70
insurance,insurance_general,accepted_tiebreak,insurance_general,insurance_general,0.65,insurance_general,insurance,70
my mango,public_transport_rail_coach,human_reviewed,unclassified_other,transfer_own_account,0.4,money_management_service,transport_motoring,70
g a jenkins food ft,groceries_specialist,accepted_tiebreak,groceries_specialist,groceries,0.55,groceries_specialist,groceries_household_essentials,70
curley s,transfer_p2p,accepted_tiebreak,transfer_p2p,transfer_p2p,0.65,transfer_p2p,transfers,70
recurrent,unclassified_recurring,accepted_tiebreak,unclassified_recurring,unclassified_recurring,0.6,unclassified_recurring,unclassified,70
close brothers,car_finance_repayment,accepted,car_finance_repayment,car_finance_repayment,0.75,,credit_loan_repayments,70
quay street premier,unclassified_other,abstain_residual,convenience_store,clothing_general,0.4,groceries,unclassified,70
barnbygate conveni,convenience_store,accepted,convenience_store,convenience_store,0.85,,groceries_household_essentials,70
d rowbottom,transfer_p2p,accepted_tiebreak,transfer_p2p,transfer_p2p,0.65,transfer_p2p,transfers,70
prashant joshi,transfer_p2p,accepted_tiebreak,transfer_p2p,transfer_p2p,0.65,transfer_p2p,transfers,70
shop,unclassified_other,abstain_residual,unclassified_other,convenience_store,0.4,retail_small_independent,unclassified,70
j hill,transfer_p2p,accepted_tiebreak,transfer_p2p,transfer_p2p,0.65,transfer_p2p,transfers,70
christopher john,transfer_p2p,accepted_tiebreak,transfer_p2p,transfer_p2p,0.6,transfer_p2p,transfers,70
ashley baker,transfer_p2p,accepted_tiebreak,transfer_p2p,transfer_p2p,0.65,transfer_p2p,transfers,70
boost juice,restaurant_cafe,accepted,restaurant_cafe,restaurant_cafe,0.75,,eating_drinking_out,70
ballingry store,unclassified_other,abstain_confirmed,unclassified_other,unclassified_other,0.4,,unclassified,70
today's local,convenience_store,accepted_tiebreak,convenience_store,convenience_store,0.6,convenience_store,groceries_household_essentials,70
t cooper,transfer_p2p,accepted_tiebreak,transfer_p2p,transfer_p2p,0.6,transfer_p2p,transfers,70
mob miss caitlan bywat,transfer_p2p,accepted_tiebreak,transfer_p2p,transfer_p2p,0.5,transfer_p2p,transfers,70
coinadrink ltd,unclassified_other,abstain_confirmed,unclassified_other,unclassified_other,0.3,,unclassified,70
starline competitions,prize_competitions,accepted_tiebreak,prize_competitions,prize_competitions,0.6,prize_competitions,gambling,70
veezu cd,taxi_rideshare,accepted_tiebreak,unclassified_other,taxi_rideshare,0.55,taxi_rideshare,transport_motoring,70
n sultan,transfer_p2p,accepted_tiebreak,transfer_p2p,transfer_p2p,0.6,transfer_p2p,transfers,70
zidane ltd,unclassified_other,abstain_confirmed,unclassified_other,unclassified_other,0.3,,unclassified,70
darren,transfer_p2p,accepted_tiebreak,transfer_p2p,transfer_p2p,0.55,transfer_p2p,transfers,70
win on,convenience_store,accepted_tiebreak,pub_bar,convenience_store,0.4,convenience_store,groceries_household_essentials,70
miss s,transfer_p2p,accepted_tiebreak,transfer_p2p,transfer_p2p,0.5,transfer_p2p,transfers,70
eg on the move rotherham,convenience_store,accepted_tiebreak,convenience_store,fuel,0.6,convenience_store,groceries_household_essentials,70
butterstyle conveni,convenience_store,accepted_tiebreak,convenience_store,convenience_store,0.65,convenience_store,groceries_household_essentials,70
luton exp drop off,unclassified_other,abstain_residual,delivery_courier,car_parking,0.5,airport_parking,unclassified,70
axs,sports_tickets,accepted_general,sports_tickets,sports_tickets,0.55,live_music,entertainment_leisure,70
north point convenienc,convenience_store,accepted,convenience_store,convenience_store,0.75,,groceries_household_essentials,70
jan arc leones,transfer_p2p,accepted_tiebreak,transfer_p2p,transfer_p2p,0.5,transfer_p2p,transfers,70
taylor d itf,transfer_p2p,accepted_tiebreak,transfer_p2p,transfer_p2p,0.55,transfer_p2p,transfers,70
brighton and hove bus and,public_transport_rail_coach,auto_accept,public_transport_rail_coach,public_transport_rail_coach,0.9,,transport_motoring,69
william moutray and,transfer_p2p,accepted_tiebreak,transfer_p2p,transfer_p2p,0.6,transfer_p2p,transfers,69
livu,online_dating,human_reviewed,gaming_mobile,restaurant_cafe,0.5,online_dating,digital_subscriptions_services,69
sam's convenience store,convenience_store,auto_accept,convenience_store,convenience_store,0.9,,groceries_household_essentials,69
jack pennington,transfer_p2p,accepted_tiebreak,transfer_p2p,transfer_p2p,0.6,transfer_p2p,transfers,69
nikita x,transfer_p2p,accepted_tiebreak,transfer_p2p,transfer_p2p,0.6,transfer_p2p,transfers,69
davies hl,transfer_p2p,accepted_tiebreak,transfer_p2p,transfer_p2p,0.6,transfer_p2p,transfers,69
pipe technologies,unclassified_other,abstain_residual,business_services,business_services,0.4,broadband_tv_phone,unclassified,69
nikepos uk,sportswear,accepted,sportswear,sportswear,0.85,,clothing_personal_care,69
samin,transfer_p2p,accepted_tiebreak,transfer_p2p,transfer_p2p,0.6,transfer_p2p,transfers,69
liza m watkins,transfer_p2p,accepted_tiebreak,transfer_p2p,transfer_p2p,0.6,transfer_p2p,transfers,69
bembridge convenience sto,convenience_store,auto_accept,convenience_store,convenience_store,0.9,,groceries_household_essentials,69
openrent,rent,accepted,rent,rent,0.75,,housing,69
bamburgh cd,unclassified_other,abstain_confirmed,unclassified_other,unclassified_other,0.3,,unclassified,69
miss j m salmon,transfer_p2p,accepted_tiebreak,transfer_p2p,transfer_p2p,0.6,transfer_p2p,transfers,69
classic essentials,unclassified_other,abstain_confirmed,unclassified_other,unclassified_other,0.3,,unclassified,69
m & s simply food,groceries,auto_accept,groceries,groceries,0.9,,groceries_household_essentials,69
mr thomas w bonnar,transfer_p2p,accepted_tiebreak,transfer_p2p,transfer_p2p,0.6,transfer_p2p,transfers,69
american home shield,insurance_home,accepted_tiebreak,insurance_home,insurance_home,0.6,insurance_home,insurance,69
pier insurance,insurance_general,accepted_tiebreak,insurance_general,insurance_general,0.6,insurance_general,insurance,69
central co-op,groceries,accepted,groceries,groceries,0.75,,groceries_household_essentials,69
miss clare fisher,transfer_p2p,accepted,transfer_p2p,transfer_p2p,0.75,,transfers,69
cd gateway resort ltd,accommodation,accepted_tiebreak,accommodation,accommodation,0.55,accommodation,travel_holidays,69
cross keys homes,rent,human_reviewed,unclassified_other,housing_other,0.4,rent,housing,69
c princes group,unclassified_other,abstain_residual,takeaway,restaurant_cafe,0.4,unclassified_card_spend,unclassified,69
albion,unclassified_other,abstain_residual,gambling_casino,gambling_unspecified,0.5,pub_bar,unclassified,69
britannia inn,pub_bar,accepted_tiebreak,accommodation,pub_bar,0.6,pub_bar,eating_drinking_out,69
animal healthcare,veterinary,accepted_tiebreak,veterinary,veterinary,0.6,veterinary,pets,69
canvauk,unclassified_other,abstain_residual,unclassified_other,retail_other,0.4,software,unclassified,69
onestopvendingltd,confectionary,accepted_tiebreak,confectionary,convenience_store,0.5,confectionary,groceries_household_essentials,69
cd family shopper,convenience_store,accepted_tiebreak,convenience_store,convenience_store,0.55,convenience_store,groceries_household_essentials,69
kings park con,unclassified_other,abstain_residual,unclassified_other,days_out,0.35,unclassified_card_spend,unclassified,69
marland service station,fuel,accepted_tiebreak,fuel,fuel,0.65,fuel,transport_motoring,69
venters a,transfer_p2p,accepted,transfer_p2p,transfer_p2p,0.7,,transfers,69
london taxi,taxi_rideshare,accepted,taxi_rideshare,taxi_rideshare,0.7,,transport_motoring,68
b harding,transfer_p2p,accepted,transfer_p2p,transfer_p2p,0.7,,transfers,68
livuchat com,online_dating,human_reviewed,online_services,adult_entertainment,0.5,online_dating,digital_subscriptions_services,68
topupmeters limited,energy,human_reviewed,unclassified_other,utility_other,0.45,energy,utilities_household_bills,68
christopher fawcett,transfer_p2p,accepted,transfer_p2p,transfer_p2p,0.75,,transfers,68
tyler towse,transfer_p2p,accepted_tiebreak,transfer_p2p,transfer_p2p,0.65,transfer_p2p,transfers,68
west nic records,unclassified_other,abstain_confirmed,government_services,unclassified_other,0.3,unclassified_other,unclassified,68
n holly,transfer_p2p,accepted_tiebreak,transfer_p2p,transfer_p2p,0.55,transfer_p2p,transfers,68
counter solutions,unclassified_other,abstain_confirmed,payment_intermediary,unclassified_other,0.3,unclassified_other,unclassified,68
the annexe store,convenience_store,accepted_tiebreak,convenience_store,convenience_store,0.55,convenience_store,groceries_household_essentials,68
showcase cinema,cinema,auto_accept,cinema,cinema,0.97,,entertainment_leisure,68
danielle knott & frederick knott,transfer_p2p,accepted_tiebreak,transfer_p2p,transfer_p2p,0.55,transfer_p2p,transfers,68
me group international pl,unclassified_other,abstain_confirmed,unclassified_other,unclassified_other,0.3,,unclassified,68
wisla supermarket,groceries,accepted,groceries,groceries,0.85,,groceries_household_essentials,68
c sovereign centre,convenience_store,accepted_tiebreak,convenience_store,groceries,0.5,convenience_store,groceries_household_essentials,68
fenham stores ltd,convenience_store,accepted,convenience_store,convenience_store,0.7,,groceries_household_essentials,68
l mcdowell,transfer_p2p,accepted_tiebreak,transfer_p2p,transfer_p2p,0.55,transfer_p2p,transfers,68
normoss motors,vehicle_maintenance,accepted_general,vehicle_maintenance,vehicle_maintenance,0.5,vehicle_servicing,transport_motoring,68
llf games limited,gaming_online,accepted_tiebreak,gaming_online,gaming_console_pc,0.5,gaming_online,entertainment_leisure,68
nco europe debt collection,debt_collection,auto_accept,debt_collection,debt_collection,0.9,,high_cost_distress_credit,68
nuns bridge filling stati,fuel,accepted,fuel,fuel,0.85,,transport_motoring,68
foodhub cd,takeaway,accepted_tiebreak,groceries,takeaway,0.7,takeaway,eating_drinking_out,68
southern co op retail,groceries,accepted,groceries,groceries,0.75,,groceries_household_essentials,68
nash supermarket,groceries,accepted,groceries,groceries,0.85,,groceries_household_essentials,68
ionos,web_services,accepted,web_services,web_services,0.75,,digital_subscriptions_services,68
corner store,convenience_store,accepted,convenience_store,convenience_store,0.7,,groceries_household_essentials,68
the old school house,restaurant_cafe,accepted_general,restaurant_cafe,restaurant_cafe,0.6,pub_bar,eating_drinking_out,68
urquhart o,transfer_p2p,accepted_tiebreak,transfer_p2p,transfer_p2p,0.6,transfer_p2p,transfers,68
rush competitions,prize_competitions,accepted,prize_competitions,prize_competitions,0.75,,gambling,68
y leck,transfer_p2p,accepted_tiebreak,transfer_p2p,transfer_p2p,0.6,transfer_p2p,transfers,68
k naylor,transfer_p2p,accepted_tiebreak,transfer_p2p,transfer_p2p,0.6,transfer_p2p,transfers,68
kaci graham jade,transfer_p2p,accepted_tiebreak,transfer_p2p,transfer_p2p,0.6,transfer_p2p,transfers,68
sonirix,unclassified_other,abstain_confirmed,unclassified_other,unclassified_other,0.3,,unclassified,68
bristow and sutor,debt_enforcement,accepted_tiebreak,unclassified_other,debt_enforcement,0.85,debt_enforcement,high_cost_distress_credit,68
niib t,car_finance_repayment,accepted_tiebreak,personal_loan_repayment,car_finance_repayment,0.75,car_finance_repayment,credit_loan_repayments,68
ride taxis,taxi_rideshare,accepted,taxi_rideshare,taxi_rideshare,0.85,,transport_motoring,68
adams news,convenience_store,accepted,convenience_store,convenience_store,0.75,,groceries_household_essentials,68
staple hill post offic,government_services,accepted,government_services,government_services,0.7,,council_tax_government,68
joseph bartleton,transfer_p2p,accepted_tiebreak,transfer_p2p,transfer_p2p,0.6,transfer_p2p,transfers,68
cd bornefit,gym_fitness,accepted_tiebreak,gym_fitness,gym_fitness,0.5,gym_fitness,health_medical,68
shropshire council,council_tax,accepted,council_tax,council_tax,0.7,,council_tax_government,67
vdp-the vin craiga,alcohol_wine,accepted_tiebreak,groceries_specialist,alcohol_wine,0.5,alcohol_wine,groceries_household_essentials,67
dreams 2 reality,unclassified_other,abstain_confirmed,unclassified_other,gambling_unspecified,0.5,unclassified_other,unclassified,67
greig,transfer_p2p,accepted_tiebreak,transfer_p2p,transfer_p2p,0.6,transfer_p2p,transfers,67
farisa hassan,transfer_p2p,accepted_tiebreak,transfer_p2p,transfer_p2p,0.6,transfer_p2p,transfers,67
k foster,transfer_p2p,accepted_tiebreak,transfer_p2p,transfer_p2p,0.6,transfer_p2p,transfers,67
james brown,transfer_p2p,accepted_tiebreak,transfer_p2p,transfer_p2p,0.6,transfer_p2p,transfers,67
c curtis,transfer_p2p,accepted_tiebreak,transfer_p2p,transfer_p2p,0.6,transfer_p2p,transfers,67
robyn pottage,transfer_p2p,accepted_tiebreak,transfer_p2p,transfer_p2p,0.6,transfer_p2p,transfers,67
lee fretwell,transfer_p2p,accepted_tiebreak,transfer_p2p,transfer_p2p,0.6,transfer_p2p,transfers,67
redline buses ltd,public_transport_rail_coach,accepted,public_transport_rail_coach,public_transport_rail_coach,0.85,,transport_motoring,67
d mackay,transfer_p2p,accepted_tiebreak,transfer_p2p,transfer_p2p,0.6,transfer_p2p,transfers,67
three moto,unclassified_other,abstain_residual,mobile_phone_contract,restaurant_cafe,0.4,convenience_store,unclassified,67
teamsport,sports_participation,accepted_tiebreak,sports_participation,days_out,0.6,sports_participation,entertainment_leisure,67
medway council,council_tax,accepted_tiebreak,council_tax,council_tax,0.55,council_tax,council_tax_government,67
tastebuds,unclassified_other,abstain_residual,convenience_store,restaurant_cafe,0.5,confectionary,unclassified,67
mullas mini market cd,convenience_store,accepted,convenience_store,convenience_store,0.85,,groceries_household_essentials,67
olive catering service,catering,accepted,catering,catering,0.75,,eating_drinking_out,67
k ahamed,transfer_p2p,accepted_tiebreak,transfer_p2p,transfer_p2p,0.55,transfer_p2p,transfers,67
c d anderson,transfer_p2p,accepted_tiebreak,transfer_p2p,transfer_p2p,0.6,transfer_p2p,transfers,67
cd angling super store,sports_equipment,accepted_tiebreak,sports_equipment,retail_small_independent,0.5,sports_equipment,entertainment_leisure,67
connor anderson,transfer_p2p,accepted_tiebreak,transfer_p2p,transfer_p2p,0.6,transfer_p2p,transfers,67
marton mere,holiday_uk,accepted_tiebreak,unclassified_other,holiday_uk,0.5,holiday_uk,travel_holidays,67
gros. cas,unclassified_other,abstain_confirmed,unclassified_other,gambling_casino,0.55,unclassified_other,unclassified,67
morr,restaurant_cafe,accepted_tiebreak,restaurant_cafe,restaurant_cafe,0.4,restaurant_cafe,eating_drinking_out,67
serhat off license,alcohol_beer_spirits,accepted,alcohol_beer_spirits,alcohol_beer_spirits,0.7,,groceries_household_essentials,67
spar on,groceries,accepted,groceries,groceries,0.85,,groceries_household_essentials,67
discord,online_services,accepted,online_services,online_services,0.75,,digital_subscriptions_services,67
cody mccoll,transfer_p2p,accepted_tiebreak,transfer_p2p,transfer_p2p,0.6,transfer_p2p,transfers,67
vivo rathcoole,convenience_store,accepted_tiebreak,restaurant_cafe,convenience_store,0.6,convenience_store,groceries_household_essentials,67
shelby parker,transfer_p2p,accepted_tiebreak,transfer_p2p,transfer_p2p,0.6,transfer_p2p,transfers,67
d marsh,transfer_p2p,accepted_tiebreak,transfer_p2p,transfer_p2p,0.6,transfer_p2p,transfers,67
cala gran,holiday_uk,accepted_tiebreak,retail_other,holiday_uk,0.5,holiday_uk,travel_holidays,67
vishva stores,convenience_store,accepted,convenience_store,convenience_store,0.7,,groceries_household_essentials,67
k loftus,transfer_p2p,accepted_tiebreak,transfer_p2p,transfer_p2p,0.55,transfer_p2p,transfers,67
abbotsinch ser sta,fuel,accepted_tiebreak,convenience_store,fuel,0.6,fuel,transport_motoring,67
nest,electrical_goods,human_reviewed,energy,energy,0.65,pension_contribution,general_retail_marketplaces,67
ashley,transfer_p2p,accepted_tiebreak,transfer_p2p,transfer_p2p,0.65,transfer_p2p,transfers,67
refresh,unclassified_other,abstain_confirmed,unclassified_other,unclassified_other,0.3,,unclassified,67
vape club,vaping,auto_accept,vaping,vaping,0.9,,groceries_household_essentials,67
ccscabcard services,taxi_rideshare,accepted,taxi_rideshare,taxi_rideshare,0.8,,transport_motoring,67
rubans convenience store,convenience_store,auto_accept,convenience_store,convenience_store,0.9,,groceries_household_essentials,67
adam fry & michelle fry,transfer_p2p,accepted_tiebreak,transfer_p2p,transfer_p2p,0.65,transfer_p2p,transfers,67
brenda carter,transfer_p2p,accepted_tiebreak,transfer_p2p,transfer_p2p,0.6,transfer_p2p,transfers,67
riggall rm,transfer_p2p,accepted_tiebreak,transfer_p2p,transfer_p2p,0.6,transfer_p2p,transfers,67
trespass,clothing_outdoor,accepted,clothing_outdoor,clothing_outdoor,0.85,,clothing_personal_care,66
new line,unclassified_other,abstain_residual,payment_intermediary,unclassified_other,0.3,retail_small_independent,unclassified,66
mr beast shop,unclassified_other,abstain_residual,retail_other,retail_other,0.5,convenience_store,unclassified,66
d tgtg,takeaway,accepted_tiebreak,takeaway,restaurant_cafe,0.6,takeaway,eating_drinking_out,66
trading 212 pi,investment_trading,accepted,investment_trading,investment_trading,0.85,,savings_investments,66
grovehill express,convenience_store,accepted_tiebreak,public_transport_rail_coach,convenience_store,0.4,convenience_store,groceries_household_essentials,66
castle strand,unclassified_other,abstain_confirmed,unclassified_other,unclassified_other,0.3,,unclassified,66
budget superstore,discount_store,accepted_general,discount_store,discount_store,0.5,convenience_store,groceries_household_essentials,66
psl,unclassified_other,abstain_confirmed,unclassified_other,unclassified_other,0.3,,unclassified,66
sandys,convenience_store,accepted_tiebreak,convenience_store,convenience_store,0.35,convenience_store,groceries_household_essentials,66
catherine hutchins,transfer_p2p,accepted_tiebreak,transfer_p2p,transfer_p2p,0.6,transfer_p2p,transfers,66
bloom,unclassified_other,abstain_confirmed,unclassified_other,unclassified_other,0.3,,unclassified,66
thatassinte,clothing_general,human_reviewed,clothing_general,clothing_general,0.4,adult_entertainment,clothing_personal_care,66
m zalzalah,transfer_p2p,accepted_tiebreak,transfer_p2p,transfer_p2p,0.6,transfer_p2p,transfers,66
newlyn plc,debt_enforcement,accepted_tiebreak,debt_collection,debt_enforcement,0.75,debt_enforcement,high_cost_distress_credit,66
bullring car park,car_parking,accepted,car_parking,car_parking,0.85,,transport_motoring,66
xsolla pokemon,gaming_online,accepted_tiebreak,gaming_mobile,gaming_online,0.6,gaming_online,entertainment_leisure,66
the tavern,pub_bar,accepted,pub_bar,pub_bar,0.75,,eating_drinking_out,66
haven serve hemel,convenience_store,accepted_tiebreak,convenience_store,unclassified_other,0.3,convenience_store,groceries_household_essentials,66
brian hunter,transfer_p2p,accepted_tiebreak,transfer_p2p,transfer_p2p,0.65,transfer_p2p,transfers,66
jabarie rowe,transfer_p2p,accepted_tiebreak,transfer_p2p,transfer_p2p,0.65,transfer_p2p,transfers,66
golocal extra,unclassified_other,abstain_residual,taxi_rideshare,unclassified_other,0.3,convenience_store,unclassified,66
united utilities w united utilities,water,auto_accept,water,water,0.97,,utilities_household_bills,66
best price mini superm,convenience_store,accepted,convenience_store,convenience_store,0.75,,groceries_household_essentials,66
d kidspass al,memberships,accepted_tiebreak,days_out,memberships,0.5,memberships,entertainment_leisure,66
stagecoach on,public_transport_rail_coach,auto_accept,public_transport_rail_coach,public_transport_rail_coach,0.9,,transport_motoring,66
safa ejaz,transfer_p2p,accepted,transfer_p2p,transfer_p2p,0.75,,transfers,66
peter,transfer_p2p,accepted,transfer_p2p,transfer_p2p,0.7,,transfers,65
reece taylor,transfer_p2p,accepted,transfer_p2p,transfer_p2p,0.75,,transfers,65
tui travel-dom,holiday_package,accepted,holiday_package,holiday_package,0.75,,travel_holidays,65
tenpinlimited,unclassified_other,abstain_residual,entertainment_other,unclassified_other,0.3,sports_participation,unclassified,65
jay,transfer_p2p,accepted_tiebreak,transfer_p2p,transfer_p2p,0.65,transfer_p2p,transfers,65
collins okpuno,transfer_p2p,accepted_tiebreak,transfer_p2p,transfer_p2p,0.6,transfer_p2p,transfers,65
brett,transfer_p2p,accepted,transfer_p2p,transfer_p2p,0.7,,transfers,65
chloe meggison,transfer_p2p,accepted,transfer_p2p,transfer_p2p,0.75,,transfers,65
sufiyan sabudin,transfer_p2p,accepted,transfer_p2p,transfer_p2p,0.75,,transfers,65
coca cola ni,groceries,accepted_general,convenience_store,groceries,0.4,confectionary,groceries_household_essentials,65
eldorado,unclassified_other,abstain_confirmed,unclassified_other,unclassified_other,0.3,,unclassified,65
riverisland,clothing_general,accepted,clothing_general,clothing_general,0.85,,clothing_personal_care,65
shafton store,convenience_store,accepted,convenience_store,convenience_store,0.75,,groceries_household_essentials,65
s stefanov fast,transfer_p2p,accepted,transfer_p2p,transfer_p2p,0.7,,transfers,65
ernest nathanael w bonjour,transfer_p2p,accepted_tiebreak,transfer_p2p,transfer_p2p,0.6,transfer_p2p,transfers,65
garden county vending,convenience_store,accepted_general,convenience_store,convenience_store,0.5,confectionary,groceries_household_essentials,65
white hart inn,pub_bar,accepted,pub_bar,pub_bar,0.85,,eating_drinking_out,65
ayyub poku,transfer_p2p,accepted,transfer_p2p,transfer_p2p,0.7,,transfers,65
medirest costa,restaurant_cafe,accepted_tiebreak,restaurant_cafe,restaurant_cafe,0.6,restaurant_cafe,eating_drinking_out,65
one-o-one,unclassified_other,abstain_residual,restaurant_cafe,restaurant_cafe,0.4,unclassified_card_spend,unclassified,65
bashizadeh lm,transfer_p2p,accepted_tiebreak,transfer_p2p,transfer_own_account,0.55,transfer_p2p,transfers,65
nbs personal loans,personal_loan_repayment,accepted,personal_loan_repayment,personal_loan_repayment,0.85,,credit_loan_repayments,65
julianne marina,transfer_p2p,accepted,transfer_p2p,transfer_p2p,0.7,,transfers,65
blackpool,days_out,accepted_tiebreak,days_out,days_out,0.45,days_out,entertainment_leisure,65
slack,software,accepted_tiebreak,software,web_services,0.75,software,digital_subscriptions_services,65
wigan metropolitan borough council,council_tax,accepted,council_tax,council_tax,0.8,,council_tax_government,65
abed mahmud,transfer_p2p,accepted_tiebreak,transfer_p2p,transfer_p2p,0.6,transfer_p2p,transfers,65
the off license,alcohol_beer_spirits,accepted,alcohol_beer_spirits,alcohol_beer_spirits,0.7,,groceries_household_essentials,65
cavalier taxis,taxi_rideshare,auto_accept,taxi_rideshare,taxi_rideshare,0.9,,transport_motoring,65
nandos.co.uk london,restaurant_cafe,auto_accept,restaurant_cafe,restaurant_cafe,0.9,,eating_drinking_out,65
spouters corner,pub_bar,accepted_tiebreak,pub_bar,restaurant_cafe,0.5,pub_bar,eating_drinking_out,65
a latham,transfer_p2p,accepted_tiebreak,transfer_p2p,transfer_p2p,0.6,transfer_p2p,transfers,65
nags head,pub_bar,accepted_tiebreak,pub_bar,pub_bar,0.55,pub_bar,eating_drinking_out,65
the riverside,restaurant_cafe,accepted_tiebreak,pub_bar,restaurant_cafe,0.5,restaurant_cafe,eating_drinking_out,65
abbie thomas xx,transfer_p2p,accepted_tiebreak,transfer_p2p,transfer_p2p,0.6,transfer_p2p,transfers,65
roze remit,transfer_international,accepted,transfer_international,transfer_international,0.75,,transfers,65
coalway convenience store,convenience_store,accepted,convenience_store,convenience_store,0.85,,groceries_household_essentials,65
oldhamvendingservice,confectionary,accepted_tiebreak,convenience_store,confectionary,0.55,confectionary,groceries_household_essentials,65
t hodgson,transfer_p2p,accepted_tiebreak,unclassified_other,transfer_p2p,0.55,transfer_p2p,transfers,65
pawel baryla hehe,transfer_p2p,accepted_tiebreak,transfer_p2p,transfer_p2p,0.6,transfer_p2p,transfers,65
bobbing corner service,fuel,accepted_tiebreak,convenience_store,fuel,0.55,fuel,transport_motoring,65
life style express,convenience_store,accepted,convenience_store,convenience_store,0.7,,groceries_household_essentials,64
maesgolau post office and,government_services,accepted_tiebreak,government_services,government_services,0.5,government_services,council_tax_government,64
budgete,energy,accepted,energy,energy,0.85,,utilities_household_bills,64
stillfront,gaming_mobile,accepted_tiebreak,gaming_mobile,gaming_mobile,0.6,gaming_mobile,entertainment_leisure,64
damian yates,transfer_p2p,accepted_tiebreak,transfer_p2p,transfer_p2p,0.65,transfer_p2p,transfers,64
claritycheck,credit_reporting_service,accepted_tiebreak,credit_reporting_service,credit_reporting_service,0.65,credit_reporting_service,high_cost_distress_credit,64
c lloyd,transfer_p2p,accepted_tiebreak,transfer_p2p,transfer_p2p,0.6,transfer_p2p,transfers,64
hendersons ballygowan,unclassified_other,abstain_residual,convenience_store,restaurant_cafe,0.5,groceries,unclassified,64
warrington own buswarrington,public_transport_rail_coach,accepted,public_transport_rail_coach,public_transport_rail_coach,0.75,,transport_motoring,64
omar hashi,transfer_p2p,accepted_tiebreak,transfer_p2p,transfer_p2p,0.65,transfer_p2p,transfers,64
irene ochieng,transfer_p2p,accepted_tiebreak,transfer_p2p,transfer_p2p,0.65,transfer_p2p,transfers,64
next redhouse,unclassified_other,abstain_confirmed,unclassified_other,unclassified_other,0.4,,unclassified,64
vagadia and sons ltd,convenience_store,accepted_tiebreak,convenience_store,restaurant_cafe,0.5,convenience_store,groceries_household_essentials,64
dine stateside foods,takeaway,accepted_tiebreak,takeaway,unclassified_other,0.3,takeaway,eating_drinking_out,64
westways f.stn,fuel,accepted_tiebreak,convenience_store,fuel,0.75,fuel,transport_motoring,64
natwest business,credit_card_repayment,accepted_tiebreak,financial_institution_unspecified,credit_card_repayment,0.4,credit_card_repayment,credit_loan_repayments,64
dubois a cur,transfer_p2p,accepted_general,transfer_p2p,transfer_p2p,0.55,transfer_own_account,transfers,64
am late shop,convenience_store,accepted,convenience_store,convenience_store,0.75,,groceries_household_essentials,64
holly chesterman,transfer_p2p,accepted_tiebreak,transfer_p2p,transfer_p2p,0.6,transfer_p2p,transfers,64
pangolin craft beer,alcohol_beer_spirits,accepted,alcohol_beer_spirits,alcohol_beer_spirits,0.75,,groceries_household_essentials,64
coffee,restaurant_cafe,accepted_tiebreak,restaurant_cafe,restaurant_cafe,0.55,restaurant_cafe,eating_drinking_out,64
avens retail,unclassified_other,abstain_residual,retail_small_independent,unclassified_other,0.3,convenience_store,unclassified,64
goshorty,insurance_motor,accepted_tiebreak,unclassified_other,insurance_motor,0.6,insurance_motor,insurance,64
tui inflight,unclassified_other,abstain_residual,eating_out_other,eating_out_other,0.5,airport_spend,unclassified,64
vg trading no,accommodation,accepted_tiebreak,accommodation,accommodation,0.4,accommodation,travel_holidays,64
selecta vending machine,confectionary,accepted,confectionary,confectionary,0.7,,groceries_household_essentials,64
andrew,transfer_p2p,accepted_tiebreak,transfer_p2p,transfer_p2p,0.65,transfer_p2p,transfers,64
riverside stores,convenience_store,accepted,convenience_store,convenience_store,0.7,,groceries_household_essentials,64
welcome angel islingto,groceries,accepted_tiebreak,groceries,convenience_store,0.65,groceries,groceries_household_essentials,64
morr milton keynes wes,unclassified_other,abstain_residual,car_parking,unclassified_other,0.3,groceries,unclassified,64
workspace,web_services,accepted_tiebreak,software,web_services,0.6,web_services,digital_subscriptions_services,64
cd brew,eating_out_other,human_reviewed,alcohol_beer_spirits,alcohol_beer_spirits,0.6,restaurant_cafe,eating_drinking_out,64
totalav,software,accepted,software,software,0.7,,digital_subscriptions_services,64
butternut box,unclassified_other,abstain_residual,takeaway,groceries_specialist,0.6,pet_supplies,unclassified,64
bromcom,school_fees,accepted_tiebreak,convenience_store,school_fees,0.55,school_fees,childcare_education,64
sra local,convenience_store,accepted_tiebreak,convenience_store,convenience_store,0.5,convenience_store,groceries_household_essentials,64
bradley,transfer_p2p,accepted_tiebreak,unclassified_other,transfer_p2p,0.4,transfer_p2p,transfers,64
daughter mommy,transfer_p2p,accepted,transfer_p2p,transfer_p2p,0.75,,transfers,64
miss a m mccormack,transfer_p2p,accepted,transfer_p2p,transfer_p2p,0.7,,transfers,64
jill and andy's cd,restaurant_cafe,accepted_tiebreak,restaurant_cafe,unclassified_other,0.3,restaurant_cafe,eating_drinking_out,64
a kitching,unclassified_other,abstain_confirmed,unclassified_other,transfer_p2p,0.5,unclassified_other,unclassified,64
south yorkshire future tr,public_transport_rail_coach,accepted_tiebreak,public_transport_rail_coach,public_transport_rail_coach,0.55,public_transport_rail_coach,transport_motoring,64
coffee no,restaurant_cafe,accepted,restaurant_cafe,restaurant_cafe,0.85,,eating_drinking_out,64
day n nite,convenience_store,accepted_tiebreak,convenience_store,convenience_store,0.55,convenience_store,groceries_household_essentials,64
lbar services ltd,restaurant_cafe,accepted_general,restaurant_cafe,restaurant_cafe,0.4,pub_bar,eating_drinking_out,64
finley butler joint,transfer_p2p,accepted_tiebreak,transfer_p2p,transfer_own_account,0.5,transfer_p2p,transfers,64
amznbusiness,marketplace_amazon,accepted_tiebreak,marketplace_amazon,marketplace_amazon,0.6,marketplace_amazon,general_retail_marketplaces,64
imo car wash,carwash,auto_accept,carwash,carwash,0.95,,transport_motoring,64
hannah,transfer_p2p,accepted_tiebreak,transfer_p2p,transfer_p2p,0.6,transfer_p2p,transfers,64
dalton shop,convenience_store,accepted,convenience_store,convenience_store,0.75,,groceries_household_essentials,64
d gray,transfer_p2p,accepted_tiebreak,transfer_p2p,transfer_p2p,0.5,transfer_p2p,transfers,64
lauryn brandy,transfer_p2p,accepted_tiebreak,transfer_p2p,transfer_p2p,0.6,transfer_p2p,transfers,64
morleys,groceries,accepted_tiebreak,groceries,groceries,0.55,groceries,groceries_household_essentials,64
driving licence,id_documents,accepted,id_documents,id_documents,0.85,,council_tax_government,64
express mart,convenience_store,accepted,convenience_store,convenience_store,0.8,,groceries_household_essentials,64
emma whitehouse,transfer_p2p,accepted,transfer_p2p,transfer_p2p,0.75,,transfers,64
claire cannon money,transfer_p2p,accepted,transfer_p2p,transfer_p2p,0.75,,transfers,64
mrs nina,transfer_p2p,accepted,transfer_p2p,transfer_p2p,0.75,,transfers,64
n huq,transfer_p2p,accepted,transfer_p2p,transfer_p2p,0.7,,transfers,64
spar wrexham,groceries,accepted,groceries,groceries,0.85,,groceries_household_essentials,63
kidspass altrincham,memberships,accepted_tiebreak,unclassified_other,memberships,0.6,memberships,entertainment_leisure,63
kent fastrack,tolls,accepted,tolls,tolls,0.8,,transport_motoring,63
mr pt king pk,transfer_p2p,accepted_tiebreak,transfer_p2p,transfer_p2p,0.6,transfer_p2p,transfers,63
new holland villa,unclassified_other,abstain_confirmed,unclassified_other,unclassified_other,0.4,,unclassified,63
south west vending lim,confectionary,accepted_tiebreak,confectionary,retail_other,0.5,confectionary,groceries_household_essentials,63
lisa gillingham,transfer_p2p,accepted,transfer_p2p,transfer_p2p,0.8,,transfers,63
zest,restaurant_cafe,accepted_tiebreak,unclassified_other,restaurant_cafe,0.55,restaurant_cafe,eating_drinking_out,63
spreadex.com,gambling_betting,accepted,gambling_betting,gambling_betting,0.75,,gambling,63
argos cd,catalogue_retail,accepted,catalogue_retail,catalogue_retail,0.75,,general_retail_marketplaces,63
slots rush,gambling_casino,accepted,gambling_casino,gambling_casino,0.75,,gambling,63
bossmans bargains,discount_store,accepted,discount_store,discount_store,0.7,,groceries_household_essentials,63
the friary,restaurant_cafe,accepted_general,restaurant_cafe,restaurant_cafe,0.5,pub_bar,eating_drinking_out,63
massy enterprises,unclassified_other,abstain_confirmed,unclassified_other,unclassified_other,0.4,,unclassified,63
the chalet spar,unclassified_other,abstain_residual,groceries,convenience_store,0.6,restaurant_cafe,unclassified,63
r smith,transfer_p2p,accepted_tiebreak,transfer_p2p,transfer_p2p,0.6,transfer_p2p,transfers,63
cd new coffee giant,restaurant_cafe,accepted_tiebreak,restaurant_cafe,restaurant_cafe,0.6,restaurant_cafe,eating_drinking_out,63
ellie west xx,transfer_p2p,accepted,transfer_p2p,transfer_p2p,0.7,,transfers,63
google cloud,web_services,accepted,web_services,web_services,0.85,,digital_subscriptions_services,63
nathan,transfer_p2p,accepted_tiebreak,transfer_p2p,transfer_p2p,0.6,transfer_p2p,transfers,63
mr andrew,transfer_p2p,accepted_tiebreak,transfer_p2p,transfer_p2p,0.6,transfer_p2p,transfers,63
erik,transfer_p2p,accepted_tiebreak,transfer_p2p,transfer_p2p,0.6,transfer_p2p,transfers,63
wayne leech,transfer_p2p,accepted_tiebreak,transfer_p2p,transfer_p2p,0.65,transfer_p2p,transfers,63
south eastern railway,public_transport_rail_coach,auto_accept,public_transport_rail_coach,public_transport_rail_coach,0.9,,transport_motoring,63
uber uk rides,taxi_rideshare,auto_accept,taxi_rideshare,taxi_rideshare,0.95,,transport_motoring,63
garnash limited,personal_loan_repayment,accepted,personal_loan_repayment,personal_loan_repayment,0.75,,credit_loan_repayments,63
gillian radford mum,transfer_p2p,accepted,transfer_p2p,transfer_p2p,0.75,,transfers,63
tim hortons uk,restaurant_cafe,accepted,restaurant_cafe,restaurant_cafe,0.85,,eating_drinking_out,63
moneos,unclassified_other,abstain_confirmed,unclassified_other,money_transfer_service,0.5,unclassified_other,unclassified,63
miss m,transfer_p2p,accepted_tiebreak,transfer_p2p,transfer_p2p,0.6,transfer_p2p,transfers,63
samantha revely,transfer_p2p,accepted_tiebreak,transfer_p2p,transfer_p2p,0.65,transfer_p2p,transfers,63
allan pinto barclays,transfer_p2p,accepted_tiebreak,transfer_p2p,transfer_p2p,0.65,transfer_p2p,transfers,63
mr s t page loan,personal_loan_repayment,accepted,personal_loan_repayment,personal_loan_repayment,0.75,,credit_loan_repayments,63
blacker tt,transfer_p2p,accepted_tiebreak,transfer_p2p,transfer_p2p,0.55,transfer_p2p,transfers,63
c mackie,transfer_p2p,accepted_tiebreak,transfer_p2p,transfer_p2p,0.6,transfer_p2p,transfers,63
dart charge auto top,tolls,auto_accept,tolls,tolls,0.9,,transport_motoring,63
g marsden,transfer_p2p,accepted_tiebreak,transfer_p2p,transfer_p2p,0.6,transfer_p2p,transfers,63
maisie lou smith,transfer_p2p,accepted_tiebreak,transfer_p2p,transfer_p2p,0.65,transfer_p2p,transfers,63
k wilcock,transfer_p2p,accepted_tiebreak,transfer_p2p,transfer_p2p,0.6,transfer_p2p,transfers,63
stn airport tariff,airport_parking,accepted_tiebreak,airport_spend,airport_parking,0.7,airport_parking,travel_holidays,63
claude.ai,software,accepted,software,software,0.85,,digital_subscriptions_services,63
d foodhub,takeaway,accepted,takeaway,takeaway,0.85,,eating_drinking_out,63
the hope tap,pub_bar,accepted,pub_bar,pub_bar,0.8,,eating_drinking_out,63
bizlend ltd,unclassified_other,abstain_residual,personal_loan_repayment,loan_repayment_other,0.6,business_loan_repayment,unclassified,63
premier staple hill.,convenience_store,accepted_general,convenience_store,convenience_store,0.6,groceries,groceries_household_essentials,63
jenkins bakery,restaurant_cafe,accepted_tiebreak,restaurant_cafe,restaurant_cafe,0.6,restaurant_cafe,eating_drinking_out,63
wh smith livingston,books,accepted,books,books,0.7,,entertainment_leisure,63
dottybingo,gambling_bingo,auto_accept,gambling_bingo,gambling_bingo,0.9,,gambling,63
vendmarque limited,confectionary,accepted_tiebreak,confectionary,convenience_store,0.5,confectionary,groceries_household_essentials,63
hugh mcgarvey dine out,transfer_p2p,accepted_tiebreak,transfer_p2p,transfer_p2p,0.6,transfer_p2p,transfers,63
intuit,software,accepted,software,software,0.75,,digital_subscriptions_services,62
golden,unclassified_other,abstain_confirmed,unclassified_other,unclassified_other,0.4,,unclassified,62
brandon johnson,transfer_p2p,accepted_tiebreak,transfer_p2p,transfer_p2p,0.6,transfer_p2p,transfers,62
thorpe park resort,days_out,accepted,days_out,days_out,0.85,,entertainment_leisure,62
eui ltd pet,insurance_pet,accepted_tiebreak,pet_supplies,insurance_pet,0.75,insurance_pet,pets,62
jessica bergstrom,transfer_p2p,accepted_tiebreak,transfer_p2p,transfer_p2p,0.6,transfer_p2p,transfers,62
hannah horton han,transfer_p2p,accepted_tiebreak,transfer_p2p,transfer_p2p,0.6,transfer_p2p,transfers,62
cd stagecoach bus ticket,public_transport_rail_coach,auto_accept,public_transport_rail_coach,public_transport_rail_coach,0.9,,transport_motoring,62
equine,pet_supplies,accepted_tiebreak,pet_supplies,pet_supplies,0.55,pet_supplies,pets,62
l harley,unclassified_other,abstain_confirmed,unclassified_other,unclassified_other,0.4,,unclassified,62
tannie lambert,transfer_p2p,accepted_tiebreak,transfer_p2p,transfer_p2p,0.6,transfer_p2p,transfers,62
lexie munroe,transfer_p2p,accepted_tiebreak,transfer_p2p,transfer_p2p,0.55,transfer_p2p,transfers,62
clare clark money,transfer_p2p,accepted_tiebreak,transfer_p2p,transfer_p2p,0.65,transfer_p2p,transfers,62
peacock stores ltd,clothing_general,accepted_tiebreak,retail_small_independent,clothing_general,0.7,clothing_general,clothing_personal_care,62
broadway stores,convenience_store,accepted_tiebreak,convenience_store,convenience_store,0.6,convenience_store,groceries_household_essentials,62
bestway wholesale,cash_and_carry,accepted,cash_and_carry,cash_and_carry,0.85,,groceries_household_essentials,62
wolt,takeaway,accepted,takeaway,takeaway,0.85,,eating_drinking_out,62
great western hospital,hospital,accepted,hospital,hospital,0.85,,health_medical,62
mediumchat,online_services,accepted_tiebreak,online_services,unclassified_other,0.3,online_services,digital_subscriptions_services,62
central eng co op,groceries,accepted_tiebreak,groceries,groceries,0.6,groceries,groceries_household_essentials,62
cd tredegar fuel express,fuel,auto_accept,fuel,fuel,0.9,,transport_motoring,62
kelvin kabs,taxi_rideshare,accepted,taxi_rideshare,taxi_rideshare,0.75,,transport_motoring,62
waresley park garden,unclassified_other,abstain_residual,accommodation,restaurant_cafe,0.5,garden,unclassified,62
margaret dickensonbos,transfer_p2p,accepted_tiebreak,transfer_p2p,transfer_p2p,0.55,transfer_p2p,transfers,62
briony reid,transfer_p2p,accepted_tiebreak,transfer_p2p,transfer_p2p,0.6,transfer_p2p,transfers,62
gregory walters,transfer_p2p,accepted_tiebreak,transfer_p2p,transfer_p2p,0.6,transfer_p2p,transfers,62
wiltshire council,council_tax,accepted,council_tax,council_tax,0.85,,council_tax_government,62
r ritchie,transfer_p2p,accepted_tiebreak,transfer_p2p,transfer_p2p,0.6,transfer_p2p,transfers,62
c kandra trading,unclassified_other,abstain_confirmed,unclassified_other,unclassified_other,0.3,,unclassified,62
yourparking space.co.uk,car_parking,auto_accept,car_parking,car_parking,0.9,,transport_motoring,62
city of bradford metropolitan district council,council_tax,accepted,council_tax,council_tax,0.85,,council_tax_government,62
boots uk,pharmacy,auto_accept,pharmacy,pharmacy,0.9,,health_medical,62
brookside supermarket,groceries,accepted,groceries,groceries,0.85,,groceries_household_essentials,62
paul solomon,transfer_p2p,accepted_tiebreak,transfer_p2p,transfer_p2p,0.6,transfer_p2p,transfers,62
richard harrison alice,transfer_p2p,accepted_tiebreak,transfer_p2p,transfer_p2p,0.6,transfer_p2p,transfers,62
helena,transfer_p2p,accepted_tiebreak,transfer_p2p,transfer_p2p,0.55,transfer_p2p,transfers,62
abdullah ahmed,transfer_p2p,accepted_tiebreak,transfer_p2p,transfer_p2p,0.6,transfer_p2p,transfers,62
the ship inn,pub_bar,accepted,pub_bar,pub_bar,0.85,,eating_drinking_out,62
skin me,skin_hair_care,accepted_tiebreak,health_beauty_general,skin_hair_care,0.75,skin_hair_care,clothing_personal_care,62
good life,unclassified_other,abstain_confirmed,unclassified_other,unclassified_other,0.3,,unclassified,62
michael letts,transfer_p2p,accepted_tiebreak,transfer_p2p,transfer_p2p,0.6,transfer_p2p,transfers,62
ashdon hibbert,transfer_p2p,accepted_tiebreak,transfer_p2p,transfer_p2p,0.6,transfer_p2p,transfers,62
j rowe,transfer_p2p,accepted_tiebreak,transfer_p2p,transfer_p2p,0.55,transfer_p2p,transfers,62
sandhu general st,convenience_store,accepted,convenience_store,convenience_store,0.85,,groceries_household_essentials,62
ssp,unclassified_other,abstain_residual,convenience_store,unclassified_other,0.3,restaurant_cafe,unclassified,61
gothenburg supermarket,groceries,accepted,groceries,groceries,0.75,,groceries_household_essentials,61
jodie clarke of mom,transfer_p2p,accepted,transfer_p2p,transfer_p2p,0.75,,transfers,61
chipotle mexican grill,restaurant_cafe,accepted,restaurant_cafe,restaurant_cafe,0.85,,eating_drinking_out,61
vortex compet,prize_competitions,accepted,prize_competitions,prize_competitions,0.8,,gambling,61
aleisha gar,transfer_p2p,accepted,transfer_p2p,transfer_p2p,0.75,,transfers,61
barclays prtnr fin re,retail_finance_repayment,accepted,retail_finance_repayment,retail_finance_repayment,0.85,,credit_loan_repayments,61
anne,transfer_p2p,accepted_tiebreak,transfer_p2p,transfer_p2p,0.6,transfer_p2p,transfers,61
james harvey dad,transfer_p2p,accepted,transfer_p2p,transfer_p2p,0.8,,transfers,61
cd nza mini market,convenience_store,accepted,convenience_store,convenience_store,0.75,,groceries_household_essentials,61
jade,transfer_p2p,accepted_tiebreak,transfer_p2p,transfer_p2p,0.55,transfer_p2p,transfers,61
c first,unclassified_other,abstain_residual,convenience_store,unclassified_other,0.3,public_transport_rail_coach,unclassified,61
l dobey,transfer_p2p,accepted_tiebreak,transfer_p2p,transfer_p2p,0.55,transfer_p2p,transfers,61
newbottle working mens,pub_bar,accepted_tiebreak,pub_bar,pub_bar,0.6,pub_bar,eating_drinking_out,61
macdonald c,transfer_p2p,accepted,transfer_p2p,transfer_p2p,0.75,,transfers,61
blackpool zoo,days_out,accepted,days_out,days_out,0.85,,entertainment_leisure,61
green chef,groceries_specialist,accepted_tiebreak,takeaway,groceries_specialist,0.6,groceries_specialist,groceries_household_essentials,61
the very group,catalogue_retail,accepted,catalogue_retail,catalogue_retail,0.8,,general_retail_marketplaces,61
saikou jaiteh,transfer_p2p,accepted,transfer_p2p,transfer_p2p,0.75,,transfers,61
uk search,unclassified_other,abstain_confirmed,unclassified_other,unclassified_other,0.3,,unclassified,61
the grosvenor,pub_bar,accepted_tiebreak,pub_bar,pub_bar,0.4,pub_bar,eating_drinking_out,61
cd t,discount_store,accepted,discount_store,discount_store,0.75,,groceries_household_essentials,61
abi convenience store,convenience_store,auto_accept,convenience_store,convenience_store,0.9,,groceries_household_essentials,61
boardmasters,days_out,accepted_general,sports_equipment,days_out,0.55,live_music,entertainment_leisure,61
c booth,transfer_p2p,accepted_tiebreak,transfer_p2p,transfer_p2p,0.6,transfer_p2p,transfers,61
ch&co catering,catering,accepted,catering,catering,0.75,,eating_drinking_out,61
omio,unclassified_other,abstain_residual,ferry_rail_travel,travel_other,0.6,public_transport_rail_coach,unclassified,61
mateusz,transfer_p2p,accepted_tiebreak,transfer_p2p,transfer_p2p,0.65,transfer_p2p,transfers,61
trustly group ab pi,payment_intermediary,accepted_tiebreak,payment_intermediary,payment_intermediary,0.6,payment_intermediary,general_retail_marketplaces,61
family choice,unclassified_other,abstain_confirmed,unclassified_other,unclassified_other,0.3,,unclassified,61
zipcar trip,car_hire,accepted,car_hire,car_hire,0.8,,transport_motoring,61
news plus,convenience_store,accepted_tiebreak,convenience_store,convenience_store,0.6,convenience_store,groceries_household_essentials,61
playtomic.io,sports_participation,accepted_tiebreak,sports_participation,sports_participation,0.65,sports_participation,entertainment_leisure,61
warren d velvick,transfer_p2p,accepted_tiebreak,transfer_p2p,transfer_p2p,0.6,transfer_p2p,transfers,61
derma group ltd stock account,business_services,accepted_tiebreak,unclassified_other,business_services,0.4,business_services,business_self_employment,61
scott thomson son stirling,transfer_p2p,accepted_tiebreak,transfer_p2p,transfer_p2p,0.6,transfer_p2p,transfers,61
chantelle bus,transfer_p2p,accepted_tiebreak,transfer_p2p,transfer_p2p,0.6,transfer_p2p,transfers,61
lnc,unclassified_other,abstain_confirmed,unclassified_other,unclassified_other,0.3,,unclassified,61
bauer uk competition,prize_competitions,accepted,prize_competitions,prize_competitions,0.7,,gambling,61
argylesatellite.co.uk,unclassified_other,abstain_confirmed,unclassified_other,unclassified_other,0.3,,unclassified,61
hmrc cumbernauld,tax_payment,auto_accept,tax_payment,tax_payment,0.95,,council_tax_government,61
d napier,transfer_p2p,accepted_tiebreak,transfer_p2p,transfer_p2p,0.55,transfer_p2p,transfers,61
bradley cross,transfer_p2p,accepted_tiebreak,transfer_p2p,transfer_p2p,0.55,transfer_p2p,transfers,61
holly chapman,transfer_p2p,accepted_tiebreak,transfer_p2p,transfer_p2p,0.55,transfer_p2p,transfers,61
selco builders,home_improvement,accepted,home_improvement,home_improvement,0.85,,home_garden,61
tailored vending,confectionary,accepted_tiebreak,confectionary,convenience_store,0.5,confectionary,groceries_household_essentials,61
alpinevending,confectionary,accepted_tiebreak,confectionary,convenience_store,0.5,confectionary,groceries_household_essentials,61
bismillah foodstore,groceries_specialist,accepted_tiebreak,groceries_specialist,groceries,0.75,groceries_specialist,groceries_household_essentials,61
birds bakery,restaurant_cafe,accepted_tiebreak,restaurant_cafe,restaurant_cafe,0.6,restaurant_cafe,eating_drinking_out,60
the co-operative,groceries,accepted,groceries,groceries,0.8,,groceries_household_essentials,60
alan crawford,transfer_p2p,accepted_tiebreak,transfer_p2p,transfer_p2p,0.55,transfer_p2p,transfers,60
broadstone royal british,private_members_club,human_reviewed,charitable_donation,charitable_donation,0.55,pub_bar,entertainment_leisure,60
campden road servi,fuel,accepted_tiebreak,car_parking,fuel,0.55,fuel,transport_motoring,60
nw world mastercar,unclassified_other,abstain_confirmed,unclassified_other,unclassified_other,0.3,,unclassified,60
apple tree,unclassified_other,abstain_residual,convenience_store,groceries,0.4,unclassified_card_spend,unclassified,60
oyewale isaac oyed,transfer_p2p,accepted_tiebreak,transfer_p2p,transfer_p2p,0.55,transfer_p2p,transfers,60
the william jessop,pub_bar,accepted_tiebreak,transfer_p2p,pub_bar,0.55,pub_bar,eating_drinking_out,60
adam lanigan,transfer_p2p,accepted_tiebreak,transfer_p2p,transfer_p2p,0.55,transfer_p2p,transfers,60
olivia egbufor,transfer_p2p,accepted_tiebreak,transfer_p2p,transfer_p2p,0.55,transfer_p2p,transfers,60
mr whippy,takeaway,accepted_tiebreak,takeaway,restaurant_cafe,0.6,takeaway,eating_drinking_out,60
e rhodes,transfer_p2p,accepted_tiebreak,transfer_p2p,transfer_p2p,0.5,transfer_p2p,transfers,60
jakub maleta,transfer_p2p,accepted,transfer_p2p,transfer_p2p,0.7,,transfers,60
r rose,transfer_p2p,accepted_tiebreak,transfer_p2p,transfer_p2p,0.6,transfer_p2p,transfers,60
aramarkltd,catering,accepted_tiebreak,catering,convenience_store,0.4,catering,eating_drinking_out,60
the oak,pub_bar,accepted_tiebreak,pub_bar,pub_bar,0.55,pub_bar,eating_drinking_out,60
longport express,convenience_store,accepted_tiebreak,unclassified_other,convenience_store,0.4,convenience_store,groceries_household_essentials,60
rainbow vapes corner,vaping,accepted,vaping,vaping,0.8,,groceries_household_essentials,60
midjourney,software,accepted,software,software,0.7,,digital_subscriptions_services,60
tortilla,restaurant_cafe,accepted_tiebreak,takeaway,restaurant_cafe,0.75,restaurant_cafe,eating_drinking_out,60
cd happisburgh road,convenience_store,accepted_tiebreak,unclassified_other,convenience_store,0.4,convenience_store,groceries_household_essentials,60
codi markall,transfer_p2p,accepted_tiebreak,transfer_p2p,transfer_p2p,0.6,transfer_p2p,transfers,60
mandie davis,transfer_p2p,accepted_tiebreak,transfer_p2p,transfer_p2p,0.6,transfer_p2p,transfers,60
bark,business_services,accepted_tiebreak,pet_supplies,business_services,0.55,business_services,business_self_employment,60
vicki markall,transfer_p2p,accepted_tiebreak,transfer_p2p,transfer_p2p,0.65,transfer_p2p,transfers,60
paige conner me,transfer_p2p,accepted_tiebreak,transfer_p2p,transfer_p2p,0.65,transfer_p2p,transfers,60
mr l j tootill,transfer_p2p,accepted_tiebreak,transfer_p2p,transfer_p2p,0.6,transfer_p2p,transfers,60
rounds green,unclassified_other,abstain_confirmed,unclassified_other,unclassified_other,0.3,,unclassified,60
bnae location s bas,unclassified_other,abstain_residual,catering,unclassified_other,0.3,unclassified_card_spend,unclassified,60
bayne bakers shops,groceries_specialist,accepted_tiebreak,takeaway,groceries_specialist,0.4,groceries_specialist,groceries_household_essentials,60
sheikh farooq sky,transfer_p2p,accepted_tiebreak,transfer_p2p,mobile_phone_contract,0.55,transfer_p2p,transfers,60
the henry bessemer,pub_bar,accepted_tiebreak,pub_bar,pub_bar,0.6,pub_bar,eating_drinking_out,60
next www2.next.co.,catalogue_retail,accepted_tiebreak,catalogue_retail,retail_finance_repayment,0.6,catalogue_retail,general_retail_marketplaces,60
on that ass,unclassified_other,abstain_residual,restaurant_cafe,unclassified_other,0.3,clothing_mens,unclassified,60
argyle news,convenience_store,accepted,convenience_store,convenience_store,0.75,,groceries_household_essentials,60
mark lynn,transfer_p2p,accepted,transfer_p2p,transfer_p2p,0.7,,transfers,59
lucas,transfer_p2p,accepted_tiebreak,transfer_p2p,transfer_p2p,0.6,transfer_p2p,transfers,59
primrose valley,holiday_uk,accepted_tiebreak,childcare,holiday_uk,0.55,holiday_uk,travel_holidays,59
cro applepay,crypto,accepted_tiebreak,unclassified_other,crypto,0.55,crypto,savings_investments,59
paignton,unclassified_other,abstain_residual,education_general,unclassified_other,0.3,unclassified_card_spend,unclassified,59
refreshment system,convenience_store,accepted_general,convenience_store,convenience_store,0.5,confectionary,groceries_household_essentials,59
spar applepay,groceries,accepted,groceries,groceries,0.85,,groceries_household_essentials,59
morr kirkby,unclassified_other,abstain_confirmed,unclassified_other,unclassified_other,0.3,,unclassified,59
scott delivett,transfer_p2p,accepted_tiebreak,transfer_p2p,transfer_p2p,0.6,transfer_p2p,transfers,59
biedronka,groceries,accepted,groceries,groceries,0.85,,groceries_household_essentials,59
axe convenienc,convenience_store,accepted,convenience_store,convenience_store,0.75,,groceries_household_essentials,59
rodica,transfer_p2p,accepted_tiebreak,transfer_p2p,transfer_p2p,0.65,transfer_p2p,transfers,59
nhsbsa pecs,medicine,accepted_tiebreak,medicine,income_other_unspecified,0.4,medicine,health_medical,59
cohens chemist,pharmacy,accepted,pharmacy,pharmacy,0.7,,health_medical,59
p m earl food ft,unclassified_other,abstain_residual,groceries_specialist,groceries,0.5,transfer_p2p,unclassified,59
cd go,convenience_store,accepted_general,convenience_store,convenience_store,0.5,groceries,groceries_household_essentials,59
leah nolan hi ft,transfer_p2p,accepted,transfer_p2p,transfer_p2p,0.7,,transfers,59
lifestyle,unclassified_other,abstain_confirmed,retail_other,unclassified_other,0.4,unclassified_other,unclassified,59
the packhorse,pub_bar,accepted_tiebreak,pub_bar,pub_bar,0.55,pub_bar,eating_drinking_out,59
lilly marsden,transfer_p2p,accepted_tiebreak,transfer_p2p,transfer_p2p,0.65,transfer_p2p,transfers,59
pamela,transfer_p2p,accepted_tiebreak,transfer_p2p,transfer_p2p,0.55,transfer_p2p,transfers,59
saba arif,transfer_p2p,accepted,transfer_p2p,transfer_p2p,0.75,,transfers,59
pet health club the pet health club,pet_supplies,accepted,pet_supplies,pet_supplies,0.7,,pets,59
oldhamvendingservi,confectionary,accepted_tiebreak,confectionary,convenience_store,0.55,confectionary,groceries_household_essentials,59
t anderson,transfer_p2p,accepted,transfer_p2p,transfer_p2p,0.7,,transfers,59
aj mxddrggv,retail_small_independent,accepted_tiebreak,payment_intermediary,retail_small_independent,0.4,retail_small_independent,general_retail_marketplaces,59
n a manning dad,transfer_p2p,accepted,transfer_p2p,transfer_p2p,0.75,,transfers,59
ego shoes,footwear,accepted,footwear,footwear,0.85,,clothing_personal_care,59
seashore,unclassified_other,abstain_residual,retail_other,clothing_general,0.5,retail_small_independent,unclassified,59
global-e,payment_intermediary,accepted_tiebreak,payment_intermediary,retail_tv_online_shopping,0.4,payment_intermediary,general_retail_marketplaces,59
wapping mini store,convenience_store,accepted_tiebreak,convenience_store,convenience_store,0.6,convenience_store,groceries_household_essentials,59
jumpin jax soft play,days_out,accepted_tiebreak,days_out,days_out,0.65,days_out,entertainment_leisure,59
wickes building,home_improvement,auto_accept,home_improvement,home_improvement,0.9,,home_garden,59
plymouth citybus limited,public_transport_rail_coach,auto_accept,public_transport_rail_coach,public_transport_rail_coach,0.9,,transport_motoring,59
c the vending peopleltd,confectionary,accepted_tiebreak,confectionary,convenience_store,0.55,confectionary,groceries_household_essentials,59
cd nash supermarket,groceries,accepted,groceries,groceries,0.85,,groceries_household_essentials,59
dhillon's premier,convenience_store,accepted_general,convenience_store,convenience_store,0.6,groceries,groceries_household_essentials,59
gbolahan olabisi,unclassified_other,abstain_residual,gambling_unspecified,gambling_unspecified,0.55,transfer_p2p,unclassified,59
jack gregory mum,transfer_p2p,accepted,transfer_p2p,transfer_p2p,0.75,,transfers,59
tyler calland,transfer_p2p,accepted_tiebreak,transfer_p2p,transfer_p2p,0.65,transfer_p2p,transfers,59
nthdegreecateringco,unclassified_other,abstain_residual,catering,catering,0.6,confectionary,unclassified,59
maas upt,unclassified_other,abstain_residual,restaurant_cafe,unclassified_other,0.3,unclassified_card_spend,unclassified,59
broderick vending machine,convenience_store,accepted_general,convenience_store,convenience_store,0.5,confectionary,groceries_household_essentials,59
ada enterprises,unclassified_other,abstain_residual,convenience_store,convenience_store,0.55,retail_small_independent,unclassified,59
l woodhouse,transfer_p2p,accepted_tiebreak,transfer_p2p,transfer_p2p,0.6,transfer_p2p,transfers,59
conor,transfer_p2p,accepted_tiebreak,transfer_p2p,transfer_p2p,0.55,transfer_p2p,transfers,59
clare barbour,transfer_p2p,accepted_tiebreak,transfer_p2p,transfer_p2p,0.5,transfer_p2p,transfers,59
ryan robb,transfer_p2p,accepted_tiebreak,transfer_p2p,transfer_p2p,0.65,transfer_p2p,transfers,59
mobi classic,unclassified_other,abstain_residual,taxi_rideshare,taxi_rideshare,0.4,unclassified_other,unclassified,59
group,debt_management_plan,accepted_tiebreak,money_management_service,debt_management_plan,0.7,debt_management_plan,high_cost_distress_credit,58
acorn insurance an acorn insurance,insurance_motor,accepted_tiebreak,insurance_general,insurance_motor,0.6,insurance_motor,insurance,58
alibaba,marketplace_general,accepted,marketplace_general,marketplace_general,0.75,,general_retail_marketplaces,58
ashbourne manageme,payment_intermediary,human_reviewed,property_management,car_parking,0.55,gym_fitness,general_retail_marketplaces,58
parking eye,car_parking,auto_accept,car_parking,car_parking,0.9,,transport_motoring,58
costa north,restaurant_cafe,accepted,restaurant_cafe,restaurant_cafe,0.85,,eating_drinking_out,58
kingsbury food & wine,convenience_store,accepted_tiebreak,convenience_store,groceries,0.6,convenience_store,groceries_household_essentials,58
durham mme 2 catering,catering,accepted_tiebreak,catering,catering,0.6,catering,eating_drinking_out,58
william ross mum,transfer_p2p,accepted,transfer_p2p,transfer_p2p,0.85,,transfers,58
simon keki,transfer_p2p,accepted,transfer_p2p,transfer_p2p,0.75,,transfers,58
ee finance glow,personal_loan_repayment,accepted,personal_loan_repayment,personal_loan_repayment,0.7,,credit_loan_repayments,58
lcinternati,payment_intermediary,human_reviewed,personal_loan_repayment,unclassified_other,0.4,payment_intermediary,general_retail_marketplaces,58
rob stockton,transfer_p2p,accepted,transfer_p2p,transfer_p2p,0.75,,transfers,58
joseph donson pv,transfer_p2p,accepted_tiebreak,transfer_p2p,transfer_p2p,0.6,transfer_p2p,transfers,58
john harvey,transfer_p2p,accepted,transfer_p2p,transfer_p2p,0.7,,transfers,58
joseph oconnor,transfer_p2p,accepted,transfer_p2p,transfer_p2p,0.75,,transfers,58
rockingham food centre,groceries,accepted,groceries,groceries,0.7,,groceries_household_essentials,58
eldridge cm,transfer_p2p,accepted_tiebreak,transfer_p2p,transfer_p2p,0.6,transfer_p2p,transfers,58
robert whittaker shopping,transfer_p2p,accepted_tiebreak,transfer_p2p,transfer_p2p,0.6,transfer_p2p,transfers,58
g johnson,transfer_p2p,accepted_tiebreak,transfer_p2p,transfer_p2p,0.55,transfer_p2p,transfers,58
nwl & esw water,water,accepted,water,water,0.85,,utilities_household_bills,58
drake circus,car_parking,accepted_tiebreak,car_parking,car_parking,0.55,car_parking,transport_motoring,58
shane,transfer_p2p,accepted_tiebreak,transfer_p2p,transfer_p2p,0.5,transfer_p2p,transfers,58
abbie xmas,transfer_p2p,accepted_tiebreak,transfer_p2p,transfer_p2p,0.6,transfer_p2p,transfers,58
toob,broadband_tv_phone,accepted_tiebreak,restaurant_cafe,broadband_tv_phone,0.65,broadband_tv_phone,utilities_household_bills,58
desire supermarket,groceries,accepted,groceries,groceries,0.75,,groceries_household_essentials,58
degrees coffee shop,restaurant_cafe,accepted,restaurant_cafe,restaurant_cafe,0.75,,eating_drinking_out,58
ellie,transfer_p2p,accepted,transfer_p2p,transfer_p2p,0.75,,transfers,58
k smith,transfer_p2p,accepted_tiebreak,transfer_p2p,transfer_p2p,0.55,transfer_p2p,transfers,58
celtic fc,sports_tickets,accepted_tiebreak,sports_tickets,sports_tickets,0.6,sports_tickets,entertainment_leisure,58
brighton and hove bus,public_transport_rail_coach,auto_accept,public_transport_rail_coach,public_transport_rail_coach,0.9,,transport_motoring,58
safiyah a,transfer_p2p,accepted,transfer_p2p,transfer_p2p,0.75,,transfers,58
mikes news,convenience_store,accepted,convenience_store,convenience_store,0.75,,groceries_household_essentials,58
c mrs stores,convenience_store,accepted_tiebreak,discount_store,convenience_store,0.5,convenience_store,groceries_household_essentials,58
loyan mini market,convenience_store,accepted,convenience_store,convenience_store,0.85,,groceries_household_essentials,58
lochabriggs co,unclassified_other,abstain_confirmed,unclassified_other,unclassified_other,0.3,,unclassified,58
stateside foods,groceries_specialist,accepted_tiebreak,groceries_specialist,groceries_specialist,0.5,groceries_specialist,groceries_household_essentials,58
m nuttall,transfer_p2p,accepted_tiebreak,transfer_p2p,transfer_p2p,0.6,transfer_p2p,transfers,58
assist,personal_loan_repayment,accepted_general,loan_repayment_manual,personal_loan_repayment,0.55,retail_finance_repayment,credit_loan_repayments,58
guide dogs for the,charitable_donation,accepted,charitable_donation,charitable_donation,0.85,,charitable_political_giving,58
wg express wood green,convenience_store,accepted_tiebreak,convenience_store,fuel,0.55,convenience_store,groceries_household_essentials,58
marks & spencer simply food,groceries,auto_accept,groceries,groceries,0.9,,groceries_household_essentials,58
loco,unclassified_other,abstain_residual,unclassified_other,restaurant_cafe,0.5,eating_out_other,unclassified,58
alfie drummond,transfer_p2p,accepted,transfer_p2p,transfer_p2p,0.8,,transfers,58
lehan mt,transfer_p2p,accepted,transfer_p2p,transfer_p2p,0.75,,transfers,58
pizza,takeaway,accepted_tiebreak,takeaway,takeaway,0.55,takeaway,eating_drinking_out,58
dibz,unclassified_other,abstain_confirmed,unclassified_other,transfer_p2p,0.55,unclassified_other,unclassified,58
wingz box,takeaway,accepted_tiebreak,takeaway,takeaway,0.6,takeaway,eating_drinking_out,58
provendjollyscater,unclassified_other,abstain_residual,takeaway,catering,0.5,confectionary,unclassified,58
hint.app uk,unclassified_other,abstain_confirmed,taxi_rideshare,unclassified_other,0.4,unclassified_other,unclassified,58
jollibee uk,takeaway,accepted_tiebreak,restaurant_cafe,takeaway,0.75,takeaway,eating_drinking_out,58
chris,transfer_p2p,accepted,transfer_p2p,transfer_p2p,0.7,,transfers,58
cradley heath sports,pub_bar,accepted_tiebreak,pub_bar,takeaway,0.4,pub_bar,eating_drinking_out,58
spice of asia,takeaway,accepted_tiebreak,takeaway,takeaway,0.55,takeaway,eating_drinking_out,58
v shipton,transfer_p2p,accepted,transfer_p2p,transfer_p2p,0.7,,transfers,58
mr mrs syal,takeaway,accepted_general,restaurant_cafe,takeaway,0.5,eating_out_other,eating_drinking_out,58
boots the,pharmacy,auto_accept,pharmacy,pharmacy,0.9,,health_medical,57
premier convenience store,convenience_store,accepted,convenience_store,convenience_store,0.85,,groceries_household_essentials,57
co op,groceries,accepted,groceries,groceries,0.85,,groceries_household_essentials,57
tjt pubs and bars,pub_bar,accepted,pub_bar,pub_bar,0.85,,eating_drinking_out,57
lloyds director loan,unclassified_other,abstain_residual,loan_repayment_manual,personal_loan_repayment,0.55,business_loan_repayment,unclassified,57
hmrc sdds,tax_payment,auto_accept,tax_payment,tax_payment,0.9,,council_tax_government,57
stevenson of oxbridge,restaurant_cafe,accepted_general,restaurant_cafe,restaurant_cafe,0.4,eating_out_other,eating_drinking_out,57
kyle dugmore,transfer_p2p,accepted,transfer_p2p,transfer_p2p,0.7,,transfers,57
cd b and t supermarket,groceries,accepted,groceries,groceries,0.75,,groceries_household_essentials,57
cody nicholas hine,transfer_p2p,accepted,transfer_p2p,transfer_p2p,0.7,,transfers,57
paul tsb,transfer_p2p,accepted_tiebreak,transfer_p2p,transfer_p2p,0.6,transfer_p2p,transfers,57
p oliver,transfer_p2p,accepted_tiebreak,transfer_p2p,transfer_p2p,0.6,transfer_p2p,transfers,57
oakfield stores,convenience_store,accepted_tiebreak,retail_small_independent,convenience_store,0.55,convenience_store,groceries_household_essentials,57
lady margaret supersto,groceries,accepted_tiebreak,groceries,groceries,0.6,groceries,groceries_household_essentials,57
moonpig london,gifts_flowers,auto_accept,gifts_flowers,gifts_flowers,0.9,,general_retail_marketplaces,57
o'neill's,pub_bar,accepted,pub_bar,pub_bar,0.8,,eating_drinking_out,57
georgia pugh,transfer_p2p,accepted,transfer_p2p,transfer_p2p,0.75,,transfers,57
2 ufood rainford,convenience_store,accepted_tiebreak,convenience_store,convenience_store,0.55,convenience_store,groceries_household_essentials,57
f mellor,transfer_p2p,accepted,transfer_p2p,transfer_p2p,0.7,,transfers,57
s saunders,transfer_p2p,accepted,transfer_p2p,transfer_p2p,0.7,,transfers,57
alisha squire,transfer_p2p,accepted_tiebreak,transfer_p2p,transfer_p2p,0.65,transfer_p2p,transfers,57
tofs,unclassified_other,abstain_residual,takeaway,takeaway,0.5,discount_store,unclassified,57
scott,transfer_p2p,accepted_tiebreak,transfer_p2p,transfer_p2p,0.55,transfer_p2p,transfers,57
chicken land,takeaway,accepted,takeaway,takeaway,0.8,,eating_drinking_out,57
falkinghamandtaylo,unclassified_other,abstain_confirmed,unclassified_other,unclassified_other,0.4,,unclassified,57
karl,transfer_p2p,accepted_tiebreak,transfer_p2p,transfer_p2p,0.6,transfer_p2p,transfers,57
qualivend,unclassified_other,abstain_residual,unclassified_other,convenience_store,0.5,confectionary,unclassified,57
sarah manning,transfer_p2p,accepted,transfer_p2p,transfer_p2p,0.7,,transfers,57
heathrow airport terminal,airport_spend,accepted,airport_spend,airport_spend,0.7,,travel_holidays,57
donna meaden,transfer_p2p,accepted_tiebreak,transfer_p2p,transfer_p2p,0.55,transfer_p2p,transfers,57
tradingview,investment_trading,accepted_tiebreak,investment_trading,investment_trading,0.6,investment_trading,savings_investments,57
the sun,newspapers,accepted_tiebreak,gambling_lottery,newspapers,0.6,newspapers,entertainment_leisure,57
rent,rent,accepted,rent,rent,0.85,,housing,57
mbros premier,convenience_store,accepted_general,convenience_store,convenience_store,0.5,groceries,groceries_household_essentials,57
hendersons,convenience_store,accepted_general,convenience_store,convenience_store,0.4,groceries,groceries_household_essentials,57
kataria market lim,groceries_specialist,accepted_tiebreak,groceries_specialist,groceries,0.6,groceries_specialist,groceries_household_essentials,57
last post,pub_bar,accepted_tiebreak,pub_bar,unclassified_other,0.3,pub_bar,eating_drinking_out,57
c milton stores,convenience_store,accepted_tiebreak,convenience_store,convenience_store,0.5,convenience_store,groceries_household_essentials,57
hollie duff,transfer_p2p,accepted,transfer_p2p,transfer_p2p,0.75,,transfers,57
salad finance,unclassified_other,abstain_residual,bnpl,personal_loan_repayment,0.85,payday_loan,unclassified,57
gloucester services,convenience_store,accepted_tiebreak,convenience_store,convenience_store,0.55,convenience_store,groceries_household_essentials,57
krystal,unclassified_other,abstain_residual,restaurant_cafe,restaurant_cafe,0.4,web_services,unclassified,57
d loveholidays,holiday_package,accepted,holiday_package,holiday_package,0.85,,travel_holidays,57
tesco pfs,fuel,accepted_tiebreak,payment_intermediary,fuel,0.75,fuel,transport_motoring,57
premier meadow head,unclassified_other,abstain_residual,convenience_store,pharmacy,0.4,groceries,unclassified,57
spending this week,transfer_own_account,accepted_tiebreak,transfer_own_account,transfer_own_account,0.5,transfer_own_account,transfers,57
c cuban bar,pub_bar,accepted_tiebreak,pub_bar,pub_bar,0.6,pub_bar,eating_drinking_out,57
global,unclassified_other,abstain_confirmed,payment_intermediary,unclassified_other,0.3,unclassified_other,unclassified,57
shonagh hewson,transfer_p2p,accepted,transfer_p2p,transfer_p2p,0.75,,transfers,57
eglin a & g,transfer_p2p,accepted_tiebreak,transfer_p2p,transfer_own_account,0.5,transfer_p2p,transfers,57
klassic pub company,pub_bar,accepted,pub_bar,pub_bar,0.7,,eating_drinking_out,57
tescophoneins.,insurance_general,accepted_general,insurance_motor,insurance_general,0.75,insurance_other,insurance,57
loyd,unclassified_other,abstain_confirmed,unclassified_other,unclassified_other,0.3,,unclassified,57
tm legal services tmls,debt_collection,accepted_tiebreak,legal_services,debt_collection,0.55,debt_collection,high_cost_distress_credit,57
kk convenience store,convenience_store,accepted,convenience_store,convenience_store,0.85,,groceries_household_essentials,57
ayub traders ltd,unclassified_other,abstain_residual,retail_small_independent,unclassified_other,0.4,convenience_store,unclassified,57
sun on time supermarket,groceries,accepted,groceries,groceries,0.75,,groceries_household_essentials,57
diana matze,transfer_p2p,accepted_tiebreak,transfer_p2p,transfer_p2p,0.6,transfer_p2p,transfers,57
global food and wine,groceries,accepted_general,groceries_specialist,groceries,0.6,convenience_store,groceries_household_essentials,57
quickstop premier,convenience_store,accepted_general,convenience_store,convenience_store,0.5,groceries,groceries_household_essentials,57
j dryden,transfer_p2p,accepted_tiebreak,transfer_p2p,transfer_p2p,0.65,transfer_p2p,transfers,57
s halliday,transfer_p2p,accepted_tiebreak,transfer_p2p,transfer_p2p,0.6,transfer_p2p,transfers,57
port mobility,public_transport_rail_coach,accepted_general,taxi_rideshare,public_transport_rail_coach,0.4,transport_other,transport_motoring,56
white hart,pub_bar,accepted_tiebreak,pub_bar,pub_bar,0.6,pub_bar,eating_drinking_out,56
lets win,unclassified_other,abstain_confirmed,unclassified_other,unclassified_other,0.35,,unclassified,56
bethany,transfer_p2p,accepted_tiebreak,transfer_p2p,transfer_p2p,0.6,transfer_p2p,transfers,56
cd chahils supermarket,groceries,accepted,groceries,groceries,0.8,,groceries_household_essentials,56
kieran heyes,transfer_p2p,accepted_tiebreak,transfer_p2p,transfer_p2p,0.65,transfer_p2p,transfers,56
acorns,unclassified_other,abstain_confirmed,unclassified_other,savings_transfer,0.7,unclassified_other,unclassified,56
pure funeral plan,funeral,accepted,funeral,funeral,0.75,,health_medical,56
omer khan,transfer_p2p,accepted_tiebreak,transfer_p2p,transfer_p2p,0.65,transfer_p2p,transfers,56
racetrac,unclassified_other,abstain_residual,fuel,fuel,0.55,unclassified_card_spend,unclassified,56
charlies bar,pub_bar,accepted,pub_bar,pub_bar,0.75,,eating_drinking_out,56
ticktock loans,payday_loan,accepted_tiebreak,personal_loan_repayment,payday_loan,0.75,payday_loan,high_cost_distress_credit,56
redlionbromsgrove,pub_bar,accepted,pub_bar,pub_bar,0.8,,eating_drinking_out,56
depasify s.l.,unclassified_other,abstain_confirmed,unclassified_other,unclassified_other,0.3,,unclassified,56
charlotte bentley,transfer_p2p,accepted_tiebreak,transfer_p2p,transfer_p2p,0.6,transfer_p2p,transfers,56
nathan morris,transfer_p2p,accepted_tiebreak,transfer_p2p,transfer_p2p,0.6,transfer_p2p,transfers,56
metaplatfor,online_services,accepted_tiebreak,online_services,online_services,0.65,online_services,digital_subscriptions_services,56
bisl geoffrey,insurance_general,accepted,insurance_general,insurance_general,0.7,,insurance,56
j rakem,transfer_p2p,accepted_tiebreak,transfer_p2p,transfer_p2p,0.55,transfer_p2p,transfers,56
djean bennett,transfer_p2p,accepted_tiebreak,transfer_p2p,transfer_p2p,0.6,transfer_p2p,transfers,56
taughmonagh social,private_members_club,human_reviewed,unclassified_other,private_members_club,0.5,pub_bar,entertainment_leisure,56
bodson wine convenience,alcohol_beer_spirits,accepted_general,alcohol_wine,alcohol_beer_spirits,0.65,convenience_store,groceries_household_essentials,56
g lewis,transfer_p2p,accepted_tiebreak,transfer_p2p,transfer_p2p,0.55,transfer_p2p,transfers,56
rbs personal loan,personal_loan_repayment,accepted,personal_loan_repayment,personal_loan_repayment,0.85,,credit_loan_repayments,56
c k offlicense,alcohol_beer_spirits,accepted,alcohol_beer_spirits,alcohol_beer_spirits,0.7,,groceries_household_essentials,56
village news,convenience_store,accepted_tiebreak,convenience_store,convenience_store,0.65,convenience_store,groceries_household_essentials,56
sadie witthames,transfer_p2p,accepted_tiebreak,transfer_p2p,transfer_p2p,0.6,transfer_p2p,transfers,56
t n simms,transfer_p2p,accepted_tiebreak,transfer_p2p,transfer_p2p,0.6,transfer_p2p,transfers,56
miss shannon,transfer_p2p,accepted_tiebreak,transfer_p2p,transfer_p2p,0.6,transfer_p2p,transfers,56
jean mcallister,transfer_p2p,accepted_tiebreak,transfer_p2p,transfer_p2p,0.6,transfer_p2p,transfers,56
mob lynsey milnes lynsey,transfer_p2p,accepted_tiebreak,transfer_p2p,transfer_p2p,0.6,transfer_p2p,transfers,56
7 oaks news and wine store,convenience_store,accepted,convenience_store,convenience_store,0.75,,groceries_household_essentials,56
clickenergyni,energy,accepted,energy,energy,0.85,,utilities_household_bills,56
pocket fm corp,streaming,accepted_tiebreak,streaming,streaming,0.6,streaming,digital_subscriptions_services,56
robbyn kirwan,transfer_p2p,accepted_tiebreak,transfer_p2p,transfer_p2p,0.6,transfer_p2p,transfers,56
petit cafe,restaurant_cafe,accepted,restaurant_cafe,restaurant_cafe,0.8,,eating_drinking_out,56
sip car parks,car_parking,auto_accept,car_parking,car_parking,0.9,,transport_motoring,56
barrow eats,takeaway,accepted_tiebreak,takeaway,takeaway,0.55,takeaway,eating_drinking_out,56
s ali,transfer_p2p,accepted_tiebreak,transfer_p2p,transfer_p2p,0.55,transfer_p2p,transfers,56
cory rawlinson,transfer_p2p,accepted_tiebreak,transfer_p2p,transfer_p2p,0.6,transfer_p2p,transfers,56
marks tey postoffice & st,government_services,accepted_tiebreak,government_services,government_services,0.6,government_services,council_tax_government,56
mr. connor wright,transfer_p2p,accepted_tiebreak,transfer_p2p,transfer_p2p,0.6,transfer_p2p,transfers,56
ley,unclassified_other,abstain_confirmed,unclassified_other,unclassified_other,0.4,,unclassified,56
krzysztof,transfer_p2p,accepted_tiebreak,transfer_p2p,transfer_p2p,0.55,transfer_p2p,transfers,56
todays local,convenience_store,accepted_tiebreak,convenience_store,convenience_store,0.5,convenience_store,groceries_household_essentials,56
rose mini market,convenience_store,accepted,convenience_store,convenience_store,0.8,,groceries_household_essentials,56
kian mctaggart pocket money,transfer_p2p,accepted,transfer_p2p,transfer_p2p,0.7,,transfers,56
tabeo,retail_finance_repayment,human_reviewed,unclassified_other,transfer_p2p,0.4,retail_finance_repayment,credit_loan_repayments,56
merlin,days_out,accepted_tiebreak,entertainment_other,days_out,0.6,days_out,entertainment_leisure,56
south yorkshire future,public_transport_rail_coach,accepted_tiebreak,public_transport_rail_coach,public_transport_rail_coach,0.5,public_transport_rail_coach,transport_motoring,56
and,restaurant_cafe,accepted_general,restaurant_cafe,restaurant_cafe,0.4,pub_bar,eating_drinking_out,56
c.a.r.s. basingstoke,unclassified_other,abstain_confirmed,unclassified_other,unclassified_other,0.3,,unclassified,56
classic credit car,credit_card_repayment,accepted_tiebreak,credit_card_repayment,credit_card_repayment,0.6,credit_card_repayment,credit_loan_repayments,56
bishopmill service statio,fuel,accepted,fuel,fuel,0.75,,transport_motoring,56
roxanne williams,transfer_p2p,accepted,transfer_p2p,transfer_p2p,0.7,,transfers,56
mr k thorneycroft,transfer_p2p,accepted,transfer_p2p,transfer_p2p,0.7,,transfers,56
jack white,transfer_p2p,accepted_tiebreak,transfer_p2p,transfer_p2p,0.65,transfer_p2p,transfers,56
caddy comps ltd,prize_competitions,human_reviewed,retail_other,unclassified_other,0.3,prize_competitions,gambling,56
a dinu,transfer_p2p,accepted_tiebreak,transfer_p2p,transfer_own_account,0.6,transfer_p2p,transfers,56
madeley working,private_members_club,accepted_tiebreak,clothing_mens,private_members_club,0.4,private_members_club,entertainment_leisure,56
david baker,transfer_p2p,accepted_tiebreak,transfer_p2p,transfer_p2p,0.65,transfer_p2p,transfers,56
navid m gggg,transfer_p2p,accepted_tiebreak,transfer_p2p,transfer_p2p,0.5,transfer_p2p,transfers,56
iss facility,cleaning_services,accepted_tiebreak,cleaning_services,business_services,0.5,cleaning_services,home_garden,56
fortune games,gambling_casino,accepted,gambling_casino,gambling_casino,0.7,,gambling,56
topgolf,sports_participation,accepted_tiebreak,sports_participation,days_out,0.6,sports_participation,entertainment_leisure,55
puccino's,restaurant_cafe,accepted,restaurant_cafe,restaurant_cafe,0.7,,eating_drinking_out,55
reeve the baker,restaurant_cafe,accepted_tiebreak,takeaway,restaurant_cafe,0.6,restaurant_cafe,eating_drinking_out,55
c paul,transfer_p2p,accepted_tiebreak,transfer_p2p,transfer_p2p,0.6,transfer_p2p,transfers,55
trustly,payment_intermediary,accepted_tiebreak,payment_intermediary,payment_intermediary,0.55,payment_intermediary,general_retail_marketplaces,55
ride on kiddie rid,days_out,accepted_tiebreak,entertainment_other,days_out,0.55,days_out,entertainment_leisure,55
c premier,unclassified_other,abstain_residual,convenience_store,unclassified_other,0.3,groceries,unclassified,55
skill on,gambling_casino,accepted,gambling_casino,gambling_casino,0.85,,gambling,55
collette sharpe pi,transfer_p2p,accepted_tiebreak,transfer_p2p,transfer_p2p,0.6,transfer_p2p,transfers,55
daniel poole,transfer_p2p,accepted,transfer_p2p,transfer_p2p,0.7,,transfers,55
chloe shaw,transfer_p2p,accepted,transfer_p2p,transfer_p2p,0.7,,transfers,55
ambrosewilson,unclassified_other,abstain_residual,clothing_general,clothing_womens,0.7,catalogue_retail,unclassified,55
home bargins,discount_store,accepted,discount_store,discount_store,0.85,,groceries_household_essentials,55
jbm music,music_other,accepted_tiebreak,music_other,music_other,0.5,music_other,entertainment_leisure,55
three cd,mobile_phone_contract,accepted_tiebreak,transfer_p2p,mobile_phone_contract,0.65,mobile_phone_contract,utilities_household_bills,55
mrs s,transfer_p2p,accepted_tiebreak,transfer_p2p,transfer_p2p,0.55,transfer_p2p,transfers,55
lukas starling,cleaning_services,accepted_tiebreak,cleaning_services,cleaning_services,0.6,cleaning_services,home_garden,55
mrs j,transfer_p2p,accepted_tiebreak,transfer_p2p,transfer_p2p,0.55,transfer_p2p,transfers,55
montrose,convenience_store,accepted_tiebreak,convenience_store,convenience_store,0.55,convenience_store,groceries_household_essentials,55
castleman d & m,transfer_p2p,accepted_tiebreak,transfer_p2p,transfer_p2p,0.6,transfer_p2p,transfers,55
cder group limited.,unclassified_other,abstain_confirmed,unclassified_other,unclassified_other,0.3,,unclassified,55
c co op group food,groceries,accepted,groceries,groceries,0.75,,groceries_household_essentials,55
dvla-m,road_tax,accepted,road_tax,road_tax,0.8,,transport_motoring,55
singleton,transfer_p2p,accepted_tiebreak,transfer_p2p,transfer_p2p,0.55,transfer_p2p,transfers,55
expressvpn,web_services,accepted,web_services,web_services,0.85,,digital_subscriptions_services,55
maps convenience stores,convenience_store,accepted,convenience_store,convenience_store,0.75,,groceries_household_essentials,55
mason lewis,unclassified_other,abstain_residual,department_store,unclassified_other,0.4,transfer_p2p,unclassified,55
doubletree,accommodation,auto_accept,accommodation,accommodation,0.9,,travel_holidays,55
jordan food and wine,groceries,accepted_general,groceries_specialist,groceries,0.6,convenience_store,groceries_household_essentials,55
leisurematicltd,entertainment_other,accepted_tiebreak,entertainment_other,gaming_online,0.4,entertainment_other,entertainment_leisure,55
c contactless.travelheanor,public_transport_rail_coach,accepted_tiebreak,public_transport_rail_coach,unclassified_other,0.3,public_transport_rail_coach,transport_motoring,55
c ricot,transfer_p2p,accepted_tiebreak,transfer_p2p,transfer_p2p,0.6,transfer_p2p,transfers,55
vision cls,optician,human_reviewed,loan_repayment_dd,personal_loan_repayment,0.5,unclassified_recurring,health_medical,55
u nazir,transfer_p2p,accepted_tiebreak,transfer_p2p,transfer_p2p,0.65,transfer_p2p,transfers,55
d carter,transfer_p2p,accepted_tiebreak,transfer_p2p,transfer_p2p,0.65,transfer_p2p,transfers,55
jason smith shop,transfer_p2p,accepted_tiebreak,transfer_p2p,transfer_p2p,0.55,transfer_p2p,transfers,55
dvla-a,road_tax,accepted,road_tax,road_tax,0.85,,transport_motoring,55
google youtube member,streaming,accepted,streaming,streaming,0.85,,digital_subscriptions_services,55
vendease ltd,groceries,accepted_general,convenience_store,groceries,0.4,confectionary,groceries_household_essentials,55
progress play ltd,gambling_casino,accepted,gambling_casino,gambling_casino,0.7,,gambling,55
truffles bakery,restaurant_cafe,accepted,restaurant_cafe,restaurant_cafe,0.7,,eating_drinking_out,55
boozeplus,alcohol_beer_spirits,accepted,alcohol_beer_spirits,alcohol_beer_spirits,0.75,,groceries_household_essentials,55
faye brown,transfer_p2p,accepted_tiebreak,transfer_p2p,transfer_p2p,0.65,transfer_p2p,transfers,55
moy park ballymena,unclassified_other,abstain_confirmed,unclassified_other,unclassified_other,0.35,,unclassified,55
aysha edwards,transfer_p2p,accepted_tiebreak,transfer_p2p,transfer_p2p,0.65,transfer_p2p,transfers,55
cpm,unclassified_other,abstain_residual,convenience_store,convenience_store,0.5,unclassified_card_spend,unclassified,55
kirsty roberts,transfer_p2p,accepted_tiebreak,transfer_p2p,transfer_p2p,0.65,transfer_p2p,transfers,55
1global,unclassified_other,abstain_residual,money_transfer_service,unclassified_other,0.3,mobile_phone_contract,unclassified,55
rocket stores,convenience_store,accepted_tiebreak,retail_other,convenience_store,0.4,convenience_store,groceries_household_essentials,55
l casey,transfer_p2p,accepted_tiebreak,transfer_p2p,transfer_p2p,0.6,transfer_p2p,transfers,55
national westminster bank,cash_withdrawal,accepted,cash_withdrawal,cash_withdrawal,0.7,,cash,55
holly,transfer_p2p,accepted_tiebreak,transfer_p2p,transfer_p2p,0.55,transfer_p2p,transfers,55
mecca,gambling_bingo,auto_accept,gambling_bingo,gambling_bingo,0.9,,gambling,55
shayan ali,transfer_p2p,accepted_tiebreak,transfer_p2p,transfer_p2p,0.6,transfer_p2p,transfers,55
mb cars,fuel,accepted_general,carwash,fuel,0.4,taxi_rideshare,transport_motoring,55
mulberry,unclassified_other,context_dependent,unclassified_other,gambling_casino,0.55,unclassified_card_spend,unclassified,55
gareth j surridge,transfer_p2p,accepted_tiebreak,transfer_p2p,transfer_p2p,0.6,transfer_p2p,transfers,55
electric coffe,restaurant_cafe,accepted_tiebreak,restaurant_cafe,restaurant_cafe,0.6,restaurant_cafe,eating_drinking_out,55
chike okafor,transfer_p2p,accepted_tiebreak,transfer_p2p,transfer_p2p,0.65,transfer_p2p,transfers,55
sabahi jamali,transfer_p2p,accepted_tiebreak,transfer_p2p,transfer_p2p,0.65,transfer_p2p,transfers,55
amy billings & tony,transfer_p2p,accepted_tiebreak,transfer_p2p,transfer_p2p,0.6,transfer_p2p,transfers,55
alleatapp,unclassified_other,abstain_confirmed,unclassified_other,unclassified_other,0.3,,unclassified,54
premier forres store,convenience_store,accepted_general,convenience_store,convenience_store,0.55,groceries,groceries_household_essentials,54
aj premier convenience,convenience_store,accepted,convenience_store,convenience_store,0.7,,groceries_household_essentials,54
nat saxby,transfer_p2p,accepted_tiebreak,transfer_p2p,transfer_p2p,0.55,transfer_p2p,transfers,54
teb coffeelim,restaurant_cafe,accepted,restaurant_cafe,restaurant_cafe,0.75,,eating_drinking_out,54
mob dean scott food,unclassified_other,abstain_residual,groceries,groceries,0.5,transfer_p2p,unclassified,54
adegunle and sons main,unclassified_other,abstain_residual,restaurant_cafe,restaurant_cafe,0.45,transfer_p2p,unclassified,54
martin lapunik,transfer_p2p,accepted,transfer_p2p,transfer_p2p,0.7,,transfers,54
shakira seaman,transfer_p2p,accepted,transfer_p2p,transfer_p2p,0.7,,transfers,54
joseph bartleton & lily,transfer_p2p,accepted,transfer_p2p,transfer_p2p,0.7,,transfers,54
scottis,unclassified_other,abstain_residual,retail_small_independent,unclassified_other,0.4,government_services,unclassified,54
candy shisha ltd,eating_out_other,accepted_tiebreak,eating_out_other,pub_bar,0.4,eating_out_other,eating_drinking_out,54
acorn insurance & fina,insurance_motor,accepted_tiebreak,insurance_general,insurance_motor,0.6,insurance_motor,insurance,54
my community,credit_union_repayment,human_reviewed,financial_institution_unspecified,transfer_bank_unspecified,0.4,credit_union_repayment,credit_loan_repayments,54
pic re sains pet,insurance_pet,accepted_tiebreak,pet_supplies,insurance_pet,0.6,insurance_pet,pets,54
whatnot penrose dock,marketplace_general,accepted_tiebreak,unclassified_other,marketplace_general,0.5,marketplace_general,general_retail_marketplaces,54
mob m daniels t and f steel,unclassified_other,abstain_confirmed,business_services,unclassified_other,0.4,unclassified_other,unclassified,54
counter solutions holding,unclassified_other,abstain_confirmed,unclassified_other,unclassified_other,0.35,,unclassified,54
stagecoach bus ticket,public_transport_rail_coach,auto_accept,public_transport_rail_coach,public_transport_rail_coach,0.95,,transport_motoring,54
grace steeley,transfer_p2p,accepted_tiebreak,transfer_p2p,transfer_p2p,0.65,transfer_p2p,transfers,54
mr bradley,transfer_p2p,accepted_tiebreak,transfer_p2p,transfer_p2p,0.6,transfer_p2p,transfers,54
the online casino,gambling_casino,auto_accept,gambling_casino,gambling_casino,0.9,,gambling,54
mr george j senior,transfer_p2p,accepted_tiebreak,transfer_p2p,transfer_p2p,0.6,transfer_p2p,transfers,54
best of the,unclassified_other,abstain_confirmed,unclassified_other,unclassified_other,0.3,,unclassified,54
bwlegal,debt_collection,accepted_tiebreak,legal_services,debt_collection,0.85,debt_collection,high_cost_distress_credit,54
swindon bus company,public_transport_rail_coach,auto_accept,public_transport_rail_coach,public_transport_rail_coach,0.92,,transport_motoring,54
lyreco uk limited,office_supplies,accepted,office_supplies,office_supplies,0.85,,business_self_employment,54
miss j l jones,transfer_p2p,accepted_tiebreak,transfer_p2p,transfer_p2p,0.6,transfer_p2p,transfers,54
bally casino uk,gambling_casino,auto_accept,gambling_casino,gambling_casino,0.93,,gambling,54
alipay uk,payment_intermediary,accepted_tiebreak,payment_intermediary,transfer_p2p,0.4,payment_intermediary,general_retail_marketplaces,54
cd mayfair news,convenience_store,accepted,convenience_store,convenience_store,0.75,,groceries_household_essentials,54
dvla-s,road_tax,auto_accept,road_tax,road_tax,0.9,,transport_motoring,54
cienna,transfer_p2p,accepted_tiebreak,transfer_p2p,transfer_p2p,0.5,transfer_p2p,transfers,54
pn pnll,unclassified_other,abstain_confirmed,unclassified_other,unclassified_other,0.4,,unclassified,54
tilly stevenson,transfer_p2p,accepted_tiebreak,transfer_p2p,transfer_p2p,0.6,transfer_p2p,transfers,54
laura hall,unclassified_other,abstain_residual,driving_tuition,driving_tuition,0.55,transfer_p2p,unclassified,54
wayne neely,transfer_p2p,accepted_tiebreak,transfer_p2p,transfer_p2p,0.6,transfer_p2p,transfers,54
speedline,transport_other,accepted_tiebreak,public_transport_rail_coach,transport_other,0.4,transport_other,transport_motoring,54
dorringtons,restaurant_cafe,accepted_tiebreak,restaurant_cafe,restaurant_cafe,0.55,restaurant_cafe,eating_drinking_out,54
s kabogoza,transfer_p2p,accepted_tiebreak,transfer_p2p,transfer_p2p,0.45,transfer_p2p,transfers,54
spar wells,groceries,accepted,groceries,groceries,0.85,,groceries_household_essentials,54
maryam me,transfer_p2p,accepted_tiebreak,transfer_p2p,transfer_p2p,0.5,transfer_p2p,transfers,54
home of the set,unclassified_other,abstain_residual,home_accessories,unclassified_other,0.35,unclassified_card_spend,unclassified,54
station news,convenience_store,accepted,convenience_store,convenience_store,0.75,,groceries_household_essentials,54
way 2 save,savings_transfer,accepted,savings_transfer,savings_transfer,0.75,,savings_investments,54
danielle,transfer_p2p,accepted,transfer_p2p,transfer_p2p,0.75,,transfers,54
first ddr,loan_repayment_dd,accepted_tiebreak,retail_finance_repayment,loan_repayment_dd,0.6,loan_repayment_dd,credit_loan_repayments,54
moneyboat.c o,payday_loan,accepted_tiebreak,personal_loan_repayment,payday_loan,0.85,payday_loan,high_cost_distress_credit,54
thriftys,discount_store,accepted,discount_store,discount_store,0.7,,groceries_household_essentials,54
tommy,unclassified_other,abstain_residual,clothing_general,transfer_p2p,0.5,unclassified_other,unclassified,54
joanne lindley,transfer_p2p,accepted,transfer_p2p,transfer_p2p,0.75,,transfers,54
mrs d r allchin,transfer_p2p,accepted,transfer_p2p,transfer_p2p,0.7,,transfers,54
c sobiya superstores,groceries,accepted_tiebreak,groceries_specialist,groceries,0.75,groceries,groceries_household_essentials,54
charcoal grill,takeaway,accepted_tiebreak,restaurant_cafe,takeaway,0.6,takeaway,eating_drinking_out,54
redwood convenience,convenience_store,accepted,convenience_store,convenience_store,0.85,,groceries_household_essentials,54
morning news,convenience_store,accepted_tiebreak,unclassified_other,convenience_store,0.5,convenience_store,groceries_household_essentials,54
mulberrys stores,unclassified_other,abstain_residual,unclassified_other,retail_other,0.4,convenience_store,unclassified,54
sri lankan mus,unclassified_other,abstain_confirmed,unclassified_other,restaurant_cafe,0.4,unclassified_other,unclassified,54
jolly sailor,pub_bar,accepted,pub_bar,pub_bar,0.75,,eating_drinking_out,54
n a whalley i love you,transfer_p2p,accepted,transfer_p2p,transfer_p2p,0.7,,transfers,54
p perrins,unclassified_other,abstain_residual,transfer_p2p,insurance_general,0.55,unclassified_other,unclassified,54
sandybank garage,vehicle_maintenance,accepted_general,vehicle_servicing,vehicle_maintenance,0.5,fuel,transport_motoring,54
dewan mehedi,transfer_p2p,accepted,transfer_p2p,transfer_p2p,0.75,,transfers,54
casi,gambling_casino,accepted,gambling_casino,gambling_casino,0.85,,gambling,54
shawrma house,takeaway,accepted,takeaway,takeaway,0.75,,eating_drinking_out,54
vdp-just ea,takeaway,accepted,takeaway,takeaway,0.85,,eating_drinking_out,54
close carole,insurance_motor,accepted,insurance_motor,insurance_motor,0.85,,insurance,54
bisley,transfer_p2p,accepted_tiebreak,transfer_p2p,transfer_p2p,0.6,transfer_p2p,transfers,54
g r finance ltd,personal_loan_repayment,accepted,personal_loan_repayment,personal_loan_repayment,0.8,,credit_loan_repayments,54
chicken world,takeaway,accepted,takeaway,takeaway,0.8,,eating_drinking_out,54
southampton city counc,council_tax,accepted_general,council_tax,council_tax,0.6,government_services,council_tax_government,53
ionos cloud ltd,web_services,accepted,web_services,web_services,0.85,,digital_subscriptions_services,53
at&t prepaid,mobile_phone_contract,accepted_tiebreak,mobile_phone_contract,mobile_phone_contract,0.6,mobile_phone_contract,utilities_household_bills,53
kerry,transfer_p2p,accepted,transfer_p2p,transfer_p2p,0.75,,transfers,53
jamdoughnut jamd,takeaway,accepted_tiebreak,takeaway,restaurant_cafe,0.5,takeaway,eating_drinking_out,53
ensign bus company,public_transport_rail_coach,auto_accept,public_transport_rail_coach,public_transport_rail_coach,0.9,,transport_motoring,53
spar wy,groceries,accepted,groceries,groceries,0.85,,groceries_household_essentials,53
clapper media group,streaming,accepted_general,streaming,streaming,0.55,online_services,digital_subscriptions_services,53
kieran james playstation,transfer_p2p,accepted_tiebreak,gaming_console_pc,transfer_p2p,0.6,transfer_p2p,transfers,53
kingsbury food & w,groceries,accepted,groceries,groceries,0.7,,groceries_household_essentials,53
linvet,veterinary,auto_accept,veterinary,veterinary,0.9,,pets,53
motor fuel limited,fuel,accepted,fuel,fuel,0.85,,transport_motoring,53
cricketers,pub_bar,accepted_tiebreak,pub_bar,pub_bar,0.6,pub_bar,eating_drinking_out,53
ding,mobile_phone_contract,accepted_tiebreak,mobile_phone_contract,mobile_phone_contract,0.6,mobile_phone_contract,utilities_household_bills,53
constantin ol,transfer_p2p,accepted,transfer_p2p,transfer_p2p,0.7,,transfers,53
wellington,unclassified_other,abstain_confirmed,convenience_store,unclassified_other,0.3,unclassified_other,unclassified,53
chris ford & anna,transfer_p2p,accepted,transfer_p2p,transfer_p2p,0.75,,transfers,53
premier store townhill,convenience_store,accepted,convenience_store,convenience_store,0.85,,groceries_household_essentials,53
cd the store,convenience_store,accepted,convenience_store,convenience_store,0.7,,groceries_household_essentials,53
top square convenience,convenience_store,accepted,convenience_store,convenience_store,0.85,,groceries_household_essentials,53
london stansted airport parking,airport_parking,auto_accept,airport_parking,airport_parking,0.9,,travel_holidays,53
jodie,transfer_p2p,accepted,transfer_p2p,transfer_p2p,0.7,,transfers,53
hair me,beauty_treatment,accepted,beauty_treatment,beauty_treatment,0.8,,clothing_personal_care,53
theperkcompanyltd,unclassified_other,abstain_residual,confectionary,convenience_store,0.5,restaurant_cafe,unclassified,53
julie clinton,transfer_p2p,accepted,transfer_p2p,transfer_p2p,0.75,,transfers,53
derby fresh foods,groceries_specialist,accepted_tiebreak,groceries_specialist,groceries,0.75,groceries_specialist,groceries_household_essentials,53
double bubble,unclassified_other,abstain_confirmed,unclassified_other,unclassified_other,0.3,,unclassified,53
ms deborah rankin dad,transfer_p2p,accepted,transfer_p2p,transfer_p2p,0.8,,transfers,53
sophie blundred,transfer_p2p,accepted,transfer_p2p,transfer_p2p,0.75,,transfers,53
psk management ltd,unclassified_other,abstain_confirmed,unclassified_other,convenience_store,0.4,unclassified_other,unclassified,53
c brass,transfer_p2p,accepted_tiebreak,transfer_p2p,transfer_p2p,0.6,transfer_p2p,transfers,53
kashing,payment_intermediary,human_reviewed,gaming_online,gambling_unspecified,0.55,payment_intermediary,general_retail_marketplaces,53
smiggle,stationery,accepted_tiebreak,stationery,retail_other,0.6,stationery,general_retail_marketplaces,53
merdi,unclassified_other,abstain_confirmed,unclassified_other,transfer_international,0.4,unclassified_other,unclassified,53
stuart calvert,transfer_p2p,accepted_tiebreak,transfer_p2p,transfer_p2p,0.6,transfer_p2p,transfers,53
transport for greater manchester,public_transport_rail_coach,auto_accept,public_transport_rail_coach,public_transport_rail_coach,0.92,,transport_motoring,53
clr,unclassified_other,abstain_residual,gym_fitness,unclassified_other,0.4,unclassified_card_spend,unclassified,53
the insurance emporium,insurance_general,accepted,insurance_general,insurance_general,0.8,,insurance,53
sum money,unclassified_other,abstain_residual,transfer_mobile_app,transfer_p2p,0.5,unclassified_transfer,unclassified,53
thomas johnstone,transfer_p2p,accepted_tiebreak,transfer_p2p,transfer_p2p,0.6,transfer_p2p,transfers,53
stephen j tregaski,transfer_p2p,accepted_tiebreak,transfer_p2p,transfer_p2p,0.6,transfer_p2p,transfers,53
helen mackie,transfer_p2p,accepted_tiebreak,transfer_p2p,transfer_p2p,0.6,transfer_p2p,transfers,53
r ingham-keebles my love,transfer_p2p,accepted,transfer_p2p,transfer_p2p,0.7,,transfers,53
cricut,arts_crafts,accepted,arts_crafts,arts_crafts,0.75,,entertainment_leisure,53
kyra,transfer_p2p,accepted,transfer_p2p,transfer_p2p,0.7,,transfers,53
terri simpson,transfer_p2p,accepted_tiebreak,transfer_p2p,transfer_p2p,0.6,transfer_p2p,transfers,53
carney alexander,transfer_p2p,accepted_tiebreak,transfer_p2p,transfer_p2p,0.6,transfer_p2p,transfers,53
harini superstore,convenience_store,accepted,convenience_store,convenience_store,0.75,,groceries_household_essentials,53
bip,credit_card_repayment,human_reviewed,personal_loan_repayment,personal_loan_repayment,0.55,unclassified_other,credit_loan_repayments,53
network rail,salary,accepted_tiebreak,salary,salary,0.55,salary,income_employment,53
k a grocery,groceries,accepted,groceries,groceries,0.7,,groceries_household_essentials,53
c the hunloke,pub_bar,accepted,pub_bar,pub_bar,0.7,,eating_drinking_out,53
a sisson,transfer_p2p,accepted_tiebreak,transfer_p2p,transfer_p2p,0.55,transfer_p2p,transfers,53
e kitsull,transfer_p2p,accepted_tiebreak,transfer_p2p,transfer_p2p,0.55,transfer_p2p,transfers,53
mrs m hall food,unclassified_other,abstain_residual,takeaway,unclassified_other,0.3,transfer_p2p,unclassified,53
regent sports bar,pub_bar,accepted,pub_bar,pub_bar,0.75,,eating_drinking_out,53
euro mini market,convenience_store,accepted,convenience_store,convenience_store,0.8,,groceries_household_essentials,53
drumbottie stores,convenience_store,accepted_tiebreak,retail_small_independent,convenience_store,0.5,convenience_store,groceries_household_essentials,53
salka bani,unclassified_other,abstain_residual,groceries_specialist,unclassified_other,0.3,transfer_p2p,unclassified,53
woodham filling statio,fuel,accepted,fuel,fuel,0.85,,transport_motoring,53
jd sports plc,sportswear,auto_accept,sportswear,sportswear,0.9,,clothing_personal_care,53
co op membership,memberships,accepted,memberships,memberships,0.75,,entertainment_leisure,53
escex,unclassified_other,abstain_confirmed,unclassified_other,investment_general,0.4,unclassified_other,unclassified,53
acc-n,transfer_own_account,accepted_tiebreak,transfer_p2p,transfer_own_account,0.4,transfer_own_account,transfers,53
norman strain,transfer_p2p,accepted_tiebreak,transfer_p2p,transfer_p2p,0.6,transfer_p2p,transfers,53
stirling jlin,transfer_p2p,accepted_tiebreak,transfer_p2p,transfer_p2p,0.6,transfer_p2p,transfers,53
snap fitness,gym_fitness,auto_accept,gym_fitness,gym_fitness,0.95,,health_medical,52
perfect chicken,takeaway,accepted,takeaway,takeaway,0.75,,eating_drinking_out,52
the black horse,pub_bar,accepted,pub_bar,pub_bar,0.7,,eating_drinking_out,52
baynes family bakers cd,groceries_specialist,accepted_tiebreak,groceries_specialist,groceries_specialist,0.6,groceries_specialist,groceries_household_essentials,52
chargepoint,fuel,accepted_tiebreak,fuel,transport_other,0.55,fuel,transport_motoring,52
b larcombe,transfer_p2p,accepted_tiebreak,transfer_p2p,transfer_p2p,0.6,transfer_p2p,transfers,52
github,web_services,accepted,web_services,web_services,0.85,,digital_subscriptions_services,52
bullsmoor express,unclassified_other,abstain_residual,public_transport_rail_coach,fuel,0.6,convenience_store,unclassified,52
a and s newsagent,convenience_store,accepted,convenience_store,convenience_store,0.75,,groceries_household_essentials,52
google one on,web_services,accepted_tiebreak,software,web_services,0.7,web_services,digital_subscriptions_services,52
retail,unclassified_other,abstain_residual,unclassified_card_spend,unclassified_card_spend,0.5,retail_other,unclassified,52
cd maid of the mill,pub_bar,accepted_tiebreak,pub_bar,restaurant_cafe,0.55,pub_bar,eating_drinking_out,52
sagar,transfer_p2p,accepted,transfer_p2p,transfer_p2p,0.75,,transfers,52
brett corke,transfer_p2p,accepted,transfer_p2p,transfer_p2p,0.75,,transfers,52
a caseiro olival,transfer_p2p,accepted_tiebreak,transfer_p2p,transfer_p2p,0.6,transfer_p2p,transfers,52
scott gerrard & si,transfer_p2p,accepted,transfer_p2p,transfer_p2p,0.75,,transfers,52
george hotel,pub_bar,human_reviewed,accommodation,accommodation,0.5,pub_bar,eating_drinking_out,52
anna smiglarska,transfer_p2p,accepted,transfer_p2p,transfer_p2p,0.75,,transfers,52
cd brom,unclassified_card_spend,accepted_tiebreak,unclassified_other,unclassified_card_spend,0.4,unclassified_card_spend,unclassified,52
gocars,taxi_rideshare,accepted,taxi_rideshare,taxi_rideshare,0.7,,transport_motoring,52
c restaurant associates,restaurant_cafe,accepted_general,restaurant_cafe,restaurant_cafe,0.6,catering,eating_drinking_out,52
hayden bucknell dont ask again,transfer_p2p,accepted,transfer_p2p,transfer_p2p,0.75,,transfers,52
athroai nexastream,unclassified_other,abstain_confirmed,unclassified_other,unclassified_other,0.4,,unclassified,52
miss s j wright mr amar,transfer_p2p,accepted,transfer_p2p,transfer_p2p,0.75,,transfers,52
a trinder,transfer_p2p,accepted,transfer_p2p,transfer_p2p,0.7,,transfers,52
oxford hotel,pub_bar,human_reviewed,accommodation,accommodation,0.5,pub_bar,eating_drinking_out,52
xl stop & shop,convenience_store,accepted_tiebreak,convenience_store,convenience_store,0.6,convenience_store,groceries_household_essentials,52
the coach house,pub_bar,accepted_tiebreak,pub_bar,restaurant_cafe,0.55,pub_bar,eating_drinking_out,52
wh smith stansted,unclassified_other,abstain_residual,books,books,0.6,airport_spend,unclassified,52
wh smith qe hospital birm,books,accepted_tiebreak,books,books,0.55,books,entertainment_leisure,52
lincolnshire co-operative,groceries,accepted,groceries,groceries,0.85,,groceries_household_essentials,52
train pal,public_transport_rail_coach,accepted_tiebreak,unclassified_other,public_transport_rail_coach,0.75,public_transport_rail_coach,transport_motoring,52
s chilcott,unclassified_other,abstain_residual,gambling_unspecified,gambling_unspecified,0.55,transfer_p2p,unclassified,52
liquidculture,unclassified_other,abstain_confirmed,unclassified_other,unclassified_other,0.3,,unclassified,52
jivita ayurveda,health_other,accepted_tiebreak,health_other,health_beauty_general,0.4,health_other,health_medical,52
miss jessica bull,transfer_p2p,accepted_tiebreak,transfer_p2p,transfer_p2p,0.6,transfer_p2p,transfers,52
falkinghamandtaylor,beauty_treatment,accepted_tiebreak,beauty_treatment,beauty_treatment,0.45,beauty_treatment,clothing_personal_care,52
laura urquhart,transfer_p2p,accepted_tiebreak,transfer_p2p,transfer_p2p,0.65,transfer_p2p,transfers,52
your refreshments ltd,unclassified_other,abstain_residual,convenience_store,retail_small_independent,0.3,confectionary,unclassified,52
icelandfood,groceries,accepted,groceries,groceries,0.8,,groceries_household_essentials,52
lycamobile london,mobile_phone_contract,accepted,mobile_phone_contract,mobile_phone_contract,0.75,,utilities_household_bills,52
kofcomps,restaurant_cafe,accepted_tiebreak,restaurant_cafe,restaurant_cafe,0.4,restaurant_cafe,eating_drinking_out,52
aleesha,transfer_p2p,accepted_tiebreak,transfer_p2p,transfer_p2p,0.65,transfer_p2p,transfers,52
i girgova,transfer_p2p,accepted_tiebreak,transfer_p2p,transfer_p2p,0.5,transfer_p2p,transfers,52
g g,transfer_p2p,human_reviewed,transfer_p2p,credit_card_repayment,0.5,unclassified_other,transfers,52
the graham arms,pub_bar,accepted,pub_bar,pub_bar,0.8,,eating_drinking_out,52
wembley park express,convenience_store,accepted_tiebreak,convenience_store,public_transport_rail_coach,0.5,convenience_store,groceries_household_essentials,52
blue light card,memberships,accepted,memberships,memberships,0.7,,entertainment_leisure,52
birmingham,unclassified_other,abstain_confirmed,unclassified_other,unclassified_other,0.3,,unclassified,52
cd best supermarket,groceries,accepted,groceries,groceries,0.75,,groceries_household_essentials,52
billy pocket money,transfer_p2p,accepted,transfer_p2p,transfer_p2p,0.7,,transfers,52
carolann curran,transfer_p2p,accepted_tiebreak,transfer_p2p,transfer_p2p,0.55,transfer_p2p,transfers,52
buyfoods,groceries,accepted_tiebreak,groceries,groceries,0.65,groceries,groceries_household_essentials,52
cd gist thatcham,unclassified_other,abstain_confirmed,unclassified_other,unclassified_other,0.3,,unclassified,52
marcus,unclassified_other,context_dependent,loan_repayment_manual,personal_loan_repayment,0.55,transfer_p2p,unclassified,52
bargain beers,alcohol_beer_spirits,accepted,alcohol_beer_spirits,alcohol_beer_spirits,0.85,,groceries_household_essentials,52
premier vet allian,veterinary,auto_accept,veterinary,veterinary,0.9,,pets,52
my meals online,takeaway,accepted,takeaway,takeaway,0.75,,eating_drinking_out,52
dott,transport_other,accepted_tiebreak,taxi_rideshare,transport_other,0.7,transport_other,transport_motoring,52
miss jodie bulmer bills,transfer_p2p,accepted_tiebreak,transfer_p2p,transfer_p2p,0.65,transfer_p2p,transfers,52
kayleigh,transfer_p2p,accepted,transfer_p2p,transfer_p2p,0.8,,transfers,52
mr blue,retail_small_independent,accepted_tiebreak,transfer_p2p,retail_small_independent,0.4,retail_small_independent,general_retail_marketplaces,52
a mundie,transfer_p2p,accepted,transfer_p2p,transfer_p2p,0.7,,transfers,52
adanta babatunji,transfer_p2p,accepted,transfer_p2p,transfer_p2p,0.8,,transfers,52
miss sophie m phillips,transfer_p2p,accepted,transfer_p2p,transfer_p2p,0.75,,transfers,52
drink buster uk,groceries_specialist,accepted_general,alcohol_beer_spirits,groceries_specialist,0.4,convenience_store,groceries_household_essentials,52
taylor,transfer_p2p,accepted_tiebreak,transfer_p2p,transfer_p2p,0.6,transfer_p2p,transfers,51
devon cliffs,unclassified_other,abstain_residual,unclassified_other,groceries,0.45,holiday_uk,unclassified,51
boots opticians,optician,auto_accept,optician,optician,0.97,,health_medical,51
nayax vending,unclassified_other,abstain_residual,convenience_store,retail_other,0.55,confectionary,unclassified,51
black sheep co,retail_small_independent,accepted_tiebreak,retail_small_independent,retail_small_independent,0.4,retail_small_independent,general_retail_marketplaces,51
hyper marche,groceries,accepted,groceries,groceries,0.75,,groceries_household_essentials,51
capel hill stores,convenience_store,accepted,convenience_store,convenience_store,0.8,,groceries_household_essentials,51
buckley expres,convenience_store,accepted_tiebreak,unclassified_other,convenience_store,0.55,convenience_store,groceries_household_essentials,51
the townley hotel,pub_bar,accepted_tiebreak,accommodation,pub_bar,0.45,pub_bar,eating_drinking_out,51
stevie pounder,transfer_p2p,accepted,transfer_p2p,transfer_p2p,0.7,,transfers,51
raymond ingham,transfer_p2p,accepted_tiebreak,transfer_p2p,transfer_p2p,0.65,transfer_p2p,transfers,51
benjamen stein,transfer_p2p,accepted,transfer_p2p,transfer_p2p,0.7,,transfers,51
mitsov vl,transfer_p2p,accepted,transfer_p2p,transfer_p2p,0.7,,transfers,51
yangtze,restaurant_cafe,accepted,restaurant_cafe,restaurant_cafe,0.7,,eating_drinking_out,51
sainsbury s mkts,groceries,auto_accept,groceries,groceries,0.95,,groceries_household_essentials,51
currys online,computing_devices,auto_accept,computing_devices,computing_devices,0.9,,general_retail_marketplaces,51
spar aberavon,groceries,auto_accept,groceries,groceries,0.9,,groceries_household_essentials,51
kings head,pub_bar,accepted,pub_bar,pub_bar,0.75,,eating_drinking_out,51
millie,transfer_p2p,accepted_tiebreak,transfer_p2p,transfer_p2p,0.6,transfer_p2p,transfers,51
miss jessica,transfer_p2p,accepted_tiebreak,transfer_p2p,transfer_p2p,0.65,transfer_p2p,transfers,51
j mohammed,transfer_p2p,accepted_tiebreak,transfer_p2p,transfer_p2p,0.65,transfer_p2p,transfers,51
a tanor asuamah,transfer_p2p,accepted_tiebreak,transfer_p2p,transfer_p2p,0.65,transfer_p2p,transfers,51
c moores,transfer_p2p,accepted_tiebreak,transfer_p2p,transfer_p2p,0.6,transfer_p2p,transfers,51
dunkin',takeaway,accepted,takeaway,takeaway,0.7,,eating_drinking_out,51
dvla-sa,road_tax,auto_accept,road_tax,road_tax,0.9,,transport_motoring,51
best kebab,takeaway,accepted,takeaway,takeaway,0.85,,eating_drinking_out,51
d matthews,transfer_p2p,accepted_tiebreak,transfer_p2p,transfer_p2p,0.6,transfer_p2p,transfers,51
lyndon east,unclassified_other,abstain_confirmed,unclassified_other,transfer_p2p,0.5,unclassified_other,unclassified,51
kitts green convenience,convenience_store,accepted,convenience_store,convenience_store,0.85,,groceries_household_essentials,51
todays,unclassified_other,abstain_confirmed,unclassified_other,unclassified_other,0.3,,unclassified,51
m e brooker,transfer_p2p,accepted_tiebreak,transfer_p2p,transfer_p2p,0.6,transfer_p2p,transfers,51
tjmorrisltd,unclassified_other,abstain_residual,retail_other,groceries,0.55,discount_store,unclassified,51
jordan frederick,transfer_p2p,accepted_tiebreak,transfer_p2p,transfer_p2p,0.65,transfer_p2p,transfers,51
eaton jn,transfer_p2p,accepted_tiebreak,transfer_p2p,transfer_p2p,0.65,transfer_p2p,transfers,51
kimberley duggan,transfer_p2p,accepted,transfer_p2p,transfer_p2p,0.7,,transfers,51
kyle's,transfer_own_account,accepted_tiebreak,transfer_p2p,transfer_own_account,0.6,transfer_own_account,transfers,51
steven coombes,transfer_p2p,accepted_tiebreak,transfer_p2p,transfer_p2p,0.65,transfer_p2p,transfers,51
nth degree caterin,catering,accepted_tiebreak,unclassified_other,catering,0.6,catering,eating_drinking_out,51
finlay moore,transfer_p2p,accepted_tiebreak,transfer_p2p,transfer_p2p,0.6,transfer_p2p,transfers,51
tops pizza,takeaway,accepted,takeaway,takeaway,0.85,,eating_drinking_out,51
rusharn jamal hosea oghenekaro,transfer_p2p,accepted_tiebreak,transfer_p2p,transfer_p2p,0.65,transfer_p2p,transfers,51
hilton hotels & resorts,accommodation,auto_accept,accommodation,accommodation,0.9,,travel_holidays,51
kelly stewart,transfer_p2p,accepted_tiebreak,transfer_p2p,transfer_p2p,0.6,transfer_p2p,transfers,51
april coates,transfer_p2p,accepted,transfer_p2p,transfer_p2p,0.7,,transfers,51
ioannis legantis,transfer_p2p,accepted_tiebreak,transfer_p2p,transfer_p2p,0.6,transfer_p2p,transfers,51
avs superstore ltd,convenience_store,accepted_tiebreak,convenience_store,convenience_store,0.6,convenience_store,groceries_household_essentials,51
natasha baron,transfer_p2p,accepted_tiebreak,transfer_p2p,transfer_p2p,0.6,transfer_p2p,transfers,51
mr e,transfer_p2p,accepted_tiebreak,transfer_p2p,transfer_p2p,0.55,transfer_p2p,transfers,51
ch and co catering ltd,catering,accepted,catering,catering,0.7,,eating_drinking_out,51
c hickey bills ft,transfer_p2p,accepted_tiebreak,transfer_p2p,transfer_p2p,0.5,transfer_p2p,transfers,51
wh smith gatwick,unclassified_other,abstain_residual,books,books,0.5,airport_spend,unclassified,51
hersham golf club limited,sports_participation,accepted,sports_participation,sports_participation,0.7,,entertainment_leisure,51
everyone,gym_fitness,accepted,gym_fitness,gym_fitness,0.85,,health_medical,51
ceesay a,transfer_p2p,accepted_tiebreak,transfer_p2p,transfer_p2p,0.6,transfer_p2p,transfers,51
tele taxis dunde,taxi_rideshare,auto_accept,taxi_rideshare,taxi_rideshare,0.9,,transport_motoring,51
appicab,taxi_rideshare,accepted_tiebreak,taxi_rideshare,investment_general,0.4,taxi_rideshare,transport_motoring,51
progress play,gambling_casino,accepted_tiebreak,gambling_casino,gambling_unspecified,0.7,gambling_casino,gambling,51
r hindley,transfer_p2p,accepted_tiebreak,transfer_p2p,transfer_p2p,0.6,transfer_p2p,transfers,51
henna mirza done,transfer_p2p,accepted_tiebreak,transfer_p2p,transfer_p2p,0.6,transfer_p2p,transfers,51
williams c & l,transfer_p2p,accepted_tiebreak,transfer_p2p,transfer_p2p,0.6,transfer_p2p,transfers,51
abel dumitru,transfer_p2p,accepted_tiebreak,transfer_p2p,transfer_p2p,0.6,transfer_p2p,transfers,51
shyam's,unclassified_other,abstain_residual,restaurant_cafe,transfer_p2p,0.4,unclassified_other,unclassified,51
ann-marie,transfer_p2p,accepted_tiebreak,transfer_p2p,transfer_p2p,0.6,transfer_p2p,transfers,51
templeman retailing an,unclassified_other,abstain_residual,retail_other,unclassified_other,0.4,convenience_store,unclassified,51
l hargreaves,transfer_p2p,accepted_tiebreak,transfer_p2p,transfer_p2p,0.55,transfer_p2p,transfers,51
fran malone,transfer_p2p,accepted,transfer_p2p,transfer_p2p,0.75,,transfers,51
k de gernier,transfer_p2p,accepted,transfer_p2p,transfer_p2p,0.7,,transfers,51
hannah scoffham,transfer_p2p,accepted,transfer_p2p,transfer_p2p,0.75,,transfers,51
phoenix rainha,convenience_store,accepted_tiebreak,convenience_store,convenience_store,0.6,convenience_store,groceries_household_essentials,51
cd broadway,convenience_store,accepted_general,discount_store,convenience_store,0.5,groceries,groceries_household_essentials,51
morrison s daily headley,groceries,accepted_tiebreak,groceries,convenience_store,0.85,groceries,groceries_household_essentials,51
harry,transfer_p2p,accepted,transfer_p2p,transfer_p2p,0.7,,transfers,51
nextltd,catalogue_retail,human_reviewed,payment_intermediary,retail_finance_repayment,0.65,catalogue_retail,general_retail_marketplaces,51
allhallows,unclassified_other,abstain_residual,retail_small_independent,unclassified_other,0.4,convenience_store,unclassified,51
bellhall convenience,convenience_store,accepted,convenience_store,convenience_store,0.85,,groceries_household_essentials,51
village express,convenience_store,accepted_tiebreak,convenience_store,convenience_store,0.5,convenience_store,groceries_household_essentials,51
claire smyth,transfer_p2p,accepted,transfer_p2p,transfer_p2p,0.7,,transfers,51
claire garvey claire,transfer_p2p,accepted,transfer_p2p,transfer_p2p,0.7,,transfers,51
kimberley goult mum,transfer_p2p,accepted,transfer_p2p,transfer_p2p,0.75,,transfers,51
kroo i,transfer_own_account,accepted_tiebreak,unclassified_other,transfer_own_account,0.55,transfer_own_account,transfers,51
alt twrs retail,unclassified_other,abstain_residual,retail_small_independent,convenience_store,0.5,days_out,unclassified,51
abound by,personal_loan_repayment,accepted,personal_loan_repayment,personal_loan_repayment,0.8,,credit_loan_repayments,51
eg on the move,fuel,accepted_tiebreak,takeaway,fuel,0.75,fuel,transport_motoring,51
westfield shopping,retail_other,accepted_tiebreak,retail_other,retail_other,0.4,retail_other,general_retail_marketplaces,51
bambooloans,personal_loan_repayment,auto_accept,personal_loan_repayment,personal_loan_repayment,0.9,,credit_loan_repayments,51
north yorkshire counci,car_parking,human_reviewed,council_tax,council_tax,0.65,car_parking,transport_motoring,51
convenience store,convenience_store,accepted,convenience_store,convenience_store,0.8,,groceries_household_essentials,51
nu vending,confectionary,accepted_tiebreak,convenience_store,confectionary,0.6,confectionary,groceries_household_essentials,51
northwood convenience sto,convenience_store,accepted,convenience_store,convenience_store,0.85,,groceries_household_essentials,51
lovehol-dom,holiday_package,accepted_tiebreak,holiday_package,holiday_package,0.6,holiday_package,travel_holidays,50
the george,pub_bar,accepted_tiebreak,pub_bar,pub_bar,0.55,pub_bar,eating_drinking_out,50
northwestvending,confectionary,accepted_tiebreak,convenience_store,confectionary,0.6,confectionary,groceries_household_essentials,50
hall,unclassified_other,abstain_confirmed,unclassified_other,transfer_p2p,0.4,unclassified_other,unclassified,50
callum gristwood food,transfer_p2p,accepted_tiebreak,takeaway,transfer_p2p,0.55,transfer_p2p,transfers,50
whitehorse express,unclassified_other,abstain_residual,public_transport_rail_coach,public_transport_rail_coach,0.5,convenience_store,unclassified,50
joseph sinnott son via,transfer_p2p,accepted,transfer_p2p,transfer_p2p,0.75,,transfers,50
wh smith london,books,accepted_tiebreak,books,books,0.6,books,entertainment_leisure,50
go local ramford,unclassified_other,abstain_residual,unclassified_other,fuel,0.5,convenience_store,unclassified,50
james duffy,transfer_p2p,accepted_tiebreak,transfer_p2p,transfer_p2p,0.65,transfer_p2p,transfers,50
danielle gallacher,transfer_p2p,accepted_tiebreak,transfer_p2p,transfer_p2p,0.65,transfer_p2p,transfers,50
annexiojers,gambling_lottery,human_reviewed,payment_intermediary,unclassified_other,0.4,gambling_lottery,gambling,50
m regan,transfer_p2p,accepted_tiebreak,transfer_p2p,transfer_p2p,0.6,transfer_p2p,transfers,50
nhsbsa decs,government_services,accepted_tiebreak,unclassified_other,government_services,0.55,government_services,council_tax_government,50
iris,unclassified_other,abstain_confirmed,unclassified_other,unclassified_other,0.3,,unclassified,50
14 day trial re,software,accepted,software,software,0.75,,digital_subscriptions_services,50
redline,unclassified_other,abstain_confirmed,unclassified_other,unclassified_other,0.3,,unclassified,50
smooth spins,gambling_casino,accepted,gambling_casino,gambling_casino,0.75,,gambling,50
henley store ltd,convenience_store,accepted_tiebreak,convenience_store,convenience_store,0.6,convenience_store,groceries_household_essentials,50
joseph,transfer_p2p,accepted_tiebreak,transfer_p2p,transfer_p2p,0.6,transfer_p2p,transfers,50
louis pardoe,transfer_p2p,accepted_tiebreak,transfer_p2p,transfer_p2p,0.6,transfer_p2p,transfers,50
mcphee,transfer_p2p,accepted_tiebreak,transfer_p2p,transfer_p2p,0.6,transfer_p2p,transfers,50
gmb trade,trade_union,auto_accept,trade_union,trade_union,0.9,,business_self_employment,50
janes store lt,unclassified_other,abstain_residual,unclassified_other,discount_store,0.55,convenience_store,unclassified,50
esso bellfields,fuel,accepted,fuel,fuel,0.85,,transport_motoring,50
connor r swatton,transfer_p2p,accepted_tiebreak,transfer_p2p,transfer_p2p,0.65,transfer_p2p,transfers,50
e o'sullivan,transfer_p2p,accepted_tiebreak,transfer_p2p,transfer_p2p,0.65,transfer_p2p,transfers,50
the tiger,pub_bar,accepted_tiebreak,pub_bar,pub_bar,0.55,pub_bar,eating_drinking_out,50
govia thameslink railway,public_transport_rail_coach,auto_accept,public_transport_rail_coach,public_transport_rail_coach,0.92,,transport_motoring,50
jake,transfer_p2p,accepted_tiebreak,transfer_p2p,transfer_p2p,0.6,transfer_p2p,transfers,50
cd rontec,fuel,accepted_tiebreak,car_parking,fuel,0.8,fuel,transport_motoring,50
mr w pigford,transfer_p2p,accepted_tiebreak,transfer_p2p,transfer_p2p,0.55,transfer_p2p,transfers,50
loveit coverit,unclassified_other,abstain_residual,insurance_pet,insurance_general,0.7,insurance_other,unclassified,50
lincolnshire co-op food store,groceries,accepted,groceries,groceries,0.85,,groceries_household_essentials,50
a thorpe,transfer_p2p,accepted_tiebreak,transfer_p2p,transfer_p2p,0.6,transfer_p2p,transfers,50
nelly ogechi ugada,transfer_p2p,accepted_tiebreak,transfer_p2p,transfer_p2p,0.6,transfer_p2p,transfers,50
ratho premier store,convenience_store,accepted_general,convenience_store,convenience_store,0.6,groceries,groceries_household_essentials,50
kettering store,convenience_store,accepted_tiebreak,convenience_store,convenience_store,0.6,convenience_store,groceries_household_essentials,50
wm morrison store,groceries,auto_accept,groceries,groceries,0.9,,groceries_household_essentials,50
hutte supermarket,groceries,accepted,groceries,groceries,0.75,,groceries_household_essentials,50
boss man store,convenience_store,accepted_tiebreak,convenience_store,convenience_store,0.55,convenience_store,groceries_household_essentials,50
ring basic plan london,home_accessories,accepted_tiebreak,home_accessories,home_accessories,0.5,home_accessories,home_garden,50
m a ismail,transfer_p2p,accepted_tiebreak,transfer_p2p,transfer_p2p,0.6,transfer_p2p,transfers,50
s thomas,transfer_p2p,accepted_tiebreak,transfer_p2p,transfer_p2p,0.6,transfer_p2p,transfers,50
suel ahmed suel.a,transfer_p2p,accepted_tiebreak,transfer_p2p,transfer_p2p,0.6,transfer_p2p,transfers,50
megasave super lt,groceries,accepted_general,groceries,groceries,0.55,convenience_store,groceries_household_essentials,50
rai convenience store,convenience_store,accepted,convenience_store,convenience_store,0.7,,groceries_household_essentials,50
postcodelot,gambling_lottery,accepted,gambling_lottery,gambling_lottery,0.85,,gambling,50
pepe's piri piri,takeaway,accepted,takeaway,takeaway,0.75,,eating_drinking_out,50
hare and hounds,pub_bar,accepted,pub_bar,pub_bar,0.8,,eating_drinking_out,50
james hodkinson,transfer_p2p,accepted_tiebreak,transfer_p2p,transfer_p2p,0.6,transfer_p2p,transfers,50
ristorante pizzeria or,restaurant_cafe,accepted,restaurant_cafe,restaurant_cafe,0.75,,eating_drinking_out,50
soho coffee co.,restaurant_cafe,accepted,restaurant_cafe,restaurant_cafe,0.8,,eating_drinking_out,50
premier dens road,unclassified_other,abstain_residual,restaurant_cafe,convenience_store,0.45,groceries,unclassified,50
filco,groceries,accepted_tiebreak,unclassified_other,groceries,0.4,groceries,groceries_household_essentials,50
matchmasters,gaming_mobile,accepted_tiebreak,gaming_mobile,gaming_mobile,0.55,gaming_mobile,entertainment_leisure,50
the zinc group zinc,debt_collection,human_reviewed,restaurant_cafe,unclassified_recurring,0.4,debt_collection,high_cost_distress_credit,50
tyrrell williamson,transfer_p2p,accepted_tiebreak,transfer_p2p,transfer_p2p,0.6,transfer_p2p,transfers,50
fiverr,business_services,accepted_tiebreak,business_services,business_services,0.55,business_services,business_self_employment,50
veterans foundation,gambling_lottery,accepted,gambling_lottery,gambling_lottery,0.75,,gambling,50
dlr,public_transport_rail_coach,accepted_tiebreak,public_transport_rail_coach,public_transport_rail_coach,0.6,public_transport_rail_coach,transport_motoring,50
aci uk,unclassified_other,abstain_confirmed,unclassified_other,loan_repayment_other,0.5,unclassified_other,unclassified,50
c maxi lt,unclassified_other,abstain_confirmed,unclassified_other,unclassified_other,0.3,,unclassified,50
costa on,restaurant_cafe,accepted,restaurant_cafe,restaurant_cafe,0.75,,eating_drinking_out,50
a c lewis,transfer_p2p,accepted_tiebreak,transfer_p2p,transfer_p2p,0.6,transfer_p2p,transfers,50
dale moss,transfer_p2p,accepted_tiebreak,transfer_p2p,transfer_p2p,0.6,transfer_p2p,transfers,50
a gauden,transfer_p2p,accepted_tiebreak,transfer_p2p,transfer_p2p,0.55,transfer_p2p,transfers,50
paulius cinga skola,transfer_p2p,accepted_tiebreak,transfer_p2p,transfer_p2p,0.55,transfer_p2p,transfers,50
sean gallacher,transfer_p2p,accepted_tiebreak,transfer_p2p,transfer_p2p,0.6,transfer_p2p,transfers,50
postofficetravelmoneyc,foreign_currency,accepted,foreign_currency,foreign_currency,0.8,,travel_holidays,49
shien,clothing_general,accepted,clothing_general,clothing_general,0.75,,clothing_personal_care,49
e porritt,transfer_p2p,accepted_tiebreak,transfer_p2p,transfer_p2p,0.5,transfer_p2p,transfers,49
e lokote,transfer_p2p,accepted_tiebreak,transfer_p2p,transfer_p2p,0.45,transfer_p2p,transfers,49
caitlin albert,transfer_p2p,accepted_tiebreak,transfer_p2p,personal_loan_repayment,0.55,transfer_p2p,transfers,49
mrs kerrie angelet,transfer_p2p,accepted_tiebreak,transfer_p2p,transfer_p2p,0.6,transfer_p2p,transfers,49
the grove,groceries,accepted_general,groceries,groceries,0.5,convenience_store,groceries_household_essentials,49
bbls loan,business_loan_repayment,accepted_tiebreak,loan_repayment_manual,business_loan_repayment,0.75,business_loan_repayment,business_self_employment,49
emin's canteen,restaurant_cafe,accepted_tiebreak,takeaway,restaurant_cafe,0.55,restaurant_cafe,eating_drinking_out,49
mr c strickland,transfer_p2p,accepted_tiebreak,transfer_p2p,transfer_p2p,0.5,transfer_p2p,transfers,49
gary walker amy,transfer_p2p,accepted_tiebreak,transfer_p2p,transfer_p2p,0.6,transfer_p2p,transfers,49
dvla-bn,road_tax,accepted,road_tax,road_tax,0.85,,transport_motoring,49
emily,transfer_p2p,accepted_tiebreak,transfer_p2p,transfer_p2p,0.6,transfer_p2p,transfers,49
bulk vending systems ltd,confectionary,accepted_tiebreak,confectionary,confectionary,0.5,confectionary,groceries_household_essentials,49
kingsman,unclassified_other,abstain_residual,unclassified_other,restaurant_cafe,0.45,unclassified_card_spend,unclassified,49
stradivarius,clothing_general,accepted_tiebreak,clothing_general,clothing_womens,0.75,clothing_general,clothing_personal_care,49
vasilica,transfer_p2p,accepted_tiebreak,transfer_p2p,transfer_p2p,0.65,transfer_p2p,transfers,49
mollie,transfer_p2p,accepted_tiebreak,transfer_p2p,transfer_p2p,0.55,transfer_p2p,transfers,49
naseem ahmed,transfer_p2p,accepted_tiebreak,transfer_p2p,transfer_p2p,0.6,transfer_p2p,transfers,49
presthaven,holiday_uk,accepted_tiebreak,holiday_uk,holiday_uk,0.6,holiday_uk,travel_holidays,49
peter guthrie,transfer_p2p,accepted_tiebreak,transfer_p2p,transfer_p2p,0.6,transfer_p2p,transfers,49
haggerston grocer,groceries,accepted,groceries,groceries,0.7,,groceries_household_essentials,49
bp upper batley service,fuel,accepted,fuel,fuel,0.85,,transport_motoring,49
first alt car,insurance_motor,accepted,insurance_motor,insurance_motor,0.75,,insurance,49
private hire,taxi_rideshare,accepted_tiebreak,taxi_rideshare,taxi_rideshare,0.6,taxi_rideshare,transport_motoring,49
stephanie,transfer_p2p,accepted,transfer_p2p,transfer_p2p,0.75,,transfers,49
the local shop,convenience_store,accepted,convenience_store,convenience_store,0.7,,groceries_household_essentials,49
keystore polmont,convenience_store,accepted,convenience_store,convenience_store,0.85,,groceries_household_essentials,49
lian,transfer_p2p,accepted,transfer_p2p,transfer_p2p,0.75,,transfers,49
michael birkbeck basic,transfer_p2p,accepted_tiebreak,transfer_p2p,transfer_p2p,0.65,transfer_p2p,transfers,49
c grant,transfer_p2p,accepted_tiebreak,transfer_p2p,transfer_p2p,0.6,transfer_p2p,transfers,49
simple,pharmacy,accepted,pharmacy,pharmacy,0.75,,health_medical,49
lauren,transfer_p2p,accepted,transfer_p2p,transfer_p2p,0.75,,transfers,49
toor supermarket,groceries,accepted,groceries,groceries,0.85,,groceries_household_essentials,49
cf starpets.gg,gaming_online,accepted_tiebreak,pet_supplies,gaming_online,0.55,gaming_online,entertainment_leisure,49
cts,unclassified_other,abstain_confirmed,unclassified_other,unclassified_other,0.4,,unclassified,49
kim,transfer_p2p,accepted,transfer_p2p,transfer_p2p,0.7,,transfers,49
nanbanda private limit,unclassified_other,abstain_confirmed,unclassified_other,unclassified_other,0.4,,unclassified,49
son son,transfer_p2p,accepted_tiebreak,transfer_p2p,transfer_p2p,0.6,transfer_p2p,transfers,49
bark park,pet_supplies,accepted,pet_supplies,pet_supplies,0.75,,pets,49
amazon web services,web_services,auto_accept,web_services,web_services,0.9,,digital_subscriptions_services,49
south lanarkshire,council_tax,accepted_tiebreak,council_tax,council_tax,0.65,council_tax,council_tax_government,49
millies cookies,restaurant_cafe,accepted_tiebreak,takeaway,restaurant_cafe,0.75,restaurant_cafe,eating_drinking_out,49
pcl howden,insurance_general,accepted,insurance_general,insurance_general,0.7,,insurance,49
diego,transfer_p2p,accepted_tiebreak,transfer_p2p,transfer_p2p,0.6,transfer_p2p,transfers,49
fife road local expres,convenience_store,accepted_tiebreak,convenience_store,convenience_store,0.6,convenience_store,groceries_household_essentials,49
resuls food and wine,groceries,accepted_general,groceries,groceries,0.6,convenience_store,groceries_household_essentials,49
christopher betts ctc,transfer_p2p,accepted,transfer_p2p,transfer_p2p,0.7,,transfers,49
g saunders,transfer_p2p,accepted,transfer_p2p,transfer_p2p,0.7,,transfers,49
pallion service statio,fuel,accepted_tiebreak,unclassified_other,fuel,0.6,fuel,transport_motoring,49
j mckenna mum,transfer_p2p,accepted,transfer_p2p,transfer_p2p,0.85,,transfers,49
justin i love you xx,transfer_p2p,accepted,transfer_p2p,transfer_p2p,0.85,,transfers,49
capcut,software,accepted,software,software,0.7,,digital_subscriptions_services,49
instavolt limited,fuel,accepted_tiebreak,fuel,fuel,0.65,fuel,transport_motoring,49
miss rebecca l couowed,transfer_p2p,accepted,transfer_p2p,transfer_p2p,0.7,,transfers,49
happy shopper,convenience_store,accepted,convenience_store,convenience_store,0.75,,groceries_household_essentials,49
tm legal,debt_collection,human_reviewed,legal_services,legal_services,0.6,debt_collection,high_cost_distress_credit,49
dvla-ds,road_tax,accepted,road_tax,road_tax,0.85,,transport_motoring,49
elior uk plc,catering,accepted_tiebreak,catering,unclassified_other,0.4,catering,eating_drinking_out,49
cd faresaver buses,public_transport_rail_coach,accepted,public_transport_rail_coach,public_transport_rail_coach,0.8,,transport_motoring,49
ajb lowton off lic,alcohol_beer_spirits,accepted_tiebreak,alcohol_beer_spirits,alcohol_beer_spirits,0.6,alcohol_beer_spirits,groceries_household_essentials,49
k cannon,transfer_p2p,accepted_tiebreak,transfer_p2p,transfer_p2p,0.65,transfer_p2p,transfers,49
joe the juice uk ltd,restaurant_cafe,accepted,restaurant_cafe,restaurant_cafe,0.7,,eating_drinking_out,49
the green house,restaurant_cafe,accepted_tiebreak,restaurant_cafe,restaurant_cafe,0.5,restaurant_cafe,eating_drinking_out,49
b witts,transfer_p2p,accepted_tiebreak,transfer_p2p,transfer_p2p,0.6,transfer_p2p,transfers,49
lloyds no.,pub_bar,human_reviewed,convenience_store,unclassified_other,0.4,pub_bar,eating_drinking_out,49
northern competition,prize_competitions,accepted,prize_competitions,prize_competitions,0.75,,gambling,49
vivoxtra,convenience_store,accepted_tiebreak,convenience_store,fuel,0.55,convenience_store,groceries_household_essentials,49
kingsway stores,convenience_store,accepted,convenience_store,convenience_store,0.75,,groceries_household_essentials,49
realremit,transfer_international,accepted,transfer_international,transfer_international,0.7,,transfers,49
harris se,transfer_p2p,accepted_tiebreak,transfer_p2p,transfer_p2p,0.6,transfer_p2p,transfers,49
dhanvik news,convenience_store,accepted_tiebreak,unclassified_other,convenience_store,0.6,convenience_store,groceries_household_essentials,49
oscar wines,alcohol_wine,accepted,alcohol_wine,alcohol_wine,0.75,,groceries_household_essentials,49
amtrak,public_transport_rail_coach,accepted_tiebreak,unclassified_other,public_transport_rail_coach,0.6,public_transport_rail_coach,transport_motoring,49
c vivo,convenience_store,accepted_tiebreak,restaurant_cafe,convenience_store,0.55,convenience_store,groceries_household_essentials,49
tongwell,unclassified_other,abstain_confirmed,unclassified_other,restaurant_cafe,0.4,unclassified_other,unclassified,49
penny petroleum scotla,fuel,accepted,fuel,fuel,0.8,,transport_motoring,49
mr p j hara mr peter,transfer_p2p,accepted,transfer_p2p,transfer_p2p,0.7,,transfers,49
dales the feather tra,pub_bar,accepted_tiebreak,restaurant_cafe,pub_bar,0.55,pub_bar,eating_drinking_out,49
joseph brown love ya,transfer_p2p,accepted,transfer_p2p,transfer_p2p,0.75,,transfers,49
stephen woolfall michaela,transfer_p2p,accepted,transfer_p2p,transfer_p2p,0.75,,transfers,48
shortlands supermarket lt,groceries,accepted,groceries,groceries,0.7,,groceries_household_essentials,48
wolf competition,prize_competitions,accepted,prize_competitions,prize_competitions,0.75,,gambling,48
simplydelici,takeaway,accepted_general,takeaway,takeaway,0.55,restaurant_cafe,eating_drinking_out,48
cd nelsons,convenience_store,accepted,convenience_store,convenience_store,0.85,,groceries_household_essentials,48
village,convenience_store,accepted,convenience_store,convenience_store,0.75,,groceries_household_essentials,48
supersave cam,convenience_store,accepted_tiebreak,discount_store,convenience_store,0.55,convenience_store,groceries_household_essentials,48
miss joane,transfer_p2p,accepted_tiebreak,transfer_p2p,transfer_p2p,0.6,transfer_p2p,transfers,48
accrington low fuel,fuel,accepted,fuel,fuel,0.85,,transport_motoring,48
newark fuel express,fuel,accepted,fuel,fuel,0.85,,transport_motoring,48
cd local shop,convenience_store,accepted,convenience_store,convenience_store,0.85,,groceries_household_essentials,48
carl craig,transfer_p2p,accepted_tiebreak,transfer_p2p,transfer_p2p,0.6,transfer_p2p,transfers,48
himpfen,transfer_p2p,accepted_tiebreak,transfer_p2p,transfer_p2p,0.6,transfer_p2p,transfers,48
playgroundgameleamingtonspa,gaming_online,accepted_general,gaming_online,gaming_online,0.5,days_out,entertainment_leisure,48
dylan larsen monzo,transfer_p2p,accepted,transfer_p2p,transfer_p2p,0.7,,transfers,48
julie morris,transfer_p2p,accepted_tiebreak,transfer_p2p,transfer_p2p,0.6,transfer_p2p,transfers,48
cd festival food,groceries,accepted,groceries,groceries,0.7,,groceries_household_essentials,48
dvla-yc,road_tax,auto_accept,road_tax,road_tax,0.9,,transport_motoring,48
miss hayley d gould food,unclassified_other,abstain_residual,groceries_specialist,groceries,0.55,transfer_p2p,unclassified,48
rock city,live_music,accepted_tiebreak,live_music,live_music,0.55,live_music,entertainment_leisure,48
fahida zaman,transfer_p2p,accepted,transfer_p2p,transfer_p2p,0.7,,transfers,48
e rakaria,transfer_p2p,accepted_tiebreak,transfer_p2p,transfer_p2p,0.6,transfer_p2p,transfers,48
nabia miah,transfer_p2p,accepted_tiebreak,transfer_p2p,transfer_p2p,0.6,transfer_p2p,transfers,48
jd cameron fuel stn,fuel,accepted,fuel,fuel,0.85,,transport_motoring,48
roxanne v,transfer_p2p,accepted,transfer_p2p,transfer_p2p,0.7,,transfers,48
very group-speke,catalogue_retail,accepted_tiebreak,retail_finance_repayment,catalogue_retail,0.75,catalogue_retail,general_retail_marketplaces,48
zizou express,convenience_store,accepted_tiebreak,takeaway,convenience_store,0.5,convenience_store,groceries_household_essentials,48
spar ingoldmells,groceries,accepted,groceries,groceries,0.85,,groceries_household_essentials,48
marston group limited,debt_enforcement,accepted_tiebreak,debt_collection,debt_enforcement,0.75,debt_enforcement,high_cost_distress_credit,48
simply,convenience_store,accepted_tiebreak,convenience_store,clothing_womens,0.4,convenience_store,groceries_household_essentials,48
graeme willis,transfer_p2p,accepted_tiebreak,transfer_p2p,transfer_p2p,0.65,transfer_p2p,transfers,48
master b,transfer_p2p,accepted_tiebreak,transfer_p2p,unclassified_other,0.4,transfer_p2p,transfers,48
raja broth,takeaway,accepted_tiebreak,takeaway,takeaway,0.6,takeaway,eating_drinking_out,48
taptap send cd,transfer_international,accepted,transfer_international,transfer_international,0.85,,transfers,48
windmill local,convenience_store,accepted_tiebreak,convenience_store,convenience_store,0.55,convenience_store,groceries_household_essentials,48
kraken exchange,crypto,accepted,crypto,crypto,0.85,,savings_investments,48
valley's finance ltd,personal_loan_repayment,accepted,personal_loan_repayment,personal_loan_repayment,0.75,,credit_loan_repayments,48
rise trade ltd,unclassified_other,abstain_confirmed,unclassified_other,investment_trading,0.5,unclassified_other,unclassified,48
chingfood,takeaway,accepted_tiebreak,takeaway,takeaway,0.6,takeaway,eating_drinking_out,48
lbhf park ringo,car_parking,accepted,car_parking,car_parking,0.85,,transport_motoring,48
ald automotive,car_lease,accepted,car_lease,car_lease,0.75,,credit_loan_repayments,48
adam,transfer_p2p,accepted,transfer_p2p,transfer_p2p,0.7,,transfers,48
devon cliff hol,holiday_uk,accepted,holiday_uk,holiday_uk,0.7,,travel_holidays,48
mr stuart d pether mate,transfer_p2p,accepted,transfer_p2p,transfer_p2p,0.75,,transfers,48
cd co op uckfield uckfield,groceries,accepted_tiebreak,convenience_store,groceries,0.85,groceries,groceries_household_essentials,48
alex griffiths,transfer_p2p,accepted,transfer_p2p,transfer_p2p,0.7,,transfers,48
disclosure & barring,id_documents,accepted,id_documents,id_documents,0.85,,council_tax_government,48
the cornish bakery,restaurant_cafe,accepted,restaurant_cafe,restaurant_cafe,0.8,,eating_drinking_out,48
sw railway app,public_transport_rail_coach,auto_accept,public_transport_rail_coach,public_transport_rail_coach,0.92,,transport_motoring,48
selco trading ctr,home_improvement,accepted_tiebreak,cash_and_carry,home_improvement,0.85,home_improvement,home_garden,48
d k convenience,convenience_store,accepted,convenience_store,convenience_store,0.85,,groceries_household_essentials,48
mohammed,transfer_p2p,accepted_tiebreak,transfer_p2p,transfer_p2p,0.6,transfer_p2p,transfers,48
o bryant,transfer_p2p,accepted_tiebreak,transfer_p2p,transfer_p2p,0.55,transfer_p2p,transfers,48
sasha burns money,transfer_p2p,accepted,transfer_p2p,transfer_p2p,0.7,,transfers,48
keys totton,unclassified_other,abstain_residual,taxi_rideshare,vehicle_maintenance,0.5,convenience_store,unclassified,48
michaela roberts,transfer_p2p,accepted,transfer_p2p,transfer_p2p,0.7,,transfers,48
food panda,takeaway,auto_accept,takeaway,takeaway,0.9,,eating_drinking_out,48
loyd unit,unclassified_other,abstain_confirmed,unclassified_other,unclassified_other,0.4,,unclassified,48
motor fuel,fuel,accepted,fuel,fuel,0.85,,transport_motoring,48
allied international credit debt collection,debt_collection,auto_accept,debt_collection,debt_collection,0.9,,high_cost_distress_credit,48
dvla-bv,road_tax,auto_accept,road_tax,road_tax,0.9,,transport_motoring,48
google royal matc,gaming_mobile,accepted_tiebreak,payment_intermediary,gaming_mobile,0.4,gaming_mobile,entertainment_leisure,48
premier glebe stores,convenience_store,accepted_general,groceries_specialist,convenience_store,0.8,groceries,groceries_household_essentials,48
giovanni sarcone mon,transfer_p2p,accepted,transfer_p2p,transfer_p2p,0.7,,transfers,48
mohamed benkhalouk,transfer_p2p,accepted,transfer_p2p,transfer_p2p,0.7,,transfers,48
co op welcome pan stor,groceries,accepted,groceries,groceries,0.7,,groceries_household_essentials,48
healthmatic,unclassified_other,abstain_residual,pharmacy,health_beauty_general,0.4,government_services,unclassified,48
reading transport limi,public_transport_rail_coach,accepted,public_transport_rail_coach,public_transport_rail_coach,0.85,,transport_motoring,48
go car credit finance,car_finance_repayment,accepted,car_finance_repayment,car_finance_repayment,0.8,,credit_loan_repayments,48
premier cayton,unclassified_other,abstain_residual,convenience_store,unclassified_other,0.3,groceries,unclassified,48
cnpcto,unclassified_other,abstain_confirmed,unclassified_other,unclassified_other,0.3,,unclassified,48
simpson n itf keelvia,transfer_p2p,accepted_tiebreak,transfer_p2p,transfer_p2p,0.6,transfer_p2p,transfers,48
loging wine ltd,alcohol_wine,accepted,alcohol_wine,alcohol_wine,0.7,,groceries_household_essentials,48
cd garden county vending,confectionary,accepted_tiebreak,confectionary,confectionary,0.5,confectionary,groceries_household_essentials,48
bastable vl,transfer_p2p,accepted,transfer_p2p,transfer_p2p,0.7,,transfers,48
brandon gillmon mum,transfer_p2p,accepted,transfer_p2p,transfer_p2p,0.75,,transfers,48
e payne,transfer_p2p,accepted_tiebreak,transfer_p2p,transfer_p2p,0.6,transfer_p2p,transfers,48
owen winn pluh,transfer_p2p,accepted_tiebreak,transfer_p2p,transfer_p2p,0.6,transfer_p2p,transfers,48
fleetwood town fc,sports_tickets,accepted_tiebreak,sports_tickets,sports_tickets,0.5,sports_tickets,entertainment_leisure,48
craig,transfer_p2p,accepted_tiebreak,transfer_p2p,transfer_p2p,0.55,transfer_p2p,transfers,48
everyoneactivenestle,unclassified_other,abstain_residual,gym_fitness,gym_fitness,0.55,sports_participation,unclassified,48
evology kiosk,unclassified_other,abstain_residual,health_beauty_general,convenience_store,0.4,confectionary,unclassified,48
pari,convenience_store,accepted_tiebreak,convenience_store,convenience_store,0.5,convenience_store,groceries_household_essentials,48
s finance,personal_loan_repayment,accepted_tiebreak,retail_finance_repayment,personal_loan_repayment,0.6,personal_loan_repayment,credit_loan_repayments,48
woodside stores,convenience_store,accepted_tiebreak,convenience_store,convenience_store,0.6,convenience_store,groceries_household_essentials,48
l rogers,refund_received,human_reviewed,adult_products,refund_received,0.55,transfer_p2p,income_other,48
nikodemd,payment_intermediary,accepted_tiebreak,payment_intermediary,transfer_p2p,0.5,payment_intermediary,general_retail_marketplaces,48
breeze competition,prize_competitions,accepted_tiebreak,prize_competitions,prize_competitions,0.6,prize_competitions,gambling,47
jbtripeaks,unclassified_other,abstain_confirmed,gaming_online,unclassified_other,0.3,unclassified_other,unclassified,47
dvla-fe,road_tax,auto_accept,road_tax,road_tax,0.9,,transport_motoring,47
select & save ltd,unclassified_other,abstain_confirmed,unclassified_other,unclassified_other,0.3,,unclassified,47
ikano,retail_finance_repayment,accepted_tiebreak,retail_finance_repayment,retail_finance_repayment,0.6,retail_finance_repayment,credit_loan_repayments,47
ramsdens,pawnbroker,accepted_tiebreak,pawnbroker,pawnbroker,0.65,pawnbroker,high_cost_distress_credit,47
theworks.co.uk,books,accepted,books,books,0.75,,entertainment_leisure,47
gustavo sales alme,unclassified_other,abstain_residual,convenience_store,unclassified_other,0.3,transfer_p2p,unclassified,47
megan,transfer_p2p,accepted_tiebreak,transfer_p2p,transfer_p2p,0.6,transfer_p2p,transfers,47
dvla-pk,road_tax,auto_accept,road_tax,road_tax,0.9,,transport_motoring,47
k ro,transfer_p2p,accepted_tiebreak,transfer_p2p,transfer_p2p,0.5,transfer_p2p,transfers,47
grounded manchester,restaurant_cafe,accepted,restaurant_cafe,restaurant_cafe,0.7,,eating_drinking_out,47
justdigitalltd,unclassified_other,abstain_confirmed,unclassified_other,beauty_treatment,0.4,unclassified_other,unclassified,47
z abdelkarim barry,transfer_p2p,accepted,transfer_p2p,transfer_p2p,0.7,,transfers,47
c an longitch super stor,convenience_store,accepted_tiebreak,convenience_store,convenience_store,0.6,convenience_store,groceries_household_essentials,47
ella,transfer_p2p,accepted_tiebreak,transfer_p2p,transfer_p2p,0.65,transfer_p2p,transfers,47
raja bros,convenience_store,accepted_tiebreak,convenience_store,convenience_store,0.6,convenience_store,groceries_household_essentials,47
lba car parking,car_parking,auto_accept,car_parking,car_parking,0.9,,transport_motoring,47
cd the vending peopleltd,confectionary,accepted_tiebreak,confectionary,convenience_store,0.5,confectionary,groceries_household_essentials,47
boots the chemist,pharmacy,auto_accept,pharmacy,pharmacy,0.97,,health_medical,47
apcoa scan pay,car_parking,auto_accept,car_parking,car_parking,0.95,,transport_motoring,47
wakefield college,education_general,accepted,education_general,education_general,0.85,,childcare_education,47
milly-lou gleeson,transfer_p2p,accepted,transfer_p2p,transfer_p2p,0.8,,transfers,47
asian food store,groceries_specialist,accepted,groceries_specialist,groceries_specialist,0.7,,groceries_household_essentials,47
hertford food & wine,groceries,accepted_general,alcohol_wine,groceries,0.65,convenience_store,groceries_household_essentials,47
nungate mini market,convenience_store,accepted,convenience_store,convenience_store,0.85,,groceries_household_essentials,47
wymetro,public_transport_rail_coach,accepted,public_transport_rail_coach,public_transport_rail_coach,0.85,,transport_motoring,47
classpass,gym_fitness,accepted,gym_fitness,gym_fitness,0.85,,health_medical,47
ems,unclassified_other,abstain_confirmed,waste_services,unclassified_other,0.4,unclassified_other,unclassified,47
king,unclassified_other,abstain_confirmed,unclassified_other,unclassified_other,0.3,,unclassified,47
otis oriatto,unclassified_other,abstain_residual,transfer_p2p,transfer_p2p,0.6,unclassified_other,unclassified,47
karen baker monzo-ljyrd,transfer_p2p,accepted,transfer_p2p,transfer_p2p,0.85,,transfers,47
simmer eats,restaurant_cafe,accepted_tiebreak,restaurant_cafe,restaurant_cafe,0.6,restaurant_cafe,eating_drinking_out,47
cd sonis minimarket,convenience_store,accepted_tiebreak,groceries,convenience_store,0.85,convenience_store,groceries_household_essentials,47
blackpool council,council_tax,accepted,council_tax,council_tax,0.7,,council_tax_government,47
jane,transfer_p2p,accepted,transfer_p2p,transfer_p2p,0.75,,transfers,47
rac motoring servi the rac,breakdown_cover,accepted,breakdown_cover,breakdown_cover,0.85,,transport_motoring,47
acemoneytransfer,transfer_international,accepted_tiebreak,money_transfer_service,transfer_international,0.7,transfer_international,transfers,47
the early bird,restaurant_cafe,accepted_tiebreak,restaurant_cafe,restaurant_cafe,0.6,restaurant_cafe,eating_drinking_out,47
stephanie hamiltonmum,transfer_p2p,accepted,transfer_p2p,transfer_p2p,0.75,,transfers,47
earby dri m lt,unclassified_other,abstain_confirmed,takeaway,unclassified_other,0.3,unclassified_other,unclassified,47
tates bar northenden,pub_bar,accepted,pub_bar,pub_bar,0.85,,eating_drinking_out,47
manchester c,unclassified_other,abstain_residual,airport_parking,public_transport_rail_coach,0.4,unclassified_other,unclassified,47
chloe jury money,transfer_p2p,accepted,transfer_p2p,transfer_p2p,0.75,,transfers,47
alexandru,transfer_p2p,accepted,transfer_p2p,transfer_p2p,0.7,,transfers,47
may,unclassified_other,abstain_confirmed,unclassified_other,unclassified_other,0.3,,unclassified,47
oluwafunmilayo bin,transfer_p2p,accepted_tiebreak,transfer_p2p,transfer_p2p,0.65,transfer_p2p,transfers,47
woodwynd store,retail_small_independent,accepted_tiebreak,retail_small_independent,unclassified_other,0.3,retail_small_independent,general_retail_marketplaces,47
manzil food and wine,unclassified_other,abstain_residual,restaurant_cafe,restaurant_cafe,0.6,convenience_store,unclassified,47
the dubliner,pub_bar,accepted,pub_bar,pub_bar,0.75,,eating_drinking_out,47
phillips hn,transfer_p2p,accepted,transfer_p2p,transfer_p2p,0.7,,transfers,47
the ritz-carlton,restaurant_cafe,accepted_tiebreak,accommodation,restaurant_cafe,0.4,restaurant_cafe,eating_drinking_out,47
liberty scarboroug,unclassified_other,context_dependent,pub_bar,gambling_unspecified,0.4,unclassified_other,unclassified,47
orbit credit services,unclassified_other,abstain_residual,credit_card_repayment,credit_card_repayment,0.6,debt_collection,unclassified,47
gsf,unclassified_other,abstain_confirmed,unclassified_other,unclassified_other,0.3,,unclassified,47
rss,fuel,accepted_tiebreak,fuel,fuel,0.45,fuel,transport_motoring,47
katie,transfer_p2p,accepted_tiebreak,transfer_p2p,transfer_p2p,0.6,transfer_p2p,transfers,47
davies,transfer_p2p,accepted_tiebreak,transfer_p2p,transfer_p2p,0.6,transfer_p2p,transfers,47
ascona hinton vmi,unclassified_other,abstain_residual,retail_small_independent,unclassified_other,0.3,fuel,unclassified,47
evolution money,personal_loan_repayment,accepted,personal_loan_repayment,personal_loan_repayment,0.85,,credit_loan_repayments,47
taste of poland,unclassified_other,abstain_residual,takeaway,restaurant_cafe,0.6,groceries_specialist,unclassified,47
posh nosh at games,unclassified_other,abstain_residual,gaming_online,restaurant_cafe,0.4,eating_out_other,unclassified,47
rainbow riches cd,gambling_casino,accepted,gambling_casino,gambling_casino,0.75,,gambling,47
elishya,transfer_p2p,accepted,transfer_p2p,transfer_p2p,0.7,,transfers,47
alfie johnson,transfer_p2p,accepted,transfer_p2p,transfer_p2p,0.7,,transfers,47
ma-mas,convenience_store,accepted_tiebreak,convenience_store,groceries,0.45,convenience_store,groceries_household_essentials,47
south star pub and cafe,pub_bar,accepted_tiebreak,pub_bar,pub_bar,0.55,pub_bar,eating_drinking_out,47
hinkley point west caf,restaurant_cafe,accepted_tiebreak,restaurant_cafe,restaurant_cafe,0.6,restaurant_cafe,eating_drinking_out,47
a sim,transfer_p2p,accepted_tiebreak,transfer_p2p,transfer_p2p,0.4,transfer_p2p,transfers,47
taylor mcclean,transfer_p2p,accepted_tiebreak,transfer_p2p,transfer_p2p,0.65,transfer_p2p,transfers,47
new york,restaurant_cafe,accepted_tiebreak,restaurant_cafe,restaurant_cafe,0.4,restaurant_cafe,eating_drinking_out,47
pc 1 month,software,accepted,software,software,0.75,,digital_subscriptions_services,47
ring standard planlondon,unclassified_other,abstain_residual,home_accessories,home_accessories,0.5,online_services,unclassified,47
fletchers retail,unclassified_other,abstain_residual,retail_small_independent,restaurant_cafe,0.4,convenience_store,unclassified,47
reckitt benckiser hull,unclassified_other,abstain_residual,unclassified_other,transfer_p2p,0.3,unclassified_card_spend,unclassified,47
sparkingclog,unclassified_other,abstain_confirmed,unclassified_other,unclassified_other,0.3,,unclassified,47
aaron coffee and cheese,unclassified_other,abstain_residual,restaurant_cafe,restaurant_cafe,0.45,transfer_p2p,unclassified,47
gails willesden green,restaurant_cafe,accepted,restaurant_cafe,restaurant_cafe,0.85,,eating_drinking_out,47
westleigh convenience sto,convenience_store,accepted,convenience_store,convenience_store,0.85,,groceries_household_essentials,47
girlington all,unclassified_other,abstain_residual,takeaway,unclassified_other,0.3,retail_small_independent,unclassified,47
dawson pc,transfer_p2p,accepted_tiebreak,unclassified_other,transfer_p2p,0.55,transfer_p2p,transfers,47
.iggall r itf lilyvia,transfer_p2p,accepted_tiebreak,transfer_p2p,transfer_p2p,0.6,transfer_p2p,transfers,47
lily southall-owen,transfer_p2p,accepted,transfer_p2p,transfer_p2p,0.75,,transfers,47
spice hut,takeaway,accepted_tiebreak,takeaway,takeaway,0.65,takeaway,eating_drinking_out,46
allied pharmacy,pharmacy,accepted,pharmacy,pharmacy,0.85,,health_medical,46
premier local,convenience_store,accepted_tiebreak,convenience_store,convenience_store,0.55,convenience_store,groceries_household_essentials,46
castle community,credit_union_repayment,accepted_tiebreak,unclassified_other,credit_union_repayment,0.55,credit_union_repayment,credit_loan_repayments,46
office,footwear,accepted_tiebreak,office_supplies,footwear,0.4,footwear,clothing_personal_care,46
dvla-nl,road_tax,accepted,road_tax,road_tax,0.85,,transport_motoring,46
clarion homes,rent,accepted,rent,rent,0.75,,housing,46
c favorite chicken rib,takeaway,accepted,takeaway,takeaway,0.8,,eating_drinking_out,46
grab and go,convenience_store,accepted,convenience_store,convenience_store,0.7,,groceries_household_essentials,46
r hale,transfer_p2p,accepted_tiebreak,unclassified_other,transfer_p2p,0.55,transfer_p2p,transfers,46
mansfield supermarket,groceries,accepted,groceries,groceries,0.75,,groceries_household_essentials,46
sandford holiday park poole,holiday_uk,accepted,holiday_uk,holiday_uk,0.75,,travel_holidays,46
livesco,gambling_betting,accepted,gambling_betting,gambling_betting,0.7,,gambling,46
wilkesvendingservice,unclassified_other,abstain_residual,unclassified_other,convenience_store,0.5,confectionary,unclassified,46
sazmina,transfer_p2p,accepted,transfer_p2p,transfer_p2p,0.75,,transfers,46
cd costcutters,groceries,accepted,groceries,groceries,0.85,,groceries_household_essentials,46
l donnigan,transfer_p2p,accepted,transfer_p2p,transfer_p2p,0.7,,transfers,46
simon's local,unclassified_other,abstain_residual,restaurant_cafe,restaurant_cafe,0.5,convenience_store,unclassified,46
k mills,transfer_p2p,accepted,transfer_p2p,transfer_p2p,0.7,,transfers,46
anne williams,transfer_p2p,accepted_tiebreak,transfer_p2p,transfer_p2p,0.65,transfer_p2p,transfers,46
c reeves,transfer_p2p,accepted,transfer_p2p,transfer_p2p,0.7,,transfers,46
howdens,unclassified_other,context_dependent,income_other_unspecified,salary,0.5,kitchen,unclassified,46
auntie anne's,takeaway,accepted,takeaway,takeaway,0.7,,eating_drinking_out,46
edinburgh airport,airport_spend,accepted,airport_spend,airport_spend,0.7,,travel_holidays,46
quick stop,convenience_store,accepted_tiebreak,convenience_store,convenience_store,0.55,convenience_store,groceries_household_essentials,46
maxol service station,fuel,accepted,fuel,fuel,0.85,,transport_motoring,46
laura midgley,transfer_p2p,accepted_tiebreak,transfer_p2p,transfer_p2p,0.6,transfer_p2p,transfers,46
lavazza professions,confectionary,accepted_tiebreak,confectionary,confectionary,0.55,confectionary,groceries_household_essentials,46
iram riaz,transfer_p2p,accepted,transfer_p2p,transfer_p2p,0.7,,transfers,46
bae systems,unclassified_other,abstain_confirmed,unclassified_other,salary,0.3,unclassified_other,unclassified,46
elior@screwfix staffor,unclassified_other,abstain_residual,tools,retail_other,0.3,confectionary,unclassified,46
alexander barker,transfer_p2p,accepted,transfer_p2p,transfer_p2p,0.7,,transfers,46
county hotel,accommodation,accepted,accommodation,accommodation,0.8,,travel_holidays,46
next on,catalogue_retail,human_reviewed,retail_finance_repayment,retail_finance_repayment,0.6,catalogue_retail,general_retail_marketplaces,46
zable from,credit_card_repayment,accepted_tiebreak,savings_transfer,credit_card_repayment,0.6,credit_card_repayment,credit_loan_repayments,46
miss jayde,transfer_p2p,accepted,transfer_p2p,transfer_p2p,0.75,,transfers,46
amacovendinglimite,convenience_store,accepted_general,convenience_store,convenience_store,0.55,confectionary,groceries_household_essentials,46
richard shaw,transfer_p2p,accepted,transfer_p2p,transfer_p2p,0.75,,transfers,46
david george howes,transfer_p2p,accepted,transfer_p2p,transfer_p2p,0.75,,transfers,46
syed waqar,transfer_p2p,accepted,transfer_p2p,transfer_p2p,0.75,,transfers,46
marbles creditcard,credit_card_repayment,accepted,credit_card_repayment,credit_card_repayment,0.85,,credit_loan_repayments,46
gemini stores,convenience_store,accepted,convenience_store,convenience_store,0.7,,groceries_household_essentials,46
hollybush,pub_bar,accepted_tiebreak,pub_bar,pub_bar,0.6,pub_bar,eating_drinking_out,46
lee dillon,transfer_p2p,accepted,transfer_p2p,transfer_p2p,0.75,,transfers,46
lakeside stores,convenience_store,accepted,convenience_store,convenience_store,0.7,,groceries_household_essentials,46
h g walter ltd,groceries_specialist,accepted_tiebreak,unclassified_other,groceries_specialist,0.6,groceries_specialist,groceries_household_essentials,46
e teasdale,transfer_p2p,accepted_tiebreak,groceries_specialist,transfer_p2p,0.5,transfer_p2p,transfers,46
paulina,transfer_p2p,accepted_tiebreak,transfer_p2p,transfer_p2p,0.65,transfer_p2p,transfers,46
mob connor food,unclassified_other,abstain_residual,takeaway,takeaway,0.4,unclassified_other,unclassified,46
aj s bar morec,pub_bar,accepted_tiebreak,pub_bar,pub_bar,0.65,pub_bar,eating_drinking_out,46
mr s j skipper,transfer_p2p,accepted,transfer_p2p,transfer_p2p,0.75,,transfers,46
d nie,transfer_p2p,accepted_tiebreak,transfer_p2p,transfer_p2p,0.55,transfer_p2p,transfers,46
mr b hawes-crad,transfer_p2p,accepted,transfer_p2p,transfer_p2p,0.75,,transfers,46
falcon coaches limited,public_transport_rail_coach,accepted,public_transport_rail_coach,public_transport_rail_coach,0.7,,transport_motoring,46
nwi home insurance,insurance_home,auto_accept,insurance_home,insurance_home,0.9,,insurance,46
miss megan d ford appl,transfer_p2p,accepted_tiebreak,transfer_p2p,transfer_p2p,0.6,transfer_p2p,transfers,46
paysend cd,transfer_international,accepted,transfer_international,transfer_international,0.75,,transfers,46
animal health care uk,veterinary,accepted,veterinary,veterinary,0.75,,pets,46
mos rev mos,unclassified_other,abstain_residual,transfer_p2p,transfer_p2p,0.5,unclassified_transfer,unclassified,46
goskippy,insurance_motor,accepted,insurance_motor,insurance_motor,0.75,,insurance,46
hmshost manchester air,airport_spend,accepted_tiebreak,airport_spend,restaurant_cafe,0.7,airport_spend,travel_holidays,46
lilly-may,transfer_p2p,accepted_tiebreak,retail_small_independent,transfer_p2p,0.7,transfer_p2p,transfers,46
abigail cartridg,transfer_p2p,accepted_tiebreak,transfer_p2p,transfer_p2p,0.65,transfer_p2p,transfers,46
dhillons store,convenience_store,accepted_tiebreak,groceries,convenience_store,0.7,convenience_store,groceries_household_essentials,46
karsa limited,retail_small_independent,accepted_tiebreak,retail_small_independent,clothing_general,0.55,retail_small_independent,general_retail_marketplaces,46
g travers,transfer_p2p,accepted_tiebreak,transfer_p2p,transfer_p2p,0.65,transfer_p2p,transfers,46
abdul mushahid,transfer_p2p,accepted,transfer_p2p,transfer_p2p,0.7,,transfers,46
shen natwest via,transfer_p2p,accepted_tiebreak,transfer_p2p,transfer_p2p,0.55,transfer_p2p,transfers,46
avanti west coast,public_transport_rail_coach,accepted,public_transport_rail_coach,public_transport_rail_coach,0.85,,transport_motoring,46
island news,convenience_store,accepted_tiebreak,convenience_store,convenience_store,0.65,convenience_store,groceries_household_essentials,46
mom,transfer_p2p,accepted_tiebreak,unclassified_other,transfer_p2p,0.6,transfer_p2p,transfers,46
haroon durrani,transfer_p2p,accepted,transfer_p2p,transfer_p2p,0.7,,transfers,46
jackpotz compet,prize_competitions,accepted,prize_competitions,prize_competitions,0.85,,gambling,46
ms claire wilson,transfer_p2p,accepted,transfer_p2p,transfer_p2p,0.7,,transfers,46
mcleod,transfer_p2p,accepted_tiebreak,transfer_p2p,transfer_p2p,0.55,transfer_p2p,transfers,46
j baxter,transfer_p2p,accepted_tiebreak,transfer_p2p,transfer_p2p,0.6,transfer_p2p,transfers,46
maidenhead inn,pub_bar,accepted_tiebreak,pub_bar,pub_bar,0.65,pub_bar,eating_drinking_out,46
ashley j sweeney ...,transfer_p2p,accepted_tiebreak,transfer_p2p,transfer_p2p,0.65,transfer_p2p,transfers,46
s & s food and wine,convenience_store,accepted_tiebreak,convenience_store,convenience_store,0.6,convenience_store,groceries_household_essentials,46
seal bay,restaurant_cafe,accepted_general,restaurant_cafe,restaurant_cafe,0.5,eating_out_other,eating_drinking_out,46
pretty little thing,clothing_womens,accepted_tiebreak,clothing_general,clothing_womens,0.85,clothing_womens,clothing_personal_care,46
szymon pisula,transfer_p2p,accepted,transfer_p2p,transfer_p2p,0.7,,transfers,46
spar donaghmore,groceries,accepted,groceries,groceries,0.85,,groceries_household_essentials,46
tom tom,unclassified_recurring,accepted_tiebreak,unclassified_other,unclassified_recurring,0.4,unclassified_recurring,unclassified,46
cait,transfer_p2p,accepted_tiebreak,transfer_p2p,transfer_p2p,0.5,transfer_p2p,transfers,46
carl,transfer_p2p,accepted_tiebreak,transfer_p2p,transfer_p2p,0.6,transfer_p2p,transfers,46
laney pugh,transfer_p2p,accepted_tiebreak,transfer_p2p,transfer_p2p,0.6,transfer_p2p,transfers,46
s rushton,transfer_p2p,accepted_tiebreak,transfer_p2p,transfer_p2p,0.6,transfer_p2p,transfers,46
railway hotel,pub_bar,accepted_tiebreak,pub_bar,pub_bar,0.55,pub_bar,eating_drinking_out,46
dixon lane premier,unclassified_other,abstain_residual,convenience_store,unclassified_card_spend,0.3,groceries,unclassified,46
premier gurnos,convenience_store,accepted_general,convenience_store,convenience_store,0.55,groceries,groceries_household_essentials,46
in house cafe,restaurant_cafe,accepted,restaurant_cafe,restaurant_cafe,0.7,,eating_drinking_out,46
shayan food and wine,convenience_store,accepted_tiebreak,convenience_store,convenience_store,0.6,convenience_store,groceries_household_essentials,46
bronwyn atkinson & adam,transfer_p2p,accepted_tiebreak,transfer_p2p,transfer_p2p,0.6,transfer_p2p,transfers,46
gdk,restaurant_cafe,accepted_general,restaurant_cafe,restaurant_cafe,0.5,takeaway,eating_drinking_out,46
direct,unclassified_other,abstain_confirmed,payment_intermediary,unclassified_other,0.4,unclassified_other,unclassified,46
peak pharmacy,pharmacy,auto_accept,pharmacy,pharmacy,0.95,,health_medical,46
somy jain,transfer_p2p,accepted,transfer_p2p,transfer_p2p,0.75,,transfers,46
michelle,transfer_p2p,accepted,transfer_p2p,transfer_p2p,0.75,,transfers,46
nether st local,unclassified_other,abstain_residual,restaurant_cafe,restaurant_cafe,0.6,convenience_store,unclassified,46
shari kellman,transfer_p2p,accepted,transfer_p2p,transfer_p2p,0.75,,transfers,46
alfie,transfer_p2p,accepted,transfer_p2p,transfer_p2p,0.7,,transfers,46
tebex.org,gaming_online,accepted,gaming_online,gaming_online,0.7,,entertainment_leisure,46
hibba waseem,transfer_p2p,accepted,transfer_p2p,transfer_p2p,0.75,,transfers,46
byron,credit_card_repayment,human_reviewed,credit_card_repayment,credit_card_repayment,0.6,transfer_p2p,credit_loan_repayments,46
tay,transfer_p2p,accepted_tiebreak,transfer_p2p,personal_loan_repayment,0.5,transfer_p2p,transfers,46
pupa s shop ltd,convenience_store,accepted,convenience_store,convenience_store,0.75,,groceries_household_essentials,46
stuber,taxi_rideshare,accepted,taxi_rideshare,taxi_rideshare,0.85,,transport_motoring,46
amylou doherty,transfer_p2p,accepted,transfer_p2p,transfer_p2p,0.75,,transfers,46
seoul plaza,groceries_specialist,accepted_tiebreak,groceries_specialist,groceries,0.7,groceries_specialist,groceries_household_essentials,45
waqqas ali freddie,transfer_p2p,accepted,transfer_p2p,transfer_p2p,0.7,,transfers,45
roebuck,pub_bar,accepted_tiebreak,pub_bar,pub_bar,0.65,pub_bar,eating_drinking_out,45
d&g prem care plus,insurance_general,accepted_tiebreak,insurance_pet,insurance_general,0.7,insurance_general,insurance,45
ashbourne management,gym_fitness,accepted_tiebreak,property_management,gym_fitness,0.55,gym_fitness,health_medical,45
day today rothesay,convenience_store,accepted,convenience_store,convenience_store,0.75,,groceries_household_essentials,45
friary mill bakery,restaurant_cafe,accepted,restaurant_cafe,restaurant_cafe,0.7,,eating_drinking_out,45
hfvendingltd,confectionary,accepted_tiebreak,confectionary,confectionary,0.55,confectionary,groceries_household_essentials,45
waterfields,restaurant_cafe,accepted_tiebreak,restaurant_cafe,restaurant_cafe,0.55,restaurant_cafe,eating_drinking_out,45
v g foodstore,groceries,accepted_tiebreak,groceries,convenience_store,0.7,groceries,groceries_household_essentials,45
s longworth,transfer_p2p,accepted_tiebreak,transfer_p2p,transfer_p2p,0.6,transfer_p2p,transfers,45
joshua mckenna mum,transfer_p2p,accepted,transfer_p2p,transfer_p2p,0.85,,transfers,45
k hope,transfer_p2p,accepted_tiebreak,transfer_p2p,transfer_p2p,0.6,transfer_p2p,transfers,45
obasa,transfer_p2p,accepted_tiebreak,transfer_p2p,transfer_p2p,0.6,transfer_p2p,transfers,45
b mckean,transfer_p2p,accepted_tiebreak,transfer_p2p,transfer_p2p,0.6,transfer_p2p,transfers,45
mr a,transfer_p2p,accepted_tiebreak,transfer_p2p,transfer_p2p,0.55,transfer_p2p,transfers,45
nhsggc,unclassified_other,abstain_residual,health_other,unclassified_other,0.3,hospital,unclassified,45
the church of jesus christ of latter-day saints,charitable_donation,accepted,charitable_donation,charitable_donation,0.7,,charitable_political_giving,45
asa webb,transfer_p2p,accepted_tiebreak,transfer_p2p,transfer_p2p,0.6,transfer_p2p,transfers,45
natalia rola pi,transfer_p2p,accepted_tiebreak,transfer_p2p,transfer_p2p,0.55,transfer_p2p,transfers,45
fair oak local,convenience_store,accepted_tiebreak,pub_bar,convenience_store,0.55,convenience_store,groceries_household_essentials,45
brigita,transfer_p2p,accepted_tiebreak,transfer_p2p,transfer_p2p,0.6,transfer_p2p,transfers,45
the vending people,confectionary,accepted_tiebreak,confectionary,confectionary,0.55,confectionary,groceries_household_essentials,45
gale street groceries,groceries,accepted,groceries,groceries,0.7,,groceries_household_essentials,45
metro express stores ltd,convenience_store,accepted_tiebreak,convenience_store,convenience_store,0.6,convenience_store,groceries_household_essentials,45
the harp,pub_bar,accepted,pub_bar,pub_bar,0.85,,eating_drinking_out,45
cerebrumiq,unclassified_other,abstain_residual,supplements,unclassified_other,0.4,online_services,unclassified,45
c selecta,confectionary,accepted,confectionary,confectionary,0.7,,groceries_household_essentials,45
its only money,unclassified_other,abstain_residual,restaurant_cafe,restaurant_cafe,0.5,unclassified_other,unclassified,45
kings,unclassified_other,abstain_confirmed,hospital,unclassified_other,0.4,unclassified_other,unclassified,45
pay weekly limited,retail_finance_repayment,accepted_tiebreak,catalogue_retail,retail_finance_repayment,0.6,retail_finance_repayment,credit_loan_repayments,45
liscard convenience st,convenience_store,accepted,convenience_store,convenience_store,0.85,,groceries_household_essentials,45
onslow mini market,convenience_store,accepted,convenience_store,convenience_store,0.85,,groceries_household_essentials,45
jessica moreira,transfer_p2p,accepted_tiebreak,transfer_p2p,transfer_p2p,0.55,transfer_p2p,transfers,45
ascona,fuel,accepted_tiebreak,sports_equipment,fuel,0.5,fuel,transport_motoring,45
roman express,convenience_store,accepted,convenience_store,convenience_store,0.7,,groceries_household_essentials,45
shane lafeuillee,transfer_p2p,accepted_tiebreak,transfer_p2p,transfer_p2p,0.65,transfer_p2p,transfers,45
gemma stevenson love,transfer_p2p,accepted,transfer_p2p,transfer_p2p,0.75,,transfers,45
universal stor,convenience_store,accepted_tiebreak,convenience_store,convenience_store,0.6,convenience_store,groceries_household_essentials,45
mercadona,groceries,accepted,groceries,groceries,0.85,,groceries_household_essentials,45
plum reference,savings_transfer,accepted,savings_transfer,savings_transfer,0.85,,savings_investments,45
nihe,rent,accepted_tiebreak,housing_other,rent,0.55,rent,housing,45
c martin,transfer_p2p,accepted_tiebreak,transfer_p2p,transfer_p2p,0.5,transfer_p2p,transfers,45
bmbc,council_tax,accepted_tiebreak,council_tax,council_tax,0.55,council_tax,council_tax_government,45
council,council_tax,accepted,council_tax,council_tax,0.7,,council_tax_government,45
norfolk and norwich university hospital,hospital,accepted,hospital,hospital,0.7,,health_medical,45
kallie ro,transfer_p2p,accepted_tiebreak,unclassified_other,transfer_p2p,0.55,transfer_p2p,transfers,45
karama sheikh,transfer_p2p,accepted,transfer_p2p,transfer_p2p,0.7,,transfers,45
hi5 retail,unclassified_other,abstain_residual,gaming_online,unclassified_other,0.3,retail_small_independent,unclassified,45
gentleman jim,unclassified_other,abstain_residual,transfer_p2p,transfer_p2p,0.4,pub_bar,unclassified,45
c wood,transfer_p2p,accepted_tiebreak,transfer_p2p,transfer_p2p,0.6,transfer_p2p,transfers,45
h warren,transfer_p2p,accepted_tiebreak,transfer_p2p,transfer_p2p,0.55,transfer_p2p,transfers,45
ontopup,mobile_phone_contract,accepted_tiebreak,mobile_phone_contract,prepaid_card,0.5,mobile_phone_contract,utilities_household_bills,45
haggerston castle,holiday_uk,accepted_tiebreak,camping_holiday,holiday_uk,0.6,holiday_uk,travel_holidays,45
rent 2 buytv ltd,retail_finance_repayment,accepted_tiebreak,retail_finance_repayment,retail_finance_repayment,0.6,retail_finance_repayment,credit_loan_repayments,45
medway maritime hospital,hospital,accepted,hospital,hospital,0.75,,health_medical,45
rocket stores ltd,convenience_store,accepted_tiebreak,convenience_store,convenience_store,0.6,convenience_store,groceries_household_essentials,45
bourtreehill supermark,groceries,accepted,groceries,groceries,0.7,,groceries_household_essentials,45
jeke canakaivata,transfer_p2p,accepted,transfer_p2p,transfer_p2p,0.7,,transfers,45
mr connor lydon,transfer_p2p,accepted,transfer_p2p,transfer_p2p,0.7,,transfers,45
dougl,unclassified_other,abstain_confirmed,unclassified_other,unclassified_other,0.4,,unclassified,45
central off licence,alcohol_beer_spirits,accepted_tiebreak,alcohol_beer_spirits,alcohol_beer_spirits,0.6,alcohol_beer_spirits,groceries_household_essentials,45
jack a thomas,transfer_p2p,accepted,transfer_p2p,transfer_p2p,0.7,,transfers,45
miss milly brewer,transfer_p2p,accepted,transfer_p2p,transfer_p2p,0.7,,transfers,45
chaotic redhill,unclassified_other,abstain_confirmed,unclassified_other,unclassified_other,0.35,,unclassified,45
youtube on,streaming,auto_accept,streaming,streaming,0.9,,digital_subscriptions_services,45
payoff,personal_loan_repayment,accepted,personal_loan_repayment,personal_loan_repayment,0.75,,credit_loan_repayments,45
k green,transfer_p2p,accepted_tiebreak,transfer_p2p,transfer_p2p,0.6,transfer_p2p,transfers,45
international food centre,groceries_specialist,accepted_tiebreak,groceries_specialist,groceries,0.75,groceries_specialist,groceries_household_essentials,45
sinead ki,transfer_p2p,accepted,transfer_p2p,transfer_p2p,0.7,,transfers,45
lamberts bedford ltd,restaurant_cafe,accepted_general,restaurant_cafe,restaurant_cafe,0.5,pub_bar,eating_drinking_out,45
evie,transfer_p2p,accepted_tiebreak,transfer_p2p,transfer_p2p,0.6,transfer_p2p,transfers,45
cd wilson s of,unclassified_other,abstain_confirmed,unclassified_other,unclassified_other,0.4,,unclassified,45
k mullings,transfer_p2p,accepted_tiebreak,transfer_p2p,transfer_p2p,0.55,transfer_p2p,transfers,45
gemma mchale,transfer_p2p,accepted,transfer_p2p,transfer_p2p,0.7,,transfers,45
boyle's ballycastle,pub_bar,accepted_tiebreak,pub_bar,restaurant_cafe,0.5,pub_bar,eating_drinking_out,45
emilia oukaci,transfer_p2p,accepted_tiebreak,transfer_p2p,transfer_p2p,0.55,transfer_p2p,transfers,45
uk funerals,funeral,accepted,funeral,funeral,0.7,,health_medical,45
park xmas savgs,savings_transfer,accepted_tiebreak,savings_transfer,savings_transfer,0.65,savings_transfer,savings_investments,45
enfield food centre,groceries,accepted_tiebreak,groceries_specialist,groceries,0.75,groceries,groceries_household_essentials,45
varun,transfer_p2p,accepted,transfer_p2p,transfer_p2p,0.7,,transfers,45
the old dairy,groceries_specialist,accepted_tiebreak,groceries_specialist,groceries,0.6,groceries_specialist,groceries_household_essentials,45
kyi humphries,transfer_p2p,accepted,transfer_p2p,transfer_p2p,0.7,,transfers,45
miss millie,transfer_p2p,accepted_tiebreak,transfer_p2p,transfer_p2p,0.55,transfer_p2p,transfers,45
jahearie mcneish,transfer_p2p,accepted,transfer_p2p,transfer_p2p,0.7,,transfers,45
s an s news & win,convenience_store,accepted_tiebreak,convenience_store,unclassified_other,0.3,convenience_store,groceries_household_essentials,45
trainparty,public_transport_rail_coach,accepted_tiebreak,public_transport_rail_coach,public_transport_rail_coach,0.55,public_transport_rail_coach,transport_motoring,45
reevo,unclassified_other,abstain_confirmed,unclassified_other,unclassified_other,0.3,,unclassified,45
the sun inn,pub_bar,accepted,pub_bar,pub_bar,0.7,,eating_drinking_out,45
loui hector,transfer_p2p,accepted_tiebreak,restaurant_cafe,transfer_p2p,0.55,transfer_p2p,transfers,45
joe supermarket,groceries,accepted,groceries,groceries,0.75,,groceries_household_essentials,45
floribeth pena de,transfer_p2p,accepted,transfer_p2p,transfer_p2p,0.7,,transfers,45
ashley rees,transfer_p2p,accepted_tiebreak,transfer_p2p,transfer_p2p,0.65,transfer_p2p,transfers,45
mob f foley,transfer_p2p,accepted_tiebreak,transfer_p2p,transfer_p2p,0.6,transfer_p2p,transfers,45
d high,transfer_p2p,accepted_tiebreak,transfer_p2p,transfer_p2p,0.55,transfer_p2p,transfers,45
e-surgery,pharmacy,accepted_general,pharmacy,pharmacy,0.6,medicine,health_medical,44
discovery entertai...,streaming,accepted,streaming,streaming,0.85,,digital_subscriptions_services,44
hibberd sga,transfer_p2p,accepted_tiebreak,transfer_p2p,transfer_p2p,0.55,transfer_p2p,transfers,44
perfect fried chicken,takeaway,accepted,takeaway,takeaway,0.85,,eating_drinking_out,44
spearhead cars,taxi_rideshare,accepted_tiebreak,car_hire,taxi_rideshare,0.5,taxi_rideshare,transport_motoring,44
dpas,dentist,accepted_tiebreak,dentist,dentist,0.6,dentist,health_medical,44
a morgan,transfer_p2p,accepted_tiebreak,transfer_p2p,transfer_p2p,0.55,transfer_p2p,transfers,44
cd freshgo,convenience_store,accepted_general,convenience_store,convenience_store,0.5,groceries,groceries_household_essentials,44
delltron limited,unclassified_other,abstain_confirmed,unclassified_other,unclassified_other,0.3,,unclassified,44
s t singh money,transfer_p2p,accepted_tiebreak,transfer_p2p,transfer_p2p,0.55,transfer_p2p,transfers,44
lynsey burnicle bills,transfer_p2p,accepted_tiebreak,transfer_p2p,transfer_p2p,0.6,transfer_p2p,transfers,44
city,unclassified_other,abstain_confirmed,airport_spend,unclassified_other,0.3,unclassified_other,unclassified,44
june morrish julie,transfer_p2p,accepted_tiebreak,transfer_p2p,transfer_p2p,0.6,transfer_p2p,transfers,44
thomas mccafferty mags,transfer_p2p,accepted_tiebreak,transfer_p2p,transfer_p2p,0.6,transfer_p2p,transfers,44
food & wine,convenience_store,accepted_tiebreak,convenience_store,convenience_store,0.6,convenience_store,groceries_household_essentials,44
miss molly,unclassified_other,abstain_residual,restaurant_cafe,transfer_p2p,0.5,unclassified_other,unclassified,44
co-operative group food,groceries,accepted,groceries,groceries,0.7,,groceries_household_essentials,44
samuel goodfield,transfer_p2p,accepted_tiebreak,transfer_p2p,transfer_p2p,0.6,transfer_p2p,transfers,44
n k news,convenience_store,accepted_tiebreak,convenience_store,convenience_store,0.6,convenience_store,groceries_household_essentials,44
lexi johnstone,transfer_p2p,accepted_tiebreak,transfer_p2p,transfer_p2p,0.6,transfer_p2p,transfers,44
c castle vending craigavon,unclassified_other,abstain_residual,unclassified_other,convenience_store,0.5,confectionary,unclassified,44
philipwynne,transfer_p2p,accepted_tiebreak,transfer_p2p,transfer_p2p,0.6,transfer_p2p,transfers,44
price street sports lo,unclassified_other,abstain_residual,sports_equipment,sports_participation,0.4,retail_small_independent,unclassified,44
pavish super store,groceries,accepted_tiebreak,groceries,groceries,0.6,groceries,groceries_household_essentials,44
ronaldson renovations,tradesmen,accepted_tiebreak,home_repair,tradesmen,0.5,tradesmen,home_garden,44
classic news,convenience_store,accepted_tiebreak,convenience_store,convenience_store,0.6,convenience_store,groceries_household_essentials,44
vantage,unclassified_other,abstain_residual,credit_card_repayment,credit_card_repayment,0.4,unclassified_other,unclassified,44
lewis,transfer_p2p,accepted_tiebreak,transfer_p2p,transfer_p2p,0.5,transfer_p2p,transfers,44
dvla-re,road_tax,accepted,road_tax,road_tax,0.8,,transport_motoring,44
vishnu s,transfer_p2p,accepted_tiebreak,transfer_p2p,transfer_p2p,0.5,transfer_p2p,transfers,44
ringlestone farm shop,groceries_specialist,accepted,groceries_specialist,groceries_specialist,0.7,,groceries_household_essentials,44
bromley ringo ecom,car_parking,accepted,car_parking,car_parking,0.85,,transport_motoring,44
miss g,transfer_p2p,accepted,transfer_p2p,transfer_p2p,0.7,,transfers,44
mr d b neely d. neely,transfer_p2p,accepted_tiebreak,transfer_p2p,transfer_p2p,0.55,transfer_p2p,transfers,44
u khan,transfer_p2p,accepted_tiebreak,transfer_p2p,transfer_p2p,0.65,transfer_p2p,transfers,44
roniel ronquillo sto,transfer_p2p,accepted_tiebreak,transfer_p2p,transfer_p2p,0.6,transfer_p2p,transfers,44
j power,transfer_p2p,accepted_tiebreak,transfer_p2p,transfer_p2p,0.5,transfer_p2p,transfers,44
the village store,convenience_store,accepted,convenience_store,convenience_store,0.75,,groceries_household_essentials,44
raby cross con,convenience_store,accepted_tiebreak,convenience_store,unclassified_other,0.4,convenience_store,groceries_household_essentials,44
s an s news,convenience_store,accepted_tiebreak,convenience_store,convenience_store,0.65,convenience_store,groceries_household_essentials,44
jkh stores ltd,convenience_store,accepted,convenience_store,convenience_store,0.75,,groceries_household_essentials,44
romulo i,transfer_p2p,accepted_tiebreak,transfer_p2p,transfer_p2p,0.65,transfer_p2p,transfers,44
cd weston super mare,unclassified_other,abstain_residual,convenience_store,groceries,0.55,unclassified_card_spend,unclassified,44
easy shop,convenience_store,accepted,convenience_store,convenience_store,0.7,,groceries_household_essentials,44
unity link financial serv,transfer_international,human_reviewed,personal_loan_repayment,personal_loan_repayment,0.65,transfer_international,transfers,44
bayan al,transfer_p2p,accepted_tiebreak,transfer_p2p,transfer_p2p,0.5,transfer_p2p,transfers,44
emily forrester,transfer_p2p,accepted_tiebreak,transfer_p2p,transfer_p2p,0.65,transfer_p2p,transfers,44
mary o oyegoke,transfer_p2p,accepted_tiebreak,transfer_p2p,transfer_p2p,0.65,transfer_p2p,transfers,44
garips superstore ltd,convenience_store,accepted,convenience_store,convenience_store,0.7,,groceries_household_essentials,44
sussex cars,taxi_rideshare,accepted_tiebreak,taxi_rideshare,taxi_rideshare,0.5,taxi_rideshare,transport_motoring,44
dcvendingltd,confectionary,accepted_tiebreak,convenience_store,confectionary,0.55,confectionary,groceries_household_essentials,44
hadley j,transfer_p2p,accepted,transfer_p2p,transfer_p2p,0.7,,transfers,44
tg stamford hill sstn,unclassified_other,context_dependent,pub_bar,gambling_unspecified,0.5,unclassified_card_spend,unclassified,44
rhys edwards,transfer_p2p,accepted,transfer_p2p,transfer_p2p,0.7,,transfers,44
meon vale,restaurant_cafe,accepted_general,restaurant_cafe,restaurant_cafe,0.5,eating_out_other,eating_drinking_out,44
omv,fuel,accepted_tiebreak,fuel,fuel,0.6,fuel,transport_motoring,44
bismillah madina store,groceries_specialist,accepted_tiebreak,groceries_specialist,convenience_store,0.55,groceries_specialist,groceries_household_essentials,44
practice plan,dentist,accepted_tiebreak,dentist,dentist,0.6,dentist,health_medical,44
revolution,pub_bar,accepted_tiebreak,pub_bar,pub_bar,0.5,pub_bar,eating_drinking_out,44
organic food,groceries_specialist,accepted_tiebreak,groceries_specialist,groceries_specialist,0.5,groceries_specialist,groceries_household_essentials,44
lukasz grubecki,transfer_p2p,accepted,transfer_p2p,transfer_p2p,0.7,,transfers,44
downfield stor,convenience_store,accepted_tiebreak,convenience_store,convenience_store,0.55,convenience_store,groceries_household_essentials,44
cymraeg vending ltd,confectionary,accepted_tiebreak,convenience_store,confectionary,0.55,confectionary,groceries_household_essentials,44
dvla-yt,road_tax,accepted,road_tax,road_tax,0.85,,transport_motoring,44
miss alisha n campbell,transfer_p2p,accepted,transfer_p2p,transfer_p2p,0.7,,transfers,44
lv pet,insurance_pet,accepted_tiebreak,insurance_pet,insurance_pet,0.6,insurance_pet,pets,44
portobello pub compa,pub_bar,accepted,pub_bar,pub_bar,0.75,,eating_drinking_out,44
lovable,unclassified_other,abstain_residual,restaurant_cafe,restaurant_cafe,0.5,unclassified_other,unclassified,44
laneltd,unclassified_other,abstain_residual,beauty_treatment,beauty_treatment,0.4,unclassified_other,unclassified,44
bingo,gambling_bingo,accepted,gambling_bingo,gambling_bingo,0.85,,gambling,44
stormborn game,gaming_mobile,accepted_tiebreak,gaming_online,gaming_mobile,0.55,gaming_mobile,entertainment_leisure,44
preston bus,public_transport_rail_coach,auto_accept,public_transport_rail_coach,public_transport_rail_coach,0.9,,transport_motoring,44
lily,transfer_p2p,accepted,transfer_p2p,transfer_p2p,0.75,,transfers,44
c open all,convenience_store,accepted,convenience_store,convenience_store,0.85,,groceries_household_essentials,44
crunchies pizza,takeaway,accepted,takeaway,takeaway,0.75,,eating_drinking_out,44
darren davison materials wickes,home_improvement,accepted,home_improvement,home_improvement,0.75,,home_garden,44
one cd,software,accepted,software,software,0.7,,digital_subscriptions_services,44
miss kelly smith,transfer_p2p,accepted,transfer_p2p,transfer_p2p,0.7,,transfers,44
driver-moore lo,transfer_p2p,accepted_tiebreak,transfer_p2p,transfer_p2p,0.65,transfer_p2p,transfers,44
spencers news,convenience_store,accepted_tiebreak,convenience_store,newspapers,0.6,convenience_store,groceries_household_essentials,44
dvla-hg,road_tax,auto_accept,road_tax,road_tax,0.9,,transport_motoring,43
nursing midwifery,unclassified_other,abstain_residual,education_general,business_services,0.5,memberships,unclassified,43
ask global solutions,unclassified_other,abstain_confirmed,unclassified_other,unclassified_other,0.4,,unclassified,43
dvla-wr,road_tax,accepted,road_tax,road_tax,0.88,,transport_motoring,43
bakery,restaurant_cafe,accepted_tiebreak,restaurant_cafe,restaurant_cafe,0.6,restaurant_cafe,eating_drinking_out,43
steadypay cw rpmt,unclassified_other,abstain_residual,loan_repayment_manual,bnpl,0.75,payday_loan,unclassified,43
richard,transfer_p2p,accepted_tiebreak,transfer_p2p,transfer_p2p,0.6,transfer_p2p,transfers,43
mr luke r samson borrowed,transfer_p2p,accepted,transfer_p2p,transfer_p2p,0.7,,transfers,43
james convenience,convenience_store,accepted,convenience_store,convenience_store,0.85,,groceries_household_essentials,43
e collins,transfer_p2p,accepted,transfer_p2p,transfer_p2p,0.7,,transfers,43
j j moons,pub_bar,accepted_tiebreak,groceries,pub_bar,0.85,pub_bar,eating_drinking_out,43
chelmsford balloons,gifts_flowers,accepted_tiebreak,gifts_flowers,gifts_flowers,0.55,gifts_flowers,general_retail_marketplaces,43
pv fuerteventura,unclassified_other,abstain_residual,restaurant_cafe,restaurant_cafe,0.4,foreign_spend_unspecified,unclassified,43
greenland s social club,pub_bar,accepted_tiebreak,pub_bar,pub_bar,0.6,pub_bar,eating_drinking_out,43
me a,unclassified_other,abstain_residual,transfer_p2p,transfer_p2p,0.5,unclassified_transfer,unclassified,43
food2go,takeaway,accepted_tiebreak,takeaway,takeaway,0.6,takeaway,eating_drinking_out,43
laura ..... ft,transfer_p2p,accepted_tiebreak,transfer_p2p,transfer_p2p,0.6,transfer_p2p,transfers,43
mercedes-benz,car_finance_repayment,accepted_tiebreak,vehicle_purchase,car_finance_repayment,0.5,car_finance_repayment,credit_loan_repayments,43
the black bull,pub_bar,accepted,pub_bar,pub_bar,0.75,,eating_drinking_out,43
claritycheck uk,credit_reporting_service,accepted_tiebreak,credit_reporting_service,credit_reporting_service,0.6,credit_reporting_service,high_cost_distress_credit,43
ratp,public_transport_rail_coach,accepted,public_transport_rail_coach,public_transport_rail_coach,0.85,,transport_motoring,43
tesc,cash_withdrawal,accepted_tiebreak,unclassified_other,cash_withdrawal,0.5,cash_withdrawal,cash,43
the manor hotel,pub_bar,human_reviewed,accommodation,accommodation,0.55,pub_bar,eating_drinking_out,43
websit,web_services,accepted_tiebreak,web_services,web_services,0.5,web_services,digital_subscriptions_services,43
college express,public_transport_rail_coach,accepted_tiebreak,public_transport_rail_coach,public_transport_rail_coach,0.45,public_transport_rail_coach,transport_motoring,43
aaron james kennea,transfer_p2p,accepted_tiebreak,transfer_p2p,transfer_p2p,0.6,transfer_p2p,transfers,43
c first cymru,public_transport_rail_coach,accepted_tiebreak,public_transport_rail_coach,public_transport_rail_coach,0.55,public_transport_rail_coach,transport_motoring,43
phils minimarket ltd,convenience_store,accepted_tiebreak,convenience_store,convenience_store,0.6,convenience_store,groceries_household_essentials,43
wigan m market lt,unclassified_other,abstain_confirmed,unclassified_other,unclassified_other,0.3,,unclassified,43
chloe warren chlod,transfer_p2p,accepted_tiebreak,transfer_p2p,transfer_p2p,0.6,transfer_p2p,transfers,43
mya baker,transfer_p2p,accepted_tiebreak,transfer_p2p,transfer_p2p,0.6,transfer_p2p,transfers,43
roseanne m eyres,transfer_p2p,accepted_tiebreak,transfer_p2p,transfer_p2p,0.6,transfer_p2p,transfers,43
fashion nova,clothing_general,accepted_tiebreak,clothing_general,clothing_womens,0.7,clothing_general,clothing_personal_care,43
dvla-bj,road_tax,auto_accept,road_tax,road_tax,0.9,,transport_motoring,43
aelia,unclassified_other,abstain_confirmed,unclassified_other,unclassified_other,0.3,,unclassified,43
cards direct,unclassified_other,abstain_confirmed,unclassified_other,unclassified_other,0.3,,unclassified,43
mirza baig,transfer_p2p,accepted_tiebreak,transfer_p2p,transfer_p2p,0.6,transfer_p2p,transfers,43
the ring f & wi,unclassified_other,abstain_confirmed,unclassified_other,unclassified_other,0.3,,unclassified,43
c poulter,transfer_p2p,accepted_tiebreak,transfer_p2p,transfer_p2p,0.55,transfer_p2p,transfers,43
b lydon,transfer_p2p,accepted_tiebreak,transfer_p2p,transfer_p2p,0.55,transfer_p2p,transfers,43
jk convenience store,convenience_store,auto_accept,convenience_store,convenience_store,0.9,,groceries_household_essentials,43
mr ricky n mendry,transfer_p2p,accepted,transfer_p2p,transfer_p2p,0.7,,transfers,43
gravity,unclassified_other,abstain_residual,unclassified_other,restaurant_cafe,0.4,days_out,unclassified,43
wenzel's,restaurant_cafe,accepted_tiebreak,restaurant_cafe,restaurant_cafe,0.6,restaurant_cafe,eating_drinking_out,43
aci-uk,debt_collection,human_reviewed,unclassified_other,loan_repayment_other,0.5,debt_collection,high_cost_distress_credit,43
super pizza,takeaway,accepted_tiebreak,takeaway,takeaway,0.6,takeaway,eating_drinking_out,43
wendy,transfer_p2p,accepted_tiebreak,transfer_p2p,transfer_p2p,0.6,transfer_p2p,transfers,43
sweet crazy,unclassified_other,abstain_residual,takeaway,restaurant_cafe,0.4,confectionary,unclassified,43
h mayers,transfer_p2p,accepted_tiebreak,transfer_p2p,transfer_p2p,0.6,transfer_p2p,transfers,43
rontec h arlington,fuel,accepted_tiebreak,unclassified_other,fuel,0.8,fuel,transport_motoring,43
thistle stores,convenience_store,accepted_tiebreak,groceries,convenience_store,0.7,convenience_store,groceries_household_essentials,43
bestp,unclassified_other,abstain_confirmed,unclassified_other,unclassified_other,0.4,,unclassified,43
m goodey,transfer_p2p,accepted_tiebreak,transfer_p2p,transfer_p2p,0.6,transfer_p2p,transfers,43
deichmann shoes,footwear,auto_accept,footwear,footwear,0.9,,clothing_personal_care,43
ashley bluck,transfer_p2p,accepted_tiebreak,transfer_p2p,transfer_p2p,0.65,transfer_p2p,transfers,43
mary shelley,transfer_p2p,accepted_tiebreak,transfer_p2p,transfer_p2p,0.5,transfer_p2p,transfers,43
holli murphy loan,loan_repayment_manual,human_reviewed,personal_loan_repayment,loan_repayment_manual,0.6,transfer_p2p,credit_loan_repayments,43
esso chiseldon camp,fuel,accepted,fuel,fuel,0.85,,transport_motoring,43
jake williams,transfer_p2p,accepted_tiebreak,transfer_p2p,transfer_p2p,0.6,transfer_p2p,transfers,43
anand kumar karnat,transfer_p2p,accepted_tiebreak,transfer_p2p,transfer_p2p,0.6,transfer_p2p,transfers,43
gbp back pocket,transfer_own_account,accepted_tiebreak,transfer_own_account,savings_transfer,0.6,transfer_own_account,transfers,43
sidco newsagents,convenience_store,accepted_tiebreak,convenience_store,convenience_store,0.65,convenience_store,groceries_household_essentials,43
refreshment systems,confectionary,accepted_tiebreak,catering,confectionary,0.55,confectionary,groceries_household_essentials,43
intake,unclassified_other,abstain_confirmed,unclassified_other,unclassified_other,0.4,,unclassified,43
salad finance limi pv,personal_loan_repayment,accepted,personal_loan_repayment,personal_loan_repayment,0.75,,credit_loan_repayments,43
tgc services,unclassified_other,abstain_confirmed,unclassified_other,unclassified_other,0.4,,unclassified,43
shelby sinclair xmas,transfer_p2p,accepted_tiebreak,transfer_p2p,savings_transfer,0.55,transfer_p2p,transfers,43
kaulsoom,transfer_p2p,accepted_tiebreak,transfer_p2p,transfer_p2p,0.55,transfer_p2p,transfers,43
kelle kirkham,transfer_p2p,accepted_tiebreak,transfer_p2p,transfer_p2p,0.6,transfer_p2p,transfers,43
harvey williamson pv,transfer_p2p,accepted_tiebreak,transfer_p2p,transfer_p2p,0.6,transfer_p2p,transfers,43
r kargbo,transfer_p2p,accepted,transfer_p2p,transfer_p2p,0.7,,transfers,43
helen humphries mum,transfer_p2p,accepted,transfer_p2p,transfer_p2p,0.85,,transfers,43
pj stores,convenience_store,accepted_tiebreak,convenience_store,convenience_store,0.6,convenience_store,groceries_household_essentials,43
tomasz trela,transfer_p2p,accepted,transfer_p2p,transfer_p2p,0.75,,transfers,43
daniel oliver,transfer_p2p,accepted,transfer_p2p,transfer_p2p,0.75,,transfers,43
tracy,transfer_p2p,accepted_tiebreak,transfer_p2p,transfer_p2p,0.6,transfer_p2p,transfers,43
team rh trhs,gym_fitness,human_reviewed,loan_repayment_dd,personal_loan_repayment,0.6,gym_fitness,health_medical,43
aqsa supermarket,groceries,accepted,groceries,groceries,0.75,,groceries_household_essentials,43
olivecaterings,catering,accepted_tiebreak,catering,catering,0.6,catering,eating_drinking_out,43
docusign,software,accepted_tiebreak,web_services,software,0.7,software,digital_subscriptions_services,43
julie,transfer_p2p,accepted,transfer_p2p,transfer_p2p,0.7,,transfers,43
tsb account,transfer_own_account,accepted_tiebreak,transfer_own_account,transfer_own_account,0.6,transfer_own_account,transfers,43
z hooton,transfer_p2p,accepted,transfer_p2p,transfer_p2p,0.75,,transfers,43
leigh gibson save,savings_transfer,accepted_tiebreak,transfer_own_account,savings_transfer,0.75,savings_transfer,savings_investments,43
j walczak,transfer_p2p,accepted,transfer_p2p,transfer_p2p,0.75,,transfers,43
spar dalbeattie,groceries,accepted,groceries,groceries,0.85,,groceries_household_essentials,43
joe plaskitt,transfer_p2p,accepted,transfer_p2p,transfer_p2p,0.75,,transfers,43
joseph mccrudden,transfer_p2p,accepted,transfer_p2p,transfer_p2p,0.75,,transfers,43
cake box,restaurant_cafe,accepted_tiebreak,restaurant_cafe,restaurant_cafe,0.5,restaurant_cafe,eating_drinking_out,43
sky cine,streaming,accepted,streaming,streaming,0.8,,digital_subscriptions_services,43
euro market,groceries,accepted,groceries,groceries,0.75,,groceries_household_essentials,43
ad free for primev353,streaming,accepted_tiebreak,streaming,gaming_online,0.55,streaming,digital_subscriptions_services,43
ebie lokote,transfer_p2p,accepted_tiebreak,restaurant_cafe,transfer_p2p,0.6,transfer_p2p,transfers,43
brooks,transfer_p2p,accepted_tiebreak,transfer_p2p,transfer_p2p,0.55,transfer_p2p,transfers,43
c worsley sports club worsley,sports_participation,accepted_tiebreak,sports_participation,sports_participation,0.6,sports_participation,entertainment_leisure,43
kamsons pharmacy,pharmacy,auto_accept,pharmacy,pharmacy,0.9,,health_medical,43
son mom via,transfer_p2p,accepted,transfer_p2p,transfer_p2p,0.7,,transfers,43
the man in the moon,pub_bar,accepted,pub_bar,pub_bar,0.7,,eating_drinking_out,43
spar foodstores,groceries,auto_accept,groceries,groceries,0.9,,groceries_household_essentials,43
coin master,gaming_mobile,accepted,gaming_mobile,gaming_mobile,0.8,,entertainment_leisure,42
dvla-y,road_tax,accepted,road_tax,road_tax,0.85,,transport_motoring,42
vivastreet,advertising_services,human_reviewed,unclassified_other,adult_entertainment,0.5,advertising_services,business_self_employment,42
phoenix,unclassified_other,abstain_confirmed,unclassified_other,unclassified_other,0.4,,unclassified,42
connexus homes ltd,rent,accepted,rent,rent,0.85,,housing,42
l witty,transfer_p2p,accepted_tiebreak,transfer_p2p,transfer_p2p,0.6,transfer_p2p,transfers,42
winfield supermarket,groceries,accepted,groceries,groceries,0.8,,groceries_household_essentials,42
laura laura halifax,transfer_p2p,accepted,transfer_p2p,transfer_p2p,0.7,,transfers,42
california cliffs,unclassified_other,abstain_residual,restaurant_cafe,unclassified_other,0.35,holiday_uk,unclassified,42
bisl dial,insurance_motor,accepted_tiebreak,unclassified_other,insurance_motor,0.65,insurance_motor,insurance,42
counting house,pub_bar,accepted,pub_bar,pub_bar,0.7,,eating_drinking_out,42
very cd,catalogue_retail,accepted,catalogue_retail,catalogue_retail,0.85,,general_retail_marketplaces,42
cd nandos.co.uk,restaurant_cafe,auto_accept,restaurant_cafe,restaurant_cafe,0.95,,eating_drinking_out,42
international,unclassified_other,abstain_confirmed,unclassified_other,unclassified_other,0.4,,unclassified,42
hillington service sta,fuel,accepted_tiebreak,convenience_store,fuel,0.75,fuel,transport_motoring,42
cd kashing,gaming_mobile,accepted,gaming_mobile,gaming_mobile,0.75,,entertainment_leisure,42
marjorie hodgkiss,transfer_p2p,accepted,transfer_p2p,transfer_p2p,0.7,,transfers,42
nansledan stores,convenience_store,accepted,convenience_store,convenience_store,0.75,,groceries_household_essentials,42
simon phillips my,transfer_own_account,accepted_tiebreak,transfer_p2p,transfer_own_account,0.6,transfer_own_account,transfers,42
miss a mullen,transfer_p2p,accepted,transfer_p2p,transfer_p2p,0.7,,transfers,42
stephens bakery sh,restaurant_cafe,accepted_tiebreak,restaurant_cafe,restaurant_cafe,0.6,restaurant_cafe,eating_drinking_out,42
ticketsource,sports_tickets,accepted_general,sports_tickets,sports_tickets,0.5,entertainment_other,entertainment_leisure,42
city store,convenience_store,accepted_tiebreak,convenience_store,convenience_store,0.65,convenience_store,groceries_household_essentials,42
k ball,transfer_p2p,accepted_tiebreak,transfer_p2p,savings_transfer,0.55,transfer_p2p,transfers,42
monty,transfer_p2p,accepted,transfer_p2p,transfer_p2p,0.7,,transfers,42
olivia,transfer_p2p,accepted,transfer_p2p,transfer_p2p,0.7,,transfers,42
talk mobile ltd,mobile_phone_contract,auto_accept,mobile_phone_contract,mobile_phone_contract,0.9,,utilities_household_bills,42
rbht catering,catering,accepted,catering,catering,0.7,,eating_drinking_out,42
lost village,unclassified_other,abstain_residual,days_out,restaurant_cafe,0.5,eating_out_other,unclassified,42
george sheffield,unclassified_other,abstain_residual,restaurant_cafe,unclassified_other,0.4,eating_out_other,unclassified,42
j thomas .... ft,transfer_p2p,accepted_tiebreak,transfer_p2p,transfer_p2p,0.65,transfer_p2p,transfers,42
walmart,groceries,accepted_tiebreak,retail_other,groceries,0.7,groceries,groceries_household_essentials,42
dvla driver online,road_tax,accepted,road_tax,road_tax,0.85,,transport_motoring,42
tyne tunnels,tolls,auto_accept,tolls,tolls,0.9,,transport_motoring,42
dvla-w,road_tax,accepted,road_tax,road_tax,0.85,,transport_motoring,42
hysa,savings_transfer,accepted_tiebreak,transfer_p2p,savings_transfer,0.5,savings_transfer,savings_investments,42
bradley coldicott train,transfer_p2p,accepted_tiebreak,transfer_p2p,transfer_p2p,0.6,transfer_p2p,transfers,42
brivio,unclassified_other,abstain_confirmed,unclassified_other,unclassified_other,0.4,,unclassified,42
best smoker korner,vaping,accepted_tiebreak,tobacco,vaping,0.6,vaping,groceries_household_essentials,42
emma mclean emma ft,transfer_p2p,accepted,transfer_p2p,transfer_p2p,0.75,,transfers,42
nathan robert flet,transfer_p2p,accepted,transfer_p2p,transfer_p2p,0.7,,transfers,42
m kurzynska,transfer_p2p,accepted,transfer_p2p,transfer_p2p,0.7,,transfers,42
cheshire east coun,council_tax,accepted,council_tax,council_tax,0.85,,council_tax_government,42
westminster collection,retail_other,human_reviewed,debt_collection,debt_collection,0.5,retail_other,general_retail_marketplaces,42
vivo mini market,convenience_store,accepted,convenience_store,convenience_store,0.85,,groceries_household_essentials,42
corsehill stores,convenience_store,accepted,convenience_store,convenience_store,0.7,,groceries_household_essentials,42
dvla-pe,road_tax,accepted,road_tax,road_tax,0.85,,transport_motoring,42
sand bay,unclassified_other,abstain_confirmed,unclassified_other,unclassified_other,0.3,,unclassified,42
daughter bus,transfer_p2p,accepted_tiebreak,transfer_p2p,transfer_p2p,0.6,transfer_p2p,transfers,42
kayleigh obrien,transfer_p2p,accepted,transfer_p2p,transfer_p2p,0.75,,transfers,42
brother singhs ltd,takeaway,accepted_tiebreak,takeaway,restaurant_cafe,0.6,takeaway,eating_drinking_out,42
south,unclassified_other,context_dependent,council_tax,council_tax,0.55,unclassified_other,unclassified,42
shopping,unclassified_other,abstain_confirmed,unclassified_other,unclassified_other,0.4,,unclassified,42
caf tanni,restaurant_cafe,accepted_tiebreak,restaurant_cafe,restaurant_cafe,0.5,restaurant_cafe,eating_drinking_out,42
south west coaches limite,public_transport_rail_coach,accepted,public_transport_rail_coach,public_transport_rail_coach,0.75,,transport_motoring,42
washiru ltd,carwash,accepted_tiebreak,carwash,carwash,0.55,carwash,transport_motoring,42
manor store,convenience_store,accepted_tiebreak,retail_small_independent,convenience_store,0.65,convenience_store,groceries_household_essentials,42
m beckett,transfer_p2p,accepted_tiebreak,transfer_p2p,transfer_p2p,0.55,transfer_p2p,transfers,42
independent,unclassified_other,abstain_confirmed,beauty_treatment,unclassified_other,0.3,unclassified_other,unclassified,42
terrell owen frew,transfer_p2p,accepted_tiebreak,transfer_p2p,transfer_p2p,0.55,transfer_p2p,transfers,42
exchanged to,foreign_currency,accepted_tiebreak,foreign_currency,foreign_currency,0.6,foreign_currency,travel_holidays,42
donkey sanctuary drd,charitable_donation,accepted,charitable_donation,charitable_donation,0.7,,charitable_political_giving,42
westquay car park,car_parking,accepted,car_parking,car_parking,0.85,,transport_motoring,42
al-ayn,groceries_specialist,accepted_tiebreak,groceries,groceries_specialist,0.4,groceries_specialist,groceries_household_essentials,42
julie shelton,transfer_p2p,accepted_tiebreak,transfer_p2p,transfer_p2p,0.55,transfer_p2p,transfers,42
bake n take,takeaway,accepted_tiebreak,takeaway,takeaway,0.6,takeaway,eating_drinking_out,42
black diamond,unclassified_other,abstain_residual,retail_other,unclassified_other,0.3,unclassified_card_spend,unclassified,42
wui gbp mc,unclassified_other,abstain_confirmed,unclassified_other,unclassified_other,0.3,,unclassified,42
today's extra,unclassified_other,abstain_confirmed,unclassified_other,unclassified_other,0.3,,unclassified,42
lyndsay meechan,transfer_p2p,accepted_tiebreak,transfer_p2p,transfer_p2p,0.55,transfer_p2p,transfers,42
anghel costel dinu gift,transfer_p2p,accepted_tiebreak,transfer_p2p,transfer_p2p,0.6,transfer_p2p,transfers,42
e elliott,transfer_p2p,accepted_tiebreak,transfer_p2p,transfer_p2p,0.6,transfer_p2p,transfers,42
spar garden city,groceries,accepted,groceries,groceries,0.85,,groceries_household_essentials,42
the chequers,pub_bar,accepted,pub_bar,pub_bar,0.85,,eating_drinking_out,42
updraft ud,personal_loan_repayment,accepted,personal_loan_repayment,personal_loan_repayment,0.75,,credit_loan_repayments,42
payoff urvc,unclassified_other,abstain_confirmed,unclassified_other,bnpl,0.55,unclassified_other,unclassified,42
st convenience store,convenience_store,accepted,convenience_store,convenience_store,0.85,,groceries_household_essentials,42
cd leigham stores,convenience_store,accepted_tiebreak,convenience_store,convenience_store,0.6,convenience_store,groceries_household_essentials,42
moohamid,transfer_p2p,accepted,transfer_p2p,transfer_p2p,0.75,,transfers,42
amirah sharaz,transfer_p2p,accepted,transfer_p2p,transfer_p2p,0.7,,transfers,42
rolleston village store,convenience_store,accepted,convenience_store,convenience_store,0.85,,groceries_household_essentials,42
hickman b,transfer_p2p,accepted,transfer_p2p,transfer_p2p,0.75,,transfers,42
haider ali,transfer_p2p,accepted,transfer_p2p,transfer_p2p,0.75,,transfers,42
gary iddon mon,transfer_p2p,accepted_tiebreak,transfer_p2p,transfer_p2p,0.65,transfer_p2p,transfers,42
campbells service station,fuel,accepted_tiebreak,convenience_store,fuel,0.6,fuel,transport_motoring,42
myperfectcv.co.uk,career_services,accepted,career_services,career_services,0.85,,childcare_education,42
clinton s,gifts_flowers,accepted_tiebreak,unclassified_other,gifts_flowers,0.55,gifts_flowers,general_retail_marketplaces,42
r mccluskey,transfer_p2p,accepted_tiebreak,transfer_p2p,transfer_p2p,0.6,transfer_p2p,transfers,42
european express,unclassified_other,abstain_residual,unclassified_other,transport_other,0.4,convenience_store,unclassified,42
mr pretzels,takeaway,accepted,takeaway,takeaway,0.7,,eating_drinking_out,42
central england co op,groceries,accepted_tiebreak,unclassified_other,groceries,0.8,groceries,groceries_household_essentials,42
a hilden,transfer_p2p,accepted_tiebreak,transfer_p2p,transfer_p2p,0.6,transfer_p2p,transfers,42
summer thomas,transfer_p2p,accepted_tiebreak,transfer_p2p,transfer_p2p,0.6,transfer_p2p,transfers,42
little fresh,groceries,accepted_general,groceries,groceries,0.6,convenience_store,groceries_household_essentials,42
emmett brady,transfer_p2p,accepted_tiebreak,transfer_p2p,transfer_p2p,0.6,transfer_p2p,transfers,42
m ball,transfer_p2p,accepted_tiebreak,transfer_p2p,transfer_p2p,0.55,transfer_p2p,transfers,42
c smyth,transfer_p2p,accepted_tiebreak,transfer_p2p,transfer_p2p,0.55,transfer_p2p,transfers,42
oluwafayokemi,transfer_p2p,accepted_tiebreak,transfer_p2p,transfer_p2p,0.6,transfer_p2p,transfers,42
soham fitness & b,gym_fitness,accepted,gym_fitness,gym_fitness,0.75,,health_medical,42
ice cream,eating_out_other,accepted_tiebreak,takeaway,eating_out_other,0.6,eating_out_other,eating_drinking_out,41
creditfix,debt_management_plan,accepted,debt_management_plan,debt_management_plan,0.75,,high_cost_distress_credit,41
dvla-ys,road_tax,auto_accept,road_tax,road_tax,0.9,,transport_motoring,41
ascona haunchwood road,fuel,accepted_tiebreak,takeaway,fuel,0.5,fuel,transport_motoring,41
japan centre,groceries_specialist,accepted_tiebreak,groceries_specialist,groceries_specialist,0.55,groceries_specialist,groceries_household_essentials,41
gemma,transfer_p2p,accepted_tiebreak,transfer_p2p,transfer_p2p,0.6,transfer_p2p,transfers,41
steadypay pix,payday_loan,accepted_tiebreak,payday_loan,personal_loan_repayment,0.7,payday_loan,high_cost_distress_credit,41
valleys finance ltd,personal_loan_repayment,accepted,personal_loan_repayment,personal_loan_repayment,0.7,,credit_loan_repayments,41
be fibre,broadband_tv_phone,accepted,broadband_tv_phone,broadband_tv_phone,0.8,,utilities_household_bills,41
petsapp,veterinary,accepted_tiebreak,pet_supplies,veterinary,0.6,veterinary,pets,41
oluwatumininu,transfer_p2p,accepted_tiebreak,transfer_p2p,transfer_p2p,0.6,transfer_p2p,transfers,41
c dyson xx ft,transfer_p2p,accepted_tiebreak,transfer_p2p,transfer_p2p,0.55,transfer_p2p,transfers,41
j mullan,transfer_p2p,accepted_tiebreak,transfer_p2p,transfer_p2p,0.6,transfer_p2p,transfers,41
michael potter,transfer_p2p,accepted,transfer_p2p,transfer_p2p,0.7,,transfers,41
shop & go,convenience_store,accepted,convenience_store,convenience_store,0.75,,groceries_household_essentials,41
leppington,transfer_p2p,accepted_tiebreak,unclassified_other,transfer_p2p,0.6,transfer_p2p,transfers,41
niddrie commu sho,convenience_store,accepted_tiebreak,convenience_store,convenience_store,0.5,convenience_store,groceries_household_essentials,41
sohail qamar,unclassified_other,abstain_residual,unclassified_other,insurance_general,0.55,transfer_p2p,unclassified,41
fife eats,takeaway,accepted_tiebreak,restaurant_cafe,takeaway,0.75,takeaway,eating_drinking_out,41
foodhub stoke on,takeaway,accepted,takeaway,takeaway,0.85,,eating_drinking_out,41
prime video rent,streaming,accepted,streaming,streaming,0.85,,digital_subscriptions_services,41
cash convert ers,pawnbroker,accepted,pawnbroker,pawnbroker,0.75,,high_cost_distress_credit,41
luke,transfer_p2p,accepted,transfer_p2p,transfer_p2p,0.7,,transfers,41
nestle uk limited,groceries,accepted_general,groceries_specialist,groceries,0.5,confectionary,groceries_household_essentials,41
dylan,transfer_p2p,accepted,transfer_p2p,transfer_p2p,0.7,,transfers,41
weston convenience sto,convenience_store,accepted,convenience_store,convenience_store,0.85,,groceries_household_essentials,41
torn com,gaming_online,accepted_tiebreak,unclassified_other,gaming_online,0.55,gaming_online,entertainment_leisure,41
c bathu food and wine,unclassified_other,abstain_residual,restaurant_cafe,restaurant_cafe,0.5,convenience_store,unclassified,41
square enix,gaming_console_pc,accepted_tiebreak,gaming_console_pc,gaming_console_pc,0.6,gaming_console_pc,entertainment_leisure,41
nojimu olawale bas,transfer_p2p,accepted_tiebreak,transfer_p2p,transfer_p2p,0.55,transfer_p2p,transfers,41
c getin minimarket,convenience_store,accepted,convenience_store,convenience_store,0.7,,groceries_household_essentials,41
bp bluntisham service sta,fuel,auto_accept,fuel,fuel,0.9,,transport_motoring,41
quickstop,convenience_store,accepted_tiebreak,convenience_store,convenience_store,0.55,convenience_store,groceries_household_essentials,41
greenbank service st,unclassified_other,abstain_confirmed,unclassified_other,unclassified_other,0.3,,unclassified,41
connectvendingltd,unclassified_other,abstain_residual,unclassified_other,retail_other,0.4,confectionary,unclassified,41
wilmington,unclassified_other,abstain_confirmed,unclassified_other,unclassified_other,0.3,,unclassified,41
where 2 save,unclassified_other,abstain_residual,savings_transfer,savings_transfer,0.55,discount_store,unclassified,41
hmcourts-svs.gov.u,government_services,accepted,government_services,government_services,0.75,,council_tax_government,41
krystal summer,transfer_p2p,accepted_tiebreak,transfer_p2p,transfer_p2p,0.55,transfer_p2p,transfers,41
h ainan,transfer_p2p,accepted_tiebreak,transfer_p2p,transfer_p2p,0.5,transfer_p2p,transfers,41
thesun,newspapers,accepted_tiebreak,newspapers,newspapers,0.65,newspapers,entertainment_leisure,41
proper pasty company,takeaway,accepted_tiebreak,takeaway,restaurant_cafe,0.6,takeaway,eating_drinking_out,41
mutual clothing and suppl,unclassified_other,abstain_residual,clothing_workwear,clothing_general,0.65,catalogue_retail,unclassified,41
specialist motor,car_finance_repayment,accepted_tiebreak,vehicle_servicing,car_finance_repayment,0.7,car_finance_repayment,credit_loan_repayments,41
jilly mccabe xx,transfer_p2p,accepted,transfer_p2p,transfer_p2p,0.7,,transfers,41
salexmo competitions,prize_competitions,accepted_tiebreak,prize_competitions,prize_competitions,0.6,prize_competitions,gambling,41
trafalgar stores tenby,convenience_store,accepted_tiebreak,retail_small_independent,convenience_store,0.55,convenience_store,groceries_household_essentials,41
kaja,transfer_p2p,accepted,transfer_p2p,transfer_p2p,0.8,,transfers,41
guraya news,convenience_store,accepted_tiebreak,convenience_store,convenience_store,0.55,convenience_store,groceries_household_essentials,41
central convenience,convenience_store,accepted,convenience_store,convenience_store,0.7,,groceries_household_essentials,41
rhys velvick,transfer_p2p,accepted_tiebreak,transfer_p2p,transfer_p2p,0.6,transfer_p2p,transfers,41
garratt s & m,transfer_p2p,accepted_tiebreak,transfer_p2p,transfer_p2p,0.65,transfer_p2p,transfers,41
ryan crisp pay,transfer_p2p,accepted_tiebreak,transfer_p2p,transfer_p2p,0.6,transfer_p2p,transfers,41
paul's local,restaurant_cafe,accepted_tiebreak,pub_bar,restaurant_cafe,0.5,restaurant_cafe,eating_drinking_out,41
haylee mcclumpha bingo,gambling_bingo,accepted,gambling_bingo,gambling_bingo,0.75,,gambling,41
ringo bristol,car_parking,accepted_tiebreak,unclassified_other,car_parking,0.85,car_parking,transport_motoring,41
holidayextras,airport_parking,accepted_tiebreak,airport_parking,travel_other,0.65,airport_parking,travel_holidays,41
vitality life limited,insurance_life,accepted,insurance_life,insurance_life,0.85,,insurance,41
gem,unclassified_other,abstain_confirmed,unclassified_other,unclassified_other,0.3,,unclassified,41
multiple shops,marketplace_general,accepted,marketplace_general,marketplace_general,0.75,,general_retail_marketplaces,41
cd parms,convenience_store,accepted_tiebreak,convenience_store,convenience_store,0.6,convenience_store,groceries_household_essentials,41
gumtree com,marketplace_general,accepted,marketplace_general,marketplace_general,0.8,,general_retail_marketplaces,41
premier kk convenience,convenience_store,accepted,convenience_store,convenience_store,0.85,,groceries_household_essentials,41
fast food convenience,convenience_store,accepted_tiebreak,takeaway,convenience_store,0.6,convenience_store,groceries_household_essentials,41
oakleys spar,groceries,accepted,groceries,groceries,0.85,,groceries_household_essentials,41
mob m plus saver,savings_transfer,accepted,savings_transfer,savings_transfer,0.75,,savings_investments,41
ben bye,transfer_p2p,accepted_tiebreak,transfer_p2p,personal_loan_repayment,0.6,transfer_p2p,transfers,41
ed m morant enjoy,transfer_p2p,accepted_tiebreak,transfer_p2p,transfer_p2p,0.6,transfer_p2p,transfers,41
dvla-vk,road_tax,auto_accept,road_tax,road_tax,0.9,,transport_motoring,41
dane tansley,transfer_p2p,accepted_tiebreak,transfer_p2p,transfer_p2p,0.65,transfer_p2p,transfers,41
rashmin shilani,transfer_p2p,accepted_tiebreak,transfer_p2p,transfer_p2p,0.65,transfer_p2p,transfers,41
craig bennett,transfer_p2p,accepted_tiebreak,transfer_p2p,transfer_p2p,0.6,transfer_p2p,transfers,41
strachan craft bistro lim,restaurant_cafe,accepted_tiebreak,restaurant_cafe,restaurant_cafe,0.6,restaurant_cafe,eating_drinking_out,41
katrina walls shopping,transfer_p2p,accepted_tiebreak,unclassified_other,transfer_p2p,0.6,transfer_p2p,transfers,41
hotelcom,accommodation,auto_accept,accommodation,accommodation,0.9,,travel_holidays,41
city of salford,council_tax,accepted_tiebreak,car_parking,council_tax,0.6,council_tax,council_tax_government,41
harrison,transfer_p2p,accepted,transfer_p2p,transfer_p2p,0.7,,transfers,41
ao pi,unclassified_other,abstain_confirmed,unclassified_other,unclassified_other,0.4,,unclassified,41
taylor food store,groceries,accepted,groceries,groceries,0.7,,groceries_household_essentials,41
juliet,transfer_p2p,accepted_tiebreak,transfer_p2p,transfer_p2p,0.6,transfer_p2p,transfers,41
pj convenience store,convenience_store,accepted,convenience_store,convenience_store,0.85,,groceries_household_essentials,41
lewis bt,transfer_p2p,accepted_tiebreak,transfer_p2p,transfer_p2p,0.6,transfer_p2p,transfers,41
west street live,live_music,human_reviewed,live_music,live_music,0.5,pub_bar,entertainment_leisure,41
mobiletopup,mobile_phone_contract,accepted_tiebreak,mobile_phone_contract,mobile_phone_contract,0.55,mobile_phone_contract,utilities_household_bills,41
faye martin-robins,transfer_p2p,accepted,transfer_p2p,transfer_p2p,0.75,,transfers,41
j cannon,transfer_p2p,accepted,transfer_p2p,transfer_p2p,0.75,,transfers,41
katrina henry,transfer_p2p,accepted,transfer_p2p,transfer_p2p,0.75,,transfers,41
lisa southers,transfer_p2p,accepted,transfer_p2p,transfer_p2p,0.75,,transfers,41
keely fair,transfer_p2p,accepted,transfer_p2p,transfer_p2p,0.7,,transfers,41
select convenience,convenience_store,accepted,convenience_store,convenience_store,0.85,,groceries_household_essentials,41
discord inc.,online_services,accepted,online_services,online_services,0.7,,digital_subscriptions_services,41
maple,convenience_store,accepted_tiebreak,convenience_store,convenience_store,0.5,convenience_store,groceries_household_essentials,41
airpay,unclassified_other,abstain_confirmed,payment_intermediary,unclassified_other,0.3,unclassified_other,unclassified,41
tyler harris mama ft,transfer_p2p,accepted,transfer_p2p,transfer_p2p,0.75,,transfers,41
cd co op group food blyth,groceries,auto_accept,groceries,groceries,0.9,,groceries_household_essentials,41
water,unclassified_other,context_dependent,water,water,0.4,unclassified_other,unclassified,41
gemma turnbull gemma,transfer_p2p,accepted,transfer_p2p,transfer_p2p,0.8,,transfers,41
john davison,transfer_p2p,accepted,transfer_p2p,transfer_p2p,0.7,,transfers,41
terri,transfer_p2p,accepted_tiebreak,transfer_p2p,transfer_p2p,0.65,transfer_p2p,transfers,41
patricia robinson,transfer_p2p,accepted_tiebreak,transfer_p2p,transfer_p2p,0.6,transfer_p2p,transfers,41
teddy koibita,transfer_p2p,accepted,transfer_p2p,transfer_p2p,0.8,,transfers,41
metro express sto,convenience_store,accepted_tiebreak,public_transport_rail_coach,convenience_store,0.55,convenience_store,groceries_household_essentials,41
bhu,transfer_p2p,accepted_tiebreak,transfer_p2p,transfer_p2p,0.65,transfer_p2p,transfers,41
arron ferguson fun,transfer_p2p,accepted,transfer_p2p,transfer_p2p,0.75,,transfers,41
tony's food store chp,unclassified_other,abstain_residual,retail_small_independent,groceries,0.75,convenience_store,unclassified,41
driver and vehicle licensing agency,road_tax,accepted_tiebreak,road_tax,debt_enforcement,0.6,road_tax,transport_motoring,41
allwyn ent,gambling_lottery,accepted,gambling_lottery,gambling_lottery,0.85,,gambling,41
queensgate,unclassified_other,abstain_confirmed,unclassified_other,unclassified_other,0.3,,unclassified,41
motoringassistance,breakdown_cover,accepted,breakdown_cover,breakdown_cover,0.7,,transport_motoring,41
uni of south wales,education_general,accepted_tiebreak,education_general,education_general,0.5,education_general,childcare_education,41
premier vet,veterinary,accepted,veterinary,veterinary,0.85,,pets,41
edward morant,transfer_p2p,accepted,transfer_p2p,transfer_p2p,0.8,,transfers,41
trent barton,public_transport_rail_coach,accepted,public_transport_rail_coach,public_transport_rail_coach,0.75,,transport_motoring,41
ahmet karabay,transfer_p2p,accepted_tiebreak,transfer_p2p,transfer_p2p,0.55,transfer_p2p,transfers,41
warrington own buses,public_transport_rail_coach,auto_accept,public_transport_rail_coach,public_transport_rail_coach,0.9,,transport_motoring,41
t legend,unclassified_other,abstain_residual,transfer_p2p,transfer_p2p,0.5,unclassified_other,unclassified,41
charlotte franks,transfer_p2p,accepted_tiebreak,transfer_p2p,transfer_p2p,0.55,transfer_p2p,transfers,41
tele performance,unclassified_other,abstain_confirmed,unclassified_other,income_agency_work,0.5,unclassified_other,unclassified,41
h brako,transfer_p2p,accepted_tiebreak,transfer_p2p,transfer_p2p,0.6,transfer_p2p,transfers,41
katie eddie,transfer_p2p,accepted_tiebreak,transfer_p2p,transfer_p2p,0.65,transfer_p2p,transfers,41
bisla premier,unclassified_other,abstain_residual,restaurant_cafe,convenience_store,0.5,groceries,unclassified,41
mohammed sadiq,transfer_p2p,accepted_tiebreak,transfer_p2p,transfer_p2p,0.65,transfer_p2p,transfers,41
compcity giveaways,prize_competitions,accepted,prize_competitions,prize_competitions,0.75,,gambling,41
david howes,transfer_p2p,accepted_tiebreak,transfer_p2p,transfer_p2p,0.55,transfer_p2p,transfers,41
2u food micromarket,convenience_store,accepted_tiebreak,convenience_store,convenience_store,0.6,convenience_store,groceries_household_essentials,41
gbp childcare,childcare,accepted,childcare,childcare,0.7,,childcare_education,41
intuit limited,unclassified_other,abstain_residual,software,software,0.65,accountancy,unclassified,41
wenzels the ba,restaurant_cafe,accepted_tiebreak,pub_bar,restaurant_cafe,0.6,restaurant_cafe,eating_drinking_out,41
dvla-lr,road_tax,accepted,road_tax,road_tax,0.85,,transport_motoring,41
oyster,public_transport_rail_coach,accepted_tiebreak,transfer_own_account,public_transport_rail_coach,0.75,public_transport_rail_coach,transport_motoring,41
dvla-fy,road_tax,accepted,road_tax,road_tax,0.85,,transport_motoring,41
a wlodarczyk,transfer_p2p,accepted_tiebreak,transfer_p2p,transfer_p2p,0.55,transfer_p2p,transfers,41
harrington,transfer_p2p,accepted_tiebreak,transfer_p2p,transfer_p2p,0.6,transfer_p2p,transfers,41
cancer research,charitable_donation,auto_accept,charitable_donation,charitable_donation,0.9,,charitable_political_giving,41
mariesa doherty,transfer_p2p,accepted_tiebreak,transfer_p2p,transfer_p2p,0.65,transfer_p2p,transfers,41
samsungelec cd,unclassified_other,abstain_residual,computing_devices,electrical_goods,0.6,software,unclassified,41
dawn prewett,unclassified_other,abstain_residual,unclassified_other,transfer_p2p,0.55,unclassified_card_spend,unclassified,41
k bufuman,transfer_p2p,accepted_tiebreak,transfer_p2p,transfer_p2p,0.6,transfer_p2p,transfers,41
euro foods yorksh,groceries,accepted_general,groceries,groceries,0.65,groceries_specialist,groceries_household_essentials,41
katie maguire,transfer_p2p,accepted,transfer_p2p,transfer_p2p,0.7,,transfers,41
faith davies spend,transfer_p2p,accepted_tiebreak,transfer_p2p,transfer_own_account,0.65,transfer_p2p,transfers,41
buckley express,convenience_store,accepted_tiebreak,unclassified_other,convenience_store,0.55,convenience_store,groceries_household_essentials,41
clwb golff,sports_participation,accepted_tiebreak,transfer_p2p,sports_participation,0.5,sports_participation,entertainment_leisure,41
daniel chappell,transfer_p2p,accepted_tiebreak,transfer_p2p,transfer_p2p,0.65,transfer_p2p,transfers,41
hillside filling stati,fuel,accepted,fuel,fuel,0.85,,transport_motoring,40
options management ltd,unclassified_other,abstain_confirmed,unclassified_other,personal_loan_repayment,0.6,unclassified_other,unclassified,40
c esso,fuel,accepted,fuel,fuel,0.85,,transport_motoring,40
the great harry,pub_bar,accepted_tiebreak,pub_bar,savings_transfer,0.55,pub_bar,eating_drinking_out,40
etsyireland,marketplace_general,accepted,marketplace_general,marketplace_general,0.85,,general_retail_marketplaces,40
amznmktplac e,marketplace_amazon,accepted,marketplace_amazon,marketplace_amazon,0.85,,general_retail_marketplaces,40
dvla-ku,road_tax,accepted,road_tax,road_tax,0.85,,transport_motoring,40
tanz,unclassified_other,abstain_confirmed,unclassified_other,unclassified_other,0.4,,unclassified,40
ashley mccafferty mum,transfer_p2p,accepted,transfer_p2p,transfer_p2p,0.8,,transfers,40
boojum,restaurant_cafe,accepted,restaurant_cafe,restaurant_cafe,0.75,,eating_drinking_out,40
t helsby,transfer_p2p,accepted_tiebreak,transfer_p2p,transfer_p2p,0.6,transfer_p2p,transfers,40
today's enterprise ltd ta,unclassified_other,abstain_residual,car_hire,transport_other,0.4,unclassified_other,unclassified,40
abigail venters abi,transfer_p2p,accepted,transfer_p2p,transfer_p2p,0.8,,transfers,40
trendyol-dolap,marketplace_general,accepted_tiebreak,marketplace_general,marketplace_general,0.6,marketplace_general,general_retail_marketplaces,40
aziza gubran,transfer_p2p,accepted,transfer_p2p,transfer_p2p,0.75,,transfers,40
caroline ford,transfer_p2p,accepted_tiebreak,transfer_p2p,transfer_p2p,0.55,transfer_p2p,transfers,40
ruth plaice,transfer_p2p,accepted_tiebreak,transfer_p2p,transfer_p2p,0.6,transfer_p2p,transfers,40
brogan,transfer_p2p,accepted_tiebreak,transfer_p2p,transfer_p2p,0.65,transfer_p2p,transfers,40
m and m frampton food,groceries_specialist,accepted_tiebreak,groceries_specialist,groceries,0.6,groceries_specialist,groceries_household_essentials,40
o tuck,transfer_p2p,accepted_tiebreak,transfer_p2p,transfer_p2p,0.55,transfer_p2p,transfers,40
morebus,public_transport_rail_coach,accepted,public_transport_rail_coach,public_transport_rail_coach,0.85,,transport_motoring,40
asian cash carry limite,cash_and_carry,accepted,cash_and_carry,cash_and_carry,0.75,,groceries_household_essentials,40
krr food and w,takeaway,accepted_tiebreak,takeaway,groceries,0.4,takeaway,eating_drinking_out,40
hitesh pradhan loan,personal_loan_repayment,accepted,personal_loan_repayment,personal_loan_repayment,0.7,,credit_loan_repayments,40
ebonie,transfer_p2p,accepted_tiebreak,transfer_p2p,transfer_p2p,0.65,transfer_p2p,transfers,40
naomi-jo,transfer_p2p,accepted_tiebreak,transfer_p2p,transfer_p2p,0.65,transfer_p2p,transfers,40
cd mersey,tolls,accepted,tolls,tolls,0.85,,transport_motoring,40
dvla-sh,road_tax,accepted,road_tax,road_tax,0.85,,transport_motoring,40
j hamblet,transfer_p2p,accepted_tiebreak,transfer_p2p,transfer_p2p,0.6,transfer_p2p,transfers,40
hollywoodbowlgroup,days_out,accepted_general,entertainment_other,days_out,0.7,sports_participation,entertainment_leisure,40
online home shop limited,home_accessories,accepted_tiebreak,home_accessories,retail_other,0.5,home_accessories,home_garden,40
sanaam,transfer_p2p,accepted,transfer_p2p,transfer_p2p,0.75,,transfers,40
broomhill off sales green,alcohol_beer_spirits,accepted_tiebreak,convenience_store,alcohol_beer_spirits,0.6,alcohol_beer_spirits,groceries_household_essentials,40
scotmid,groceries,accepted,groceries,groceries,0.75,,groceries_household_essentials,40
cd greens,groceries,accepted_tiebreak,groceries,groceries,0.55,groceries,groceries_household_essentials,40
stwater,water,auto_accept,water,water,0.9,,utilities_household_bills,40
riot,gaming_online,accepted_tiebreak,gaming_online,gaming_online,0.6,gaming_online,entertainment_leisure,40
docherty jd,transfer_p2p,accepted,transfer_p2p,transfer_p2p,0.75,,transfers,40
cd compass,public_transport_rail_coach,accepted_tiebreak,public_transport_rail_coach,public_transport_rail_coach,0.65,public_transport_rail_coach,transport_motoring,40
evangelos alexiou,transfer_p2p,accepted,transfer_p2p,transfer_p2p,0.7,,transfers,40
mis hayley thatcheheidi,transfer_p2p,accepted,transfer_p2p,transfer_p2p,0.7,,transfers,40
sn local convenience,convenience_store,accepted_tiebreak,convenience_store,convenience_store,0.6,convenience_store,groceries_household_essentials,40
david dyce love,transfer_p2p,accepted,transfer_p2p,transfer_p2p,0.7,,transfers,40
cd marsh lane convenienc,convenience_store,accepted_tiebreak,convenience_store,convenience_store,0.6,convenience_store,groceries_household_essentials,40
n sargeant,transfer_p2p,accepted_tiebreak,transfer_p2p,transfer_p2p,0.6,transfer_p2p,transfers,40
www.gov.uk pay-dartfor,tolls,accepted_tiebreak,tax_payment,tolls,0.8,tolls,transport_motoring,40
hills of corby hill sp,convenience_store,accepted_tiebreak,convenience_store,convenience_store,0.5,convenience_store,groceries_household_essentials,40
tobys mini mart,convenience_store,accepted_tiebreak,convenience_store,convenience_store,0.65,convenience_store,groceries_household_essentials,40
jdgyms,gym_fitness,auto_accept,gym_fitness,gym_fitness,0.9,,health_medical,40
a everett,transfer_p2p,accepted,transfer_p2p,transfer_p2p,0.7,,transfers,40
molly,transfer_p2p,accepted,transfer_p2p,transfer_p2p,0.75,,transfers,40
jd sports dc1,sportswear,accepted,sportswear,sportswear,0.85,,clothing_personal_care,40
premier highfield supe,convenience_store,accepted,convenience_store,convenience_store,0.7,,groceries_household_essentials,40
rocky lane mini ma,convenience_store,accepted_tiebreak,unclassified_other,convenience_store,0.6,convenience_store,groceries_household_essentials,40
cool foods,convenience_store,accepted_general,convenience_store,convenience_store,0.55,groceries,groceries_household_essentials,40
m g kingwell dad,transfer_p2p,accepted,transfer_p2p,transfer_p2p,0.7,,transfers,40
elif food centre,groceries_specialist,accepted_tiebreak,groceries_specialist,convenience_store,0.6,groceries_specialist,groceries_household_essentials,40
kevin,transfer_p2p,accepted_tiebreak,transfer_p2p,transfer_p2p,0.65,transfer_p2p,transfers,40
j edwards,transfer_p2p,accepted_tiebreak,transfer_p2p,transfer_p2p,0.65,transfer_p2p,transfers,40
worldwide foods,groceries_specialist,accepted_tiebreak,groceries_specialist,convenience_store,0.55,groceries_specialist,groceries_household_essentials,40
premfina ltd,insurance_general,accepted_tiebreak,retail_finance_repayment,insurance_general,0.75,insurance_general,insurance,40
nret,returned_payment,accepted_tiebreak,refund_received,returned_payment,0.75,returned_payment,fees_charges,40
leanne lucas,transfer_p2p,accepted,transfer_p2p,transfer_p2p,0.7,,transfers,40
wh smith qe hospital wool,books,accepted_tiebreak,books,retail_other,0.55,books,entertainment_leisure,40
kirsty pope,transfer_p2p,accepted,transfer_p2p,transfer_p2p,0.75,,transfers,40
patrick raymer,transfer_p2p,accepted,transfer_p2p,transfer_p2p,0.75,,transfers,40
moshood shittu,transfer_p2p,accepted,transfer_p2p,transfer_p2p,0.7,,transfers,40
val kingston,transfer_p2p,accepted,transfer_p2p,transfer_p2p,0.7,,transfers,40
aps international limited,unclassified_other,abstain_confirmed,unclassified_other,transfer_international,0.55,unclassified_other,unclassified,40
cd spar donaghadee,groceries,accepted,groceries,groceries,0.85,,groceries_household_essentials,40
morvend ltd,confectionary,accepted_tiebreak,confectionary,convenience_store,0.4,confectionary,groceries_household_essentials,40
uk mh building so loan,unclassified_other,abstain_residual,loan_repayment_dd,mortgage,0.6,loan_repayment_other,unclassified,40
alis convenience pp,convenience_store,accepted,convenience_store,convenience_store,0.85,,groceries_household_essentials,40
dvla-da,road_tax,auto_accept,road_tax,road_tax,0.9,,transport_motoring,40
roostermoney,prepaid_card,accepted_tiebreak,prepaid_card,money_management_service,0.6,prepaid_card,transfers,40
home,unclassified_other,abstain_confirmed,unclassified_other,unclassified_other,0.4,,unclassified,40
rainy day,savings_transfer,accepted,savings_transfer,savings_transfer,0.8,,savings_investments,40
vantage markets,forex_trading,accepted_tiebreak,forex_trading,investment_trading,0.6,forex_trading,savings_investments,40
new inn barwic,pub_bar,accepted,pub_bar,pub_bar,0.75,,eating_drinking_out,40
fiona young,transfer_p2p,accepted_tiebreak,transfer_p2p,transfer_p2p,0.55,transfer_p2p,transfers,40
stuart firth,transfer_p2p,accepted_tiebreak,transfer_p2p,transfer_p2p,0.6,transfer_p2p,transfers,40
the worlds end,pub_bar,accepted_tiebreak,pub_bar,pub_bar,0.6,pub_bar,eating_drinking_out,40
lewis richards,transfer_p2p,accepted_tiebreak,transfer_p2p,transfer_p2p,0.6,transfer_p2p,transfers,40
arsenal supermarket,groceries,accepted,groceries,groceries,0.7,,groceries_household_essentials,40
the oak tree,pub_bar,accepted_tiebreak,pub_bar,pub_bar,0.6,pub_bar,eating_drinking_out,40
j finlay,transfer_p2p,accepted_tiebreak,transfer_p2p,transfer_p2p,0.6,transfer_p2p,transfers,40
spar cd,groceries,accepted,groceries,groceries,0.85,,groceries_household_essentials,40
agria pet,insurance_pet,auto_accept,insurance_pet,insurance_pet,0.9,,pets,40
t j morris,discount_store,accepted,discount_store,discount_store,0.85,,groceries_household_essentials,40
brian,transfer_p2p,accepted_tiebreak,transfer_p2p,transfer_p2p,0.6,transfer_p2p,transfers,40
munchies,takeaway,accepted_tiebreak,takeaway,takeaway,0.55,takeaway,eating_drinking_out,40
jamie-lee carter,transfer_p2p,accepted,transfer_p2p,transfer_p2p,0.75,,transfers,40
truck festival,live_music,accepted_tiebreak,event_planning,live_music,0.75,live_music,entertainment_leisure,40
dagenham service stati,fuel,accepted,fuel,fuel,0.7,,transport_motoring,40
kong casino,gambling_casino,auto_accept,gambling_casino,gambling_casino,0.9,,gambling,40
arc europe  debt collection,debt_collection,auto_accept,debt_collection,debt_collection,0.9,,high_cost_distress_credit,40
ipayimp,school_fees,human_reviewed,payment_intermediary,personal_loan_repayment,0.6,unclassified_other,childcare_education,40
jack james grimes jack,transfer_p2p,accepted,transfer_p2p,transfer_p2p,0.75,,transfers,40
dominic,transfer_p2p,accepted_tiebreak,transfer_p2p,transfer_p2p,0.6,transfer_p2p,transfers,40
chantelle onwordi,transfer_p2p,accepted,transfer_p2p,transfer_p2p,0.75,,transfers,40
joshua calvert,transfer_p2p,accepted_tiebreak,transfer_p2p,transfer_p2p,0.65,transfer_p2p,transfers,40
bains off lice,alcohol_beer_spirits,human_reviewed,car_parking,fuel,0.6,alcohol_beer_spirits,groceries_household_essentials,40
bristol,unclassified_other,abstain_confirmed,unclassified_other,unclassified_other,0.4,,unclassified,40
gurpreet singh,transfer_p2p,accepted,transfer_p2p,transfer_p2p,0.7,,transfers,40
pak foods,groceries_specialist,accepted_tiebreak,groceries_specialist,groceries,0.7,groceries_specialist,groceries_household_essentials,40
ambrose,catalogue_retail,accepted_tiebreak,catalogue_retail,clothing_womens,0.7,catalogue_retail,general_retail_marketplaces,40
breyden baido,transfer_p2p,accepted,transfer_p2p,transfer_p2p,0.75,,transfers,40
n k convenience store,convenience_store,accepted,convenience_store,convenience_store,0.85,,groceries_household_essentials,40
charlotte davies charlie,transfer_p2p,accepted_tiebreak,transfer_p2p,transfer_p2p,0.6,transfer_p2p,transfers,40
the spread eagle,pub_bar,accepted,pub_bar,pub_bar,0.85,,eating_drinking_out,40
bells crossgar,unclassified_other,abstain_confirmed,unclassified_other,unclassified_other,0.4,,unclassified,40
bp mount connect,fuel,accepted,fuel,fuel,0.8,,transport_motoring,40
ms lyndsey,transfer_p2p,accepted_tiebreak,transfer_p2p,transfer_p2p,0.65,transfer_p2p,transfers,40
kay mart ltd,convenience_store,accepted,convenience_store,convenience_store,0.75,,groceries_household_essentials,40
s machado,transfer_p2p,accepted_tiebreak,transfer_p2p,broadband_tv_phone,0.55,transfer_p2p,transfers,40
marlon edwin,transfer_p2p,accepted_tiebreak,transfer_p2p,transfer_p2p,0.65,transfer_p2p,transfers,40
miss abbie j platts,transfer_p2p,accepted_tiebreak,transfer_p2p,transfer_p2p,0.65,transfer_p2p,transfers,40
sara king,transfer_p2p,accepted_tiebreak,transfer_p2p,transfer_p2p,0.6,transfer_p2p,transfers,40
nala,personal_loan_repayment,accepted,personal_loan_repayment,personal_loan_repayment,0.7,,credit_loan_repayments,39
joanne,transfer_p2p,accepted_tiebreak,transfer_p2p,transfer_p2p,0.6,transfer_p2p,transfers,39
the star inn,pub_bar,accepted,pub_bar,pub_bar,0.85,,eating_drinking_out,39
r walters,transfer_p2p,accepted_tiebreak,transfer_p2p,transfer_p2p,0.55,transfer_p2p,transfers,39
georgios papathana pv,restaurant_cafe,accepted_tiebreak,restaurant_cafe,unclassified_other,0.35,restaurant_cafe,eating_drinking_out,39
motor fuel limited bp,fuel,accepted,fuel,fuel,0.85,,transport_motoring,39
nicholas,transfer_p2p,accepted_tiebreak,transfer_p2p,transfer_p2p,0.55,transfer_p2p,transfers,39
mr c l martin,transfer_p2p,accepted_tiebreak,transfer_p2p,transfer_p2p,0.65,transfer_p2p,transfers,39
crumbs,restaurant_cafe,accepted_tiebreak,restaurant_cafe,restaurant_cafe,0.55,restaurant_cafe,eating_drinking_out,39
woodford express,unclassified_other,abstain_residual,public_transport_rail_coach,fuel,0.5,convenience_store,unclassified,39
godfrey convenience st,convenience_store,accepted,convenience_store,convenience_store,0.75,,groceries_household_essentials,39
grace moneyyyyyy,transfer_p2p,accepted_tiebreak,transfer_p2p,transfer_p2p,0.6,transfer_p2p,transfers,39
barnsley metropoli,council_tax,accepted_tiebreak,public_transport_rail_coach,council_tax,0.65,council_tax,council_tax_government,39
valentina vasile unghii,unclassified_other,abstain_residual,transfer_p2p,transfer_p2p,0.6,beauty_treatment,unclassified,39
miss a wills jay,transfer_p2p,accepted_tiebreak,transfer_p2p,transfer_p2p,0.6,transfer_p2p,transfers,39
mr john green,transfer_p2p,accepted_tiebreak,transfer_p2p,transfer_p2p,0.55,transfer_p2p,transfers,39
corrie greenwood,transfer_p2p,accepted_tiebreak,transfer_p2p,transfer_p2p,0.6,transfer_p2p,transfers,39
premier hayats supers,groceries,accepted_tiebreak,groceries_specialist,groceries,0.65,groceries,groceries_household_essentials,39
midland bluebird ltd,unclassified_other,abstain_confirmed,unclassified_other,unclassified_other,0.3,,unclassified,39
liverpool city cou,council_tax,accepted,council_tax,council_tax,0.75,,council_tax_government,39
white horse,pub_bar,accepted_tiebreak,pub_bar,pub_bar,0.55,pub_bar,eating_drinking_out,39
city electrical factors,electrical_goods,accepted_tiebreak,electrical_goods,tools,0.6,electrical_goods,general_retail_marketplaces,39
christina hillier,transfer_p2p,accepted_tiebreak,transfer_p2p,transfer_p2p,0.6,transfer_p2p,transfers,39
scentbird,fragrances,accepted,fragrances,fragrances,0.75,,clothing_personal_care,39
white swan,pub_bar,accepted_tiebreak,pub_bar,pub_bar,0.55,pub_bar,eating_drinking_out,39
the kensal store,convenience_store,accepted,convenience_store,convenience_store,0.75,,groceries_household_essentials,39
dvla-ly,road_tax,accepted,road_tax,road_tax,0.85,,transport_motoring,39
john radcliff hospital,hospital,accepted,hospital,hospital,0.85,,health_medical,39
jake windermere fp,transfer_p2p,accepted_tiebreak,transfer_p2p,transfer_p2p,0.6,transfer_p2p,transfers,39
cmhaddock,unclassified_other,abstain_confirmed,unclassified_other,unclassified_other,0.35,,unclassified,39
aariz,unclassified_other,abstain_residual,clothing_general,clothing_general,0.4,convenience_store,unclassified,39
applecare uk,insurance_other,accepted,insurance_other,insurance_other,0.75,,insurance,39
jen graham,transfer_p2p,accepted_tiebreak,transfer_p2p,transfer_p2p,0.6,transfer_p2p,transfers,39
hozah parking limited,car_parking,accepted,car_parking,car_parking,0.85,,transport_motoring,39
st lukes enterprise,unclassified_other,abstain_confirmed,unclassified_other,car_parking,0.55,unclassified_other,unclassified,39
uk visas and immigration,id_documents,accepted,id_documents,id_documents,0.8,,council_tax_government,39
declan butler,transfer_p2p,accepted_tiebreak,transfer_p2p,transfer_p2p,0.6,transfer_p2p,transfers,39
paul robinson little mermaid,transfer_p2p,accepted_tiebreak,transfer_p2p,transfer_p2p,0.5,transfer_p2p,transfers,39
vivaticket,sports_tickets,accepted_general,sports_tickets,sports_tickets,0.5,days_out,entertainment_leisure,39
tiktok on,online_services,accepted,online_services,online_services,0.7,,digital_subscriptions_services,39
n lloyd,transfer_p2p,accepted_tiebreak,transfer_p2p,transfer_p2p,0.6,transfer_p2p,transfers,39
as super,groceries,accepted_tiebreak,groceries,groceries,0.55,groceries,groceries_household_essentials,39
huntington villag,unclassified_other,abstain_confirmed,unclassified_other,unclassified_other,0.3,,unclassified,39
mobi tony,transfer_p2p,accepted_tiebreak,transfer_p2p,unclassified_other,0.3,transfer_p2p,transfers,39
cambridge local,convenience_store,accepted_tiebreak,convenience_store,groceries,0.6,convenience_store,groceries_household_essentials,39
whitecliff bay,holiday_uk,accepted_tiebreak,unclassified_other,holiday_uk,0.5,holiday_uk,travel_holidays,39
key store express rav,convenience_store,accepted,convenience_store,convenience_store,0.75,,groceries_household_essentials,39
jet,flights,accepted_tiebreak,flights,flights,0.55,flights,travel_holidays,39
cd festival bars,pub_bar,accepted_tiebreak,pub_bar,pub_bar,0.5,pub_bar,eating_drinking_out,39
tmlegalltd,debt_collection,human_reviewed,unclassified_other,debt_collection,0.5,legal_services,high_cost_distress_credit,39
the coffeehou,restaurant_cafe,accepted,restaurant_cafe,restaurant_cafe,0.75,,eating_drinking_out,39
pay per week carpets and,retail_finance_repayment,accepted_tiebreak,retail_finance_repayment,retail_finance_repayment,0.6,retail_finance_repayment,credit_loan_repayments,39
buzzgroupli,payment_intermediary,accepted_tiebreak,payment_intermediary,unclassified_other,0.3,payment_intermediary,general_retail_marketplaces,39
miss lisa odonnell,transfer_p2p,accepted,transfer_p2p,transfer_p2p,0.7,,transfers,39
one,software,accepted,software,software,0.7,,digital_subscriptions_services,39
jd sports fashion,sportswear,auto_accept,sportswear,sportswear,0.9,,clothing_personal_care,39
cameron lightfoot & michelle lightfoot,transfer_p2p,accepted,transfer_p2p,transfer_p2p,0.75,,transfers,39
the news rack,convenience_store,accepted,convenience_store,convenience_store,0.75,,groceries_household_essentials,39
l a stores,convenience_store,accepted,convenience_store,convenience_store,0.7,,groceries_household_essentials,39
future retail dundee,retail_other,accepted_tiebreak,retail_other,unclassified_other,0.3,retail_other,general_retail_marketplaces,39
mr luke,transfer_p2p,accepted_tiebreak,transfer_p2p,transfer_p2p,0.65,transfer_p2p,transfers,39
and birthdays,savings_transfer,accepted_tiebreak,transfer_p2p,savings_transfer,0.4,savings_transfer,savings_investments,39
k jones,transfer_p2p,accepted_tiebreak,transfer_p2p,transfer_p2p,0.65,transfer_p2p,transfers,39
quickfall sy,transfer_p2p,accepted_tiebreak,transfer_p2p,transfer_p2p,0.6,transfer_p2p,transfers,39
walkford stores,convenience_store,accepted_tiebreak,convenience_store,convenience_store,0.5,convenience_store,groceries_household_essentials,39
miss elise r y oli,transfer_p2p,accepted_tiebreak,transfer_p2p,transfer_p2p,0.65,transfer_p2p,transfers,39
1st vending limite,confectionary,accepted_tiebreak,confectionary,confectionary,0.55,confectionary,groceries_household_essentials,39
my jimmy puppy,transfer_p2p,accepted_tiebreak,transfer_p2p,transfer_p2p,0.55,transfer_p2p,transfers,39
sunexpress,flights,accepted,flights,flights,0.75,,travel_holidays,39
booksy,beauty_treatment,accepted,beauty_treatment,beauty_treatment,0.7,,clothing_personal_care,39
sainsburys s,groceries,auto_accept,groceries,groceries,0.9,,groceries_household_essentials,39
mr p,transfer_p2p,accepted_tiebreak,transfer_p2p,transfer_p2p,0.55,transfer_p2p,transfers,39
hastings loans,personal_loan_repayment,accepted,personal_loan_repayment,personal_loan_repayment,0.85,,credit_loan_repayments,39
park,car_parking,accepted_tiebreak,car_parking,car_parking,0.5,car_parking,transport_motoring,39
publix,groceries,accepted_tiebreak,unclassified_other,groceries,0.85,groceries,groceries_household_essentials,39
wilkins & pye ltd,unclassified_other,abstain_residual,car_parking,car_parking,0.5,unclassified_other,unclassified,39
angie money,transfer_p2p,accepted_tiebreak,transfer_p2p,transfer_p2p,0.55,transfer_p2p,transfers,39
catherine,transfer_p2p,accepted,transfer_p2p,transfer_p2p,0.7,,transfers,39
ivy casino,gambling_casino,auto_accept,gambling_casino,gambling_casino,0.9,,gambling,39
adrian macsim,transfer_p2p,accepted_tiebreak,transfer_p2p,transfer_p2p,0.6,transfer_p2p,transfers,39
welcome stores,convenience_store,accepted,convenience_store,convenience_store,0.75,,groceries_household_essentials,39
real remit limited,transfer_international,accepted,transfer_international,transfer_international,0.7,,transfers,39
witton mini market cd,convenience_store,accepted,convenience_store,convenience_store,0.85,,groceries_household_essentials,39
nuwan,transfer_p2p,accepted_tiebreak,transfer_p2p,transfer_p2p,0.6,transfer_p2p,transfers,39
pather mini market,convenience_store,accepted,convenience_store,convenience_store,0.85,,groceries_household_essentials,39
leeds,unclassified_other,abstain_confirmed,unclassified_other,unclassified_other,0.4,,unclassified,39
dvla-lv,road_tax,auto_accept,road_tax,road_tax,0.9,,transport_motoring,39
middles,unclassified_other,abstain_confirmed,unclassified_other,unclassified_other,0.4,,unclassified,39
village discount,discount_store,accepted_tiebreak,unclassified_other,discount_store,0.5,discount_store,groceries_household_essentials,39
k williams,transfer_p2p,accepted_tiebreak,transfer_p2p,transfer_p2p,0.6,transfer_p2p,transfers,39
floxyhealth,health_other,accepted_tiebreak,health_other,pharmacy,0.5,health_other,health_medical,39
kaka,unclassified_other,abstain_confirmed,unclassified_other,unclassified_other,0.4,,unclassified,39
daniel southern,transfer_p2p,accepted_tiebreak,transfer_p2p,transfer_p2p,0.6,transfer_p2p,transfers,39
peter vnencak,transfer_p2p,accepted_tiebreak,transfer_p2p,transfer_p2p,0.6,transfer_p2p,transfers,39
declan radford mama bear,transfer_p2p,accepted_tiebreak,transfer_p2p,transfer_p2p,0.55,transfer_p2p,transfers,39
forum speciali,unclassified_other,abstain_residual,unclassified_other,restaurant_cafe,0.5,retail_small_independent,unclassified,39
opera bingo,gambling_bingo,accepted,gambling_bingo,gambling_bingo,0.85,,gambling,39
compass jaguar land rover,vehicle_maintenance,accepted_general,car_parking,vehicle_maintenance,0.4,vehicle_servicing,transport_motoring,39
mr kairan,transfer_p2p,accepted_tiebreak,transfer_p2p,transfer_p2p,0.6,transfer_p2p,transfers,39
ivy taylor,transfer_p2p,accepted_tiebreak,transfer_p2p,transfer_p2p,0.6,transfer_p2p,transfers,39
anthony sherrock & toni,transfer_p2p,accepted_tiebreak,transfer_p2p,transfer_p2p,0.6,transfer_p2p,transfers,39
mrs glenis kelly,transfer_p2p,accepted_tiebreak,transfer_p2p,transfer_p2p,0.6,transfer_p2p,transfers,39
vitality health,insurance_health,accepted,insurance_health,insurance_health,0.75,,insurance,39
midasbuy,gaming_mobile,accepted,gaming_mobile,gaming_mobile,0.75,,entertainment_leisure,39
mob nicola nic,transfer_p2p,accepted_tiebreak,unclassified_other,transfer_p2p,0.5,transfer_p2p,transfers,39
the black bull hotel bell,pub_bar,accepted_tiebreak,pub_bar,pub_bar,0.5,pub_bar,eating_drinking_out,39
supercell cd,gaming_mobile,accepted,gaming_mobile,gaming_mobile,0.7,,entertainment_leisure,39
mr luke d gould,transfer_p2p,accepted_tiebreak,transfer_p2p,transfer_p2p,0.6,transfer_p2p,transfers,39
xmas,savings_transfer,accepted_tiebreak,unclassified_other,savings_transfer,0.5,savings_transfer,savings_investments,39
british heart foun,charitable_donation,accepted_tiebreak,charitable_donation,charity_shop,0.55,charitable_donation,charitable_political_giving,39
c l davies,transfer_p2p,accepted_tiebreak,transfer_p2p,unclassified_other,0.1,transfer_p2p,transfers,39
pod point,vehicle_maintenance,accepted_general,fuel,vehicle_maintenance,0.35,transport_other,transport_motoring,39
all star,prize_competitions,accepted_tiebreak,gambling_lottery,prize_competitions,0.7,prize_competitions,gambling,39
kenzie matthews,transfer_p2p,accepted,transfer_p2p,transfer_p2p,0.7,,transfers,39
oodle car,car_finance_repayment,auto_accept,car_finance_repayment,car_finance_repayment,0.97,,credit_loan_repayments,39
motia fuel,fuel,accepted,fuel,fuel,0.8,,transport_motoring,39
decades kettering,unclassified_other,abstain_confirmed,unclassified_other,retail_small_independent,0.3,unclassified_other,unclassified,39
d cairns,transfer_p2p,accepted_tiebreak,unclassified_other,transfer_p2p,0.4,transfer_p2p,transfers,39
mcbride retail irvin,unclassified_other,abstain_residual,unclassified_other,transfer_p2p,0.4,retail_small_independent,unclassified,39
the bell,pub_bar,accepted,pub_bar,pub_bar,0.75,,eating_drinking_out,39
andrea rutkiewicz,transfer_p2p,accepted,transfer_p2p,transfer_p2p,0.75,,transfers,39
me mb,transfer_p2p,accepted_tiebreak,transfer_p2p,transfer_p2p,0.5,transfer_p2p,transfers,39
exchanged to ron,foreign_currency,accepted_tiebreak,foreign_currency,foreign_currency,0.55,foreign_currency,travel_holidays,39
bell,unclassified_other,abstain_confirmed,pub_bar,unclassified_other,0.3,unclassified_other,unclassified,39
dvla-j,road_tax,auto_accept,road_tax,road_tax,0.9,,transport_motoring,39
me group international,unclassified_other,abstain_confirmed,unclassified_other,unclassified_other,0.3,,unclassified,39
the belmont community,pub_bar,accepted_tiebreak,pub_bar,restaurant_cafe,0.4,pub_bar,eating_drinking_out,39
sky mobile cd,mobile_phone_contract,auto_accept,mobile_phone_contract,mobile_phone_contract,0.9,,utilities_household_bills,39
blue line taxis,taxi_rideshare,auto_accept,taxi_rideshare,taxi_rideshare,0.92,,transport_motoring,39
demi doo,transfer_p2p,accepted_tiebreak,transfer_p2p,transfer_p2p,0.5,transfer_p2p,transfers,39
c smith,transfer_p2p,accepted_tiebreak,transfer_p2p,transfer_p2p,0.55,transfer_p2p,transfers,39
enhanced life competit,prize_competitions,accepted,prize_competitions,prize_competitions,0.75,,gambling,39
p chalkwell sst,unclassified_other,abstain_confirmed,transfer_p2p,unclassified_other,0.3,unclassified_other,unclassified,39
michael grealis pv,transfer_p2p,accepted_tiebreak,transfer_p2p,transfer_p2p,0.55,transfer_p2p,transfers,39
daniel a watson,transfer_p2p,accepted_tiebreak,transfer_p2p,transfer_p2p,0.6,transfer_p2p,transfers,39
p grimmer,transfer_p2p,accepted_tiebreak,transfer_p2p,transfer_p2p,0.55,transfer_p2p,transfers,39
pamela o'rourke,transfer_p2p,accepted_tiebreak,transfer_p2p,transfer_p2p,0.6,transfer_p2p,transfers,39
day,unclassified_other,abstain_confirmed,unclassified_other,unclassified_other,0.3,,unclassified,38
everyman media group,cinema,accepted,cinema,cinema,0.85,,entertainment_leisure,38
c general stores,convenience_store,accepted,convenience_store,convenience_store,0.75,,groceries_household_essentials,38
wind street stores,convenience_store,human_reviewed,prize_competitions,gambling_unspecified,0.55,convenience_store,groceries_household_essentials,38
expo international superm,groceries_specialist,accepted_tiebreak,groceries_specialist,groceries,0.8,groceries_specialist,groceries_household_essentials,38
taal food and wine cd,alcohol_wine,accepted_general,groceries_specialist,alcohol_wine,0.55,convenience_store,groceries_household_essentials,38
dvla-ex,road_tax,accepted,road_tax,road_tax,0.85,,transport_motoring,38
jcvendingservicesl,unclassified_other,abstain_residual,convenience_store,retail_other,0.4,confectionary,unclassified,38
united utilities water,water,auto_accept,water,water,0.95,,utilities_household_bills,38
sovereign centre,unclassified_other,abstain_residual,convenience_store,groceries,0.45,unclassified_card_spend,unclassified,38
f d gold,unclassified_other,abstain_residual,investment_trading,investment_general,0.5,unclassified_other,unclassified,38
krishna news food wine,convenience_store,accepted_tiebreak,groceries_specialist,convenience_store,0.6,convenience_store,groceries_household_essentials,38
green valley grocery,groceries,accepted,groceries,groceries,0.7,,groceries_household_essentials,38
e downey,transfer_p2p,accepted_tiebreak,transfer_p2p,transfer_p2p,0.6,transfer_p2p,transfers,38
d odonnell my maw,transfer_p2p,accepted,transfer_p2p,transfer_p2p,0.7,,transfers,38
st leonards svs statio,fuel,accepted_tiebreak,convenience_store,fuel,0.7,fuel,transport_motoring,38
k sawicka,transfer_p2p,accepted_tiebreak,transfer_p2p,transfer_p2p,0.6,transfer_p2p,transfers,38
robert hall annie,transfer_p2p,accepted_tiebreak,transfer_p2p,transfer_p2p,0.65,transfer_p2p,transfers,38
park news cd,convenience_store,accepted_tiebreak,convenience_store,convenience_store,0.6,convenience_store,groceries_household_essentials,38
mp food & wine,convenience_store,accepted_tiebreak,alcohol_wine,convenience_store,0.5,convenience_store,groceries_household_essentials,38
ty mawr,holiday_uk,accepted_tiebreak,holiday_rental,holiday_uk,0.5,holiday_uk,travel_holidays,38
kimberley grinnellmonzo,transfer_p2p,accepted_tiebreak,transfer_p2p,transfer_p2p,0.65,transfer_p2p,transfers,38
london,unclassified_other,abstain_confirmed,unclassified_other,unclassified_other,0.3,,unclassified,38
rac financial services,breakdown_cover,accepted_tiebreak,breakdown_cover,breakdown_cover,0.55,breakdown_cover,transport_motoring,38
magnolia,fuel,accepted_tiebreak,vehicle_servicing,fuel,0.55,fuel,transport_motoring,38
churchill drive,unclassified_other,abstain_confirmed,unclassified_other,unclassified_other,0.3,,unclassified,38
gt farm,groceries_specialist,accepted_tiebreak,groceries_specialist,groceries_specialist,0.5,groceries_specialist,groceries_household_essentials,38
birstall cricket club,sports_participation,accepted_tiebreak,sports_participation,sports_participation,0.5,sports_participation,entertainment_leisure,38
westminster gen,unclassified_other,abstain_confirmed,unclassified_other,unclassified_other,0.3,,unclassified,38
o satsuma,restaurant_cafe,accepted_tiebreak,restaurant_cafe,restaurant_cafe,0.4,restaurant_cafe,eating_drinking_out,38
loic yvan kadipoko,transfer_p2p,accepted_tiebreak,transfer_p2p,transfer_p2p,0.65,transfer_p2p,transfers,38
shopsmart ko-op,convenience_store,accepted_tiebreak,convenience_store,convenience_store,0.6,convenience_store,groceries_household_essentials,38
mum shop,transfer_p2p,accepted_tiebreak,transfer_p2p,transfer_p2p,0.55,transfer_p2p,transfers,38
amanda coffee terina,restaurant_cafe,accepted_tiebreak,restaurant_cafe,restaurant_cafe,0.6,restaurant_cafe,eating_drinking_out,38
ogmore valley store lt,convenience_store,accepted,convenience_store,convenience_store,0.8,,groceries_household_essentials,38
willis igogo,unclassified_other,abstain_confirmed,unclassified_other,unclassified_other,0.4,,unclassified,38
callum sugden,transfer_p2p,accepted,transfer_p2p,transfer_p2p,0.75,,transfers,38
trident supplements,supplements,accepted,supplements,supplements,0.7,,health_medical,38
d nembhard,transfer_p2p,accepted,transfer_p2p,transfer_p2p,0.7,,transfers,38
oncu food centre,convenience_store,accepted_general,groceries,convenience_store,0.75,groceries_specialist,groceries_household_essentials,38
best,unclassified_other,abstain_confirmed,unclassified_other,unclassified_other,0.4,,unclassified,38
mum mam,transfer_p2p,accepted,transfer_p2p,transfer_p2p,0.7,,transfers,38
rumbles fish bar,takeaway,accepted,takeaway,takeaway,0.8,,eating_drinking_out,38
louis berry,transfer_p2p,accepted,transfer_p2p,transfer_p2p,0.75,,transfers,38
dvla-sv,road_tax,accepted,road_tax,road_tax,0.85,,transport_motoring,38
cost cutter,groceries,accepted_tiebreak,groceries,convenience_store,0.75,groceries,groceries_household_essentials,38
sv hirani off licence,alcohol_beer_spirits,accepted_tiebreak,convenience_store,alcohol_beer_spirits,0.7,alcohol_beer_spirits,groceries_household_essentials,38
the bridge hotel,pub_bar,accepted_tiebreak,pub_bar,accommodation,0.6,pub_bar,eating_drinking_out,38
c l milner hubby,transfer_p2p,accepted,transfer_p2p,transfer_p2p,0.75,,transfers,38
speedline ser statio,fuel,accepted_tiebreak,unclassified_other,fuel,0.7,fuel,transport_motoring,38
gilwern garage,fuel,accepted_tiebreak,vehicle_servicing,fuel,0.7,fuel,transport_motoring,38
tgc ludlow,convenience_store,accepted_tiebreak,unclassified_other,convenience_store,0.6,convenience_store,groceries_household_essentials,38
pass gpa,unclassified_other,abstain_residual,unclassified_other,public_transport_rail_coach,0.4,transport_other,unclassified,38
jed r a floyd,transfer_p2p,accepted_tiebreak,transfer_p2p,transfer_p2p,0.6,transfer_p2p,transfers,38
theruddgroup,unclassified_other,abstain_confirmed,beauty_treatment,unclassified_other,0.3,unclassified_other,unclassified,38
victorian plumbing,home_improvement,accepted_general,home_repair,home_improvement,0.85,bathroom,home_garden,38
vapestore,vaping,auto_accept,vaping,vaping,0.9,,groceries_household_essentials,38
dvla driver,road_tax,accepted,road_tax,road_tax,0.85,,transport_motoring,38
jillian conroy,transfer_p2p,accepted,transfer_p2p,transfer_p2p,0.75,,transfers,38
brit snr,insurance_general,accepted_tiebreak,insurance_pet,insurance_general,0.7,insurance_general,insurance,38
pierinos.c,restaurant_cafe,accepted,restaurant_cafe,restaurant_cafe,0.7,,eating_drinking_out,38
clifton convenience st cd,convenience_store,accepted,convenience_store,convenience_store,0.85,,groceries_household_essentials,38
dove house hospice,charitable_donation,accepted_tiebreak,charitable_donation,charitable_donation,0.65,charitable_donation,charitable_political_giving,38
doreena duah-bonsu,transfer_p2p,accepted,transfer_p2p,transfer_p2p,0.75,,transfers,38
crosss coffee shop li,restaurant_cafe,accepted,restaurant_cafe,restaurant_cafe,0.7,,eating_drinking_out,38
cafepointllp,unclassified_other,abstain_residual,unclassified_other,restaurant_cafe,0.5,confectionary,unclassified,38
michael mcinerney,transfer_p2p,accepted,transfer_p2p,transfer_p2p,0.75,,transfers,38
stuarts premier daily,convenience_store,accepted_tiebreak,convenience_store,unclassified_other,0.3,convenience_store,groceries_household_essentials,38
carl wood,transfer_p2p,accepted,transfer_p2p,transfer_p2p,0.8,,transfers,38
whiston hospital,hospital,accepted_tiebreak,hospital,hospital,0.6,hospital,health_medical,38
rafl,unclassified_other,abstain_confirmed,unclassified_other,unclassified_other,0.3,,unclassified,38
reladortex,unclassified_other,abstain_confirmed,unclassified_other,unclassified_other,0.3,,unclassified,38
bp sutton court s stn fs1,fuel,accepted,fuel,fuel,0.85,,transport_motoring,38
coin,vaping,accepted_general,convenience_store,vaping,0.4,confectionary,groceries_household_essentials,38
rytis zubrickas,transfer_p2p,accepted,transfer_p2p,transfer_p2p,0.7,,transfers,38
laura williams,transfer_p2p,accepted,transfer_p2p,transfer_p2p,0.75,,transfers,38
g prager castro,transfer_p2p,accepted,transfer_p2p,transfer_p2p,0.7,,transfers,38
pamir grocery,groceries_specialist,accepted_tiebreak,groceries_specialist,groceries,0.8,groceries_specialist,groceries_household_essentials,38
steven peart,transfer_p2p,accepted,transfer_p2p,transfer_p2p,0.7,,transfers,38
blackpool pleasure be,days_out,accepted_tiebreak,days_out,days_out,0.5,days_out,entertainment_leisure,38
pass 4 qmp,taxi_rideshare,accepted_general,taxi_rideshare,taxi_rideshare,0.4,transport_other,transport_motoring,38
just for pets,pet_supplies,auto_accept,pet_supplies,pet_supplies,0.9,,pets,38
tapdeal ltd,unclassified_other,abstain_residual,payment_intermediary,credit_card_repayment,0.5,unclassified_other,unclassified,38
llanwern bull,pub_bar,accepted_tiebreak,pub_bar,pub_bar,0.6,pub_bar,eating_drinking_out,38
mo.alie,transfer_p2p,accepted_tiebreak,transfer_p2p,transfer_p2p,0.55,transfer_p2p,transfers,38
mole valley farmers,unclassified_other,abstain_residual,groceries_specialist,groceries_specialist,0.6,pet_supplies,unclassified,38
a.v.a. parking,car_parking,auto_accept,car_parking,car_parking,0.9,,transport_motoring,38
amy owen,transfer_p2p,accepted,transfer_p2p,transfer_p2p,0.75,,transfers,38
reynolds cateriwalthamcross,catering,accepted_tiebreak,catering,catering,0.5,catering,eating_drinking_out,38
truckhaven carnfo,unclassified_other,abstain_residual,vehicle_maintenance,fuel,0.5,restaurant_cafe,unclassified,38
requinte brazil ltd,groceries_specialist,accepted_tiebreak,groceries_specialist,groceries,0.5,groceries_specialist,groceries_household_essentials,38
wh smith manchester airpo,airport_spend,accepted_tiebreak,airport_spend,books,0.5,airport_spend,travel_holidays,38
lunt david,transfer_p2p,accepted,transfer_p2p,transfer_p2p,0.7,,transfers,38
jf jc hewitt and,unclassified_other,abstain_residual,groceries,unclassified_other,0.3,groceries_specialist,unclassified,38
samantha l palmer,transfer_p2p,accepted,transfer_p2p,transfer_p2p,0.7,,transfers,38
carl satterly,transfer_p2p,accepted,transfer_p2p,transfer_p2p,0.7,,transfers,38
jhon,transfer_p2p,accepted_tiebreak,transfer_p2p,transfer_p2p,0.65,transfer_p2p,transfers,38
c omsakthi food and wine,convenience_store,accepted_tiebreak,convenience_store,alcohol_beer_spirits,0.6,convenience_store,groceries_household_essentials,38
john hawkins,transfer_p2p,accepted_tiebreak,transfer_p2p,transfer_p2p,0.65,transfer_p2p,transfers,38
wolver,council_tax,accepted_tiebreak,council_tax,council_tax,0.6,council_tax,council_tax_government,38
dvla-ej,road_tax,auto_accept,road_tax,road_tax,0.9,,transport_motoring,38
south lanark,council_tax,accepted,council_tax,council_tax,0.75,,council_tax_government,38
bran maw,transfer_p2p,human_reviewed,unclassified_other,credit_card_repayment,0.5,transfer_p2p,transfers,38
jayne bell,transfer_p2p,accepted_tiebreak,transfer_p2p,transfer_p2p,0.65,transfer_p2p,transfers,38
docklands food and wine,convenience_store,accepted_tiebreak,convenience_store,alcohol_beer_spirits,0.6,convenience_store,groceries_household_essentials,38
vintagy & cagl,unclassified_other,abstain_residual,unclassified_other,car_parking,0.4,unclassified_card_spend,unclassified,38
lbbd,council_tax,accepted,council_tax,council_tax,0.85,,council_tax_government,38
kuick,unclassified_other,abstain_confirmed,unclassified_other,unclassified_other,0.3,,unclassified,38
dvla-ak,road_tax,auto_accept,road_tax,road_tax,0.9,,transport_motoring,38
indrapal singh,transfer_p2p,accepted_tiebreak,groceries_specialist,transfer_p2p,0.5,transfer_p2p,transfers,38
expre,household_appliances,accepted_tiebreak,retail_finance_repayment,household_appliances,0.5,household_appliances,home_garden,38
mitzi holt,transfer_p2p,accepted_tiebreak,transfer_p2p,transfer_p2p,0.65,transfer_p2p,transfers,38
clare doyle starling,transfer_p2p,accepted_tiebreak,transfer_own_account,transfer_p2p,0.6,transfer_p2p,transfers,38
dbz,unclassified_other,abstain_confirmed,unclassified_other,unclassified_other,0.3,,unclassified,38
mbg,unclassified_other,abstain_confirmed,unclassified_other,unclassified_other,0.3,,unclassified,38
simplycook,groceries_specialist,accepted_tiebreak,groceries,groceries_specialist,0.6,groceries_specialist,groceries_household_essentials,38
classic,unclassified_other,abstain_residual,transfer_p2p,unclassified_other,0.3,transfer_own_account,unclassified,38
motorfue,fuel,accepted,fuel,fuel,0.85,,transport_motoring,38
pamela noonan pam,transfer_p2p,accepted,transfer_p2p,transfer_p2p,0.75,,transfers,38
london borough of hill,council_tax,accepted_general,council_tax,council_tax,0.55,government_services,council_tax_government,38
s sayed pay,transfer_p2p,accepted,transfer_p2p,transfer_p2p,0.7,,transfers,38
burkill cd,transfer_p2p,accepted,transfer_p2p,transfer_p2p,0.7,,transfers,38
borough,unclassified_other,abstain_confirmed,unclassified_other,unclassified_other,0.3,,unclassified,38
tadek deli,unclassified_other,abstain_residual,convenience_store,restaurant_cafe,0.55,groceries_specialist,unclassified,38
medina supermarket,groceries,accepted,groceries,groceries,0.85,,groceries_household_essentials,38
danielle mc,transfer_p2p,accepted,transfer_p2p,transfer_p2p,0.75,,transfers,38
mills milk,groceries_specialist,accepted,groceries_specialist,groceries_specialist,0.75,,groceries_household_essentials,38
mathusha news,convenience_store,accepted_tiebreak,convenience_store,convenience_store,0.6,convenience_store,groceries_household_essentials,38
mr glynn atterbury,transfer_p2p,accepted,transfer_p2p,transfer_p2p,0.75,,transfers,38
barbara howard owed,transfer_p2p,accepted,transfer_p2p,transfer_p2p,0.8,,transfers,38
oscar lewis pops,transfer_p2p,accepted_tiebreak,unclassified_other,transfer_p2p,0.7,transfer_p2p,transfers,38
kacey leeson,transfer_p2p,accepted,transfer_p2p,transfer_p2p,0.7,,transfers,38
oktowalleteu,unclassified_other,abstain_confirmed,unclassified_other,unclassified_other,0.3,,unclassified,38
sd events,event_planning,accepted_tiebreak,sports_tickets,event_planning,0.35,event_planning,entertainment_leisure,38
paris showman,unclassified_other,abstain_confirmed,entertainment_other,unclassified_other,0.3,unclassified_other,unclassified,38
rci financial,car_finance_repayment,accepted,car_finance_repayment,car_finance_repayment,0.85,,credit_loan_repayments,38
dvla-lb,road_tax,auto_accept,road_tax,road_tax,0.9,,transport_motoring,38
dfh,retail_finance_repayment,accepted_tiebreak,personal_loan_repayment,retail_finance_repayment,0.5,retail_finance_repayment,credit_loan_repayments,38
tax free childcare,childcare,accepted,childcare,childcare,0.85,,childcare_education,38
th stadium,unclassified_other,abstain_residual,sports_tickets,sports_tickets,0.5,unclassified_card_spend,unclassified,38
a ellis,transfer_p2p,accepted,transfer_p2p,transfer_p2p,0.7,,transfers,38
keir armstrong,transfer_p2p,accepted,transfer_p2p,transfer_p2p,0.7,,transfers,38
d anderson,transfer_p2p,accepted,transfer_p2p,transfer_p2p,0.7,,transfers,38
aster communities,rent,accepted,rent,rent,0.75,,housing,38
bezy,unclassified_other,abstain_confirmed,unclassified_other,unclassified_other,0.3,,unclassified,38
luke donnigan,transfer_p2p,accepted,transfer_p2p,transfer_p2p,0.7,,transfers,38
mcmanus j,transfer_p2p,accepted,transfer_p2p,transfer_p2p,0.7,,transfers,38
fantasy island,unclassified_other,context_dependent,gambling_casino,gambling_unspecified,0.5,days_out,unclassified,37
the highfield hotel,pub_bar,human_reviewed,accommodation,accommodation,0.6,pub_bar,eating_drinking_out,37
showcase derby,cinema,accepted,cinema,cinema,0.7,,entertainment_leisure,37
pic re sains pet petsb,insurance_pet,accepted_tiebreak,pet_supplies,insurance_pet,0.6,insurance_pet,pets,37
roast,restaurant_cafe,accepted_tiebreak,restaurant_cafe,restaurant_cafe,0.6,restaurant_cafe,eating_drinking_out,37
thank you,unclassified_other,abstain_confirmed,unclassified_other,credit_card_repayment,0.4,unclassified_other,unclassified,37
q leah,transfer_p2p,accepted_tiebreak,transfer_p2p,transfer_p2p,0.6,transfer_p2p,transfers,37
dvla-ml,road_tax,auto_accept,road_tax,road_tax,0.9,,transport_motoring,37
club candan,foreign_spend_unspecified,accepted_tiebreak,foreign_spend_unspecified,unclassified_other,0.4,foreign_spend_unspecified,travel_holidays,37
bp pulse,fuel,accepted,fuel,fuel,0.75,,transport_motoring,37
tull d & n,transfer_p2p,accepted,transfer_p2p,transfer_p2p,0.75,,transfers,37
wasswa daniel,transfer_p2p,accepted,transfer_p2p,transfer_p2p,0.75,,transfers,37
craig jones & lucy,transfer_p2p,accepted,transfer_p2p,transfer_p2p,0.75,,transfers,37
the tap and clapper,pub_bar,accepted,pub_bar,pub_bar,0.7,,eating_drinking_out,37
miss hartley,transfer_p2p,accepted,transfer_p2p,transfer_p2p,0.75,,transfers,37
kelvin asamoah,transfer_p2p,accepted,transfer_p2p,transfer_p2p,0.75,,transfers,37
google joyplay,gaming_mobile,accepted,gaming_mobile,gaming_mobile,0.7,,entertainment_leisure,37
son mum via,transfer_p2p,accepted,transfer_p2p,transfer_p2p,0.8,,transfers,37
iwnl,unclassified_other,abstain_residual,personal_loan_repayment,personal_loan_repayment,0.6,water,unclassified,37
dvla-ve,road_tax,auto_accept,road_tax,road_tax,0.9,,transport_motoring,37
thrive total fitness,gym_fitness,auto_accept,gym_fitness,gym_fitness,0.9,,health_medical,37
healthlottery.co.uk,gambling_lottery,accepted,gambling_lottery,gambling_lottery,0.8,,gambling,37
crumb,restaurant_cafe,accepted_tiebreak,restaurant_cafe,unclassified_other,0.4,restaurant_cafe,eating_drinking_out,37
plymouth city coun,council_tax,accepted,council_tax,council_tax,0.85,,council_tax_government,37
whg limited,gambling_betting,accepted,gambling_betting,gambling_betting,0.85,,gambling,37
dvla-yd,road_tax,auto_accept,road_tax,road_tax,0.9,,transport_motoring,37
buzz gym,gym_fitness,auto_accept,gym_fitness,gym_fitness,0.92,,health_medical,37
daisy southern,transfer_p2p,accepted_tiebreak,transfer_p2p,transfer_p2p,0.6,transfer_p2p,transfers,37
queens head,pub_bar,accepted,pub_bar,pub_bar,0.72,,eating_drinking_out,37
cd zer food center,convenience_store,accepted_general,groceries,convenience_store,0.65,groceries_specialist,groceries_household_essentials,37
ionel bujor,transfer_p2p,accepted,transfer_p2p,transfer_p2p,0.75,,transfers,37
empire express,unclassified_other,abstain_residual,transport_other,unclassified_other,0.35,takeaway,unclassified,37
david conchie saddlery,unclassified_other,abstain_residual,transfer_p2p,retail_small_independent,0.4,pet_supplies,unclassified,37
mr joe biddick,transfer_p2p,accepted_tiebreak,transfer_p2p,transfer_p2p,0.6,transfer_p2p,transfers,37
bnaelocations,unclassified_other,abstain_confirmed,unclassified_other,unclassified_other,0.35,,unclassified,37
cd bensons vending limite,confectionary,accepted_tiebreak,confectionary,confectionary,0.55,confectionary,groceries_household_essentials,37
hsl t,unclassified_recurring,accepted_tiebreak,unclassified_other,unclassified_recurring,0.4,unclassified_recurring,unclassified,37
pizza go go,takeaway,accepted,takeaway,takeaway,0.85,,eating_drinking_out,37
hadleigh store,convenience_store,accepted,convenience_store,convenience_store,0.75,,groceries_household_essentials,37
audreyaguilar,transfer_p2p,accepted_tiebreak,payment_intermediary,transfer_p2p,0.55,transfer_p2p,transfers,37
joanne cuniff,transfer_p2p,accepted_tiebreak,transfer_p2p,transfer_p2p,0.65,transfer_p2p,transfers,37
ifeoma ari,transfer_p2p,accepted_tiebreak,transfer_p2p,transfer_p2p,0.65,transfer_p2p,transfers,37
barbaras bier haus,pub_bar,accepted_tiebreak,pub_bar,pub_bar,0.65,pub_bar,eating_drinking_out,37
ben m parr house,transfer_p2p,accepted_tiebreak,transfer_p2p,rent,0.55,transfer_p2p,transfers,37
m and r stores,convenience_store,accepted,convenience_store,convenience_store,0.75,,groceries_household_essentials,37
mkayla thomas,transfer_p2p,accepted_tiebreak,transfer_p2p,transfer_p2p,0.65,transfer_p2p,transfers,37
stephen,transfer_p2p,accepted_tiebreak,transfer_p2p,transfer_p2p,0.6,transfer_p2p,transfers,37
aw live,unclassified_other,abstain_confirmed,unclassified_other,unclassified_other,0.3,,unclassified,37
startselect.help,gaming_online,accepted_tiebreak,gaming_online,gaming_console_pc,0.5,gaming_online,entertainment_leisure,37
moorcroft,debt_collection,accepted,debt_collection,debt_collection,0.85,,high_cost_distress_credit,37
dvla-sb,road_tax,auto_accept,road_tax,road_tax,0.9,,transport_motoring,37
dvla-hn,road_tax,accepted_tiebreak,vehicle_mot,road_tax,0.9,road_tax,transport_motoring,37
dvla-fg,road_tax,auto_accept,road_tax,road_tax,0.9,,transport_motoring,37
p and a news,convenience_store,accepted,convenience_store,convenience_store,0.7,,groceries_household_essentials,37
beagle st,insurance_life,accepted_tiebreak,insurance_life,insurance_life,0.6,insurance_life,insurance,37
alison thompson,transfer_p2p,accepted_tiebreak,transfer_p2p,transfer_p2p,0.6,transfer_p2p,transfers,37
ring basic plan ring,online_services,human_reviewed,home_accessories,utility_other,0.5,online_services,digital_subscriptions_services,37
rontec norden,fuel,accepted_tiebreak,unclassified_other,fuel,0.8,fuel,transport_motoring,37
orderyoyo,takeaway,accepted,takeaway,takeaway,0.8,,eating_drinking_out,37
cd milton stores,convenience_store,accepted_tiebreak,convenience_store,convenience_store,0.5,convenience_store,groceries_household_essentials,37
usworth & wash,carwash,accepted,carwash,carwash,0.7,,transport_motoring,37
takyiwah s,transfer_p2p,accepted_general,transfer_p2p,transfer_p2p,0.6,transfer_own_account,transfers,37
kendon cafe & dining,restaurant_cafe,accepted,restaurant_cafe,restaurant_cafe,0.75,,eating_drinking_out,37
boodhoo m,transfer_p2p,accepted_tiebreak,transfer_p2p,transfer_p2p,0.6,transfer_p2p,transfers,37
golden coast,unclassified_other,abstain_residual,restaurant_cafe,unclassified_other,0.3,takeaway,unclassified,37
obakeng,transfer_p2p,accepted_tiebreak,transfer_p2p,transfer_p2p,0.6,transfer_p2p,transfers,37
cuffs,restaurant_cafe,accepted_tiebreak,takeaway,restaurant_cafe,0.55,restaurant_cafe,eating_drinking_out,37
retford convenience store,convenience_store,accepted,convenience_store,convenience_store,0.85,,groceries_household_essentials,37
chatham-glyn,unclassified_other,abstain_confirmed,unclassified_other,transfer_p2p,0.4,unclassified_other,unclassified,37
a&a convenience,convenience_store,accepted,convenience_store,convenience_store,0.75,,groceries_household_essentials,37
ring premium,online_services,accepted_tiebreak,home_accessories,online_services,0.4,online_services,digital_subscriptions_services,37
nitrous,prize_competitions,accepted_tiebreak,prize_competitions,prize_competitions,0.5,prize_competitions,gambling,37
dvla-lt,road_tax,auto_accept,road_tax,road_tax,0.9,,transport_motoring,37
premier cd,unclassified_other,abstain_confirmed,unclassified_other,credit_card_repayment,0.35,unclassified_other,unclassified,37
cent,debt_collection,accepted_tiebreak,unclassified_other,debt_collection,0.5,debt_collection,high_cost_distress_credit,37
fir street express,unclassified_other,abstain_confirmed,unclassified_other,unclassified_other,0.3,,unclassified,37
assurant,insurance_general,accepted,insurance_general,insurance_general,0.7,,insurance,37
dvla-pf,road_tax,auto_accept,road_tax,road_tax,0.9,,transport_motoring,37
trevenner,convenience_store,accepted,convenience_store,convenience_store,0.8,,groceries_household_essentials,37
mutual clothing and su,catalogue_retail,accepted_tiebreak,catalogue_retail,clothing_general,0.55,catalogue_retail,general_retail_marketplaces,37
mr christopher j stone smile,unclassified_other,abstain_residual,dentist,dentist,0.55,transfer_p2p,unclassified,37
stuart moore kez,transfer_p2p,accepted_tiebreak,unclassified_other,transfer_p2p,0.45,transfer_p2p,transfers,37
joshuas,convenience_store,accepted,convenience_store,convenience_store,0.8,,groceries_household_essentials,37
lcinternati cd,payment_intermediary,human_reviewed,unclassified_other,personal_loan_repayment,0.5,payment_intermediary,general_retail_marketplaces,37
stanley taylor,transfer_p2p,accepted_tiebreak,transfer_p2p,transfer_p2p,0.5,transfer_p2p,transfers,37
wharfedale,unclassified_other,abstain_confirmed,unclassified_other,unclassified_other,0.3,,unclassified,37
mr nishaan,transfer_p2p,accepted_tiebreak,transfer_p2p,transfer_p2p,0.6,transfer_p2p,transfers,37
dvla-sl,road_tax,auto_accept,road_tax,road_tax,0.9,,transport_motoring,37
post & telegraph,unclassified_other,abstain_confirmed,unclassified_other,unclassified_other,0.3,,unclassified,37
crv,payment_intermediary,accepted_tiebreak,unclassified_other,payment_intermediary,0.4,payment_intermediary,general_retail_marketplaces,37
st stephen's convenien,convenience_store,accepted,convenience_store,convenience_store,0.85,,groceries_household_essentials,37
the giveaway guys,prize_competitions,accepted_tiebreak,prize_competitions,prize_competitions,0.6,prize_competitions,gambling,37
bandai namco europe,gaming_console_pc,accepted_tiebreak,gaming_console_pc,gaming_console_pc,0.6,gaming_console_pc,entertainment_leisure,37
jackpotz,prize_competitions,accepted,prize_competitions,prize_competitions,0.7,,gambling,37
rockley park,holiday_uk,accepted_tiebreak,sports_participation,holiday_uk,0.55,holiday_uk,travel_holidays,37
overdales legal limite,debt_collection,accepted,debt_collection,debt_collection,0.85,,high_cost_distress_credit,37
callum eglintine,transfer_p2p,accepted_tiebreak,transfer_p2p,transfer_p2p,0.6,transfer_p2p,transfers,37
gardner westgate svcs,convenience_store,accepted_tiebreak,unclassified_other,convenience_store,0.4,convenience_store,groceries_household_essentials,37
c white hart chesterfiel,pub_bar,accepted_tiebreak,pub_bar,pub_bar,0.6,pub_bar,eating_drinking_out,37
darren khosrowpour,transfer_p2p,accepted_tiebreak,transfer_p2p,transfer_p2p,0.6,transfer_p2p,transfers,37
kerry armstrong,transfer_p2p,accepted_tiebreak,transfer_p2p,transfer_p2p,0.6,transfer_p2p,transfers,37
spar limegreen,groceries,accepted,groceries,groceries,0.75,,groceries_household_essentials,37
joseph carolan donna,transfer_p2p,accepted_tiebreak,transfer_p2p,transfer_p2p,0.6,transfer_p2p,transfers,37
lynkpay,taxi_rideshare,accepted_tiebreak,payment_intermediary,taxi_rideshare,0.75,taxi_rideshare,transport_motoring,37
nandos.co.uk cd,restaurant_cafe,auto_accept,restaurant_cafe,restaurant_cafe,0.9,,eating_drinking_out,37
guinness,rent,human_reviewed,cash_and_carry,utility_other,0.4,rent,housing,37
drive hull,unclassified_other,abstain_residual,car_hire,car_parking,0.55,driving_tuition,unclassified,37
pets 4 homes,pet_supplies,accepted,pet_supplies,pet_supplies,0.7,,pets,37
nur food centre,groceries,accepted,groceries,groceries,0.75,,groceries_household_essentials,37
pfs mfg shortcross,fuel,accepted,fuel,fuel,0.8,,transport_motoring,37
friendship inn,pub_bar,accepted_tiebreak,pub_bar,pub_bar,0.55,pub_bar,eating_drinking_out,37
dcbltd,unclassified_other,abstain_confirmed,unclassified_other,unclassified_other,0.3,,unclassified,37
city of lincoln council,council_tax,accepted_tiebreak,council_tax,council_tax,0.6,council_tax,council_tax_government,37
mrs k,transfer_p2p,accepted_tiebreak,transfer_p2p,transfer_p2p,0.6,transfer_p2p,transfers,37
celtic f.c,memberships,accepted_tiebreak,sports_participation,memberships,0.55,memberships,entertainment_leisure,37
dvla-ld,road_tax,accepted,road_tax,road_tax,0.85,,transport_motoring,37
essar spalding,fuel,accepted,fuel,fuel,0.7,,transport_motoring,37
virtual landline,broadband_tv_phone,human_reviewed,unclassified_other,gambling_unspecified,0.45,broadband_tv_phone,utilities_household_bills,37
diyar m ramazan,transfer_p2p,accepted,transfer_p2p,transfer_p2p,0.7,,transfers,37
stanley wines,alcohol_wine,accepted,alcohol_wine,alcohol_wine,0.7,,groceries_household_essentials,37
levi coooer,transfer_p2p,accepted,transfer_p2p,transfer_p2p,0.7,,transfers,37
ipswich buses,public_transport_rail_coach,accepted,public_transport_rail_coach,public_transport_rail_coach,0.85,,transport_motoring,37
miss tammy,transfer_p2p,accepted_tiebreak,transfer_p2p,transfer_p2p,0.65,transfer_p2p,transfers,37
duane lewis du,transfer_p2p,accepted_tiebreak,transfer_p2p,transfer_p2p,0.65,transfer_p2p,transfers,37
storm comps,prize_competitions,accepted_tiebreak,prize_competitions,prize_competitions,0.6,prize_competitions,gambling,37
stephen carter,transfer_p2p,accepted,transfer_p2p,transfer_p2p,0.7,,transfers,37
ashvin food and wine,alcohol_wine,accepted_general,groceries_specialist,alcohol_wine,0.6,convenience_store,groceries_household_essentials,37
antar s,transfer_p2p,accepted_tiebreak,transfer_p2p,transfer_p2p,0.6,transfer_p2p,transfers,37
kendra ledner,transfer_p2p,accepted_tiebreak,transfer_p2p,transfer_p2p,0.6,transfer_p2p,transfers,37
lisa french katie,transfer_p2p,accepted_tiebreak,transfer_p2p,transfer_p2p,0.55,transfer_p2p,transfers,37
a i jesus martins moreira,transfer_p2p,accepted_tiebreak,transfer_p2p,transfer_p2p,0.6,transfer_p2p,transfers,37
capita bus,tv_licence,accepted,tv_licence,tv_licence,0.85,,utilities_household_bills,37
norton,unclassified_other,abstain_confirmed,unclassified_other,unclassified_other,0.4,,unclassified,37
lucy home,transfer_p2p,accepted_tiebreak,transfer_p2p,transfer_p2p,0.55,transfer_p2p,transfers,37
jks food&wine,alcohol_wine,accepted_general,groceries_specialist,alcohol_wine,0.6,convenience_store,groceries_household_essentials,37
foress,convenience_store,accepted_tiebreak,convenience_store,convenience_store,0.5,convenience_store,groceries_household_essentials,37
d dillingham,transfer_p2p,accepted_tiebreak,transfer_p2p,transfer_p2p,0.6,transfer_p2p,transfers,37
kareem ajala,transfer_p2p,accepted_tiebreak,transfer_p2p,transfer_p2p,0.6,transfer_p2p,transfers,37
thomas male,transfer_p2p,accepted_tiebreak,transfer_p2p,transfer_p2p,0.6,transfer_p2p,transfers,37
b fox,transfer_p2p,accepted_tiebreak,transfer_p2p,transfer_p2p,0.6,transfer_p2p,transfers,37
co-op late shop,groceries,accepted,groceries,groceries,0.85,,groceries_household_essentials,36
discovery plus,streaming,auto_accept,streaming,streaming,0.9,,digital_subscriptions_services,36
golocalextra,unclassified_other,abstain_residual,unclassified_other,delivery_courier,0.55,convenience_store,unclassified,36
leisurematic,entertainment_other,accepted_tiebreak,entertainment_other,entertainment_other,0.4,entertainment_other,entertainment_leisure,36
declan,transfer_p2p,accepted_tiebreak,transfer_p2p,transfer_p2p,0.6,transfer_p2p,transfers,36
a kieta sylla,transfer_p2p,accepted_tiebreak,transfer_p2p,transfer_p2p,0.6,transfer_p2p,transfers,36
rajd limited,unclassified_other,abstain_confirmed,retail_other,unclassified_other,0.3,unclassified_other,unclassified,36
haringey,council_tax,accepted_tiebreak,council_tax,council_tax,0.6,council_tax,council_tax_government,36
premier forres,groceries,accepted_tiebreak,groceries,convenience_store,0.55,groceries,groceries_household_essentials,36
s coombe,transfer_p2p,accepted_tiebreak,transfer_p2p,transfer_p2p,0.6,transfer_p2p,transfers,36
lyndsay smith,transfer_p2p,accepted_tiebreak,transfer_p2p,transfer_p2p,0.6,transfer_p2p,transfers,36
liam adcock,transfer_p2p,accepted_tiebreak,transfer_p2p,transfer_p2p,0.6,transfer_p2p,transfers,36
langton green filling sta,fuel,accepted,fuel,fuel,0.85,,transport_motoring,36
premal joshi,transfer_p2p,accepted_tiebreak,transfer_p2p,transfer_p2p,0.6,transfer_p2p,transfers,36
jessica beddard,transfer_p2p,accepted_tiebreak,transfer_p2p,transfer_p2p,0.6,transfer_p2p,transfers,36
selekt chicken,takeaway,accepted,takeaway,takeaway,0.7,,eating_drinking_out,36
platinoltd,unclassified_other,abstain_residual,beauty_treatment,beauty_treatment,0.55,unclassified_other,unclassified,36
cd contactless.travelheanor,public_transport_rail_coach,accepted_tiebreak,public_transport_rail_coach,public_transport_rail_coach,0.3,public_transport_rail_coach,transport_motoring,36
eone,unclassified_other,abstain_residual,insurance_life,insurance_life,0.5,investment_general,unclassified,36
janes pantry,restaurant_cafe,accepted_tiebreak,takeaway,restaurant_cafe,0.55,restaurant_cafe,eating_drinking_out,36
dvla-oy,road_tax,auto_accept,road_tax,road_tax,0.9,,transport_motoring,36
family finance,personal_loan_repayment,accepted,personal_loan_repayment,personal_loan_repayment,0.75,,credit_loan_repayments,36
variety food and wine,convenience_store,accepted_tiebreak,convenience_store,convenience_store,0.6,convenience_store,groceries_household_essentials,36
gatwick airport-ss,airport_spend,accepted_tiebreak,airport_spend,airport_spend,0.6,airport_spend,travel_holidays,36
parsley and thyme,restaurant_cafe,accepted_tiebreak,takeaway,restaurant_cafe,0.5,restaurant_cafe,eating_drinking_out,36
nass love you xx,transfer_p2p,accepted_tiebreak,unclassified_other,transfer_p2p,0.6,transfer_p2p,transfers,36
a owen,transfer_p2p,accepted_tiebreak,transfer_p2p,transfer_p2p,0.6,transfer_p2p,transfers,36
ona livuapp,online_dating,human_reviewed,online_services,adult_entertainment,0.55,unclassified_card_spend,digital_subscriptions_services,36
goldstone organic food,groceries_specialist,accepted_tiebreak,groceries_specialist,groceries_specialist,0.6,groceries_specialist,groceries_household_essentials,36
morr grays,unclassified_other,abstain_confirmed,unclassified_other,transfer_p2p,0.4,unclassified_other,unclassified,36
fossway store,convenience_store,accepted_tiebreak,convenience_store,convenience_store,0.65,convenience_store,groceries_household_essentials,36
first potteries,unclassified_other,abstain_residual,unclassified_other,restaurant_cafe,0.4,public_transport_rail_coach,unclassified,36
red lion supermark,groceries,accepted_tiebreak,groceries,convenience_store,0.6,groceries,groceries_household_essentials,36
hartlepoolboroughcou,government_services,human_reviewed,unclassified_other,council_tax,0.55,government_services,council_tax_government,36
denton groceries,groceries,accepted_tiebreak,groceries,groceries,0.6,groceries,groceries_household_essentials,36
naz food centre,groceries,accepted_general,groceries,groceries,0.6,groceries_specialist,groceries_household_essentials,36
o m munroe xx,transfer_p2p,accepted_tiebreak,transfer_p2p,transfer_p2p,0.55,transfer_p2p,transfers,36
rhys eg,transfer_p2p,accepted_tiebreak,transfer_p2p,transfer_p2p,0.6,transfer_p2p,transfers,36
jane danher mum,transfer_p2p,accepted,transfer_p2p,transfer_p2p,0.75,,transfers,36
jamie love you,transfer_p2p,accepted,transfer_p2p,transfer_p2p,0.75,,transfers,36
murphy usa,transfer_p2p,accepted_tiebreak,transfer_p2p,fuel,0.5,transfer_p2p,transfers,36
holiday inn express,accommodation,auto_accept,accommodation,accommodation,0.9,,travel_holidays,36
notion labs inc.,software,accepted,software,software,0.75,,digital_subscriptions_services,36
popeyes louisiana chic,takeaway,accepted,takeaway,takeaway,0.7,,eating_drinking_out,36
lovisa,jewellery,accepted,jewellery,jewellery,0.75,,clothing_personal_care,36
adrian,transfer_p2p,accepted_tiebreak,transfer_p2p,transfer_p2p,0.6,transfer_p2p,transfers,36
stj dining rm,restaurant_cafe,accepted_tiebreak,restaurant_cafe,restaurant_cafe,0.55,restaurant_cafe,eating_drinking_out,36
cross stourbridge sto,unclassified_other,abstain_residual,public_transport_rail_coach,unclassified_other,0.3,unclassified_card_spend,unclassified,36
dvla-sg,road_tax,auto_accept,road_tax,road_tax,0.9,,transport_motoring,36
drafty london,personal_loan_repayment,accepted,personal_loan_repayment,personal_loan_repayment,0.85,,credit_loan_repayments,36
miss alicia m rubi,transfer_p2p,accepted,transfer_p2p,transfer_p2p,0.7,,transfers,36
georgia bowie me ft,transfer_p2p,accepted,transfer_p2p,transfer_p2p,0.7,,transfers,36
nhs,health_other,accepted_tiebreak,hospital,health_other,0.5,health_other,health_medical,36
m oldaker,transfer_p2p,accepted,transfer_p2p,transfer_p2p,0.7,,transfers,36
cbsl tvl,public_transport_rail_coach,accepted_tiebreak,public_transport_rail_coach,tv_licence,0.55,public_transport_rail_coach,transport_motoring,36
oldham service station,fuel,accepted_tiebreak,convenience_store,fuel,0.85,fuel,transport_motoring,36
gemma price gem ft,transfer_p2p,accepted_tiebreak,transfer_p2p,transfer_p2p,0.65,transfer_p2p,transfers,36
forest london,unclassified_other,abstain_residual,public_transport_rail_coach,public_transport_rail_coach,0.55,unclassified_card_spend,unclassified,36
yasmine amera,transfer_p2p,accepted,transfer_p2p,transfer_p2p,0.7,,transfers,36
natoora,groceries_specialist,accepted_tiebreak,unclassified_other,groceries_specialist,0.6,groceries_specialist,groceries_household_essentials,36
s hammond,transfer_p2p,accepted,transfer_p2p,transfer_p2p,0.7,,transfers,36
bee-line radio ca,streaming,accepted_tiebreak,streaming,streaming,0.4,streaming,digital_subscriptions_services,36
l wanley,transfer_p2p,accepted,transfer_p2p,transfer_p2p,0.7,,transfers,36
dick turpin,pub_bar,accepted_tiebreak,pub_bar,pub_bar,0.5,pub_bar,eating_drinking_out,36
euroville general trading,unclassified_other,abstain_confirmed,unclassified_other,unclassified_other,0.3,,unclassified,36
rabia,transfer_p2p,accepted,transfer_p2p,transfer_p2p,0.7,,transfers,36
tallow ash,unclassified_other,abstain_residual,clothing_general,unclassified_other,0.3,skin_hair_care,unclassified,36
service,fuel,accepted_tiebreak,fuel,fuel,0.55,fuel,transport_motoring,36
cd tg,unclassified_other,abstain_confirmed,unclassified_other,unclassified_other,0.3,,unclassified,36
drury 188-189,restaurant_cafe,accepted_tiebreak,restaurant_cafe,restaurant_cafe,0.6,restaurant_cafe,eating_drinking_out,36
street,unclassified_other,abstain_confirmed,unclassified_other,unclassified_other,0.3,,unclassified,36
tom,transfer_p2p,accepted_tiebreak,transfer_p2p,transfer_p2p,0.6,transfer_p2p,transfers,36
frankie and bennys,restaurant_cafe,accepted,restaurant_cafe,restaurant_cafe,0.85,,eating_drinking_out,36
bus,public_transport_rail_coach,accepted_tiebreak,public_transport_rail_coach,public_transport_rail_coach,0.55,public_transport_rail_coach,transport_motoring,36
applevendingandcate,unclassified_other,abstain_residual,takeaway,convenience_store,0.4,confectionary,unclassified,36
victoria hindes,transfer_p2p,accepted_tiebreak,transfer_p2p,transfer_p2p,0.65,transfer_p2p,transfers,36
drayton manor resort,days_out,accepted_tiebreak,accommodation,days_out,0.65,days_out,entertainment_leisure,36
ryan rent,rent,accepted_tiebreak,rent,rent,0.6,rent,housing,36
t butler,transfer_p2p,accepted_tiebreak,transfer_p2p,transfer_p2p,0.65,transfer_p2p,transfers,36
mount pleasant,unclassified_other,abstain_residual,delivery_courier,unclassified_other,0.3,unclassified_card_spend,unclassified,36
nicola oreilly,transfer_p2p,accepted_tiebreak,transfer_p2p,transfer_p2p,0.65,transfer_p2p,transfers,36
mr darren hewitt,transfer_p2p,accepted_tiebreak,transfer_p2p,transfer_p2p,0.65,transfer_p2p,transfers,36
j f king jess,transfer_p2p,accepted_tiebreak,transfer_p2p,transfer_p2p,0.6,transfer_p2p,transfers,36
l hunt,transfer_p2p,accepted_tiebreak,transfer_p2p,transfer_p2p,0.6,transfer_p2p,transfers,36
huw,transfer_p2p,accepted_tiebreak,transfer_p2p,transfer_p2p,0.6,transfer_p2p,transfers,36
evri limited,delivery_courier,accepted,delivery_courier,delivery_courier,0.85,,general_retail_marketplaces,36
hampshire council-ips,car_parking,human_reviewed,council_tax,council_tax,0.5,car_parking,transport_motoring,36
karl hudson,transfer_p2p,accepted_tiebreak,transfer_p2p,transfer_p2p,0.6,transfer_p2p,transfers,36
allan teese,transfer_p2p,accepted,transfer_p2p,transfer_p2p,0.7,,transfers,36
arbi haziri,transfer_p2p,accepted_tiebreak,transfer_p2p,transfer_p2p,0.6,transfer_p2p,transfers,36
bmr ltd.,unclassified_other,abstain_confirmed,unclassified_other,unclassified_other,0.3,,unclassified,36
mr ashley llewllyn,transfer_p2p,accepted,transfer_p2p,transfer_p2p,0.7,,transfers,36
jsm vending,confectionary,accepted_tiebreak,confectionary,convenience_store,0.4,confectionary,groceries_household_essentials,36
farm,unclassified_other,context_dependent,loan_repayment_manual,personal_loan_repayment,0.5,unclassified_other,unclassified,36
flohealth,health_other,accepted_tiebreak,health_other,health_other,0.5,health_other,health_medical,36
kandola bros,retail_small_independent,accepted_tiebreak,retail_small_independent,clothing_general,0.4,retail_small_independent,general_retail_marketplaces,36
chicken hub willesden gre,takeaway,accepted,takeaway,takeaway,0.7,,eating_drinking_out,36
kyle nolan hi ft,transfer_p2p,accepted_tiebreak,transfer_p2p,transfer_p2p,0.6,transfer_p2p,transfers,36
a balogh,transfer_p2p,accepted_tiebreak,transfer_p2p,transfer_p2p,0.6,transfer_p2p,transfers,36
abdul khan,transfer_p2p,accepted_tiebreak,transfer_p2p,transfer_p2p,0.6,transfer_p2p,transfers,36
market west,groceries,accepted_general,groceries,groceries,0.5,convenience_store,groceries_household_essentials,36
lucas blackbird,transfer_p2p,accepted_tiebreak,transfer_p2p,transfer_p2p,0.6,transfer_p2p,transfers,36
george inn,pub_bar,accepted,pub_bar,pub_bar,0.75,,eating_drinking_out,36
morgan,transfer_p2p,accepted_tiebreak,transfer_p2p,transfer_p2p,0.5,transfer_p2p,transfers,36
14 day trial,software,accepted,software,software,0.7,,digital_subscriptions_services,36
sjp,unclassified_other,abstain_residual,unclassified_other,wealth_management,0.55,unclassified_transfer,unclassified,36
e johnson,transfer_p2p,accepted_tiebreak,transfer_p2p,transfer_p2p,0.6,transfer_p2p,transfers,36
companies house,government_services,accepted_tiebreak,government_services,business_services,0.6,government_services,council_tax_government,36
cd the centre,unclassified_other,abstain_residual,transfer_p2p,unclassified_other,0.3,unclassified_card_spend,unclassified,36
miss enya f n cook,transfer_p2p,accepted_tiebreak,transfer_p2p,transfer_p2p,0.6,transfer_p2p,transfers,36
whitelaws coaches limited,public_transport_rail_coach,accepted_tiebreak,public_transport_rail_coach,public_transport_rail_coach,0.6,public_transport_rail_coach,transport_motoring,36
creamline,groceries_specialist,accepted,groceries_specialist,groceries_specialist,0.75,,groceries_household_essentials,36
jessica ball revol,transfer_p2p,accepted,transfer_p2p,transfer_p2p,0.7,,transfers,36
lily gilbert,transfer_p2p,accepted,transfer_p2p,transfer_p2p,0.8,,transfers,36
a nott,transfer_p2p,accepted_tiebreak,transfer_p2p,transfer_p2p,0.55,transfer_p2p,transfers,36
beam mobility turkey,taxi_rideshare,accepted_general,taxi_rideshare,taxi_rideshare,0.55,transport_other,transport_motoring,36
william walsh,transfer_p2p,accepted_tiebreak,transfer_p2p,transfer_p2p,0.6,transfer_p2p,transfers,36
s markham,transfer_p2p,accepted_tiebreak,transfer_p2p,transfer_p2p,0.55,transfer_p2p,transfers,36
miss e,transfer_p2p,accepted_tiebreak,transfer_p2p,transfer_p2p,0.6,transfer_p2p,transfers,36
homebargns,discount_store,accepted,discount_store,discount_store,0.75,,groceries_household_essentials,36
bees knees,restaurant_cafe,accepted_tiebreak,restaurant_cafe,restaurant_cafe,0.4,restaurant_cafe,eating_drinking_out,36
ms t chamberlain,transfer_p2p,accepted,transfer_p2p,transfer_p2p,0.75,,transfers,36
boot inn,pub_bar,accepted_tiebreak,pub_bar,pub_bar,0.6,pub_bar,eating_drinking_out,36
dot mum via,transfer_p2p,accepted,transfer_p2p,transfer_p2p,0.75,,transfers,36
miss sophie,transfer_p2p,accepted,transfer_p2p,transfer_p2p,0.7,,transfers,36
rhos stores and post offi,convenience_store,accepted_tiebreak,convenience_store,convenience_store,0.6,convenience_store,groceries_household_essentials,36
options manage,unclassified_other,abstain_confirmed,investment_trading,unclassified_other,0.3,unclassified_other,unclassified,36
jdjvendingservices,confectionary,accepted_tiebreak,confectionary,convenience_store,0.5,confectionary,groceries_household_essentials,36
headline news,convenience_store,accepted_tiebreak,newspapers,convenience_store,0.5,convenience_store,groceries_household_essentials,36
central bedfordshire coun,car_parking,human_reviewed,council_tax,council_tax,0.55,car_parking,transport_motoring,36
obelisk food & wine,groceries,accepted_general,groceries,groceries,0.6,convenience_store,groceries_household_essentials,36
benjamin jones ash ft,transfer_p2p,accepted_tiebreak,transfer_p2p,transfer_p2p,0.6,transfer_p2p,transfers,36
c pala,transfer_p2p,accepted_tiebreak,transfer_p2p,transfer_p2p,0.55,transfer_p2p,transfers,36
broxbourne e,unclassified_other,abstain_residual,convenience_store,convenience_store,0.4,unclassified_other,unclassified,36
charter news,convenience_store,accepted_tiebreak,newspapers,convenience_store,0.5,convenience_store,groceries_household_essentials,36
walsall,council_tax,accepted_tiebreak,council_tax,council_tax,0.55,council_tax,council_tax_government,36
stephensons of essex,unclassified_other,abstain_residual,transfer_p2p,unclassified_other,0.3,public_transport_rail_coach,unclassified,36
helen foulkes,transfer_p2p,accepted,transfer_p2p,transfer_p2p,0.7,,transfers,36
james o'donnell,transfer_p2p,accepted,transfer_p2p,transfer_p2p,0.7,,transfers,36
sinead,transfer_p2p,accepted,transfer_p2p,transfer_p2p,0.7,,transfers,36
c j summers,transfer_p2p,accepted_tiebreak,transfer_p2p,transfer_p2p,0.65,transfer_p2p,transfers,36
lucineide lima,transfer_p2p,accepted_tiebreak,transfer_p2p,transfer_p2p,0.6,transfer_p2p,transfers,36
stuart brown,transfer_p2p,accepted_tiebreak,transfer_p2p,transfer_p2p,0.55,transfer_p2p,transfers,36
tumelo senatsi tumelo,transfer_p2p,accepted_tiebreak,transfer_p2p,transfer_p2p,0.65,transfer_p2p,transfers,36
lo veandlightt,marketplace_general,accepted_tiebreak,marketplace_general,marketplace_general,0.6,marketplace_general,general_retail_marketplaces,36
getbits.app,unclassified_other,abstain_confirmed,unclassified_other,crypto,0.4,unclassified_other,unclassified,35
neil mcmanus,transfer_p2p,accepted,transfer_p2p,transfer_p2p,0.7,,transfers,35
jamie,transfer_p2p,accepted_tiebreak,transfer_p2p,transfer_p2p,0.65,transfer_p2p,transfers,35
j sims,transfer_p2p,accepted_tiebreak,transfer_p2p,transfer_p2p,0.65,transfer_p2p,transfers,35
bcpay,unclassified_other,abstain_confirmed,unclassified_other,unclassified_other,0.4,,unclassified,35
gillett stoney lane,restaurant_cafe,accepted_tiebreak,restaurant_cafe,restaurant_cafe,0.5,restaurant_cafe,eating_drinking_out,35
nitromonthly,unclassified_other,abstain_residual,streaming,gaming_online,0.6,online_services,unclassified,35
cameron,transfer_p2p,accepted,transfer_p2p,transfer_p2p,0.7,,transfers,35
chirton wines,alcohol_wine,accepted,alcohol_wine,alcohol_wine,0.75,,groceries_household_essentials,35
footy addicts,sports_participation,accepted_tiebreak,unclassified_other,sports_participation,0.6,sports_participation,entertainment_leisure,35
l johanson,transfer_p2p,accepted_tiebreak,transfer_p2p,transfer_p2p,0.65,transfer_p2p,transfers,35
bmac carnlough 62 harbo,cash_withdrawal,accepted_tiebreak,unclassified_other,cash_withdrawal,0.5,cash_withdrawal,cash,35
p longshaw,transfer_p2p,accepted_tiebreak,transfer_p2p,transfer_p2p,0.65,transfer_p2p,transfers,35
claire garvey,transfer_p2p,accepted_tiebreak,transfer_p2p,transfer_p2p,0.65,transfer_p2p,transfers,35
ayyub poku phone,transfer_p2p,accepted_tiebreak,transfer_p2p,transfer_p2p,0.6,transfer_p2p,transfers,35
ps engineering,unclassified_other,abstain_confirmed,unclassified_other,unclassified_other,0.4,,unclassified,35
daughter food,transfer_p2p,accepted,transfer_p2p,transfer_p2p,0.7,,transfers,35
ninthan retail,convenience_store,accepted_tiebreak,restaurant_cafe,convenience_store,0.5,convenience_store,groceries_household_essentials,35
gen register office,id_documents,accepted,id_documents,id_documents,0.7,,council_tax_government,35
anthropic,software,accepted_tiebreak,software,software,0.6,software,digital_subscriptions_services,35
head of steam,pub_bar,accepted,pub_bar,pub_bar,0.75,,eating_drinking_out,35
barbara h,transfer_p2p,accepted_tiebreak,transfer_p2p,transfer_p2p,0.6,transfer_p2p,transfers,35
fitzdares,gambling_betting,accepted_tiebreak,gambling_casino,gambling_betting,0.9,gambling_betting,gambling,35
multiple shop,marketplace_general,accepted,marketplace_general,marketplace_general,0.85,,general_retail_marketplaces,35
mum shane,transfer_p2p,accepted,transfer_p2p,transfer_p2p,0.85,,transfers,35
cheryl,transfer_p2p,accepted,transfer_p2p,transfer_p2p,0.75,,transfers,35
owen,transfer_p2p,accepted,transfer_p2p,transfer_p2p,0.7,,transfers,35
gold uk fried chicken,takeaway,accepted,takeaway,takeaway,0.85,,eating_drinking_out,35
heathcheck service,unclassified_other,abstain_confirmed,unclassified_other,unclassified_other,0.4,,unclassified,35
m olajide,transfer_p2p,accepted,transfer_p2p,transfer_p2p,0.75,,transfers,35
the palace,pub_bar,accepted_tiebreak,pub_bar,restaurant_cafe,0.5,pub_bar,eating_drinking_out,35
naylor st f sto,unclassified_other,abstain_confirmed,unclassified_other,unclassified_other,0.4,,unclassified,35
dreamcargiv,prize_competitions,human_reviewed,payment_intermediary,unclassified_other,0.35,prize_competitions,gambling,35
dvla-n,road_tax,auto_accept,road_tax,road_tax,0.9,,transport_motoring,35
adrian curling,transfer_p2p,accepted,transfer_p2p,transfer_p2p,0.75,,transfers,35
everyday saver,savings_transfer,accepted_tiebreak,unclassified_other,savings_transfer,0.6,savings_transfer,savings_investments,35
bilal sahibi,transfer_p2p,accepted,transfer_p2p,transfer_p2p,0.75,,transfers,35
homan l & a,transfer_p2p,accepted,transfer_p2p,transfer_p2p,0.7,,transfers,35
maria andrade,transfer_p2p,accepted,transfer_p2p,transfer_p2p,0.75,,transfers,35
kayleigh mills,transfer_p2p,accepted,transfer_p2p,transfer_p2p,0.75,,transfers,35
tulip baxters torey,catering,accepted_tiebreak,transfer_p2p,catering,0.5,catering,eating_drinking_out,35
nimbl,prepaid_card,accepted_tiebreak,payment_intermediary,prepaid_card,0.6,prepaid_card,transfers,35
parkingeye,car_parking,auto_accept,car_parking,car_parking,0.9,,transport_motoring,35
premier kilmaurs till,convenience_store,accepted,convenience_store,convenience_store,0.75,,groceries_household_essentials,35
tv licence,tv_licence,auto_accept,tv_licence,tv_licence,0.97,,utilities_household_bills,35
dvla-ce,road_tax,auto_accept,road_tax,road_tax,0.95,,transport_motoring,35
minto money,unclassified_other,abstain_confirmed,unclassified_other,personal_loan_repayment,0.5,unclassified_other,unclassified,35
js minimarket,convenience_store,accepted,convenience_store,convenience_store,0.85,,groceries_household_essentials,35
m&m convenience store,convenience_store,auto_accept,convenience_store,convenience_store,0.9,,groceries_household_essentials,35
vms henry's cafe,restaurant_cafe,accepted,restaurant_cafe,restaurant_cafe,0.85,,eating_drinking_out,35
spar buckley,groceries,auto_accept,groceries,groceries,0.9,,groceries_household_essentials,35
kudakwashe,transfer_p2p,accepted_tiebreak,unclassified_other,transfer_p2p,0.65,transfer_p2p,transfers,35
oliver block,transfer_p2p,accepted_tiebreak,transfer_p2p,transfer_p2p,0.6,transfer_p2p,transfers,35
five star service station,fuel,accepted_tiebreak,convenience_store,fuel,0.7,fuel,transport_motoring,35
wayne parkes cabinet,transfer_p2p,accepted_tiebreak,transfer_p2p,transfer_p2p,0.55,transfer_p2p,transfers,35
michelle fry,transfer_p2p,accepted_tiebreak,transfer_p2p,transfer_p2p,0.65,transfer_p2p,transfers,35
jack lol ft,transfer_p2p,accepted_tiebreak,transfer_p2p,transfer_p2p,0.6,transfer_p2p,transfers,35
white horse alton,pub_bar,accepted,pub_bar,pub_bar,0.8,,eating_drinking_out,35
united wholesale scot,cash_and_carry,accepted,cash_and_carry,cash_and_carry,0.7,,groceries_household_essentials,35
avril,transfer_p2p,accepted_tiebreak,transfer_p2p,transfer_p2p,0.55,transfer_p2p,transfers,35
adam baetu,transfer_p2p,accepted_tiebreak,transfer_p2p,transfer_p2p,0.65,transfer_p2p,transfers,35
josephine henry,transfer_p2p,accepted_tiebreak,transfer_p2p,transfer_p2p,0.6,transfer_p2p,transfers,35
evie mom,transfer_p2p,accepted_tiebreak,transfer_p2p,transfer_p2p,0.6,transfer_p2p,transfers,35
supernews travel,unclassified_other,abstain_residual,unclassified_other,convenience_store,0.5,public_transport_rail_coach,unclassified,35
corey,transfer_p2p,accepted_tiebreak,transfer_p2p,transfer_p2p,0.6,transfer_p2p,transfers,35
dvla-ck,road_tax,auto_accept,road_tax,road_tax,0.9,,transport_motoring,35
ballymena eats,takeaway,accepted_tiebreak,takeaway,takeaway,0.6,takeaway,eating_drinking_out,35
wayne mark davies pi,transfer_p2p,accepted_tiebreak,transfer_p2p,transfer_p2p,0.55,transfer_p2p,transfers,35
greencore worksop,unclassified_other,abstain_residual,unclassified_other,retail_small_independent,0.4,catering,unclassified,35
cd lifestyle express,convenience_store,accepted_tiebreak,unclassified_other,convenience_store,0.55,convenience_store,groceries_household_essentials,35
miss keri tobin keri,transfer_p2p,accepted_tiebreak,transfer_p2p,transfer_p2p,0.6,transfer_p2p,transfers,35
muskan,transfer_p2p,accepted_tiebreak,unclassified_other,transfer_p2p,0.55,transfer_p2p,transfers,35
max coyle,transfer_p2p,accepted_tiebreak,transfer_p2p,transfer_p2p,0.6,transfer_p2p,transfers,35
aziza ahmed gubran,bnpl,accepted,bnpl,bnpl,0.75,,credit_loan_repayments,35
bp finchley lane convenie,fuel,accepted,fuel,fuel,0.7,,transport_motoring,35
hellcats,unclassified_other,abstain_confirmed,unclassified_other,unclassified_other,0.3,,unclassified,35
shafakat hussain,transfer_p2p,accepted_tiebreak,transfer_p2p,transfer_p2p,0.6,transfer_p2p,transfers,35
zoyas news cd,convenience_store,accepted,convenience_store,convenience_store,0.7,,groceries_household_essentials,35
hinkley point,restaurant_cafe,accepted_tiebreak,restaurant_cafe,restaurant_cafe,0.45,restaurant_cafe,eating_drinking_out,35
miss paige,transfer_p2p,accepted_tiebreak,transfer_p2p,transfer_p2p,0.6,transfer_p2p,transfers,35
emma new amy,transfer_p2p,accepted_tiebreak,transfer_p2p,transfer_p2p,0.55,transfer_p2p,transfers,35
miller convenience sto,convenience_store,accepted,convenience_store,convenience_store,0.85,,groceries_household_essentials,35
emma maxted,transfer_p2p,accepted,transfer_p2p,transfer_p2p,0.75,,transfers,35
borders competition,prize_competitions,accepted_tiebreak,prize_competitions,prize_competitions,0.6,prize_competitions,gambling,35
northants,council_tax,human_reviewed,insurance_motor,unclassified_other,0.4,council_tax,council_tax_government,35
charity,charitable_donation,accepted_tiebreak,charitable_donation,gambling_lottery,0.55,charitable_donation,charitable_political_giving,35
team,unclassified_other,abstain_confirmed,transfer_p2p,unclassified_other,0.4,unclassified_other,unclassified,35
esso marcham road,fuel,auto_accept,fuel,fuel,0.9,,transport_motoring,35
dvla-dy,road_tax,auto_accept,road_tax,road_tax,0.92,,transport_motoring,35
starlink,broadband_tv_phone,accepted,broadband_tv_phone,broadband_tv_phone,0.85,,utilities_household_bills,35
beer,alcohol_beer_spirits,accepted,alcohol_beer_spirits,alcohol_beer_spirits,0.75,,groceries_household_essentials,35
int'l,unclassified_other,abstain_confirmed,unclassified_other,unclassified_other,0.4,,unclassified,35
gail's,restaurant_cafe,accepted,restaurant_cafe,restaurant_cafe,0.8,,eating_drinking_out,35
iggm,gaming_online,accepted_tiebreak,gambling_casino,gaming_online,0.5,gaming_online,entertainment_leisure,35
jade bentwood,transfer_p2p,accepted_tiebreak,transfer_p2p,cleaning_services,0.5,transfer_p2p,transfers,35
taylor cook,transfer_p2p,accepted_tiebreak,transfer_p2p,transfer_p2p,0.6,transfer_p2p,transfers,35
phillip,transfer_p2p,accepted_tiebreak,transfer_p2p,transfer_p2p,0.65,transfer_p2p,transfers,35
blake ward,transfer_p2p,accepted_tiebreak,transfer_p2p,transfer_p2p,0.65,transfer_p2p,transfers,35
mastrick convenience stor,convenience_store,accepted,convenience_store,convenience_store,0.85,,groceries_household_essentials,35
jonathan smith,transfer_p2p,accepted_tiebreak,transfer_p2p,transfer_p2p,0.65,transfer_p2p,transfers,35
miss rachel,transfer_p2p,accepted,transfer_p2p,transfer_p2p,0.7,,transfers,35
highland convenience,convenience_store,accepted,convenience_store,convenience_store,0.85,,groceries_household_essentials,35
close brothers premium finance,insurance_general,accepted_tiebreak,retail_finance_repayment,insurance_general,0.7,insurance_general,insurance,35
leighton hospital,hospital,accepted,hospital,hospital,0.85,,health_medical,35
pak supermarket,groceries,accepted,groceries,groceries,0.75,,groceries_household_essentials,35
ins ins2go,insurance_general,accepted_tiebreak,insurance_general,insurance_general,0.6,insurance_general,insurance,35
dvla-dn,road_tax,auto_accept,road_tax,road_tax,0.9,,transport_motoring,35
euro disney associes,days_out,accepted,days_out,days_out,0.75,,entertainment_leisure,35
dvla-gv,road_tax,auto_accept,road_tax,road_tax,0.9,,transport_motoring,35
day today express,convenience_store,accepted,convenience_store,convenience_store,0.7,,groceries_household_essentials,35
slc receipts,student_loan_repayment,accepted,student_loan_repayment,student_loan_repayment,0.7,,credit_loan_repayments,35
shree news ltd,convenience_store,accepted,convenience_store,convenience_store,0.8,,groceries_household_essentials,35
morleys fried chicken,takeaway,accepted,takeaway,takeaway,0.85,,eating_drinking_out,35
narissa nikpour,transfer_p2p,accepted_tiebreak,transfer_p2p,transfer_p2p,0.6,transfer_p2p,transfers,35
dvla-yk,road_tax,auto_accept,road_tax,road_tax,0.9,,transport_motoring,35
sandon road supermarke,groceries,accepted,groceries,groceries,0.75,,groceries_household_essentials,35
t phelan,transfer_p2p,accepted_tiebreak,transfer_p2p,transfer_p2p,0.6,transfer_p2p,transfers,35
amy liddon lee,transfer_p2p,accepted_tiebreak,transfer_p2p,transfer_p2p,0.6,transfer_p2p,transfers,35
great barr tanning cen,beauty_treatment,accepted,beauty_treatment,beauty_treatment,0.85,,clothing_personal_care,35
ben parr baby wipes,transfer_p2p,accepted_tiebreak,baby_products,transfer_p2p,0.5,transfer_p2p,transfers,35
sydenham food and wine cd,alcohol_wine,accepted_general,alcohol_wine,alcohol_wine,0.65,convenience_store,groceries_household_essentials,35
stag inn woodhouse,pub_bar,accepted,pub_bar,pub_bar,0.85,,eating_drinking_out,35
c mitchell,transfer_p2p,accepted_tiebreak,transfer_p2p,transfer_p2p,0.6,transfer_p2p,transfers,35
cd the earl of chester,pub_bar,accepted,pub_bar,pub_bar,0.75,,eating_drinking_out,35
spag,loan_repayment_manual,human_reviewed,loan_repayment_manual,loan_repayment_other,0.5,unclassified_other,credit_loan_repayments,35
wetransfer,web_services,accepted,web_services,web_services,0.7,,digital_subscriptions_services,35
l b,council_tax,accepted_tiebreak,council_tax,council_tax,0.6,council_tax,council_tax_government,35
amber pool & sports,sports_equipment,accepted_general,sports_equipment,sports_equipment,0.55,sports_participation,entertainment_leisure,35
esso walkers clock,fuel,accepted,fuel,fuel,0.85,,transport_motoring,35
foodstore,convenience_store,accepted_tiebreak,groceries,convenience_store,0.7,convenience_store,groceries_household_essentials,35
cd rca,spares_repairs,accepted_tiebreak,spares_repairs,spares_repairs,0.6,spares_repairs,transport_motoring,35
campell catering duncrue,catering,accepted_tiebreak,catering,catering,0.6,catering,eating_drinking_out,35
axe convenience,convenience_store,accepted,convenience_store,convenience_store,0.85,,groceries_household_essentials,35
cop slots,gambling_casino,accepted,gambling_casino,gambling_casino,0.75,,gambling,35
kastytis sikarskas borrowing,transfer_p2p,accepted,transfer_p2p,transfer_p2p,0.7,,transfers,35
michelle lee,transfer_p2p,accepted_tiebreak,transfer_p2p,transfer_p2p,0.65,transfer_p2p,transfers,35
talisha,transfer_p2p,accepted_tiebreak,transfer_p2p,transfer_p2p,0.65,transfer_p2p,transfers,35
mahmood q,transfer_p2p,accepted_tiebreak,transfer_p2p,transfer_p2p,0.65,transfer_p2p,transfers,35
steliana stan,transfer_p2p,accepted_tiebreak,transfer_p2p,transfer_p2p,0.65,transfer_p2p,transfers,35
jamie-lee watkinso,transfer_p2p,accepted_tiebreak,transfer_p2p,transfer_p2p,0.65,transfer_p2p,transfers,35
loom,software,accepted_tiebreak,software,software,0.6,software,digital_subscriptions_services,35
valthx,unclassified_other,abstain_confirmed,unclassified_other,personal_loan_repayment,0.45,unclassified_other,unclassified,35
scotrail cd,public_transport_rail_coach,accepted,public_transport_rail_coach,public_transport_rail_coach,0.85,,transport_motoring,35
byrnes off licence cd,alcohol_beer_spirits,accepted,alcohol_beer_spirits,alcohol_beer_spirits,0.75,,groceries_household_essentials,35
rudys,restaurant_cafe,accepted,restaurant_cafe,restaurant_cafe,0.75,,eating_drinking_out,35
intermarche,groceries,accepted,groceries,groceries,0.8,,groceries_household_essentials,35
steven,transfer_p2p,accepted_tiebreak,transfer_p2p,transfer_p2p,0.6,transfer_p2p,transfers,35
five bells,pub_bar,accepted,pub_bar,pub_bar,0.7,,eating_drinking_out,35
harvey,transfer_p2p,accepted_tiebreak,transfer_p2p,transfer_p2p,0.65,transfer_p2p,transfers,35
darina,transfer_p2p,accepted_tiebreak,transfer_p2p,transfer_p2p,0.65,transfer_p2p,transfers,35
lotto social,gambling_lottery,accepted,gambling_lottery,gambling_lottery,0.7,,gambling,35
eve anastasi,transfer_p2p,accepted_tiebreak,transfer_p2p,transfer_p2p,0.65,transfer_p2p,transfers,35
dott trip auth hold,transport_other,accepted_tiebreak,taxi_rideshare,transport_other,0.7,transport_other,transport_motoring,35
valentina stanciu bani,transfer_p2p,accepted_tiebreak,transfer_p2p,transfer_p2p,0.55,transfer_p2p,transfers,35
ryan meneice,transfer_p2p,accepted_tiebreak,transfer_p2p,transfer_p2p,0.65,transfer_p2p,transfers,35
earlston,convenience_store,accepted,convenience_store,convenience_store,0.8,,groceries_household_essentials,35
sarah rymer,transfer_p2p,accepted_tiebreak,transfer_p2p,transfer_p2p,0.65,transfer_p2p,transfers,35
milton,unclassified_other,abstain_confirmed,unclassified_other,unclassified_other,0.3,,unclassified,35
thekaygroupukltd,beauty_treatment,accepted_tiebreak,beauty_treatment,beauty_treatment,0.4,beauty_treatment,clothing_personal_care,34
bumper london,vehicle_maintenance,accepted_general,vehicle_maintenance,vehicle_maintenance,0.4,vehicle_servicing,transport_motoring,34
rooster top up,unclassified_other,abstain_confirmed,unclassified_other,unclassified_other,0.3,,unclassified,34
google ads,advertising_services,accepted,advertising_services,advertising_services,0.85,,business_self_employment,34
abi lovering,transfer_p2p,accepted,transfer_p2p,transfer_p2p,0.7,,transfers,34
frame 2 complex,entertainment_other,accepted_tiebreak,entertainment_other,entertainment_other,0.4,entertainment_other,entertainment_leisure,34
dvla-du,road_tax,auto_accept,road_tax,road_tax,0.9,,transport_motoring,34
the village shop,convenience_store,accepted,convenience_store,convenience_store,0.75,,groceries_household_essentials,34
king's head inn,pub_bar,accepted,pub_bar,pub_bar,0.75,,eating_drinking_out,34
chantry place,unclassified_other,abstain_confirmed,unclassified_other,unclassified_other,0.35,,unclassified,34
spar barry's,groceries,accepted,groceries,groceries,0.85,,groceries_household_essentials,34
forida sultana,transfer_p2p,accepted_tiebreak,transfer_p2p,transfer_p2p,0.6,transfer_p2p,transfers,34
parking services,car_parking,accepted,car_parking,car_parking,0.8,,transport_motoring,34
afolayan,transfer_p2p,accepted,transfer_p2p,transfer_p2p,0.8,,transfers,34
celestino alberto,transfer_p2p,accepted_tiebreak,transfer_p2p,transfer_p2p,0.6,transfer_p2p,transfers,34
goodlord,rent,accepted,rent,rent,0.8,,housing,34
c beenetwork.,unclassified_other,abstain_confirmed,unclassified_other,unclassified_other,0.4,,unclassified,34
gardnermisty,payment_intermediary,accepted_tiebreak,payment_intermediary,transfer_p2p,0.7,payment_intermediary,general_retail_marketplaces,34
j stringer,transfer_p2p,accepted,transfer_p2p,transfer_p2p,0.7,,transfers,34
craghead off licence,alcohol_beer_spirits,accepted,alcohol_beer_spirits,alcohol_beer_spirits,0.8,,groceries_household_essentials,34
ething,clothing_womens,accepted,clothing_womens,clothing_womens,0.85,,clothing_personal_care,34
jade hunter,transfer_p2p,accepted,transfer_p2p,transfer_p2p,0.8,,transfers,34
pro plan,business_services,accepted_tiebreak,business_services,account_charge,0.7,business_services,business_self_employment,34
nx west midlands,unclassified_other,abstain_confirmed,unclassified_other,unclassified_other,0.3,,unclassified,34
abbie rose smith bus,transfer_p2p,accepted_tiebreak,transfer_p2p,transfer_p2p,0.6,transfer_p2p,transfers,34
miss kerry sweeney,transfer_p2p,accepted,transfer_p2p,transfer_p2p,0.7,,transfers,34
z sarfraz,transfer_p2p,accepted_tiebreak,transfer_p2p,transfer_p2p,0.6,transfer_p2p,transfers,34
co-op group petrol,fuel,auto_accept,fuel,fuel,0.9,,transport_motoring,34
mrs c,transfer_p2p,accepted_tiebreak,transfer_p2p,transfer_p2p,0.6,transfer_p2p,transfers,34
ful,unclassified_other,abstain_confirmed,unclassified_other,unclassified_other,0.3,,unclassified,34
easton service station,fuel,accepted,fuel,fuel,0.85,,transport_motoring,34
miles,transfer_p2p,accepted_tiebreak,transfer_p2p,transfer_p2p,0.55,transfer_p2p,transfers,34
falkingham and tay,unclassified_other,abstain_confirmed,unclassified_other,restaurant_cafe,0.5,unclassified_other,unclassified,34
namcolis mart,convenience_store,accepted,convenience_store,convenience_store,0.8,,groceries_household_essentials,34
google redecor,gaming_mobile,accepted_tiebreak,software,gaming_mobile,0.4,gaming_mobile,entertainment_leisure,34
simone,transfer_p2p,accepted,transfer_p2p,transfer_p2p,0.7,,transfers,34
ashleigh,transfer_p2p,accepted,transfer_p2p,transfer_p2p,0.7,,transfers,34
newend food and winewent,alcohol_wine,accepted_general,alcohol_wine,alcohol_wine,0.6,convenience_store,groceries_household_essentials,34
billy barclays,transfer_p2p,accepted_tiebreak,transfer_p2p,transfer_p2p,0.6,transfer_p2p,transfers,34
samantha gardiner & daniel truman,transfer_p2p,accepted_tiebreak,transfer_p2p,transfer_p2p,0.65,transfer_p2p,transfers,34
hbleisurelimited,unclassified_other,abstain_residual,beauty_treatment,beauty_treatment,0.5,entertainment_other,unclassified,34
miss r,transfer_p2p,accepted_tiebreak,transfer_p2p,transfer_p2p,0.65,transfer_p2p,transfers,34
mindark pe ab,gaming_online,accepted_tiebreak,unclassified_other,gaming_online,0.5,gaming_online,entertainment_leisure,34
a lawrence,transfer_p2p,accepted_tiebreak,transfer_p2p,transfer_p2p,0.6,transfer_p2p,transfers,34
the cabin,restaurant_cafe,accepted_tiebreak,retail_small_independent,restaurant_cafe,0.5,restaurant_cafe,eating_drinking_out,34
jabir kamran,transfer_p2p,accepted,transfer_p2p,transfer_p2p,0.7,,transfers,34
wallbrook stor,convenience_store,accepted,convenience_store,convenience_store,0.75,,groceries_household_essentials,34
city counc,council_tax,accepted,council_tax,council_tax,0.85,,council_tax_government,34
paul james,transfer_p2p,accepted,transfer_p2p,transfer_p2p,0.7,,transfers,34
emma herries,transfer_p2p,accepted_tiebreak,transfer_p2p,transfer_p2p,0.65,transfer_p2p,transfers,34
victoria strain,transfer_p2p,accepted_tiebreak,transfer_p2p,transfer_p2p,0.65,transfer_p2p,transfers,34
miss alice,transfer_p2p,accepted_tiebreak,transfer_p2p,transfer_p2p,0.65,transfer_p2p,transfers,34
raj store,convenience_store,accepted,convenience_store,convenience_store,0.75,,groceries_household_essentials,34
joe phillips,transfer_p2p,accepted_tiebreak,transfer_p2p,transfer_p2p,0.55,transfer_p2p,transfers,34
gbp gym and phone,unclassified_other,abstain_residual,gym_fitness,gym_fitness,0.5,transfer_own_account,unclassified,34
the beer stop,alcohol_beer_spirits,accepted,alcohol_beer_spirits,alcohol_beer_spirits,0.8,,groceries_household_essentials,34
miss kimberley m,transfer_p2p,accepted_tiebreak,transfer_p2p,transfer_p2p,0.65,transfer_p2p,transfers,34
s selway,transfer_p2p,accepted_tiebreak,transfer_p2p,transfer_p2p,0.6,transfer_p2p,transfers,34
charlotte edwards kids new,transfer_p2p,accepted_tiebreak,transfer_p2p,transfer_p2p,0.6,transfer_p2p,transfers,34
catherine fraser,transfer_p2p,accepted_tiebreak,transfer_p2p,transfer_p2p,0.65,transfer_p2p,transfers,34
mami nsimba pi,transfer_p2p,accepted_tiebreak,transfer_p2p,transfer_p2p,0.55,transfer_p2p,transfers,34
helen millington,transfer_p2p,accepted_tiebreak,transfer_p2p,transfer_p2p,0.65,transfer_p2p,transfers,34
fishburn convenience stor,convenience_store,accepted,convenience_store,convenience_store,0.75,,groceries_household_essentials,34
hollywoodbowl,sports_participation,accepted_tiebreak,sports_participation,days_out,0.75,sports_participation,entertainment_leisure,34
dawn measor,transfer_p2p,accepted,transfer_p2p,transfer_p2p,0.7,,transfers,34
kyle anthony,transfer_p2p,accepted,transfer_p2p,transfer_p2p,0.7,,transfers,34
zipcar trip aug,car_hire,accepted,car_hire,car_hire,0.85,,transport_motoring,34
bp frenchay park,fuel,accepted,fuel,fuel,0.85,,transport_motoring,34
three square market limit,convenience_store,accepted_tiebreak,convenience_store,convenience_store,0.55,convenience_store,groceries_household_essentials,34
coin solutions ltd,unclassified_other,abstain_residual,crypto,crypto,0.5,laundry,unclassified,34
winner studio,gaming_mobile,accepted_tiebreak,gaming_online,gaming_mobile,0.55,gaming_mobile,entertainment_leisure,34
dvla-lg,road_tax,auto_accept,road_tax,road_tax,0.9,,transport_motoring,34
hinkler road mini mart,convenience_store,accepted,convenience_store,convenience_store,0.85,,groceries_household_essentials,34
courtney willis rent,rent,accepted,rent,rent,0.75,,housing,34
cd queens hospital shop,convenience_store,accepted_tiebreak,hospital,convenience_store,0.5,convenience_store,groceries_household_essentials,34
candy crystal,confectionary,accepted_tiebreak,confectionary,unclassified_other,0.3,confectionary,groceries_household_essentials,34
shop n'go,convenience_store,accepted,convenience_store,convenience_store,0.85,,groceries_household_essentials,34
the tuck,takeaway,accepted_tiebreak,takeaway,restaurant_cafe,0.55,takeaway,eating_drinking_out,34
danesmoor mini market,convenience_store,accepted,convenience_store,convenience_store,0.85,,groceries_household_essentials,34
gulf oil,fuel,accepted,fuel,fuel,0.85,,transport_motoring,34
falmouth cricket club,sports_participation,accepted_tiebreak,sports_participation,sports_participation,0.55,sports_participation,entertainment_leisure,34
asconaretail,unclassified_other,abstain_residual,health_beauty_general,beauty_treatment,0.45,unclassified_other,unclassified,34
mcpherson jw,transfer_p2p,accepted,transfer_p2p,transfer_p2p,0.7,,transfers,34
thrive homes,rent,accepted,rent,rent,0.85,,housing,34
gigahertz,prize_competitions,accepted,prize_competitions,prize_competitions,0.75,,gambling,34
inpics,unclassified_other,abstain_confirmed,unclassified_other,unclassified_other,0.3,,unclassified,34
essential convenience sto,convenience_store,accepted,convenience_store,convenience_store,0.85,,groceries_household_essentials,34
happy,takeaway,accepted_tiebreak,takeaway,takeaway,0.4,takeaway,eating_drinking_out,34
envior,unclassified_other,abstain_confirmed,unclassified_other,unclassified_other,0.3,,unclassified,34
muhanad ahmed bus,transfer_p2p,accepted_tiebreak,transfer_p2p,transfer_p2p,0.55,transfer_p2p,transfers,34
bp dsk mansfield ltd,fuel,accepted,fuel,fuel,0.8,,transport_motoring,34
t todd,transfer_p2p,accepted_tiebreak,transfer_p2p,transfer_p2p,0.6,transfer_p2p,transfers,34
local taxis,taxi_rideshare,auto_accept,taxi_rideshare,taxi_rideshare,0.9,,transport_motoring,34
marieta scirtoaja gift,transfer_p2p,accepted,transfer_p2p,transfer_p2p,0.85,,transfers,34
gina goode,transfer_p2p,accepted,transfer_p2p,transfer_p2p,0.75,,transfers,34
kora lee goode,transfer_p2p,accepted,transfer_p2p,transfer_p2p,0.7,,transfers,34
sysco ireland,cash_and_carry,accepted_tiebreak,cash_and_carry,cash_and_carry,0.65,cash_and_carry,groceries_household_essentials,34
nitrous competition,prize_competitions,accepted,prize_competitions,prize_competitions,0.75,,gambling,34
lane,entertainment_other,accepted_general,entertainment_other,entertainment_other,0.6,days_out,entertainment_leisure,34
boots the chemists,pharmacy,auto_accept,pharmacy,pharmacy,0.95,,health_medical,34
tina,transfer_p2p,accepted,transfer_p2p,transfer_p2p,0.75,,transfers,34
bolton,rent,accepted_tiebreak,rent,rent,0.5,rent,housing,34
segpay,adult_entertainment,accepted_tiebreak,payment_intermediary,adult_entertainment,0.6,adult_entertainment,entertainment_leisure,34
all dayz,convenience_store,accepted_tiebreak,convenience_store,unclassified_other,0.3,convenience_store,groceries_household_essentials,34
cookhouse n pub,pub_bar,accepted,pub_bar,pub_bar,0.85,,eating_drinking_out,34
paul j shaw fuel,fuel,accepted_tiebreak,fuel,fuel,0.6,fuel,transport_motoring,34
julie johnson,transfer_p2p,accepted,transfer_p2p,transfer_p2p,0.7,,transfers,34
miss k andrews mum,transfer_p2p,accepted,transfer_p2p,transfer_p2p,0.85,,transfers,34
simbabawe g,transfer_p2p,accepted_tiebreak,transfer_p2p,transfer_p2p,0.65,transfer_p2p,transfers,34
ipswich buses limi,public_transport_rail_coach,auto_accept,public_transport_rail_coach,public_transport_rail_coach,0.9,,transport_motoring,34
eagle bar,pub_bar,accepted,pub_bar,pub_bar,0.75,,eating_drinking_out,34
t forrest,transfer_p2p,accepted_tiebreak,transfer_p2p,transfer_p2p,0.65,transfer_p2p,transfers,34
greene fayre ltd,pub_bar,accepted_tiebreak,pub_bar,restaurant_cafe,0.55,pub_bar,eating_drinking_out,34
kais,transfer_p2p,accepted,transfer_p2p,transfer_p2p,0.75,,transfers,34
taylor made gy,retail_small_independent,accepted_tiebreak,retail_small_independent,unclassified_other,0.3,retail_small_independent,general_retail_marketplaces,34
alice sarcone mum,transfer_p2p,accepted,transfer_p2p,transfer_p2p,0.85,,transfers,34
muhtasim ahmed money,transfer_p2p,accepted,transfer_p2p,transfer_p2p,0.75,,transfers,34
chatur,adult_entertainment,accepted,adult_entertainment,adult_entertainment,0.7,,entertainment_leisure,34
argos on,catalogue_retail,accepted,catalogue_retail,catalogue_retail,0.85,,general_retail_marketplaces,34
maxol sstn,fuel,accepted,fuel,fuel,0.85,,transport_motoring,34
mr h,transfer_p2p,accepted_tiebreak,transfer_p2p,transfer_p2p,0.65,transfer_p2p,transfers,34
embankment f sta,public_transport_rail_coach,accepted_tiebreak,unclassified_other,public_transport_rail_coach,0.6,public_transport_rail_coach,transport_motoring,34
rhinos gymnasium,gym_fitness,auto_accept,gym_fitness,gym_fitness,0.9,,health_medical,34
miss s rushton,transfer_p2p,accepted_tiebreak,transfer_p2p,transfer_p2p,0.5,transfer_p2p,transfers,34
tg blackpole sstn,public_transport_rail_coach,accepted_general,public_transport_rail_coach,public_transport_rail_coach,0.5,fuel,transport_motoring,34
zheng restaurant,restaurant_cafe,auto_accept,restaurant_cafe,restaurant_cafe,0.9,,eating_drinking_out,34
redlion,pub_bar,accepted_tiebreak,pub_bar,pub_bar,0.55,pub_bar,eating_drinking_out,34
l j a clark mum,transfer_p2p,accepted,transfer_p2p,transfer_p2p,0.85,,transfers,34
cbre baxterstorey,catering,accepted_tiebreak,catering,catering,0.6,catering,eating_drinking_out,34
cd krates,unclassified_other,abstain_residual,public_transport_rail_coach,delivery_courier,0.4,convenience_store,unclassified,34
tc bros taxis,taxi_rideshare,accepted,taxi_rideshare,taxi_rideshare,0.85,,transport_motoring,34
hmrc self,tax_payment,auto_accept,tax_payment,tax_payment,0.97,,council_tax_government,34
dvla-ye,road_tax,auto_accept,road_tax,road_tax,0.95,,transport_motoring,34
warrington's own buses,public_transport_rail_coach,auto_accept,public_transport_rail_coach,public_transport_rail_coach,0.95,,transport_motoring,34
dvla-mj,road_tax,auto_accept,road_tax,road_tax,0.95,,transport_motoring,34
standard 1 mont,software,auto_accept,software,software,0.9,,digital_subscriptions_services,34
double bubble bingo doublebubbleb,gambling_bingo,auto_accept,gambling_bingo,gambling_bingo,0.95,,gambling,34
miss j,transfer_p2p,accepted_tiebreak,transfer_p2p,transfer_p2p,0.6,transfer_p2p,transfers,34
cupp willesden green,unclassified_other,abstain_residual,unclassified_other,car_parking,0.5,restaurant_cafe,unclassified,34
emh,rent,accepted_tiebreak,rent,rent,0.6,rent,housing,34
the oval,takeaway,accepted_tiebreak,restaurant_cafe,takeaway,0.35,takeaway,eating_drinking_out,34
the taxi peopl,taxi_rideshare,auto_accept,taxi_rideshare,taxi_rideshare,0.9,,transport_motoring,34
mohammad izzaaz khan,transfer_p2p,accepted,transfer_p2p,transfer_p2p,0.8,,transfers,34
the greyhound,pub_bar,accepted_tiebreak,pub_bar,pub_bar,0.55,pub_bar,eating_drinking_out,34
lee baker,transfer_p2p,accepted,transfer_p2p,transfer_p2p,0.7,,transfers,34
b robb,transfer_p2p,accepted_tiebreak,transfer_p2p,transfer_p2p,0.65,transfer_p2p,transfers,34
pennymangle ltd,unclassified_other,abstain_confirmed,unclassified_other,unclassified_other,0.3,,unclassified,34
mccaffertys harrow,restaurant_cafe,accepted_general,restaurant_cafe,restaurant_cafe,0.6,pub_bar,eating_drinking_out,34
gareth ponting pay lila,transfer_p2p,accepted_tiebreak,transfer_p2p,transfer_p2p,0.65,transfer_p2p,transfers,34
meccagames,gambling_bingo,accepted_tiebreak,gambling_bingo,gambling_casino,0.75,gambling_bingo,gambling,34
samira warsame sam,transfer_p2p,accepted_tiebreak,transfer_p2p,transfer_p2p,0.65,transfer_p2p,transfers,34
caw supermarket,groceries,accepted,groceries,groceries,0.7,,groceries_household_essentials,34
hykeham grn foodst,groceries,accepted_general,groceries_specialist,groceries,0.55,convenience_store,groceries_household_essentials,34
meadow vale convenienc,convenience_store,accepted,convenience_store,convenience_store,0.75,,groceries_household_essentials,34
lucky bx,gambling_unspecified,accepted_tiebreak,gambling_bingo,gambling_unspecified,0.6,gambling_unspecified,gambling,34
aasa express,unclassified_other,abstain_residual,delivery_courier,taxi_rideshare,0.4,convenience_store,unclassified,34
dan de putter,transfer_p2p,accepted,transfer_p2p,transfer_p2p,0.7,,transfers,34
susan selby monzo,transfer_p2p,accepted_tiebreak,transfer_p2p,transfer_p2p,0.65,transfer_p2p,transfers,34
horse and jockey,pub_bar,accepted_tiebreak,pub_bar,gambling_betting,0.55,pub_bar,eating_drinking_out,34
mario dambrosio,transfer_p2p,accepted_tiebreak,transfer_p2p,transfer_own_account,0.55,transfer_p2p,transfers,34
tailored vending cd,unclassified_other,abstain_residual,unclassified_other,retail_other,0.4,confectionary,unclassified,34
paul bray,transfer_p2p,accepted_tiebreak,transfer_p2p,transfer_p2p,0.55,transfer_p2p,transfers,34
aaron packer laurat,transfer_p2p,accepted_tiebreak,transfer_p2p,transfer_p2p,0.65,transfer_p2p,transfers,34
karl hudson & shannon heaney,transfer_p2p,accepted_tiebreak,transfer_p2p,transfer_p2p,0.6,transfer_p2p,transfers,34
chicken valley,takeaway,accepted,takeaway,takeaway,0.7,,eating_drinking_out,33
stockvale catering,catering,accepted,catering,catering,0.7,,eating_drinking_out,33
mir food centre,groceries,accepted_general,groceries,groceries,0.6,groceries_specialist,groceries_household_essentials,33
emma app,money_management_service,accepted_tiebreak,software,money_management_service,0.7,money_management_service,high_cost_distress_credit,33
glasgow cen stn ots,public_transport_rail_coach,accepted_tiebreak,public_transport_rail_coach,public_transport_rail_coach,0.6,public_transport_rail_coach,transport_motoring,33
dixons travel,computing_devices,accepted_tiebreak,computing_devices,retail_finance_repayment,0.5,computing_devices,general_retail_marketplaces,33
harvey gibbon s whittaker,transfer_p2p,accepted_tiebreak,transfer_p2p,transfer_p2p,0.6,transfer_p2p,transfers,33
nisa local multi,groceries,accepted_tiebreak,groceries,convenience_store,0.6,groceries,groceries_household_essentials,33
machine,cash_withdrawal,accepted,cash_withdrawal,cash_withdrawal,0.85,,cash,33
danny paton aileen,transfer_p2p,accepted_tiebreak,transfer_p2p,transfer_p2p,0.6,transfer_p2p,transfers,33
shopezy,marketplace_general,accepted_tiebreak,unclassified_other,marketplace_general,0.4,marketplace_general,general_retail_marketplaces,33
highlevel inc.,unclassified_other,abstain_residual,software,software,0.55,business_services,unclassified,33
quadri,unclassified_other,abstain_confirmed,takeaway,unclassified_other,0.4,unclassified_other,unclassified,33
bell foundry loughborough,pub_bar,accepted_tiebreak,pub_bar,pub_bar,0.5,pub_bar,eating_drinking_out,33
the clarendon,pub_bar,accepted_tiebreak,pub_bar,pub_bar,0.5,pub_bar,eating_drinking_out,33
j n stores ltd,convenience_store,accepted,convenience_store,convenience_store,0.7,,groceries_household_essentials,33
mr khan,transfer_p2p,accepted_tiebreak,transfer_p2p,transfer_p2p,0.5,transfer_p2p,transfers,33
21 casino,gambling_casino,auto_accept,gambling_casino,gambling_casino,0.9,,gambling,33
k m noble mum,transfer_p2p,accepted,transfer_p2p,transfer_p2p,0.75,,transfers,33
brody moffat,transfer_p2p,accepted_tiebreak,transfer_p2p,rent,0.62,transfer_p2p,transfers,33
eurest london heathrow,catering,accepted_tiebreak,catering,catering,0.6,catering,eating_drinking_out,33
nks supermarket,groceries,accepted,groceries,groceries,0.75,,groceries_household_essentials,33
insite energy ltd,energy,accepted,energy,energy,0.85,,utilities_household_bills,33
miss kamron,transfer_p2p,accepted_tiebreak,transfer_p2p,transfer_p2p,0.6,transfer_p2p,transfers,33
leanne rowe loan ft,personal_loan_repayment,accepted,personal_loan_repayment,personal_loan_repayment,0.7,,credit_loan_repayments,33
dart gear,unclassified_other,abstain_residual,sports_equipment,unclassified_other,0.4,tolls,unclassified,33
julian mclean shopping,transfer_p2p,accepted_tiebreak,transfer_p2p,transfer_p2p,0.55,transfer_p2p,transfers,33
elevenlabs.io,software,accepted,software,software,0.7,,digital_subscriptions_services,33
hm hennes mauritz uk,clothing_general,accepted,clothing_general,clothing_general,0.85,,clothing_personal_care,33
grape tree,groceries_specialist,accepted,groceries_specialist,groceries_specialist,0.7,,groceries_household_essentials,33
seafront catering,catering,accepted_general,catering,catering,0.65,restaurant_cafe,eating_drinking_out,33
dvla-en,road_tax,auto_accept,road_tax,road_tax,0.9,,transport_motoring,33
eurocell,home_improvement,accepted_tiebreak,home_improvement,home_improvement,0.55,home_improvement,home_garden,33
snackverse,unclassified_other,abstain_residual,takeaway,convenience_store,0.55,confectionary,unclassified,33
spend n save,savings_transfer,accepted_tiebreak,unclassified_other,savings_transfer,0.7,savings_transfer,savings_investments,33
muhammad khan,transfer_p2p,accepted_tiebreak,transfer_p2p,rent,0.55,transfer_p2p,transfers,33
powerleague fives limited,sports_participation,accepted,sports_participation,sports_participation,0.75,,entertainment_leisure,33
carl brown,transfer_p2p,accepted_tiebreak,transfer_p2p,transfer_p2p,0.6,transfer_p2p,transfers,33
jolly vending serv,convenience_store,accepted_general,convenience_store,convenience_store,0.5,confectionary,groceries_household_essentials,33
caura ltd,unclassified_other,abstain_residual,unclassified_other,vehicle_maintenance,0.4,car_parking,unclassified,33
mohit,unclassified_other,abstain_residual,transfer_p2p,transfer_p2p,0.6,unclassified_other,unclassified,33
xavier bujnowski ppcket,transfer_p2p,accepted_tiebreak,transfer_p2p,transfer_p2p,0.6,transfer_p2p,transfers,33
c bell,transfer_p2p,accepted_tiebreak,unclassified_other,transfer_p2p,0.5,transfer_p2p,transfers,33
hardens,restaurant_cafe,accepted_tiebreak,restaurant_cafe,restaurant_cafe,0.4,restaurant_cafe,eating_drinking_out,33
mr craig white,transfer_p2p,accepted,transfer_p2p,transfer_p2p,0.7,,transfers,33
courtney paige hurwood,transfer_p2p,accepted,transfer_p2p,transfer_p2p,0.75,,transfers,33
the strathmore bar,pub_bar,accepted,pub_bar,pub_bar,0.75,,eating_drinking_out,33
credit genius,credit_reporting_service,accepted_tiebreak,credit_reporting_service,credit_reporting_service,0.6,credit_reporting_service,high_cost_distress_credit,33
feelgoodcontacts,optician,accepted,optician,optician,0.7,,health_medical,33
j raginskiene,transfer_p2p,accepted_tiebreak,transfer_p2p,transfer_p2p,0.65,transfer_p2p,transfers,33
instantly,unclassified_other,abstain_confirmed,unclassified_other,transfer_p2p,0.4,unclassified_other,unclassified,33
gusto,restaurant_cafe,accepted_tiebreak,restaurant_cafe,restaurant_cafe,0.5,restaurant_cafe,eating_drinking_out,33
megroupinternational,skin_hair_care,accepted_general,health_beauty_general,skin_hair_care,0.45,beauty_treatment,clothing_personal_care,33
bromley express,public_transport_rail_coach,accepted_tiebreak,public_transport_rail_coach,convenience_store,0.5,public_transport_rail_coach,transport_motoring,33
east yorkshire motor serv,public_transport_rail_coach,accepted_tiebreak,vehicle_mot,public_transport_rail_coach,0.6,public_transport_rail_coach,transport_motoring,33
wh smith new southern gen,books,accepted_tiebreak,books,books,0.5,books,entertainment_leisure,33
liquidline retail,confectionary,human_reviewed,alcohol_beer_spirits,retail_other,0.35,confectionary,groceries_household_essentials,33
whitehall convenience,convenience_store,accepted,convenience_store,convenience_store,0.8,,groceries_household_essentials,33
tanya ivanovitch,transfer_p2p,accepted_tiebreak,transfer_p2p,transfer_p2p,0.65,transfer_p2p,transfers,33
emma hall gir,transfer_p2p,accepted,transfer_p2p,transfer_p2p,0.85,,transfers,33
valley coffee,restaurant_cafe,accepted,restaurant_cafe,restaurant_cafe,0.85,,eating_drinking_out,33
layla-jay fry,transfer_p2p,accepted,transfer_p2p,transfer_p2p,0.85,,transfers,33
p kerr,transfer_p2p,accepted,transfer_p2p,transfer_p2p,0.7,,transfers,33
y pentan,pub_bar,human_reviewed,unclassified_other,restaurant_cafe,0.5,pub_bar,eating_drinking_out,33
jpt cleaning services,cleaning_services,accepted,cleaning_services,cleaning_services,0.85,,home_garden,33
joseph moss joseph,transfer_p2p,accepted,transfer_p2p,transfer_p2p,0.85,,transfers,33
laurelle,transfer_p2p,accepted,transfer_p2p,transfer_p2p,0.75,,transfers,33
gymshark uk,sportswear,auto_accept,sportswear,sportswear,0.9,,clothing_personal_care,33
daisy,unclassified_other,abstain_residual,transfer_p2p,unclassified_recurring,0.4,broadband_tv_phone,unclassified,33
national education,education_general,accepted_tiebreak,education_general,education_general,0.6,education_general,childcare_education,33
sar mine marked,unclassified_other,abstain_confirmed,unclassified_other,gambling_lottery,0.5,unclassified_other,unclassified,33
dvla-l,road_tax,auto_accept,road_tax,road_tax,0.9,,transport_motoring,33
caister,holiday_uk,accepted_tiebreak,holiday_uk,holiday_uk,0.55,holiday_uk,travel_holidays,33
skv news and wine,convenience_store,accepted_tiebreak,convenience_store,alcohol_wine,0.55,convenience_store,groceries_household_essentials,33
cd bp,fuel,accepted,fuel,fuel,0.85,,transport_motoring,33
atmosphere lounge,pub_bar,accepted_general,pub_bar,pub_bar,0.55,restaurant_cafe,eating_drinking_out,33
shop 'n save,groceries,accepted,groceries,groceries,0.75,,groceries_household_essentials,33
speed competition,prize_competitions,accepted_tiebreak,prize_competitions,prize_competitions,0.6,prize_competitions,gambling,33
kd news,convenience_store,accepted,convenience_store,convenience_store,0.8,,groceries_household_essentials,33
ibrahim,transfer_p2p,accepted_tiebreak,transfer_p2p,transfer_p2p,0.6,transfer_p2p,transfers,33
sjv cash and carry,cash_and_carry,accepted,cash_and_carry,cash_and_carry,0.7,,groceries_household_essentials,33
wh smith warrington hospi,books,accepted_tiebreak,books,books,0.5,books,entertainment_leisure,33
blacksmiths arms,pub_bar,accepted,pub_bar,pub_bar,0.85,,eating_drinking_out,33
kyle henry thomson,transfer_p2p,accepted_tiebreak,transfer_p2p,transfer_p2p,0.65,transfer_p2p,transfers,33
careem quik,taxi_rideshare,accepted,taxi_rideshare,taxi_rideshare,0.75,,transport_motoring,33
wickford,convenience_store,accepted_tiebreak,convenience_store,convenience_store,0.5,convenience_store,groceries_household_essentials,33
c sutherland,transfer_p2p,accepted_tiebreak,transfer_p2p,transfer_p2p,0.6,transfer_p2p,transfers,33
t hill,transfer_p2p,accepted_tiebreak,transfer_p2p,transfer_p2p,0.55,transfer_p2p,transfers,33
heathrow airport termi,airport_spend,accepted_tiebreak,airport_spend,airport_spend,0.6,airport_spend,travel_holidays,33
rhea news aylesbury,convenience_store,accepted_tiebreak,convenience_store,convenience_store,0.6,convenience_store,groceries_household_essentials,33
mollie burke,transfer_p2p,accepted_tiebreak,transfer_p2p,transfer_p2p,0.6,transfer_p2p,transfers,33
addisons news & booze,convenience_store,accepted_tiebreak,convenience_store,alcohol_beer_spirits,0.6,convenience_store,groceries_household_essentials,33
food plus,groceries,accepted_tiebreak,groceries,convenience_store,0.45,groceries,groceries_household_essentials,33
so sweet,confectionary,accepted_tiebreak,confectionary,confectionary,0.6,confectionary,groceries_household_essentials,33
paulius,transfer_p2p,accepted_tiebreak,transfer_p2p,transfer_p2p,0.6,transfer_p2p,transfers,33
festival market,groceries,accepted_tiebreak,groceries,groceries,0.45,groceries,groceries_household_essentials,33
bnae,unclassified_other,abstain_confirmed,public_transport_rail_coach,unclassified_other,0.3,unclassified_other,unclassified,33
guardian,insurance_general,accepted_tiebreak,insurance_general,insurance_general,0.5,insurance_general,insurance,33
d miller,transfer_p2p,accepted_tiebreak,transfer_p2p,transfer_p2p,0.6,transfer_p2p,transfers,33
adam mcsweeney,transfer_p2p,accepted_tiebreak,transfer_p2p,transfer_p2p,0.6,transfer_p2p,transfers,33
google bitstro cd,payment_intermediary,accepted_tiebreak,payment_intermediary,online_services,0.5,payment_intermediary,general_retail_marketplaces,33
kirsty m lydiard,transfer_p2p,accepted_tiebreak,transfer_p2p,transfer_p2p,0.6,transfer_p2p,transfers,33
east riding of yorkshire council,council_tax,accepted,council_tax,council_tax,0.85,,council_tax_government,33
lindon chara,transfer_p2p,accepted_tiebreak,transfer_p2p,transfer_p2p,0.55,transfer_p2p,transfers,33
h karabay,unclassified_other,abstain_residual,unclassified_other,groceries,0.5,retail_small_independent,unclassified,33
l livingstone,transfer_p2p,accepted_tiebreak,transfer_p2p,transfer_p2p,0.6,transfer_p2p,transfers,33
d thomas,transfer_p2p,accepted_tiebreak,transfer_p2p,transfer_p2p,0.6,transfer_p2p,transfers,33
e dunne,transfer_p2p,accepted_tiebreak,transfer_p2p,transfer_p2p,0.6,transfer_p2p,transfers,33
lola nolan hi ft,unclassified_other,abstain_residual,unclassified_other,pub_bar,0.5,transfer_p2p,unclassified,33
manns food and wine,alcohol_wine,accepted_general,alcohol_wine,alcohol_wine,0.5,convenience_store,groceries_household_essentials,33
florida international university,gambling_unspecified,accepted_general,gambling_unspecified,gambling_unspecified,0.6,gambling_betting,gambling,33
cityof lincolncoun,council_tax,accepted_tiebreak,council_tax,council_tax,0.6,council_tax,council_tax_government,33
h&w catering,catering,accepted,catering,catering,0.7,,eating_drinking_out,33
bb fatima cash and carry,cash_and_carry,accepted_general,cash_and_carry,cash_and_carry,0.6,convenience_store,groceries_household_essentials,33
finance collfirst,personal_loan_repayment,accepted_general,retail_finance_repayment,personal_loan_repayment,0.55,loan_repayment_dd,credit_loan_repayments,33
food,unclassified_other,abstain_confirmed,unclassified_other,unclassified_other,0.4,,unclassified,33
hoppy,unclassified_other,abstain_confirmed,unclassified_other,unclassified_other,0.4,,unclassified,33
jungle rumble,days_out,accepted_tiebreak,entertainment_other,days_out,0.4,days_out,entertainment_leisure,33
familymart,convenience_store,accepted_tiebreak,groceries,convenience_store,0.6,convenience_store,groceries_household_essentials,33
ethan tidey,transfer_p2p,accepted,transfer_p2p,transfer_p2p,0.7,,transfers,33
g & e murgatroyd spar,groceries,accepted,groceries,groceries,0.85,,groceries_household_essentials,33
s bamsey,transfer_p2p,accepted_tiebreak,transfer_p2p,transfer_p2p,0.65,transfer_p2p,transfers,33
hook s station hook,convenience_store,accepted_tiebreak,convenience_store,public_transport_rail_coach,0.6,convenience_store,groceries_household_essentials,33
woking foods and wine,unclassified_other,abstain_residual,restaurant_cafe,groceries,0.6,convenience_store,unclassified,33
kam for food,takeaway,accepted_tiebreak,takeaway,takeaway,0.5,takeaway,eating_drinking_out,33
sadiq mohammed,transfer_p2p,accepted_tiebreak,payment_intermediary,transfer_p2p,0.7,transfer_p2p,transfers,33
lee adams,transfer_p2p,accepted,transfer_p2p,transfer_p2p,0.7,,transfers,33
thomas bickerstaff.,transfer_p2p,accepted,transfer_p2p,transfer_p2p,0.7,,transfers,33
tommy peers,transfer_p2p,accepted_tiebreak,unclassified_other,transfer_p2p,0.6,transfer_p2p,transfers,33
marion calvin dais,unclassified_other,abstain_confirmed,unclassified_other,unclassified_other,0.4,,unclassified,33
rooster money mom ft,prepaid_card,accepted_tiebreak,prepaid_card,transfer_p2p,0.55,prepaid_card,transfers,33
birds bakeries,restaurant_cafe,accepted,restaurant_cafe,restaurant_cafe,0.7,,eating_drinking_out,33
arcadia,unclassified_other,abstain_confirmed,unclassified_other,unclassified_other,0.4,,unclassified,33
tidal vape limited,vaping,accepted,vaping,vaping,0.85,,groceries_household_essentials,33
medirest,restaurant_cafe,accepted_tiebreak,catering,restaurant_cafe,0.55,restaurant_cafe,eating_drinking_out,33
west coast,public_transport_rail_coach,accepted,public_transport_rail_coach,public_transport_rail_coach,0.75,,transport_motoring,33
vapourz,vaping,accepted,vaping,vaping,0.85,,groceries_household_essentials,33
harry's convenien,convenience_store,accepted,convenience_store,convenience_store,0.7,,groceries_household_essentials,33
cmt uk,taxi_rideshare,auto_accept,taxi_rideshare,taxi_rideshare,0.9,,transport_motoring,33
rci financial serv,car_finance_repayment,accepted_tiebreak,personal_loan_repayment,car_finance_repayment,0.85,car_finance_repayment,credit_loan_repayments,33
curb mobility limited,taxi_rideshare,auto_accept,taxi_rideshare,taxi_rideshare,0.9,,transport_motoring,33
glasgowfilm,cinema,accepted_tiebreak,arts_crafts,cinema,0.85,cinema,entertainment_leisure,33
brooke,transfer_p2p,accepted_tiebreak,transfer_p2p,transfer_p2p,0.6,transfer_p2p,transfers,33
dvla-kr,road_tax,auto_accept,road_tax,road_tax,0.9,,transport_motoring,33
the temple,unclassified_other,abstain_residual,charitable_donation,charitable_donation,0.55,unclassified_other,unclassified,33
sabiha ahmed,transfer_p2p,accepted,transfer_p2p,transfer_p2p,0.75,,transfers,33
nnuh serco,restaurant_cafe,accepted_tiebreak,catering,restaurant_cafe,0.5,restaurant_cafe,eating_drinking_out,33
the food,restaurant_cafe,accepted_general,takeaway,restaurant_cafe,0.5,eating_out_other,eating_drinking_out,33
tani local shop,convenience_store,accepted,convenience_store,convenience_store,0.85,,groceries_household_essentials,33
fusion markets,unclassified_other,abstain_residual,groceries,groceries,0.6,forex_trading,unclassified,33
madison f kenndy vapes and thing,vaping,accepted,vaping,vaping,0.7,,groceries_household_essentials,33
chicken hub,takeaway,accepted,takeaway,takeaway,0.7,,eating_drinking_out,33
trndbm,unclassified_other,abstain_confirmed,unclassified_other,unclassified_other,0.4,,unclassified,33
debra williams,transfer_p2p,accepted,transfer_p2p,transfer_p2p,0.7,,transfers,33
daniel wimbles,transfer_p2p,accepted,transfer_p2p,transfer_p2p,0.7,,transfers,33
london borough,council_tax,accepted_general,council_tax,council_tax,0.5,government_services,council_tax_government,33
enthuse,charitable_donation,accepted,charitable_donation,charitable_donation,0.8,,charitable_political_giving,33
stn pc ecom,unclassified_other,abstain_residual,unclassified_other,public_transport_rail_coach,0.4,airport_parking,unclassified,33
grammarly,software,accepted,software,software,0.85,,digital_subscriptions_services,33
alternaleaf,medicine,accepted_tiebreak,health_other,medicine,0.6,medicine,health_medical,33
central bar,pub_bar,accepted,pub_bar,pub_bar,0.85,,eating_drinking_out,33
r power,energy,accepted,energy,energy,0.7,,utilities_household_bills,33
curve flex,revolving_credit_repayment,accepted_tiebreak,bnpl,revolving_credit_repayment,0.6,revolving_credit_repayment,credit_loan_repayments,33
bucks,unclassified_other,abstain_confirmed,unclassified_other,restaurant_cafe,0.4,unclassified_other,unclassified,33
theacc.co.uk,credit_card_repayment,accepted_tiebreak,credit_card_repayment,credit_card_repayment,0.55,credit_card_repayment,credit_loan_repayments,33
aa insurance the aa,insurance_motor,accepted,insurance_motor,insurance_motor,0.75,,insurance,33
c histed,transfer_p2p,accepted_tiebreak,transfer_p2p,transfer_p2p,0.6,transfer_p2p,transfers,33
physique club,gym_fitness,accepted,gym_fitness,gym_fitness,0.85,,health_medical,33
dvla-eo,road_tax,accepted,road_tax,road_tax,0.75,,transport_motoring,33
kirky bazar,convenience_store,accepted,convenience_store,convenience_store,0.8,,groceries_household_essentials,33
broadway local,convenience_store,accepted_tiebreak,restaurant_cafe,convenience_store,0.6,convenience_store,groceries_household_essentials,33
premier arlington,unclassified_other,abstain_confirmed,unclassified_other,unclassified_other,0.3,,unclassified,33
m bennett,transfer_p2p,accepted_tiebreak,transfer_p2p,transfer_p2p,0.6,transfer_p2p,transfers,33
azurepay,payment_intermediary,accepted_tiebreak,payment_intermediary,transfer_international,0.55,payment_intermediary,general_retail_marketplaces,33
m mckellar,transfer_p2p,accepted_tiebreak,transfer_p2p,transfer_p2p,0.6,transfer_p2p,transfers,33
cameron jones,transfer_p2p,accepted_tiebreak,transfer_p2p,transfer_p2p,0.65,transfer_p2p,transfers,33
bp norton-on-derwent sfc,fuel,accepted,fuel,fuel,0.85,,transport_motoring,33
stacey molford owe,transfer_p2p,accepted,transfer_p2p,transfer_p2p,0.7,,transfers,33
c central eng co op ng,groceries,accepted_tiebreak,groceries,groceries,0.6,groceries,groceries_household_essentials,33
the farm shop,groceries_specialist,accepted_tiebreak,groceries_specialist,groceries_specialist,0.55,groceries_specialist,groceries_household_essentials,33
m johnson,transfer_p2p,accepted_tiebreak,transfer_p2p,transfer_p2p,0.6,transfer_p2p,transfers,33
andrew mcdonald fgghh,transfer_p2p,accepted_tiebreak,transfer_p2p,transfer_p2p,0.6,transfer_p2p,transfers,32
arvato,debt_collection,accepted_tiebreak,loan_repayment_dd,debt_collection,0.55,debt_collection,high_cost_distress_credit,32
eg on the move colne,unclassified_other,abstain_residual,childcare,fuel,0.5,convenience_store,unclassified,32
tgc,unclassified_other,abstain_confirmed,unclassified_other,unclassified_other,0.4,,unclassified,32
aj youdale freddie,transfer_p2p,accepted_tiebreak,transfer_p2p,transfer_p2p,0.6,transfer_p2p,transfers,32
hops and grapes,alcohol_beer_spirits,accepted_tiebreak,alcohol_beer_spirits,alcohol_beer_spirits,0.55,alcohol_beer_spirits,groceries_household_essentials,32
dvla-ea,road_tax,accepted,road_tax,road_tax,0.85,,transport_motoring,32
east lindsey dist ips,car_parking,human_reviewed,car_parking,council_tax,0.55,government_services,transport_motoring,32
tidal,streaming,accepted,streaming,streaming,0.8,,digital_subscriptions_services,32
sam reast,transfer_p2p,accepted_tiebreak,transfer_p2p,transfer_p2p,0.6,transfer_p2p,transfers,32
q&a removals,unclassified_other,abstain_residual,unclassified_other,business_services,0.5,services_unspecified,unclassified,32
sheehan km,transfer_p2p,accepted_tiebreak,transfer_p2p,transfer_p2p,0.6,transfer_p2p,transfers,32
everyday convenience,convenience_store,accepted_tiebreak,convenience_store,convenience_store,0.6,convenience_store,groceries_household_essentials,32
rebekah steward,transfer_p2p,accepted_tiebreak,transfer_p2p,transfer_p2p,0.6,transfer_p2p,transfers,32
princess i love you via,transfer_p2p,accepted_tiebreak,transfer_p2p,transfer_p2p,0.6,transfer_p2p,transfers,32
embankment store,convenience_store,accepted_tiebreak,convenience_store,convenience_store,0.6,convenience_store,groceries_household_essentials,32
cd recharge recharge,unclassified_other,abstain_confirmed,unclassified_other,mobile_phone_contract,0.35,unclassified_other,unclassified,32
r phillip,transfer_p2p,accepted_tiebreak,transfer_p2p,transfer_p2p,0.6,transfer_p2p,transfers,32
michaela shopping,transfer_p2p,accepted_tiebreak,transfer_p2p,transfer_p2p,0.55,transfer_p2p,transfers,32
miss kelly howick,transfer_p2p,accepted_tiebreak,transfer_p2p,transfer_p2p,0.65,transfer_p2p,transfers,32
sophie warren mam,transfer_p2p,accepted,transfer_p2p,transfer_p2p,0.7,,transfers,32
j o'hara,transfer_p2p,accepted_tiebreak,transfer_p2p,transfer_p2p,0.55,transfer_p2p,transfers,32
abbi wynne,transfer_p2p,accepted_tiebreak,transfer_p2p,transfer_p2p,0.65,transfer_p2p,transfers,32
hazel halifax daughter,transfer_p2p,accepted,transfer_p2p,transfer_p2p,0.7,,transfers,32
nats prestwick,unclassified_other,abstain_confirmed,unclassified_other,unclassified_other,0.3,,unclassified,32
cr ltd clipst rd ng,unclassified_other,abstain_confirmed,unclassified_other,unclassified_other,0.3,,unclassified,32
l major save,savings_transfer,accepted_tiebreak,transfer_p2p,savings_transfer,0.75,savings_transfer,savings_investments,32
harry pugh me,transfer_p2p,accepted_tiebreak,transfer_p2p,transfer_p2p,0.65,transfer_p2p,transfers,32
google youtube videos,streaming,accepted,streaming,streaming,0.85,,digital_subscriptions_services,32
ebou joof yoo,transfer_p2p,accepted_tiebreak,transfer_p2p,transfer_p2p,0.55,transfer_p2p,transfers,32
bisl ta lloyds,insurance_general,accepted,insurance_general,insurance_general,0.8,,insurance,32
mark wickstead & k wick,transfer_p2p,accepted_tiebreak,transfer_p2p,transfer_p2p,0.65,transfer_p2p,transfers,32
sweet emporium,confectionary,accepted_tiebreak,confectionary,confectionary,0.6,confectionary,groceries_household_essentials,32
garry retail limited,unclassified_other,abstain_residual,unclassified_other,retail_other,0.4,retail_small_independent,unclassified,32
sheffield city cou,council_tax,accepted,council_tax,council_tax,0.75,,council_tax_government,32
sara,transfer_p2p,accepted_tiebreak,transfer_p2p,transfer_p2p,0.6,transfer_p2p,transfers,32
unas newagents,convenience_store,accepted_tiebreak,convenience_store,convenience_store,0.6,convenience_store,groceries_household_essentials,32
pockit ltd,prepaid_card,accepted_tiebreak,prepaid_card,prepaid_card,0.6,prepaid_card,transfers,32
uk limited cd,gambling_casino,accepted_tiebreak,unclassified_other,gambling_casino,0.75,gambling_casino,gambling,32
kens convenience store,convenience_store,accepted,convenience_store,convenience_store,0.85,,groceries_household_essentials,32
southall superstore,groceries,accepted,groceries,groceries,0.7,,groceries_household_essentials,32
katie warner,transfer_p2p,accepted_tiebreak,transfer_p2p,transfer_p2p,0.65,transfer_p2p,transfers,32
shumirai gumbo,transfer_p2p,accepted_tiebreak,transfer_p2p,transfer_p2p,0.55,transfer_p2p,transfers,32
hilton foods,groceries_specialist,accepted_tiebreak,groceries_specialist,groceries,0.6,groceries_specialist,groceries_household_essentials,32
ellis jackson,transfer_p2p,accepted_tiebreak,transfer_p2p,transfer_p2p,0.6,transfer_p2p,transfers,32
dad dart via,transfer_p2p,accepted_tiebreak,public_transport_rail_coach,transfer_p2p,0.4,transfer_p2p,transfers,32
spar store g&e,groceries,accepted,groceries,groceries,0.7,,groceries_household_essentials,32
umashiv news,convenience_store,accepted,convenience_store,convenience_store,0.7,,groceries_household_essentials,32
katie brennan daughters,transfer_p2p,accepted_tiebreak,transfer_p2p,transfer_p2p,0.55,transfer_p2p,transfers,32
premier plymouth,groceries,accepted_tiebreak,groceries,convenience_store,0.4,groceries,groceries_household_essentials,32
aiocs,unclassified_other,abstain_confirmed,unclassified_other,unclassified_other,0.3,,unclassified,32
old millstone hotel,accommodation,accepted,accommodation,accommodation,0.75,,travel_holidays,32
poplar fresh london,groceries,accepted_tiebreak,groceries_specialist,groceries,0.65,groceries,groceries_household_essentials,32
d&g boiler care,insurance_home,accepted_tiebreak,home_repair,insurance_home,0.6,insurance_home,insurance,32
joe sommerville,transfer_p2p,accepted_tiebreak,transfer_p2p,transfer_p2p,0.65,transfer_p2p,transfers,32
bryant road stores,convenience_store,accepted_tiebreak,convenience_store,convenience_store,0.55,convenience_store,groceries_household_essentials,32
c russells food and,unclassified_other,abstain_residual,restaurant_cafe,groceries_specialist,0.55,convenience_store,unclassified,32
mart express,convenience_store,accepted_tiebreak,convenience_store,convenience_store,0.55,convenience_store,groceries_household_essentials,32
fairmile,fuel,accepted,fuel,fuel,0.75,,transport_motoring,32
charlee watt charlee,transfer_p2p,accepted,transfer_p2p,transfer_p2p,0.7,,transfers,32
alison,transfer_p2p,accepted_tiebreak,transfer_p2p,transfer_p2p,0.6,transfer_p2p,transfers,32
jack baker,transfer_p2p,accepted_tiebreak,transfer_p2p,tax_payment,0.55,transfer_p2p,transfers,32
jennifer,transfer_p2p,accepted_tiebreak,transfer_p2p,transfer_p2p,0.6,transfer_p2p,transfers,32
hogarths,unclassified_other,context_dependent,accommodation,accommodation,0.6,pub_bar,unclassified,32
iona,transfer_p2p,accepted_tiebreak,transfer_p2p,transfer_p2p,0.65,transfer_p2p,transfers,32
c thomas,transfer_p2p,accepted_tiebreak,transfer_p2p,transfer_p2p,0.6,transfer_p2p,transfers,32
boom battle bar,pub_bar,accepted_tiebreak,pub_bar,eating_out_other,0.6,pub_bar,eating_drinking_out,32
miss ls palmer mother,transfer_p2p,accepted,transfer_p2p,transfer_p2p,0.75,,transfers,32
ashfield convenience stor,convenience_store,accepted,convenience_store,convenience_store,0.85,,groceries_household_essentials,32
donna mundy,transfer_p2p,accepted,transfer_p2p,transfer_p2p,0.7,,transfers,32
the cinema society,cinema,accepted,cinema,cinema,0.7,,entertainment_leisure,32
mob abigail tatler abi,transfer_p2p,accepted_tiebreak,transfer_p2p,transfer_p2p,0.65,transfer_p2p,transfers,32
lilly,transfer_p2p,accepted_tiebreak,transfer_p2p,transfer_p2p,0.55,transfer_p2p,transfers,32
the monks bridge,pub_bar,accepted_tiebreak,pub_bar,pub_bar,0.6,pub_bar,eating_drinking_out,32
mid devon district,council_tax,accepted_tiebreak,council_tax,council_tax,0.55,council_tax,council_tax_government,32
coatsworth road conven,convenience_store,accepted,convenience_store,convenience_store,0.8,,groceries_household_essentials,32
spar garvey,groceries,accepted,groceries,groceries,0.85,,groceries_household_essentials,32
m kawishe,transfer_p2p,accepted_tiebreak,transfer_p2p,transfer_p2p,0.65,transfer_p2p,transfers,32
temitope enahoro,transfer_p2p,accepted_tiebreak,transfer_p2p,transfer_p2p,0.6,transfer_p2p,transfers,32
featherstone convenience,convenience_store,accepted,convenience_store,convenience_store,0.8,,groceries_household_essentials,32
aa global ws limited,unclassified_other,abstain_confirmed,unclassified_other,unclassified_other,0.3,,unclassified,32
r&co estates ltd,rent,accepted,rent,rent,0.7,,housing,32
harris mr,transfer_p2p,accepted_tiebreak,transfer_p2p,transfer_p2p,0.6,transfer_p2p,transfers,32
aptos. los alisios bar,pub_bar,human_reviewed,eating_out_other,pub_bar,0.6,foreign_spend_unspecified,eating_drinking_out,32
pop in convenience store,convenience_store,accepted,convenience_store,convenience_store,0.85,,groceries_household_essentials,32
sohni food and wine,alcohol_wine,accepted_general,groceries_specialist,alcohol_wine,0.6,convenience_store,groceries_household_essentials,32
asg bzeebet,gambling_unspecified,accepted_general,gambling_casino,gambling_unspecified,0.6,gambling_betting,gambling,32
georgia petrol ft,unclassified_other,abstain_residual,fuel,fuel,0.6,transfer_p2p,unclassified,32
s bundy,transfer_p2p,accepted_tiebreak,transfer_p2p,transfer_p2p,0.6,transfer_p2p,transfers,32
heart bingo gibraltar gi,gambling_bingo,auto_accept,gambling_bingo,gambling_bingo,0.9,,gambling,32
cole,transfer_p2p,accepted_tiebreak,transfer_p2p,transfer_p2p,0.55,transfer_p2p,transfers,32
east coast refresh,unclassified_other,abstain_confirmed,unclassified_other,unclassified_other,0.35,,unclassified,32
ardentcredit.co.uk,debt_collection,accepted,debt_collection,debt_collection,0.8,,high_cost_distress_credit,32
novuna personal financ,personal_loan_repayment,accepted,personal_loan_repayment,personal_loan_repayment,0.85,,credit_loan_repayments,32
royal mai,delivery_courier,accepted_tiebreak,payment_intermediary,delivery_courier,0.7,delivery_courier,general_retail_marketplaces,32
station road service station,fuel,accepted,fuel,fuel,0.75,,transport_motoring,32
gristwood kl,transfer_p2p,accepted_tiebreak,transfer_p2p,transfer_p2p,0.6,transfer_p2p,transfers,32
jungle jeans southam,clothing_general,accepted_tiebreak,clothing_general,clothing_general,0.65,clothing_general,clothing_personal_care,32
bbukpropertylimite,unclassified_other,abstain_residual,skin_hair_care,beauty_treatment,0.45,unclassified_other,unclassified,32
kennys hillview,groceries,accepted_general,groceries,groceries,0.6,convenience_store,groceries_household_essentials,32
cd vivo,convenience_store,accepted_tiebreak,restaurant_cafe,convenience_store,0.55,convenience_store,groceries_household_essentials,32
m watson ft,transfer_p2p,accepted_tiebreak,transfer_p2p,transfer_p2p,0.6,transfer_p2p,transfers,32
dvla-sm,road_tax,accepted,road_tax,road_tax,0.85,,transport_motoring,32
ozzies convenience store,convenience_store,accepted,convenience_store,convenience_store,0.85,,groceries_household_essentials,32
hbcs,unclassified_other,abstain_confirmed,unclassified_other,unclassified_other,0.3,,unclassified,32
spar ballygowan road,groceries,accepted,groceries,groceries,0.85,,groceries_household_essentials,32
spot white,unclassified_other,abstain_confirmed,unclassified_other,car_parking,0.4,unclassified_other,unclassified,32
countdown gene st,unclassified_other,abstain_confirmed,unclassified_other,unclassified_other,0.3,,unclassified,32
tane,unclassified_other,abstain_confirmed,unclassified_other,transfer_p2p,0.4,unclassified_other,unclassified,32
callum davis,transfer_p2p,accepted,transfer_p2p,transfer_p2p,0.75,,transfers,32
stuart instrell,transfer_p2p,accepted_tiebreak,transfer_p2p,transfer_p2p,0.5,transfer_p2p,transfers,32
m makhonin,transfer_p2p,accepted_tiebreak,transfer_p2p,transfer_p2p,0.6,transfer_p2p,transfers,32
quick saver st,savings_transfer,accepted_tiebreak,unclassified_other,savings_transfer,0.5,savings_transfer,savings_investments,32
planetofdreams,unclassified_other,abstain_confirmed,unclassified_other,unclassified_other,0.3,,unclassified,32
eli,unclassified_other,abstain_confirmed,unclassified_other,transfer_p2p,0.4,unclassified_other,unclassified,32
ucas,education_general,accepted_tiebreak,education_general,education_general,0.6,education_general,childcare_education,32
holafly limited,unclassified_other,abstain_residual,foreign_currency,foreign_spend_unspecified,0.4,mobile_phone_contract,unclassified,32
swansea council parking,car_parking,auto_accept,car_parking,car_parking,0.9,,transport_motoring,32
the lounge,restaurant_cafe,accepted_tiebreak,restaurant_cafe,restaurant_cafe,0.6,restaurant_cafe,eating_drinking_out,32
nexus,unclassified_other,abstain_confirmed,unclassified_other,unclassified_other,0.4,,unclassified,32
poppy,transfer_p2p,accepted_tiebreak,transfer_p2p,transfer_p2p,0.6,transfer_p2p,transfers,32
atmosphere kitchen,restaurant_cafe,accepted,restaurant_cafe,restaurant_cafe,0.75,,eating_drinking_out,32
kieron,transfer_p2p,accepted,transfer_p2p,transfer_p2p,0.85,,transfers,32
pamela noonan,transfer_p2p,accepted,transfer_p2p,transfer_p2p,0.85,,transfers,32
s n bethell owner,unclassified_other,abstain_confirmed,unclassified_other,unclassified_other,0.4,,unclassified,32
operibericasau,unclassified_other,abstain_residual,beauty_treatment,beauty_treatment,0.4,unclassified_other,unclassified,32
shan local limited,unclassified_other,abstain_residual,restaurant_cafe,restaurant_cafe,0.5,convenience_store,unclassified,32
mega kizis,unclassified_other,abstain_confirmed,unclassified_other,transfer_p2p,0.5,unclassified_other,unclassified,32
central surrey,unclassified_other,abstain_confirmed,unclassified_other,unclassified_other,0.4,,unclassified,32
laura dell s dell,transfer_p2p,accepted,transfer_p2p,transfer_p2p,0.7,,transfers,32
mr james lunt,transfer_p2p,accepted,transfer_p2p,transfer_p2p,0.8,,transfers,32
chlor mum via,transfer_p2p,accepted,transfer_p2p,transfer_p2p,0.75,,transfers,32
stuart drake laura,transfer_p2p,accepted,transfer_p2p,transfer_p2p,0.8,,transfers,32
jason usher & karen usher,transfer_p2p,accepted,transfer_p2p,transfer_p2p,0.7,,transfers,32
bracken bank stores lt,convenience_store,accepted_tiebreak,unclassified_other,convenience_store,0.45,convenience_store,groceries_household_essentials,32
bjs of ringwood,retail_small_independent,accepted_tiebreak,retail_small_independent,discount_store,0.4,retail_small_independent,general_retail_marketplaces,32
e furness,transfer_p2p,accepted_tiebreak,transfer_p2p,savings_transfer,0.55,transfer_p2p,transfers,32
hertfordshirecatering,unclassified_other,abstain_residual,beauty_treatment,beauty_treatment,0.4,catering,unclassified,32
