row_index,merchant,description,amount,direction,old_leaf,new_leaf,reason
9,a.saily,a.saily A.Saily,1.04,debit,unclassified_other,mobile_phone_contract,Saily (Nord Security) is a prepaid travel eSIM data app; Apple Pay USD amounts match international eSIM top-ups
68,passe,Lime*passe Td3x,3.99,debit,unclassified_other,bicycle,Lime e-bike/e-scooter ride or pass (not taxi)
130,lovable,"LOVABLE - 1111b South Governors Avenue, DOVER",75.07,debit,unclassified_other,web_services,"Lovable.dev (Dover DE) — AI app builder / developer tool, not a restaurant"
212,morr redcar,MORR REDCAR  ON 06 SEP CPM,35.05,debit,unclassified_other,groceries,Plaid truncates MORRISONS to Morr + town
352,quay street premier,Quay Street Premier,2.98,debit,unclassified_other,groceries,Premier symbol-group convenience/grocery shop (not Inn/Vet/Sports/bus/Easy Save); contactless/store narrative
467,morr rochdale,MORR ROCHDALE  ON 25 JUL BCC,40,debit,unclassified_other,groceries,Plaid truncates MORRISONS to Morr + town
474,blink network b.v,Blink Network B.V,30,debit,unclassified_other,fuel,Blink Network B.V. bills UK EV charging sessions; production labels ChargePoint/Instavolt/BP Pulse/Electroverse as fuel.
488,premier averyhill,Premier Averyhill,2.8,debit,unclassified_other,groceries,Premier symbol-group convenience/grocery shop (not Inn/Vet/Sports/bus/Easy Save); contactless/store narrative
542,morr barry,MORR BARRY,7.55,debit,unclassified_other,groceries,Plaid truncates MORRISONS to Morr + town
659,visioncraft ltd,VISIONCRAFT LTD,20,debit,unclassified_other,optician,Visioncraft is an independent NHS optician in Birmingham (visioncraft.co.uk)
742,morr hull,MORR HULL,35.2,debit,unclassified_other,groceries,Plaid truncates MORRISONS to Morr + town
846,indeed iei,Indeed Iei25-01133839,108.03,debit,unclassified_other,advertising_services,Indeed IEI job-ad invoices; sibling online job ads indeed is advertising_services
877,premier harboroug,PPOINT_*PREMIER HA,12.5,debit,unclassified_other,groceries,Premier symbol-group grocer (taxonomy: Spar/Nisa/Londis/Premier → groceries)
915,leslie premier,Contactless Payment LESLIE PREMIER,1.25,debit,unclassified_other,groceries,Premier symbol-group convenience/grocery shop (not Inn/Vet/Sports/bus/Easy Save); contactless/store narrative
935,frenk.io,frenk.io,95.2,debit,unclassified_other,crypto,frenk.io is a licensed cryptocurrency exchange (Bright Technologies).
1361,oulton road premier st,Oulton Road Premie  ON 28 SEP CPM OULTON ROAD PREMIER ST,19.48,debit,unclassified_other,groceries,Premier symbol-group convenience/grocery shop (not Inn/Vet/Sports/bus/Easy Save); contactless/store narrative
1454,skin.club,skin.club,3.89,debit,unclassified_other,gambling_unspecified,Skin.Club is a CS2/CS:GO paid case-opening/skin-gambling site (chance mechanics; not a sportsbook or casino table).
1513,morr strood,Contactless Payment MORR STROOD,25.01,debit,unclassified_other,groceries,Plaid truncates MORRISONS to Morr + town
1515,grant palmer ltd,GRANT PALMER LTD,1,debit,unclassified_other,public_transport_rail_coach,Grant Palmer Ltd is the Bedfordshire independent bus operator (grantpalmer.com).
1585,morr strood,Contactless Payment MORR STROOD APPLEPAY 3209,15.09,debit,unclassified_other,groceries,Plaid truncates MORRISONS to Morr + town
1632,cd ridgewood stores,8213 04SEP25 CD   RIDGEWOOD STORES  LTD               UCKFIELD GB,6.29,debit,unclassified_other,convenience_store,Ridgewood Stores Ltd Uckfield is a convenience store
1871,premier garthdee cd,Premier Garthdee CD 1276,14.03,debit,unclassified_other,groceries,Premier symbol-group convenience/grocery shop (not Inn/Vet/Sports/bus/Easy Save); contactless/store narrative
1885,beatport llc.,BEATPORT LLC. Beatport Llc.,2.27,debit,unclassified_other,music_other,Beatport is the well-known DJ/electronic music download store (not Spotify-style consumer streaming).
1948,morr newport roger,MORR NEWPORT ROGERNEWPORT,2.9,debit,unclassified_other,groceries,Plaid truncates MORRISONS to Morr + town
2111,premier englefieldgr,2155 11SEP25 CD   PREMIER ENGLEFIELDGR                EGHAM GB,34.25,debit,unclassified_other,groceries,Premier symbol-group convenience/grocery shop (not Inn/Vet/Sports/bus/Easy Save); contactless/store narrative
2114,skin.club,Skin.club,3.06,debit,unclassified_other,gambling_unspecified,Skin.Club is a CS2/CS:GO paid case-opening/skin-gambling site (chance mechanics; not a sportsbook or casino table).
2386,tenpinlimited,Nyx*tenpinlimited,1,debit,unclassified_other,days_out,Tenpin Limited is the UK bowling/indoor entertainment chain (Cranfield HQ); family leisure day out.
2517,nitromonthly,DISCORD* NITROMONT,7.45,debit,unclassified_other,online_services,DISCORD* NITROMONT is Discord Nitro; sibling discord is online_services
2551,d lime,4228 26AUG25  D   LIME*RIDE X4UJ    LONDON GB,1.16,debit,taxi_rideshare,bicycle,Lime e-bike/e-scooter ride or pass (not taxi)
2586,morr hull,MORR HULL,25.16,debit,unclassified_other,groceries,Plaid truncates MORRISONS to Morr + town
2633,dike and son ltd,6296 13SEP25 C    DIKE AND SON LTD  STALBRIDGE GB,4.45,debit,unclassified_other,groceries,Award-winning independent supermarket in Stalbridge (Nisa partner); description is a card spend there
2736,ride dvsk,Lime*ride Dvsk,1.66,debit,taxi_rideshare,bicycle,Lime e-bike/e-scooter ride or pass (not taxi)
2921,morr great harwood,MORR GREAT HARWOOD,13.35,debit,unclassified_other,groceries,Plaid truncates MORRISONS to Morr + town
3189,morr liskeard,MORR LISKEARD,100,debit,unclassified_other,groceries,Plaid truncates MORRISONS to Morr + town
3228,dixon lane premier,DIXON LANE PREMIER,4.5,debit,unclassified_other,groceries,Premier symbol-group convenience/grocery shop (not Inn/Vet/Sports/bus/Easy Save); contactless/store narrative
3239,morr dukinfield,MORR DUKINFIELD  ON 24 AUG BCC,15.03,debit,unclassified_other,groceries,Plaid truncates MORRISONS to Morr + town
3376,morr boroughbridge,MORR BOROUGHBRIDGE,18.02,debit,unclassified_other,groceries,Plaid truncates MORRISONS to Morr + town
3422,orbit credit services,ORBIT CREDIT SERVI  ON 02 OCT BCC ORBIT CREDIT SERVICES,20,debit,unclassified_other,debt_collection,Orbit Credit Services (formerly Orbit Debt Collections) is the UK utility collections agency; SIC 82911 collection agencies.
3672,surecredit.co.uk,PYD*surecredit.co.  ON 30 AUG BCC PYD*SURECREDIT.CO.UK,24.95,debit,unclassified_other,credit_reporting_service,Sure Credit is a paid TransUnion credit-report/education subscription (credit broker not a lender) like Clearscore
3714,morr high wycombe,MORR HIGH WYCOMBE HIGH WYCOMBE,27.91,debit,unclassified_other,groceries,Plaid truncates MORRISONS to Morr + town
3833,ashbourne management services ltd,GREE2269K Ashbourne Management Services LTD,64,debit,unclassified_other,gym_fitness,Ashbourne Management Services collects Direct Debits for independent gym and fitness-club memberships (ashbourne-memberships.com).
3888,2 rides,Lime*2 Rides W2l2,0.54,debit,taxi_rideshare,bicycle,Lime e-bike/e-scooter ride or pass (not taxi)
4052,rebtelnetwo,PAYPAL *REBTELNETW,5,debit,unclassified_other,mobile_phone_contract,PAYPAL *REBTELNETW is Rebtel VoIP; sibling Rebtel is mobile_phone_contract
4138,premier grays,PREMIER           GRAYS,2.5,debit,unclassified_other,groceries,Premier symbol-group convenience/grocery shop (not Inn/Vet/Sports/bus/Easy Save); contactless/store narrative
4273,icarsltd,www.icarsltd.com,7.5,debit,unclassified_other,taxi_rideshare,Descriptor is www.icarsltd.com — iCars Taxis Burton (SIC taxi operation)
4327,premier englefieldgr,2155 31AUG25 CD   PREMIER ENGLEFIELDGR                EGHAM GB,7.34,debit,unclassified_other,groceries,Premier symbol-group convenience/grocery shop (not Inn/Vet/Sports/bus/Easy Save); contactless/store narrative
4356,2 rides whbu,LIME*2 RIDES WHBU,5.77,debit,taxi_rideshare,bicycle,Lime e-bike/e-scooter ride or pass (not taxi)
4427,morr morpeth,MORR MORPETH,56.44,debit,unclassified_other,groceries,Plaid truncates MORRISONS to Morr + town
4513,premier greenfield sto,Premier Greenfield Sto,13,debit,unclassified_other,groceries,Premier symbol-group convenience/grocery shop (not Inn/Vet/Sports/bus/Easy Save); contactless/store narrative
4586,mccoll s travel ltd,McColl s Travel Lt,2.6,debit,unclassified_other,public_transport_rail_coach,McColl's Travel Ltd is the Dumbarton family bus and coach operator (mccolls.org.uk).
4592,lovable,LOVABLE Lovable,9.48,debit,unclassified_other,web_services,"Lovable.dev (Dover DE) — AI app builder / developer tool, not a restaurant"
4631,premier west end sabertawe,Premier West End SAbertawe,1.99,debit,unclassified_other,groceries,Premier symbol-group convenience/grocery shop (not Inn/Vet/Sports/bus/Easy Save); contactless/store narrative
4698,premier heyside,5566 23JUL25 C    PREMIER HEYSIDE   LTD               OLDHAM GB,5.79,debit,unclassified_other,groceries,Premier symbol-group convenience/grocery shop (not Inn/Vet/Sports/bus/Easy Save); contactless/store narrative
4711,c premier,9489 26JUN25 C    PREMIER           SOUTHEND ON S GB,14.59,debit,unclassified_other,groceries,Premier symbol-group grocer (taxonomy: Spar/Nisa/Londis/Premier → groceries)
4755,riversidefm inc.,"Riversidefm, Inc.",21.39,debit,unclassified_other,software,Riverside.fm (RiversideFM Inc) is podcast/video recording SaaS.
4837,yourbusinessnumber,Yourbusinessnumber,7.19,debit,unclassified_other,web_services,"YourBusinessNumber sells virtual WhatsApp/phone numbers, not email; web_services (comms infra) fits better than email_services"
4857,morr neath,MORR NEATH,20.01,debit,unclassified_other,groceries,Plaid truncates MORRISONS to Morr + town
5015,vir health ltd,Vir Health Ltd,49,debit,unclassified_other,pharmacy,Vir Health Limited is the CQC-registered legal entity behind Numan (online pharmacy/men's health prescriptions).
5076,orbit credit services,ORBIT CREDIT SERVI  ON 27 JUL BCC ORBIT CREDIT SERVICES,10,debit,unclassified_other,debt_collection,Orbit Credit Services (formerly Orbit Debt Collections) is the UK utility collections agency; SIC 82911 collection agencies.
5151,g.w.r.s.a. clu,SumUp  *G.W.R.S.A.,3.7,debit,unclassified_other,private_members_club,G.W.R.S.A. is the Great Western Railway Staff Association social club (members' bar); SumUp tap at the club.
5184,premier grays,PREMIER           GRAYS,3,debit,unclassified_other,groceries,Premier symbol-group convenience/grocery shop (not Inn/Vet/Sports/bus/Easy Save); contactless/store narrative
5221,morr coventry binley,Morr Coventry Binley,10.02,debit,unclassified_other,groceries,Plaid truncates MORRISONS to Morr + town
5243,midland bluebird ltd,Midland Bluebird L,4.9,debit,unclassified_other,public_transport_rail_coach,McGill's Midland Bluebird is a well-known central Scotland bus operator (Falkirk/Stirling/Edinburgh)
5276,morr consett,MORR CONSETT  ON 27 AUG CLP,7.5,debit,unclassified_other,groceries,Plaid truncates MORRISONS to Morr + town
5326,premier englefieldgr,2155 25JUL25 CD   PREMIER ENGLEFIELDGR                EGHAM GB,1.88,debit,unclassified_other,groceries,Premier symbol-group convenience/grocery shop (not Inn/Vet/Sports/bus/Easy Save); contactless/store narrative
5343,lifecafe at life time,LIFETIME LEGAL    CAMBERLEY,8.99,debit,unclassified_other,legal_services,"Narrative is Lifetime Legal (wills), not a cafe"
5436,htcard.co.u,3697 13SEP25      WWW.BLUELIG       HTCARD.CO.U       COSSINGTON GB,4.99,debit,unclassified_other,memberships,WWW.BLUELIG HTCARD.CO.U Cossington is Blue Light Card Ltd (discount membership card for NHS/frontline workers).
5454,lifecafe at life time,LIFETIME LEGAL    CAMBERLEY,8.99,debit,unclassified_other,legal_services,"Narrative is Lifetime Legal (wills), not a cafe"
5513,morr crewe,MORR CREWE,20.01,debit,unclassified_other,groceries,Plaid truncates MORRISONS to Morr + town
5571,morr fort william,MORR FORT WILLIAM,25.01,debit,unclassified_other,groceries,Plaid truncates MORRISONS to Morr + town
5580,premier penn hill,Premier Penn Hill,7.79,debit,unclassified_other,groceries,Premier symbol-group convenience/grocery shop (not Inn/Vet/Sports/bus/Easy Save); contactless/store narrative
5601,morr kirkby,MORR KIRKBY,8.14,debit,unclassified_other,groceries,Plaid truncates MORRISONS to Morr + town
5687,morr bredbury,MORR BREDBURY,46.2,debit,unclassified_other,groceries,Plaid truncates MORRISONS to Morr + town
5712,morr cromer,Contactless Payment MORR CROMER,10,debit,unclassified_other,groceries,Plaid truncates MORRISONS to Morr + town
5744,icarsltd,WWW.ICARSLTD.COM,6.5,debit,unclassified_other,taxi_rideshare,Descriptor is www.icarsltd.com — iCars Taxis Burton (SIC taxi operation)
5749,winrz ltd,Winrz Ltd Vnd158002C122Vnd,4.95,debit,unclassified_other,prize_competitions,Winnrz Ltd (winnrz.com) is a shop-and-win prize-draw platform; ticket-style Vnd refs on the sample
5832,pass gpa,LIME*PASS GPA3,3.99,debit,unclassified_other,bicycle,Lime e-bike/e-scooter ride or pass (not taxi)
5873,premier oakley,PREMIER OAKLEY,24.73,debit,unclassified_other,groceries,Premier symbol-group convenience/grocery shop (not Inn/Vet/Sports/bus/Easy Save); contactless/store narrative
5922,zapmail, Zapmail,30,debit,unclassified_other,email_services,Zapmail is mailbox/email infrastructure (Google Workspace outreach mailboxes)
6060,morr worksop,MORR WORKSOP  ON 15 AUG CPM,31.06,debit,unclassified_other,groceries,Plaid truncates MORRISONS to Morr + town
6135,2 rides,Lime*ride 4t6o,4.64,debit,taxi_rideshare,bicycle,Lime e-bike/e-scooter ride or pass (not taxi)
6146,c premier,4399 17AUG25 C    PREMIER           OLDHAM GB,2.65,debit,unclassified_other,groceries,Premier symbol-group grocer (taxonomy: Spar/Nisa/Londis/Premier → groceries)
6174,lifecafe at life time,4632 03JUL25      LIFETIME LEGAL    CAMBERLEY GB,7.99,debit,unclassified_other,legal_services,"Narrative is Lifetime Legal (wills), not a cafe"
6208,ipayimpact.co.edinburgh,VMS*iPayimpact.co.Edinburgh,2.5,debit,unclassified_other,education_general,iPayimpact is the school meals/trips/uniform payment app; ipayimpact.co.uk already human-reviewed as school_fees.
6282,apollo.io,APOLLO.IO Apollo.Io,88.1,debit,unclassified_other,software,Apollo.io is a well-known B2B sales CRM/prospecting SaaS (pro app; USD charges on the sample)
6287,premier meadow head,PREMIER MEADOW HEA,2,debit,unclassified_other,groceries,Premier symbol-group convenience/grocery shop (not Inn/Vet/Sports/bus/Easy Save); contactless/store narrative
6292,morr erith,MORR ERITH,25.2,debit,unclassified_other,groceries,Plaid truncates MORRISONS to Morr + town
6322,morr newcastle under,Morr Newcastle Under L,3.93,debit,unclassified_other,groceries,Plaid truncates MORRISONS to Morr + town
6366,canvauk,CARD PAYMENT TO PAYPAL *CANVAUK ON 08-07-2025,13,debit,unclassified_other,software,PAYPAL *CANVAUK is Canva UK; sibling canva is software
6422,frenk.io,FRENK.IO,20.66,debit,unclassified_other,crypto,frenk.io is a licensed cryptocurrency exchange (Bright Technologies).
6493,bilal superstore cheadle,Bilal Superstore C,6.98,debit,unclassified_other,groceries,Named superstore in Cheadle; supermarket/grocery retail is unambiguous
6538,lime,Visa purchase LIME*PASS R5QS APPLEPAY 1283 2025-07-20,3.99,debit,taxi_rideshare,bicycle,Lime e-bike/e-scooter ride or pass (not taxi)
6588,holafly limited,1820 06SEP25  D   HOLAFLY LIMITED   DUBLIN IE,25,debit,unclassified_other,mobile_phone_contract,Holafly sells prepaid travel eSIM mobile-data plans (Dublin card descriptor)
6907,beatport llc.,BEATPORT LLC.,1.37,debit,unclassified_other,music_other,Beatport is the well-known DJ/electronic music download store (not Spotify-style consumer streaming).
6931,metric group ltd,Contactless Payment METRIC GROUP LTD,2.5,debit,unclassified_other,car_parking,Metric Group Ltd makes UK pay-and-display parking terminals; contactless Metric Group Ltd is parking at the machine.
7538,forfar premier,Forfar Premier,0.01,debit,unclassified_other,groceries,Premier symbol-group convenience/grocery shop (not Inn/Vet/Sports/bus/Easy Save); contactless/store narrative
7667,icarsltd,WWW.ICARSLTD.COM,4.5,debit,unclassified_other,taxi_rideshare,Descriptor is www.icarsltd.com — iCars Taxis Burton (SIC taxi operation)
7797,warner bros. studio,WARNERBROS STUDIOS  ON 07 OCT CLP Warner Bros. Studio,0.95,debit,unclassified_other,days_out,Warner Bros. Studio Tour London (Making of Harry Potter) attraction tickets
7821,linkside premier store,Linkside Premier S,14.89,debit,unclassified_other,groceries,Premier symbol-group convenience/grocery shop (not Inn/Vet/Sports/bus/Easy Save); contactless/store narrative
7895,lime,Visa purchase LIME*RIDE V6WR APPLEPAY 5564 2025-07-13,0.3,debit,taxi_rideshare,bicycle,Lime e-bike/e-scooter ride or pass (not taxi)
8140,premier oscar road,Premier Oscar Road,10.62,debit,unclassified_other,groceries,Premier symbol-group convenience/grocery shop (not Inn/Vet/Sports/bus/Easy Save); contactless/store narrative
8219,premier west end sabertawe,Premier West End SAbertawe,38.18,debit,unclassified_other,groceries,Premier symbol-group convenience/grocery shop (not Inn/Vet/Sports/bus/Easy Save); contactless/store narrative
8335,bon bon premier,Bon Bon Premier,3,debit,unclassified_other,groceries,Premier symbol-group convenience/grocery shop (not Inn/Vet/Sports/bus/Easy Save); contactless/store narrative
8406,lovable,Lovable,18.5,debit,unclassified_other,web_services,"Lovable.dev (Dover DE) — AI app builder / developer tool, not a restaurant"
8513,dover street market,Dover Street Market,107,debit,unclassified_other,clothing_general,Dover Street Market is a well-known fashion retailer
8792,pass gxw,Lime*pass Gxw7,3.99,debit,unclassified_other,bicycle,Lime e-bike/e-scooter ride or pass (not taxi)
8856,canvauk,CARD PAYMENT TO PAYPAL *CANVAUK ON 08-09-2025,13,debit,unclassified_other,software,PAYPAL *CANVAUK is Canva UK; sibling canva is software
9010,morr shrewsbury,MORR SHREWSBURY,20,debit,unclassified_other,groceries,Plaid truncates MORRISONS to Morr + town
9151,oposlimited,WWW.OPOSLIMITED.CO,7.5,debit,unclassified_other,debt_collection,www.oposlimited.com is Opos Limited
9643,morr halifax,MORR HALIFAX,44.09,debit,unclassified_other,groceries,Plaid truncates MORRISONS to Morr + town
9724,morr sittingbourne,MORR SITTINGBOURNE  ON 02 SEP BCC,20.01,debit,unclassified_other,groceries,Plaid truncates MORRISONS to Morr + town
9921,morr heywood,Morr Heywood,30.01,debit,unclassified_other,groceries,Plaid truncates MORRISONS to Morr + town
9935,premier union street,Premier Union Stre,8.09,debit,unclassified_other,groceries,Premier symbol-group convenience/grocery shop (not Inn/Vet/Sports/bus/Easy Save); contactless/store narrative
10026,morr bradford enterpri,Morr Bradford Enterpri,1.99,debit,unclassified_other,groceries,Plaid truncates MORRISONS to Morr + town
10073,premier linktown scoot,Premier Linktown Scoot,18.77,debit,unclassified_other,groceries,Premier symbol-group convenience/grocery shop (not Inn/Vet/Sports/bus/Easy Save); contactless/store narrative
10158,apollo.io,APOLLO.IO USA AMOUNT IN USD 147.00 ON 13 JUN VISA 1.351899 FINAL GBP AMOUNT INCLUDES NON-STERLING TRANS FEE £2.99 ,111.73,debit,unclassified_other,software,Apollo.io is a well-known B2B sales CRM/prospecting SaaS (pro app; USD charges on the sample)
10311,kanes premier,KANES PREMIER,1.4,debit,unclassified_other,groceries,Premier symbol-group convenience/grocery shop (not Inn/Vet/Sports/bus/Easy Save); contactless/store narrative
10339,morr bristol hartcliff,MORR BRISTOL HARTC,30.06,debit,unclassified_other,groceries,Plaid truncates MORRISONS to Morr + town
10355,bilal superstore cheadle,Bilal Superstore C,4.17,debit,unclassified_other,groceries,Named superstore in Cheadle; supermarket/grocery retail is unambiguous
10578,icarsltd,WWW.ICARSLTD.COM,5,debit,unclassified_other,taxi_rideshare,Descriptor is www.icarsltd.com — iCars Taxis Burton (SIC taxi operation)
10676,morr newcastle upon ty,Morr Newcastle Upon Ty,30.01,debit,unclassified_other,groceries,Plaid truncates MORRISONS to Morr + town
10780,morr belper,Morr Belper,29.73,debit,unclassified_other,groceries,Plaid truncates MORRISONS to Morr + town
10805,apollo.io,APOLLO.IO Apollo.Io,74.21,debit,unclassified_other,software,Apollo.io is a well-known B2B sales CRM/prospecting SaaS (pro app; USD charges on the sample)
11073,morr boroughbridge,MORR BOROUGHBRIDGE,6.53,debit,unclassified_other,groceries,Plaid truncates MORRISONS to Morr + town
11192,morr glasgow cambuslan,Morr Glasgow Cambuslan,4.38,debit,unclassified_other,groceries,Plaid truncates MORRISONS to Morr + town
11240,premier oscar road,Premier Oscar Road,1.4,debit,unclassified_other,groceries,Premier symbol-group convenience/grocery shop (not Inn/Vet/Sports/bus/Easy Save); contactless/store narrative
11314,premier greenfield sto,Premier Greenfield Sto,13.89,debit,unclassified_other,groceries,Premier symbol-group convenience/grocery shop (not Inn/Vet/Sports/bus/Easy Save); contactless/store narrative
11344,morr heywood,Morr Heywood,56.34,debit,unclassified_other,groceries,Plaid truncates MORRISONS to Morr + town
11415,human forest,Human Forest,1.9,debit,unclassified_other,bicycle,HumanForest / Forest London e-bike hire
11429,morr middlesboroug,MORR MIDDLESBOROUGMIDDLESBOROUG,64.12,debit,unclassified_other,groceries,Plaid truncates MORRISONS to Morr + town
11445,ride dvsk,Lime*ride Dvsk,2.64,debit,taxi_rideshare,bicycle,Lime e-bike/e-scooter ride or pass (not taxi)
11623,frenk.io,FRENK.IO,20.66,debit,unclassified_other,crypto,frenk.io is a licensed cryptocurrency exchange (Bright Technologies).
11656,morr jarrow,MORR JARROW  ON 25 JUL CPM,10.01,debit,unclassified_other,groceries,Plaid truncates MORRISONS to Morr + town
11688,premier biggin,PREMIER BIGGIN,5.13,debit,unclassified_other,groceries,Premier symbol-group convenience/grocery shop (not Inn/Vet/Sports/bus/Easy Save); contactless/store narrative
11706,morr glasgow cambuslan,Morr Glasgow Cambuslan,3.99,debit,unclassified_other,groceries,Plaid truncates MORRISONS to Morr + town
11999,morr bideford,MORR BIDEFORD     BIDEFORD,28.18,debit,unclassified_other,groceries,Plaid truncates MORRISONS to Morr + town
12480,morr belper,Morr Belper,20.04,debit,unclassified_other,groceries,Plaid truncates MORRISONS to Morr + town
12627,skedaddlegroup.co.uk,SKEDADDLEGROUP.CO.,10,debit,unclassified_other,pet_other,skedaddlegroup.co.uk is Skedaddle dog park (paid off-leash field hire) not the cycling-holiday brand
12630,morr erith,MORR ERITH,20,debit,unclassified_other,groceries,Plaid truncates MORRISONS to Morr + town
12709,tenpinlimited,Contactless Payment NYX*TenpinLimited,1,debit,unclassified_other,days_out,Tenpin Limited is the UK bowling/indoor entertainment chain (Cranfield HQ); family leisure day out.
12799,morr peterborough,MORR PETERBOROUGH,47.8,debit,unclassified_other,groceries,Plaid truncates MORRISONS to Morr + town
12814,morr bradford victoria,MORR BRADFORD VICT,15,debit,unclassified_other,groceries,Plaid truncates MORRISONS to Morr + town
12901,dott scooter,"DOTT SCOOTER RIDE (VIA APPLE PAY), ON 10-07-2025",2.61,debit,taxi_rideshare,bicycle,Dott shared e-scooters (same micromobility leaf as Lime)
13004,morr plymstock,MORR PLYMSTOCK  ON 22 AUG CLP,29.17,debit,unclassified_other,groceries,Plaid truncates MORRISONS to Morr + town
13073,cd ridgewood stores,8213 25SEP25 CD   RIDGEWOOD STORES  LTD               UCKFIELD GB,4,debit,unclassified_other,convenience_store,Ridgewood Stores Ltd Uckfield is a convenience store
13298,darrens premier,Contactless Payment DARRENS PREMIER APPLEPAY 6969,2.77,debit,unclassified_other,groceries,Premier symbol-group convenience/grocery shop (not Inn/Vet/Sports/bus/Easy Save); contactless/store narrative
13403,dcbltd,Visa purchase WWW.DCBLTD.COM,34,debit,unclassified_other,debt_enforcement,WWW.DCBLTD.COM is Direct Collection Bailiffs Ltd (High Court enforcement); already mapped dcbl in the dictionary
13416,morr brampton,MORR BRAMPTON,20,debit,unclassified_other,groceries,Plaid truncates MORRISONS to Morr + town
13440,morr shrewsbury,MORR SHREWSBURY,35,debit,unclassified_other,groceries,Plaid truncates MORRISONS to Morr + town
13548,morr newcastle upon ty,MORR NEWCASTLE UPO  ON 05 AUG CPM MORR NEWCASTLE UPON TY,30.17,debit,unclassified_other,groceries,Plaid truncates MORRISONS to Morr + town
13812,morr ellesmere port,MORR ELLESMERE POR,8.59,debit,unclassified_other,groceries,Plaid truncates MORRISONS to Morr + town
13830,dover street market,Dover Street Market,190.5,debit,unclassified_other,clothing_general,Dover Street Market is a well-known fashion retailer
13842,morr neath,MORR NEATH  ON 10 SEP CLP,19.35,debit,unclassified_other,groceries,Plaid truncates MORRISONS to Morr + town
14058,vir health ltd,Vir Health Ltd,49,debit,unclassified_other,pharmacy,Vir Health Limited is the CQC-registered legal entity behind Numan (online pharmacy/men's health prescriptions).
14087,morr fleet fleet,MORR FLEET        FLEET,18.95,debit,unclassified_other,groceries,Plaid truncates MORRISONS to Morr + town
14344,morr neath,MORR NEATH,20.06,debit,unclassified_other,groceries,Plaid truncates MORRISONS to Morr + town
14436,ride dvsk,Lime*ride Dvsk,3.86,debit,taxi_rideshare,bicycle,Lime e-bike/e-scooter ride or pass (not taxi)
14730,ipayimpact.co.,VMS*iPayimpact.co.,5,debit,unclassified_other,education_general,iPayimpact is the Capita/council school-payments portal used for meals
14921,pass yyqc,LIME*PASS YYQC,3.99,debit,unclassified_other,bicycle,Lime e-bike/e-scooter ride or pass (not taxi)
14981,select & save ltd,Ppoint_*select & Save Ltd,26.5,debit,unclassified_other,groceries,Select & Save is a UK convenience symbol group (same treatment as Spar/Nisa/Premier/Londis)
15047,dixon lane premier,DIXON LANE PREMIER,4.5,debit,unclassified_other,groceries,Premier symbol-group convenience/grocery shop (not Inn/Vet/Sports/bus/Easy Save); contactless/store narrative
15090,premier freche,PREMIER FRECHEVILLSHEFFIELD S12,10.7,debit,unclassified_other,groceries,Premier symbol-group convenience/grocery shop (not Inn/Vet/Sports/bus/Easy Save); contactless/store narrative
15130,morr liskeard,MORR LISKEARD,100,debit,unclassified_other,groceries,Plaid truncates MORRISONS to Morr + town
15134,holafly limited,6113 29AUG25  D   HOLAFLY LIMITED   DUBLIN IE,17,debit,unclassified_other,mobile_phone_contract,Holafly sells prepaid travel eSIM mobile-data plans (Dublin card descriptor)
15195,dover street market,Dover Street Market,68,debit,unclassified_other,clothing_general,Dover Street Market is a well-known fashion retailer
15244,morr dukinfield,MORR DUKINFIELD  ON 18 JUL BCC,15.04,debit,unclassified_other,groceries,Plaid truncates MORRISONS to Morr + town
15624,premier northmuir,Premier Northmuir,7.89,debit,unclassified_other,groceries,Premier symbol-group convenience/grocery shop (not Inn/Vet/Sports/bus/Easy Save); contactless/store narrative
15837,premier dukinf,Premier Dukinf,12.59,debit,unclassified_other,groceries,Premier symbol-group convenience/grocery shop (not Inn/Vet/Sports/bus/Easy Save); contactless/store narrative
15973,premier dens road,Contactless Payment PREMIER DENS ROAD,5.99,debit,unclassified_other,groceries,Premier symbol-group convenience/grocery shop (not Inn/Vet/Sports/bus/Easy Save); contactless/store narrative
16124,greenbank service st,Greenbank Service St,2.35,debit,unclassified_other,fuel,Greenbank Service Station is a Circle K petrol forecourt
16135,morr consett,MORR CONSETT  ON 20 SEP CLP,40,debit,unclassified_other,groceries,Plaid truncates MORRISONS to Morr + town
16236,morr ilkeston,MORR ILKESTON Morr Ilkeston,17.05,debit,unclassified_other,groceries,Plaid truncates MORRISONS to Morr + town
16438,premier tywyn stortywyn,Premier Tywyn StorTywyn,5.5,debit,unclassified_other,groceries,Premier symbol-group convenience/grocery shop (not Inn/Vet/Sports/bus/Easy Save); contactless/store narrative
16696,fish's premier store,Fish's Premier Store,4.53,debit,unclassified_other,groceries,Premier symbol-group convenience/grocery shop (not Inn/Vet/Sports/bus/Easy Save); contactless/store narrative
16744,morr sittingbourne,MORR SITTINGBOURNE  ON 01 JUL BCC,20.01,debit,unclassified_other,groceries,Plaid truncates MORRISONS to Morr + town
16780,rundle & co ltd,RUNDLE & CO LTD PI7071954116569567,150,debit,unclassified_other,debt_enforcement,Rundle & Co Ltd (Rundles) are certificated enforcement agents collecting council tax and other debts
17062,morr brough,MORR BROUGH  ON 09 SEP BCC,50.02,debit,unclassified_other,groceries,Plaid truncates MORRISONS to Morr + town
17439,morr barrow in furness,MORR BARROW IN FUR,30.02,debit,unclassified_other,groceries,Plaid truncates MORRISONS to Morr + town
17503,zippa loans,Zippa Loans,13.37,debit,personal_loan_repayment,payday_loan,"Skyline Direct high-cost short-term credit, not a personal loan"
17522,lovable,Lovable,18.77,debit,unclassified_other,web_services,"Lovable.dev (Dover DE) — AI app builder / developer tool, not a restaurant"
17593,premier linktown scoot,Premier Linktown Scoot,33.75,debit,unclassified_other,groceries,Premier symbol-group convenience/grocery shop (not Inn/Vet/Sports/bus/Easy Save); contactless/store narrative
17855,premier express,Premier Express,3.99,debit,unclassified_other,groceries,Premier symbol-group convenience/grocery shop (not Inn/Vet/Sports/bus/Easy Save); contactless/store narrative
17915,morr belper,Morr Belper,21,debit,unclassified_other,groceries,Plaid truncates MORRISONS to Morr + town
18068,south bank service,SOUTH BANK SERVICE,58.44,debit,unclassified_other,fuel,South Bank Services is the Jet petrol filling station on Ferriby Road
18338,morr coventry binley,Morr Coventry Binley,10.69,debit,unclassified_other,groceries,Plaid truncates MORRISONS to Morr + town
18358,c beenetwork.,4399 14JUL25 C    BEENETWORK.       COM/CHARGES       0161 244 1000 GB,2,debit,unclassified_other,public_transport_rail_coach,Bee Network Greater Manchester COM/CHARGES; sibling beenetwork is public_transport_rail_coach
18438,warner bros. studio,WARNERBROS STUDIOS  ON 29 AUG CLP Warner Bros. Studio,0.95,debit,unclassified_other,days_out,Warner Bros. Studio Tour London (Making of Harry Potter) attraction tickets
18542,morr middlesboroug,MORR MIDDLESBOROUG,30,debit,unclassified_other,groceries,Plaid truncates MORRISONS to Morr + town
18652,morr fleet fleet,MORR FLEET        FLEET,18.95,debit,unclassified_other,groceries,Plaid truncates MORRISONS to Morr + town
18696,morr worksop,MORR WORKSOP  ON 18 AUG CPM,22,debit,unclassified_other,groceries,Plaid truncates MORRISONS to Morr + town
18701,morr newcastle under,Visa purchase MORR NEWCASTLE UNDER L,10.01,debit,unclassified_other,groceries,Plaid truncates MORRISONS to Morr + town
18711,morr lincoln,MORR LINCOLN  ON 07 AUG CLP,10,debit,unclassified_other,groceries,Plaid truncates MORRISONS to Morr + town
18779,wilkins & pye ltd,WILKINS & PYE LTD  ON 26 JUL CPM,4.4,debit,unclassified_other,pub_bar,Wilkins & Pye is a CAMRA-listed micropub in Longton (SIC 56302 public houses and bars).
18872,morr wetherby,MORR WETHERBY,6.99,debit,pet_supplies,groceries,Plaid truncates MORRISONS to Morr + town; Wetherby Morrisons
18885,instantly,Instantly,34.91,debit,unclassified_other,software,"Instantly.ai cold-email / sales software, not a generic merchant"
19114,p.louise,P.LOUISE  ON 14 SEP BCC,46.08,debit,unclassified_other,health_beauty_general,P.Louise is a well-known UK makeup/cosmetics brand (plouise.co.uk)
19149,brandon street premier,Brandon Street Premie Brandon Street Premier,3.29,debit,unclassified_other,groceries,Premier symbol-group convenience/grocery shop (not Inn/Vet/Sports/bus/Easy Save); contactless/store narrative
19213,fish's premier store,Fish's Premier Store,14.29,debit,unclassified_other,groceries,Premier symbol-group convenience/grocery shop (not Inn/Vet/Sports/bus/Easy Save); contactless/store narrative
19220,yourbusinessnumber,Yourbusinessnumber,7.19,debit,unclassified_other,web_services,"YourBusinessNumber sells virtual WhatsApp/phone numbers, not email; web_services (comms infra) fits better than email_services"
19275,morr basing,Morr Basingstoke,29.74,debit,unclassified_other,groceries,Plaid truncates MORRISONS to Morr + town
19692,indeed iei,Indeed Iei25-00689091,365.16,debit,unclassified_other,advertising_services,Indeed IEI job-ad invoices; sibling online job ads indeed is advertising_services
19804,modular fs limited,Modulr FS account - Wallet Top Up Modular FS Limited - SortCodeAccountNumber: 04008506211208,1400,debit,unclassified_other,payment_intermediary,Modulr FS wallet top-up; UK payment-processing platform (same leaf as other wallet/PSP top-ups).
19821,mccoll s travel ltd,McColl s Travel Lt,2.6,debit,unclassified_other,public_transport_rail_coach,McColl's Travel Ltd is the Dumbarton family bus and coach operator (mccolls.org.uk).
19875,premier extra ltd,PREMIER EXTRA LTD,21.79,debit,unclassified_other,groceries,Premier symbol-group convenience/grocery shop (not Inn/Vet/Sports/bus/Easy Save); contactless/store narrative
19979,rebtelnetwo,PAYPAL *REBTELNETW,5,debit,unclassified_other,mobile_phone_contract,PAYPAL *REBTELNETW is Rebtel VoIP; sibling Rebtel is mobile_phone_contract
20101,evyve services,EVYVE SERVICES,25.13,debit,unclassified_other,fuel,evyve is a UK public EV rapid-charging network; BP Pulse is already fuel in the dictionary
20176,indeed iei,Indeed Iei25-01383659,525,debit,unclassified_other,advertising_services,Indeed IEI job-ad invoices; sibling online job ads indeed is advertising_services
20446,morr catcliffe,MORR CATCLIFFE Morr Catcliffe,10.99,debit,pub_bar,groceries,Plaid truncates MORRISONS to Morr + town; Catcliffe Morrisons
20565,4 rides,Lime*4 Rides 4t6o,1.58,debit,taxi_rideshare,bicycle,Lime e-bike/e-scooter ride or pass (not taxi)
20599,groobox.co.uk,GROOBOX.CO.UK,22.2,debit,unclassified_other,groceries,Groobox is Groobarb's Wild Farm fruit-and-veg box delivery (meal-kit/veg-box convention = groceries)
20677,premier biggin,PREMIER BIGGIN,5.13,debit,unclassified_other,groceries,Premier symbol-group convenience/grocery shop (not Inn/Vet/Sports/bus/Easy Save); contactless/store narrative
20691,skedaddlegroup.co.uk,SKEDADDLEGROUP.CO.,10,debit,unclassified_other,pet_other,skedaddlegroup.co.uk is Skedaddle dog park (paid off-leash field hire) not the cycling-holiday brand
20702,morr ilkeston,Visa purchase MORR ILKESTON,15,debit,unclassified_other,groceries,Plaid truncates MORRISONS to Morr + town
20715,morr paignton,MORR PAIGNTON Morr Paignton,25,debit,unclassified_other,groceries,Plaid truncates MORRISONS to Morr + town
20771,a.saily,"A.SAILY (VIA APPLE PAY), 3.70 USD RATE 0.7459/GBP, ON 25-08-2025",2.76,debit,unclassified_other,mobile_phone_contract,Saily (Nord Security) is a prepaid travel eSIM data app; Apple Pay USD amounts match international eSIM top-ups
20979,hawthorn premier,HAWTHORN PREMIER,9.24,debit,unclassified_other,groceries,Premier symbol-group convenience/grocery shop (not Inn/Vet/Sports/bus/Easy Save); contactless/store narrative
20992,morr kirkcaldy,MORR KIRKCALDY,48.93,debit,unclassified_other,groceries,Plaid truncates MORRISONS to Morr + town
21107,morr morecambe,MORR MORECAMBE CD 0089,23.4,debit,unclassified_other,groceries,Plaid truncates MORRISONS to Morr + town
21184,morr yeovil,MORR YEOVIL  ON 24 JUL CLP,30.02,debit,unclassified_other,groceries,Plaid truncates MORRISONS to Morr + town
21217,mccoll s travel ltd,McColl s Travel Lt,2.6,debit,unclassified_other,public_transport_rail_coach,McColl's Travel Ltd is the Dumbarton family bus and coach operator (mccolls.org.uk).
21230,psi services uk ltd,PSI SERVICES  UK,50,debit,unclassified_other,education_general,PSI Services (UK) Ltd is the Home Office exam contractor for Life in the UK and SELT tests.
21267,morr leeds,Morr Leeds Yeadon,33.01,debit,unclassified_other,groceries,Plaid truncates MORRISONS to Morr + town
21269,oposlimited,www.oposlimited.com,200,debit,unclassified_other,debt_collection,www.oposlimited.com is Opos Limited
21314,ashbourne management services ltd,GRDL31935K Ashbourne Management Services LTD,31.99,debit,unclassified_other,gym_fitness,Ashbourne Management Services collects Direct Debits for independent gym and fitness-club memberships (ashbourne-memberships.com).
21520,premier dens road,Contactless Payment PREMIER DENS ROAD,14.99,debit,unclassified_other,groceries,Premier symbol-group convenience/grocery shop (not Inn/Vet/Sports/bus/Easy Save); contactless/store narrative
21829,morr bradford enterpri,Morr Bradford Enterpri,15.12,debit,unclassified_other,groceries,Plaid truncates MORRISONS to Morr + town
21879,ashbourne management services ltd,GRDL31935K Ashbourne Management Services LTD,31.99,debit,unclassified_other,gym_fitness,Ashbourne Management Services collects Direct Debits for independent gym and fitness-club memberships (ashbourne-memberships.com).
21883,apollo.io,apollo.io,73.09,debit,unclassified_other,software,Apollo.io is a well-known B2B sales CRM/prospecting SaaS (pro app; USD charges on the sample)
21907,morr basing,Morr Basingstoke,25.01,debit,unclassified_other,groceries,Plaid truncates MORRISONS to Morr + town
22091,premier northmuir,Premier Northmuir,3.48,debit,unclassified_other,groceries,Premier symbol-group convenience/grocery shop (not Inn/Vet/Sports/bus/Easy Save); contactless/store narrative
22146,gdk winchester,GDK WINCHESTER,6.58,debit,unclassified_other,takeaway,German Doner Kebab
22149,premier tye stores,"PREMIER TYE STORES (VIA GOOGLE PAY), ON 03-08-2025",35.51,debit,unclassified_other,groceries,Premier symbol-group convenience/grocery shop (not Inn/Vet/Sports/bus/Easy Save); contactless/store narrative
22220,morr redditch,MORR REDDITCH,10,debit,unclassified_other,groceries,Plaid truncates MORRISONS to Morr + town
22282,morr erith,MORR ERITH,25.47,debit,unclassified_other,groceries,Plaid truncates MORRISONS to Morr + town
22403,ride dvsk,Lime*ride Dvsk,1.88,debit,taxi_rideshare,bicycle,Lime e-bike/e-scooter ride or pass (not taxi)
22560,warner bros. studio,WARNERBROS STUDIOS  ON 19 SEP CPM Warner Bros. Studio,1.9,debit,unclassified_other,days_out,Warner Bros. Studio Tour London (Making of Harry Potter) attraction tickets
22823,winrz ltd,Winrz Ltd Vnd157704C122Vnd,0.99,debit,unclassified_other,prize_competitions,Winnrz Ltd (winnrz.com) is a shop-and-win prize-draw platform; ticket-style Vnd refs on the sample
22946,morr warrington,MORR WARRINGTON,20,debit,unclassified_other,groceries,Plaid truncates MORRISONS to Morr + town
22953,p.louise,P.LOUISE,45.21,debit,unclassified_other,health_beauty_general,P.Louise is a well-known UK makeup/cosmetics brand (plouise.co.uk)
23033,premier high street,Contactless Payment PREMIER HIGH STREET APPLEPAY 6150 2025-08-10,10,debit,unclassified_other,groceries,Premier symbol-group convenience/grocery shop (not Inn/Vet/Sports/bus/Easy Save); contactless/store narrative
23204,ride 4 qmp,Lime*ride 4qmp,0.3,debit,taxi_rideshare,bicycle,Lime e-bike/e-scooter ride or pass (not taxi)
23229,riversidefm inc.,"Riversidefm, Inc.",29,debit,unclassified_other,software,Riverside.fm (RiversideFM Inc) is podcast/video recording SaaS.
23234,morr redcar,MORR REDCAR  ON 26 JUN CPM,50,debit,unclassified_other,groceries,Plaid truncates MORRISONS to Morr + town
23263,vir health ltd,Vir Health Ltd  ON 27 JUL BCC,16.8,debit,unclassified_other,pharmacy,Vir Health Limited is the CQC-registered legal entity behind Numan (online pharmacy/men's health prescriptions).
23296,cd ridgewood stores,8213 23SEP25 CD   RIDGEWOOD STORES  LTD               UCKFIELD GB,1.29,debit,unclassified_other,convenience_store,Ridgewood Stores Ltd Uckfield is a convenience store
23457,morr eccles,MORR ECCLES  ON 16 AUG CPM,45.93,debit,unclassified_other,groceries,Plaid truncates MORRISONS to Morr + town
23492,morr morecambe,MORR MORECAMBE CD 0089,7,debit,unclassified_other,groceries,Plaid truncates MORRISONS to Morr + town
23498,vir health ltd,Vir Health Ltd,49,debit,unclassified_other,pharmacy,Vir Health Limited is the CQC-registered legal entity behind Numan (online pharmacy/men's health prescriptions).
23509,ride jun,Lime*auth Jun6,3.32,debit,taxi_rideshare,bicycle,"Lime*auth; Lime ride authorisation, not taxi"
23558,argylesatellite.co,ARGYLESATELLITE.CO  ON 08 JUL CPM ARGYLESATELLITE.CO.UK,6.3,debit,unclassified_other,taxi_rideshare,argylesatellite.co.uk is Argyle Satellite Taxis Wirral private hire
23617,pass ryyr,LIME*PASS RYYR,1.99,debit,unclassified_other,bicycle,Lime e-bike/e-scooter ride or pass (not taxi)
23734,p.louise,P.LOUISE  ON 14 OCT BCC,2,debit,unclassified_other,health_beauty_general,P.Louise is a well-known UK makeup/cosmetics brand (plouise.co.uk)
23749,linkside premier store,Linkside Premier S,7.23,debit,unclassified_other,groceries,Premier symbol-group convenience/grocery shop (not Inn/Vet/Sports/bus/Easy Save); contactless/store narrative
23782,highlevel inc.,HIGHLEVEL INC. Highlevel Inc.,184.86,debit,unclassified_other,software,GoHighLevel/HighLevel Inc is a well-known CRM/marketing SaaS subscription.
23793,2 rides whbu,LIME*2 RIDES WHBU,4.9,debit,taxi_rideshare,bicycle,Lime e-bike/e-scooter ride or pass (not taxi)
23833,rvs hospital shops ca,Rvs Hospital Shops Ca,11.4,debit,unclassified_other,charity_shop,Royal Voluntary Service hospital shops: charity-run retail (snacks/gifts) with profits reinvested in the charity/NHS
23859,premier tye stores,PREMIER TYE STORES,21.08,debit,unclassified_other,groceries,Premier symbol-group convenience/grocery shop (not Inn/Vet/Sports/bus/Easy Save); contactless/store narrative
23953,premier arlington,PREMIER ARLINGTON  ON 02 AUG CPM,21.98,debit,unclassified_other,groceries,Premier symbol-group convenience/grocery shop (not Inn/Vet/Sports/bus/Easy Save); contactless/store narrative
23971,morr plymstock,MORR PLYMSTOCK  ON 27 JUL BCC,10.27,debit,unclassified_other,groceries,Plaid truncates MORRISONS to Morr + town
23995,premier tye stores,Premier Tye Stores,2.65,debit,unclassified_other,groceries,Premier symbol-group convenience/grocery shop (not Inn/Vet/Sports/bus/Easy Save); contactless/store narrative
24015,morr horndean,Morr Horndean,21.18,debit,unclassified_other,groceries,Plaid truncates MORRISONS to Morr + town
24121,morr wellingborough,MORR WELLINGBOROUG  ON 11 SEP CPM MORR WELLINGBOROUGH,19.95,debit,unclassified_other,groceries,Plaid truncates MORRISONS to Morr + town
24223,dcbltd,WWW.DCBLTD.COM Dcbltd,37,debit,unclassified_other,debt_enforcement,WWW.DCBLTD.COM is Direct Collection Bailiffs Ltd (High Court enforcement); already mapped dcbl in the dictionary
24242,2 rides whbu,LIME*2 RIDES WHBU,3.45,debit,taxi_rideshare,bicycle,Lime e-bike/e-scooter ride or pass (not taxi)
24502,morr liskeard,Morr Liskeard,20.71,debit,unclassified_other,groceries,Plaid truncates MORRISONS to Morr + town
24653,premier dunnikier,PREMIER DUNNIKIER,3,debit,unclassified_other,groceries,Premier symbol-group convenience/grocery shop (not Inn/Vet/Sports/bus/Easy Save); contactless/store narrative
24699,morr morecambe,MORR MORECAMBE CD 0089,7,debit,unclassified_other,groceries,Plaid truncates MORRISONS to Morr + town
25073,morr newcastle upon ty,Morr Newcastle Upon Ty,40.68,debit,unclassified_other,groceries,Plaid truncates MORRISONS to Morr + town
25105,morr knottingley,MORR KNOTTINGLEY,31.01,debit,unclassified_other,groceries,Plaid truncates MORRISONS to Morr + town
25177,bon bon premier,Bon Bon Premier,1.35,debit,unclassified_other,groceries,Premier symbol-group convenience/grocery shop (not Inn/Vet/Sports/bus/Easy Save); contactless/store narrative
25271,cairnside premier,Cairnside Premier,6,debit,unclassified_other,groceries,Premier symbol-group convenience/grocery shop (not Inn/Vet/Sports/bus/Easy Save); contactless/store narrative
25351,greenbank service st,Greenbank Service St )))),9.75,debit,unclassified_other,fuel,Greenbank Service Station is a Circle K petrol forecourt
25404,morr bradford enterpri,MORR BRADFORD ENTE,45,debit,unclassified_other,groceries,Plaid truncates MORRISONS to Morr + town
25416,frenk.io,FRENK.IO,20.74,debit,unclassified_other,crypto,frenk.io is a licensed cryptocurrency exchange (Bright Technologies).
25449,morr morton park,MORR MORTON PARK  DARLINGTON,19.6,debit,unclassified_other,groceries,Plaid truncates MORRISONS to Morr + town
25530,brandon street premier,Brandon Street Premie Brandon Street Premier,1.59,debit,unclassified_other,groceries,Premier symbol-group convenience/grocery shop (not Inn/Vet/Sports/bus/Easy Save); contactless/store narrative
25566,premier arlington,PREMIER ARLINGTON,12.34,debit,unclassified_other,groceries,Premier symbol-group convenience/grocery shop (not Inn/Vet/Sports/bus/Easy Save); contactless/store narrative
25577,morr morton park,MORR MORTON PARK  DARLINGTON,12.92,debit,unclassified_other,groceries,Plaid truncates MORRISONS to Morr + town
25632,morr peterborough,MORR PETERBOROUGH,55.02,debit,unclassified_other,groceries,Plaid truncates MORRISONS to Morr + town
25688,argylesatellite.co,ARGYLESATELLITE.CO  ON 28 JUN CPM ARGYLESATELLITE.CO.UK,13.3,debit,unclassified_other,taxi_rideshare,argylesatellite.co.uk is Argyle Satellite Taxis Wirral private hire
25696,morr yeovil,MORR YEOVIL,40.01,debit,unclassified_other,groceries,Plaid truncates MORRISONS to Morr + town
25822,morr coventry binley,Morr Coventry Binley,19.99,debit,unclassified_other,groceries,Plaid truncates MORRISONS to Morr + town
25855,lifecafe at life time,LIFETIME LEGAL    CAMBERLEY,8.99,debit,unclassified_other,legal_services,"Narrative is Lifetime Legal (wills), not a cafe"
25893,winrz ltd,Winrz Ltd Vnd158003C122Vnd,0.8,debit,unclassified_other,prize_competitions,Winnrz Ltd (winnrz.com) is a shop-and-win prize-draw platform; ticket-style Vnd refs on the sample
26082,kofcomps ltd,KOFCOMPS LTD,7.5,debit,unclassified_other,prize_competitions,Kofcomps Ltd trades as King of Comps (kingofcomps.co.uk) — paid prize-draw tickets with a free postal route
26127,sutton stores premier exp,SUTTON STORES PREM,5.1,debit,unclassified_other,groceries,Premier symbol-group convenience/grocery shop (not Inn/Vet/Sports/bus/Easy Save); contactless/store narrative
26332,morr morecambe,Contactless Payment MORR MORECAMBE,2,debit,unclassified_other,groceries,Plaid truncates MORRISONS to Morr + town
26368,ipayimpact.co.edinburgh,VMS*iPayimpact.co.Edinburgh,26.8,debit,unclassified_other,education_general,iPayimpact is the school meals/trips/uniform payment app; ipayimpact.co.uk already human-reviewed as school_fees.
26771,morr stirling,MORR STIRLING,3.07,debit,unclassified_other,groceries,Plaid truncates MORRISONS to Morr + town
26812,surecredit.co.uk,PYD*surecredit.co.,19.99,debit,unclassified_other,credit_reporting_service,Sure Credit is a paid TransUnion credit-report/education subscription (credit broker not a lender) like Clearscore
26851,morr bradford victoria,Morr Bradford Victoria,20,debit,unclassified_other,groceries,Plaid truncates MORRISONS to Morr + town
27015,dhadda premier,DHADDA PREMIER,14.2,debit,unclassified_other,groceries,Premier symbol-group convenience/grocery shop (not Inn/Vet/Sports/bus/Easy Save); contactless/store narrative
27042,tony's food store chp,Tony's Food Store Chp,15.28,debit,unclassified_other,groceries,Descriptor is a named food store; grocery retail is unambiguous.
27057,premier west end sabertawe,Premier West End SAbertawe,1.5,debit,unclassified_other,groceries,Premier symbol-group convenience/grocery shop (not Inn/Vet/Sports/bus/Easy Save); contactless/store narrative
27152,morr haverfordwest,CRV*MORR HAVERFORD,0.26,debit,unclassified_other,groceries,Plaid truncates MORRISONS to Morr + town
27368,sage uk ltd,SAGE UK LTD GE62XYB,46.8,debit,unclassified_other,software,Sage UK Ltd Direct Debits are Sage accounting and payroll software subscriptions.
27408,morr cwmbran,Morr Cwmbran,55,debit,unclassified_other,groceries,Plaid truncates MORRISONS to Morr + town
27528,morr beccles,MORR BECCLES  ON 27 AUG CPM,8.99,debit,unclassified_other,groceries,Plaid truncates MORRISONS to Morr + town
27549,a.saily,"A.SAILY (VIA APPLE PAY), 3.99 USD RATE 0.7468/GBP, ON 16-07-2025",2.98,debit,unclassified_other,mobile_phone_contract,Saily (Nord Security) is a prepaid travel eSIM data app; Apple Pay USD amounts match international eSIM top-ups
27550,morr boroughbridge,Morr Boroughbridge,2.05,debit,unclassified_other,groceries,Plaid truncates MORRISONS to Morr + town
27652,gdk winchester,GDK WINCHESTER,10.17,debit,unclassified_other,takeaway,German Doner Kebab
27665,morr neath,MORR NEATH,20.02,debit,unclassified_other,groceries,Plaid truncates MORRISONS to Morr + town
27732,holafly limited,HOLAFLY LIMITED IRELAND AMOUNT IN USD 33.90 ON 15 SEP VISA 1.3521 FINAL GBP AMOUNT INCLUDES NON-STERLING TRANS FEE £0.69 ,25.76,debit,unclassified_other,mobile_phone_contract,Holafly sells prepaid travel eSIM mobile-data plans (Dublin card descriptor)
27798,morr morpeth,MORR MORPETH  ON 03 JUN CPM,2.29,debit,unclassified_other,groceries,Plaid truncates MORRISONS to Morr + town
27889,dike and son ltd,6296 25JUL25 C    DIKE AND SON LTD  STALBRIDGE GB,22.3,debit,unclassified_other,groceries,Award-winning independent supermarket in Stalbridge (Nisa partner); description is a card spend there
27924,grant palmer ltd,Grant Palmer Ltd,2,debit,unclassified_other,public_transport_rail_coach,Grant Palmer Ltd is the Bedfordshire independent bus operator (grantpalmer.com).
27927,htcard.co.u,8655 30SEP25      WWW.BLUELIG       HTCARD.CO.U       COSSINGTON GB,4.99,debit,unclassified_other,memberships,WWW.BLUELIG HTCARD.CO.U Cossington is Blue Light Card Ltd (discount membership card for NHS/frontline workers).
28061,premier extra ltd,PREMIER EXTRA LTD,8.55,debit,unclassified_other,groceries,Premier symbol-group convenience/grocery shop (not Inn/Vet/Sports/bus/Easy Save); contactless/store narrative
28123,morr bristol hartcliff,MORR BRISTOL HARTC,20,debit,unclassified_other,groceries,Plaid truncates MORRISONS to Morr + town
28152,morr kirkby,MORR KIRKBY,1.49,debit,unclassified_other,groceries,Plaid truncates MORRISONS to Morr + town
28161,argylesatellite.co.uk,Visa purchase ARGYLESATELLITE.CO.UK APPLEPAY 1178,4,debit,unclassified_other,taxi_rideshare,argylesatellite.co.uk is Argyle Satellite Taxis (Wirral private hire)
28172,lime ride gafz,PAYPAL *LIME RIDE,3.9,debit,taxi_rideshare,bicycle,"PAYPAL *LIME RIDE is Lime micromobility, not taxi_rideshare"
28174,linkside premier store,Linkside Premier S,11.87,debit,unclassified_other,groceries,Premier symbol-group convenience/grocery shop (not Inn/Vet/Sports/bus/Easy Save); contactless/store narrative
28200,morr isle of wight lak,Contactless Payment MORR ISLE OF WIGHT LAK APPLEPAY 4981,67,debit,unclassified_other,groceries,Plaid truncates MORRISONS to Morr + town
28267,ride jun,Lime*auth Jun6,3.32,debit,taxi_rideshare,bicycle,"Lime*auth; Lime ride authorisation, not taxi"
28319,skin.club,Visa purchase skin.club 2025-08-17,15.41,debit,unclassified_other,gambling_unspecified,Skin.Club is a CS2/CS:GO paid case-opening/skin-gambling site (chance mechanics; not a sportsbook or casino table).
28347,morr tavistock,Morr Tavistock,10,debit,unclassified_other,groceries,Plaid truncates MORRISONS to Morr + town
28443,warner bros. studio,WARNERBROS STUDIOS  ON 29 AUG CLP Warner Bros. Studio,0.95,debit,unclassified_other,days_out,Warner Bros. Studio Tour London (Making of Harry Potter) attraction tickets
28504,premier tywyn stortywyn,Premier Tywyn StorTywyn,2.2,debit,unclassified_other,groceries,Premier symbol-group convenience/grocery shop (not Inn/Vet/Sports/bus/Easy Save); contactless/store narrative
28530,morr worksop,MORR WORKSOP  ON 07 SEP CPM,20,debit,unclassified_other,groceries,Plaid truncates MORRISONS to Morr + town
28623,premier west end sabertawe,Premier West End SAbertawe,17.48,debit,unclassified_other,groceries,Premier symbol-group convenience/grocery shop (not Inn/Vet/Sports/bus/Easy Save); contactless/store narrative
28673,morr ellesmere port,MORR ELLESMERE POR,15,debit,unclassified_other,groceries,Plaid truncates MORRISONS to Morr + town
28776,ride 4 qmp,Lime*ride 4qmp,1.58,debit,taxi_rideshare,bicycle,Lime e-bike/e-scooter ride or pass (not taxi)
28957,groobox.co.uk,GROOBOX.CO.UK,17.95,debit,unclassified_other,groceries,Groobox is Groobarb's Wild Farm fruit-and-veg box delivery (meal-kit/veg-box convention = groceries)
28986,morr kirkcaldy,MORR KIRKCALDY,46.44,debit,unclassified_other,groceries,Plaid truncates MORRISONS to Morr + town
29017,surecredit.co.uk,PYD*surecredit.co.,19.99,debit,unclassified_other,credit_reporting_service,Sure Credit is a paid TransUnion credit-report/education subscription (credit broker not a lender) like Clearscore
29136,morr swinton,MORR SWINTON  ON 02 SEP CLP,50.01,debit,unclassified_other,groceries,Plaid truncates MORRISONS to Morr + town
29158,g.w.r.s.a. clu,SumUp  *G.W.R.S.A.,3.7,debit,unclassified_other,private_members_club,G.W.R.S.A. is the Great Western Railway Staff Association social club (members' bar); SumUp tap at the club.
29353,mccoll s travel ltd,McColl s Travel Lt,2.6,debit,unclassified_other,public_transport_rail_coach,McColl's Travel Ltd is the Dumbarton family bus and coach operator (mccolls.org.uk).
29397,morr bolton atlas,MORR BOLTON ATLAS,2.25,debit,unclassified_other,groceries,Plaid truncates MORRISONS to Morr + town
29472,evyve services,EVYVE SERVICES,27.29,debit,unclassified_other,fuel,evyve is a UK public EV rapid-charging network; BP Pulse is already fuel in the dictionary
29504,morr great harwood,MORR GREAT HARWOOD,16.6,debit,unclassified_other,groceries,Plaid truncates MORRISONS to Morr + town
29756,midland bluebird ltd,Midland Bluebird L,4.8,debit,unclassified_other,public_transport_rail_coach,McGill's Midland Bluebird is a well-known central Scotland bus operator (Falkirk/Stirling/Edinburgh)
30093,frenk.io,FRENK.IO,20.62,debit,unclassified_other,crypto,frenk.io is a licensed cryptocurrency exchange (Bright Technologies).
30153,kofcomps ltd,KOFCOMPS LTD,0.96,debit,unclassified_other,prize_competitions,Kofcomps Ltd trades as King of Comps (kingofcomps.co.uk) — paid prize-draw tickets with a free postal route
30161,premier penn hill,Premier Penn Hill,24.57,debit,unclassified_other,groceries,Premier symbol-group convenience/grocery shop (not Inn/Vet/Sports/bus/Easy Save); contactless/store narrative
30254,gdk canary wharf,GDK CANARY WHARF  ON 18 AUG CPM,8.39,debit,unclassified_other,takeaway,German Doner Kebab
30259,morr liskeard,MORR LISKEARD  ON 21 AUG CPM,62.36,debit,unclassified_other,groceries,Plaid truncates MORRISONS to Morr + town
30307,gdk loughborough,Contactless Payment GDK LOUGHBOROUGH APPLEPAY 0632,14.19,debit,unclassified_other,takeaway,German Doner Kebab
30335,premier greenfield sto,Premier Greenfield Sto,14.18,debit,unclassified_other,groceries,Premier symbol-group convenience/grocery shop (not Inn/Vet/Sports/bus/Easy Save); contactless/store narrative
30369,aspit direz. uscita,ASPIT DIREZ. USCIT,1.65,debit,unclassified_other,tolls,ASPIT DIREZ. USCITA is Autostrade per l'Italia motorway exit toll
30379,argylesatellite.co.uk,ARGYLESATELLITE.CO,10.15,debit,unclassified_other,taxi_rideshare,argylesatellite.co.uk is Argyle Satellite Taxis (Wirral private hire)
30439,premier heath road,Contactless Payment PREMIER HEATH ROAD APPLEPAY 9691,15.56,debit,unclassified_other,groceries,Premier symbol-group convenience/grocery shop (not Inn/Vet/Sports/bus/Easy Save); contactless/store narrative
30746,morr belper,MORR BELPER,21.43,debit,unclassified_other,groceries,Plaid truncates MORRISONS to Morr + town
30820,morr bathgate,Morr Bathgate,4.35,debit,unclassified_other,groceries,Plaid truncates MORRISONS to Morr + town
31002,sage uk ltd,SAGE UK LTD GE62XYB,46.8,debit,unclassified_other,software,Sage UK Ltd Direct Debits are Sage accounting and payroll software subscriptions.
31027,tony's food store chp,Tony's Food Store Chp,14.86,debit,unclassified_other,groceries,Descriptor is a named food store; grocery retail is unambiguous.
31064,mccoll s travel ltd,McColl s Travel Lt,2.6,debit,unclassified_other,public_transport_rail_coach,McColl's Travel Ltd is the Dumbarton family bus and coach operator (mccolls.org.uk).
31090,morr bradford enterpri,MORR BRADFORD ENTE  ON 04 AUG CPM MORR BRADFORD ENTERPRI,10,debit,unclassified_other,groceries,Plaid truncates MORRISONS to Morr + town
31218,morr bristol hartcliff,MORR BRISTOL HARTCLIFF Morr Bristol Hartcliff,4.87,debit,unclassified_other,groceries,Plaid truncates MORRISONS to Morr + town
31413,sage uk ltd,SAGE UK LTD       M7P246X,58.8,debit,unclassified_other,software,Sage UK Ltd Direct Debits are Sage accounting and payroll software subscriptions.
31510,sage uk ltd,SAGE UK LTD GE62XYB,46.8,debit,unclassified_other,software,Sage UK Ltd Direct Debits are Sage accounting and payroll software subscriptions.
31558,premier oakley,PREMIER OAKLEY,7.73,debit,unclassified_other,groceries,Premier symbol-group convenience/grocery shop (not Inn/Vet/Sports/bus/Easy Save); contactless/store narrative
31597,morr totton,MORR TOTTON,23.62,debit,unclassified_other,groceries,Plaid truncates MORRISONS to Morr + town
31673,mccoll s travel ltd,McColl s Travel Lt,2.6,debit,unclassified_other,public_transport_rail_coach,McColl's Travel Ltd is the Dumbarton family bus and coach operator (mccolls.org.uk).
31815,morr llanelli,MORR LLANELLI,96.29,debit,unclassified_other,groceries,Plaid truncates MORRISONS to Morr + town
32022,blink network b.v,BLINK NETWORK B.V Blink Network B.V,3.54,debit,unclassified_other,fuel,Blink Network B.V. bills UK EV charging sessions; production labels ChargePoint/Instavolt/BP Pulse/Electroverse as fuel.
32153,morr worksop,MORR WORKSOP  ON 04 SEP CLP,20.32,debit,unclassified_other,groceries,Plaid truncates MORRISONS to Morr + town
32180,lifecafe at life time,LIFETIME LEGAL    CAMBERLEY,8.99,debit,unclassified_other,legal_services,"Narrative is Lifetime Legal (wills), not a cafe"
32283,pass thx,LIME*PASS THX7,3.99,debit,unclassified_other,bicycle,Lime e-bike/e-scooter ride or pass (not taxi)
32305,morr bradford thornbu,MORR BRADFORD -THO,10,debit,unclassified_other,groceries,Plaid truncates MORRISONS to Morr + town
32395,orbit credit services,ORBIT CREDIT SERVI  ON 04 SEP BCC ORBIT CREDIT SERVICES,21,debit,unclassified_other,debt_collection,Orbit Credit Services (formerly Orbit Debt Collections) is the UK utility collections agency; SIC 82911 collection agencies.
32474,morr doncaster,MORR DONCASTER,15,debit,unclassified_other,groceries,Plaid truncates MORRISONS to Morr + town
32481,high street premier,Contactless Payment High Street Premier APPLEPAY 6150,10,debit,unclassified_other,groceries,Premier symbol-group convenience/grocery shop (not Inn/Vet/Sports/bus/Easy Save); contactless/store narrative
32506,morr rochdale,MORR ROCHDALE  ON 14 OCT BCC,20.02,debit,unclassified_other,groceries,Plaid truncates MORRISONS to Morr + town
32580,skedaddlegroup.co.uk,SKEDADDLEGROUP.CO.,10,debit,unclassified_other,pet_other,skedaddlegroup.co.uk is Skedaddle dog park (paid off-leash field hire) not the cycling-holiday brand
32589,nitromonthly,Visa purchase DISCORD* NITROMONTHLY USD 9.99000 at 1.3518 7823,7.39,debit,unclassified_other,online_services,DISCORD* NITROMONT is Discord Nitro; sibling discord is online_services
32822,morr scarborough,MORR SCARBOROUGH  ON 21 AUG CLP,6.01,debit,unclassified_other,groceries,Plaid truncates MORRISONS to Morr + town
33135,premier oakley,PREMIER OAKLEY,53.49,debit,unclassified_other,groceries,Premier symbol-group convenience/grocery shop (not Inn/Vet/Sports/bus/Easy Save); contactless/store narrative
33165,pass gpa,LIME*PASS GPA3,3.99,debit,unclassified_other,bicycle,Lime e-bike/e-scooter ride or pass (not taxi)
33170,jeni and js premier,JENI AND JS PREMIE,8.73,debit,unclassified_other,groceries,Premier symbol-group convenience/grocery shop (not Inn/Vet/Sports/bus/Easy Save); contactless/store narrative
33205,morr barry,Morr Barry,7.99,debit,unclassified_other,groceries,Plaid truncates MORRISONS to Morr + town
33272,2 rides whbu,LIME*2 RIDES WHBU,6.35,debit,taxi_rideshare,bicycle,Lime e-bike/e-scooter ride or pass (not taxi)
33305,gdk borough,GDK BOROUGH           Gdk Borough,8.39,debit,government_services,takeaway,German Doner Kebab
33432,morr haverfordwest,MORR HAVERFORDWESTHAVERFORDWEST,15.15,debit,unclassified_other,groceries,Plaid truncates MORRISONS to Morr + town
33464,wilkins & pye ltd,WILKINS & PYE LTD  ON 01 AUG CPM,4.4,debit,unclassified_other,pub_bar,Wilkins & Pye is a CAMRA-listed micropub in Longton (SIC 56302 public houses and bars).
33480,ashbourne management services ltd,GRDL31935K Ashbourne Management Services LTD,31.99,debit,unclassified_other,gym_fitness,Ashbourne Management Services collects Direct Debits for independent gym and fitness-club memberships (ashbourne-memberships.com).
33517,morr wetherby,MORR WETHERBY,23.25,debit,pet_supplies,groceries,Plaid truncates MORRISONS to Morr + town; Wetherby Morrisons
33617,premier dunnikier,PREMIER DUNNIKIER Premier Dunnikier,3.38,debit,unclassified_other,groceries,Premier symbol-group convenience/grocery shop (not Inn/Vet/Sports/bus/Easy Save); contactless/store narrative
33735,morr brampton,MORR BRAMPTON,20,debit,unclassified_other,groceries,Plaid truncates MORRISONS to Morr + town
33804,premier broad,"PREMIER BROADFIELD (VIA APPLE PAY), ON 15-07-2025",2.19,debit,unclassified_other,groceries,Premier symbol-group convenience/grocery shop (not Inn/Vet/Sports/bus/Easy Save); contactless/store narrative
33871,morr hartlepool,Contactless Payment MORR HARTLEPOOL,5,debit,unclassified_other,groceries,Plaid truncates MORRISONS to Morr + town
33987,morr morecambe,MORR MORECAMBE CD 0089,15,debit,unclassified_other,groceries,Plaid truncates MORRISONS to Morr + town
34008,darrens premier,Contactless Payment DARRENS PREMIER APPLEPAY 6969,1,debit,unclassified_other,groceries,Premier symbol-group convenience/grocery shop (not Inn/Vet/Sports/bus/Easy Save); contactless/store narrative
34049,linkside premier store,Linkside Premier S,6.32,debit,unclassified_other,groceries,Premier symbol-group convenience/grocery shop (not Inn/Vet/Sports/bus/Easy Save); contactless/store narrative
34109,premier dens road,Contactless Payment Premier Dens Road GOOGLE 6482,27.4,debit,unclassified_other,groceries,Premier symbol-group convenience/grocery shop (not Inn/Vet/Sports/bus/Easy Save); contactless/store narrative
34250,morr middles borough,Morr Middlesborough,10,debit,unclassified_other,groceries,Plaid truncates MORRISONS to Morr + town
34251,morr redcar,MORR REDCAR  ON 18 JUL CLP,22.9,debit,unclassified_other,groceries,Plaid truncates MORRISONS to Morr + town
34462,morr kirkcaldy,PENDING MORR KIRKCALDY,43.31,debit,unclassified_other,groceries,Plaid truncates MORRISONS to Morr + town
34484,morr dukinfield,MORR DUKINFIELD  ON 15 AUG CPM,7.47,debit,unclassified_other,groceries,Plaid truncates MORRISONS to Morr + town
34485,grandpierlimited,NYX*GrandPierLimit  ON 28 JUN CLP NYX*GRANDPIERLIMITED,2,debit,unclassified_other,days_out,Grand Pier Limited operates Weston-super-Mare Grand Pier indoor amusement park
34582,tenpinlimited,NYX*TenpinLimited,1,debit,unclassified_other,days_out,Tenpin Limited is the UK bowling/indoor entertainment chain (Cranfield HQ); family leisure day out.
34671,grandpierlimited,NYX*GrandPierLimited Nyx*grandpierlimited,2,debit,unclassified_other,days_out,Grand Pier Limited operates Weston-super-Mare Grand Pier indoor amusement park
34778,tjmorrisltd,Tjmorrisltd,0.45,debit,unclassified_other,discount_store,T.J. Morris Limited is Home Bargains; dictionary already maps home bargains to discount_store.
34871,morr isle of wight lak,Contactless Payment MORR ISLE OF WIGHT LAK,53,debit,unclassified_other,groceries,Plaid truncates MORRISONS to Morr + town
35051,premier high street,Contactless Payment PREMIER HIGH STREET APPLEPAY 6150,13.5,debit,unclassified_other,groceries,Premier symbol-group convenience/grocery shop (not Inn/Vet/Sports/bus/Easy Save); contactless/store narrative
35117,morr berwick upon twee,MORR BERWICK UPON,54.5,debit,unclassified_other,groceries,Plaid truncates MORRISONS to Morr + town
35300,morr fakenham,MORR FAKENHAM  ON 14 SEP CPM,26.9,debit,unclassified_other,groceries,Plaid truncates MORRISONS to Morr + town
35549,tjmorrisltd,Tjmorrisltd,0.55,debit,unclassified_other,discount_store,T.J. Morris Limited is Home Bargains; dictionary already maps home bargains to discount_store.
35658,urban jungle insurance,0340 02SEP25      URBAN JUNGLE      INSURANCE         LONDON GB,15.86,debit,unclassified_other,insurance_general,Urban Jungle is a UK insurer (home contents plus travel/motor); description is an insurance premium so general not a single line
35704,morr hartlepool,MORR HARTLEPOOL,18.11,debit,unclassified_other,groceries,Plaid truncates MORRISONS to Morr + town
36102,riversidefm inc.,"Riversidefm, Inc.",22.07,debit,unclassified_other,software,Riverside.fm (RiversideFM Inc) is podcast/video recording SaaS.
36200,d lime,5599 23SEP25  D   LIME*RIDE TVSO    LONDON GB,1,debit,taxi_rideshare,bicycle,Lime e-bike/e-scooter ride or pass (not taxi)
36307,morr morton park,Contactless Payment MORR MORTON PARK GOOGLE 2978,10,debit,unclassified_other,groceries,Plaid truncates MORRISONS to Morr + town
36345,premier west end sabertawe,Premier West End SAbertawe,13.64,debit,unclassified_other,groceries,Premier symbol-group convenience/grocery shop (not Inn/Vet/Sports/bus/Easy Save); contactless/store narrative
36596,yollacalls,www.yollacalls.com,3,debit,unclassified_other,software,"Yolla is an OTT/VoIP international calling app (yollacalls.com), same class as Rebtel; not a UK mobile-network contract"
36704,morr boroughbridge,MORR BOROUGHBRIDGE,8.38,debit,unclassified_other,groceries,Plaid truncates MORRISONS to Morr + town
36768,rvs hospital shops ca,RVS Hospital Shops  ON 01 OCT CPM RVS HOSPITAL SHOPS CA,3.95,debit,unclassified_other,charity_shop,Royal Voluntary Service hospital shops: charity-run retail (snacks/gifts) with profits reinvested in the charity/NHS
36789,tenpinlimited,NYX*TenpinLimited,10,debit,unclassified_other,days_out,Tenpin Limited is the UK bowling/indoor entertainment chain (Cranfield HQ); family leisure day out.
36833,lime ride gafz,PAYPAL *LIME RIDE,4.48,debit,taxi_rideshare,bicycle,"PAYPAL *LIME RIDE is Lime micromobility, not taxi_rideshare"
36876,premier northmuir,Premier Northmuir,1.69,debit,unclassified_other,groceries,Premier symbol-group convenience/grocery shop (not Inn/Vet/Sports/bus/Easy Save); contactless/store narrative
36891,morr kirkby,MORR KIRKBY,45.25,debit,unclassified_other,groceries,Plaid truncates MORRISONS to Morr + town
37023,winrz ltd,Winrz Ltd Vnd158001C122Vnd,4.9,debit,unclassified_other,prize_competitions,Winnrz Ltd (winnrz.com) is a shop-and-win prize-draw platform; ticket-style Vnd refs on the sample
37085,premier hems,Premier Hemsworth,4.54,debit,unclassified_other,groceries,Premier symbol-group convenience/grocery shop (not Inn/Vet/Sports/bus/Easy Save); contactless/store narrative
37091,morr hartlepool,Visa purchase MORR HARTLEPOOL,72.14,debit,unclassified_other,groceries,Plaid truncates MORRISONS to Morr + town
37220,premier oscar road,Premier Oscar Road,17.53,debit,unclassified_other,groceries,Premier symbol-group convenience/grocery shop (not Inn/Vet/Sports/bus/Easy Save); contactless/store narrative
37304,morr redditch,Morr Redditch,10,debit,unclassified_other,groceries,Plaid truncates MORRISONS to Morr + town
37371,ride 4 qmp,Lime*ride 4qmp,12.47,debit,taxi_rideshare,bicycle,Lime e-bike/e-scooter ride or pass (not taxi)
37391,morr strood,Contactless Payment MORR STROOD APPLEPAY 3209,30.01,debit,unclassified_other,groceries,Plaid truncates MORRISONS to Morr + town
37426,south bank service,South Bank Service,28.01,debit,unclassified_other,fuel,South Bank Services is the Jet petrol filling station on Ferriby Road
37499,premier harboroug,PPOINT_*PREMIER HA,12.5,debit,unclassified_other,groceries,Premier symbol-group grocer (taxonomy: Spar/Nisa/Londis/Premier → groceries)
37607,morr redcar,MORR REDCAR  ON 30 SEP CLP,6.69,debit,unclassified_other,groceries,Plaid truncates MORRISONS to Morr + town
37759,c premier,4399 12AUG25 C    PREMIER           OLDHAM GB,1,debit,unclassified_other,groceries,Premier symbol-group grocer (taxonomy: Spar/Nisa/Londis/Premier → groceries)
37770,morr bradford thornbu,MORR BRADFORD -THO,22.52,debit,unclassified_other,groceries,Plaid truncates MORRISONS to Morr + town
37810,nitromonthly,DISCORD* NITROMONT USA AMOUNT IN USD 9.99 ON 04 JUL VISA 1.358301 FINAL GBP AMOUNT INCLUDES NON-STERLING TRANS FEE £0.22 DISCORD* NITROMONTHLY,7.57,debit,unclassified_other,online_services,DISCORD* NITROMONT is Discord Nitro; sibling discord is online_services
37866,premier englefieldgr,2155 29JUN25 CD   PREMIER ENGLEFIELDGR                EGHAM GB,29.73,debit,unclassified_other,groceries,Premier symbol-group convenience/grocery shop (not Inn/Vet/Sports/bus/Easy Save); contactless/store narrative
37974,morr ellesmere,Morr Ellesmere Port,54,debit,unclassified_other,groceries,Plaid truncates MORRISONS to Morr + town
38026,morr kirkcaldy,MORR KIRKCALDY,40,debit,unclassified_other,groceries,Plaid truncates MORRISONS to Morr + town
38042,tjmorrisltd,Tjmorrisltd,1.25,debit,unclassified_other,discount_store,T.J. Morris Limited is Home Bargains; dictionary already maps home bargains to discount_store.
38217,morr warrington,MORR WARRINGTON,10.22,debit,unclassified_other,groceries,Plaid truncates MORRISONS to Morr + town
38254,tenpinlimited,Tenpinlimited - NYX,2,debit,unclassified_other,days_out,Tenpin Limited is the UK bowling/indoor entertainment chain (Cranfield HQ); family leisure day out.
38321,premier union street,Premier Union Stre,15.66,debit,unclassified_other,groceries,Premier symbol-group convenience/grocery shop (not Inn/Vet/Sports/bus/Easy Save); contactless/store narrative
38344,indeed iei,Indeed Iei25-01133839,108.03,debit,unclassified_other,advertising_services,Indeed IEI job-ad invoices; sibling online job ads indeed is advertising_services
38466,pass yyqc,LIME*PASS YYQC,3.99,debit,unclassified_other,bicycle,Lime e-bike/e-scooter ride or pass (not taxi)
38623,beatport llc.,1758 15JUN25      BEATPORT LLC.     01273974905 GB,1.37,debit,unclassified_other,music_other,Beatport is the well-known DJ/electronic music download store (not Spotify-style consumer streaming).
38752,morr eccles,MORR ECCLES  ON 26 AUG CLP,20,debit,unclassified_other,groceries,Plaid truncates MORRISONS to Morr + town
38782,morr rotherham,"MORR ROTHERHAM BRAMLEY - MOORHEAD WAY, ROTHERHAM",103.81,debit,unclassified_other,groceries,Plaid truncates MORRISONS to Morr + town
38828,morr bideford,MORR BIDEFORD     BIDEFORD,21.91,debit,unclassified_other,groceries,Plaid truncates MORRISONS to Morr + town
38848,s a premier cd,S A PREMIER CD 5694,4.84,debit,unclassified_other,groceries,Premier symbol-group convenience/grocery shop (not Inn/Vet/Sports/bus/Easy Save); contactless/store narrative
38909,morr farnborough,MORR FARNBOROUGH S,7,debit,unclassified_other,groceries,Plaid truncates MORRISONS to Morr + town
39036,yollacalls,www.yollacalls.com,6.05,debit,unclassified_other,software,"Yolla is an OTT/VoIP international calling app (yollacalls.com), same class as Rebtel; not a UK mobile-network contract"
39080,morr bolton atlas,MORR BOLTON ATLAS,29.63,debit,unclassified_other,groceries,Plaid truncates MORRISONS to Morr + town
39121,highlevel inc.,HIGHLEVEL INC. Highlevel Inc.,73.98,debit,unclassified_other,software,GoHighLevel/HighLevel Inc is a well-known CRM/marketing SaaS subscription.
39160,argylesatellite.co.uk,ARGYLESATELLITE.CO,24.05,debit,unclassified_other,taxi_rideshare,argylesatellite.co.uk is Argyle Satellite Taxis (Wirral private hire)
39197,fam premier ltd,FAM PREMIER LTD  ON 16 JUL CPM,4.58,debit,unclassified_other,groceries,Premier symbol-group convenience/grocery shop (not Inn/Vet/Sports/bus/Easy Save); contactless/store narrative
39384,rebtelnetwo,PAYPAL *REBTELNETW,7,debit,unclassified_other,mobile_phone_contract,PAYPAL *REBTELNETW is Rebtel VoIP; sibling Rebtel is mobile_phone_contract
39548,morr ellesmere,Morr Ellesmere Port,30.01,debit,unclassified_other,groceries,Plaid truncates MORRISONS to Morr + town
39583,morr stirling,MORR STIRLING,3.07,debit,unclassified_other,groceries,Plaid truncates MORRISONS to Morr + town
39592,morr morecambe,MORR MORECAMBE CD 0089,66.4,debit,unclassified_other,groceries,Plaid truncates MORRISONS to Morr + town
39676,jeni and js premier,JENI AND JS PREMIE,3.75,debit,unclassified_other,groceries,Premier symbol-group convenience/grocery shop (not Inn/Vet/Sports/bus/Easy Save); contactless/store narrative
39848,human forest,Human Forest,1.9,debit,unclassified_other,bicycle,HumanForest / Forest London e-bike hire
39898,rundle and co ltd,RUNDLE AND CO LTD,300,debit,unclassified_other,debt_enforcement,Rundles (Rundle & Co) are certificated enforcement agents/bailiffs for council tax and similar debts
40136,cd gdk,2595 01AUG25 CD   GDK CHELMSFORD    CHELMSFORD CM GB,11.16,debit,unclassified_other,takeaway,German Doner Kebab
40137,morr stevenston,MORR STEVENSTON CD 3244,25.34,debit,unclassified_other,groceries,Plaid truncates MORRISONS to Morr + town
40191,blink network b.v,Blink Network B.V,16.78,debit,unclassified_other,fuel,Blink Network B.V. bills UK EV charging sessions; production labels ChargePoint/Instavolt/BP Pulse/Electroverse as fuel.
40227,morr jarrow,MORR JARROW,20,debit,unclassified_other,groceries,Plaid truncates MORRISONS to Morr + town
40268,morr farnborough,MORR FARNBOROUGH S,15,debit,unclassified_other,groceries,Plaid truncates MORRISONS to Morr + town
40533,morr high wycombe,Morr High Wycombe,35.01,debit,unclassified_other,groceries,Plaid truncates MORRISONS to Morr + town
40580,morr bathgate,Morr Bathgate,9.78,debit,unclassified_other,groceries,Plaid truncates MORRISONS to Morr + town
40615,morr barry,MORR BARRY,7.55,debit,unclassified_other,groceries,Plaid truncates MORRISONS to Morr + town
40678,lapitza.restajet,Lapitza.restajet.com,18.3,debit,unclassified_other,takeaway,Lapitza / La Pitza on Restajet is a Rotherham pizza/kebab takeaway with delivery.
40705,2 rides whbu,LIME*2 RIDES WHBU,5.19,debit,taxi_rideshare,bicycle,Lime e-bike/e-scooter ride or pass (not taxi)
40817,morr berwick upon twee,MORR BERWICK UPON,18.44,debit,unclassified_other,groceries,Plaid truncates MORRISONS to Morr + town
40834,morr banchory,MORR BANCHORY CD 3675,9.9,debit,unclassified_other,groceries,Plaid truncates MORRISONS to Morr + town
40838,premier averyhill,Premier Averyhill,19.49,debit,unclassified_other,groceries,Premier symbol-group convenience/grocery shop (not Inn/Vet/Sports/bus/Easy Save); contactless/store narrative
40848,urban jungle insurance, Urban Jungle Insurance,15.13,debit,unclassified_other,insurance_general,Urban Jungle is a UK insurer (home contents plus travel/motor); description is an insurance premium so general not a single line
40989,hawthorn premier,Hawthorn Premier,5,debit,unclassified_other,groceries,Premier symbol-group convenience/grocery shop (not Inn/Vet/Sports/bus/Easy Save); contactless/store narrative
41046,apollo.io,Apollo.io,73.55,debit,unclassified_other,software,Apollo.io is a well-known B2B sales CRM/prospecting SaaS (pro app; USD charges on the sample)
41086,human forest,Human Forest,5,debit,unclassified_other,bicycle,HumanForest / Forest London e-bike hire
41259,lovable,Lovable,18.15,debit,unclassified_other,web_services,"Lovable.dev (Dover DE) — AI app builder / developer tool, not a restaurant"
41272,holafly limited,Holafly Limited,1.5,debit,unclassified_other,mobile_phone_contract,Holafly sells prepaid travel eSIM mobile-data plans (Dublin card descriptor)
41389,the saxon premier,THE SAXON PREMIER,1.25,debit,unclassified_other,groceries,Premier symbol-group grocer (taxonomy: Spar/Nisa/Londis/Premier → groceries)
41458,morr scunthorpe,MORR SCUNTHORPE Morr Scunthorpe,25.01,debit,unclassified_other,groceries,Plaid truncates MORRISONS to Morr + town
41483,greenbank service st,Greenbank Service St,60.69,debit,unclassified_other,fuel,Greenbank Service Station is a Circle K petrol forecourt
41511,premier englefieldgr,2155 11JUL25 CD   PREMIER ENGLEFIELDGR                EGHAM GB,20.56,debit,unclassified_other,groceries,Premier symbol-group convenience/grocery shop (not Inn/Vet/Sports/bus/Easy Save); contactless/store narrative
41542,www.astria.ai,www.astria.ai,37.32,debit,unclassified_other,software,Astria.ai is an AI software product
41627,morr middles borough,Morr Middlesborough,20,debit,unclassified_other,groceries,Plaid truncates MORRISONS to Morr + town
41882,2 rides,LIME*2 RIDES RE5O,4.9,debit,taxi_rideshare,bicycle,Lime e-bike/e-scooter ride or pass (not taxi)
41973,tony's food store chp,Tony's Food Store Chp,6.98,debit,unclassified_other,groceries,Descriptor is a named food store; grocery retail is unambiguous.
42146,ipayimpact.co.,VMS*iPayimpact.co.,13,debit,unclassified_other,education_general,iPayimpact is the Capita/council school-payments portal used for meals
42147,morr worksop,MORR WORKSOP  ON 12 SEP CPM,20,debit,unclassified_other,groceries,Plaid truncates MORRISONS to Morr + town
42285,morr ellesmere,Morr Ellesmere Port,40.01,debit,unclassified_other,groceries,Plaid truncates MORRISONS to Morr + town
42316,nitromonthly,DISCORD* NITROMONT,7.44,debit,unclassified_other,online_services,DISCORD* NITROMONT is Discord Nitro; sibling discord is online_services
42591,groobox.co.uk,GROOBOX.CO.UK  ON 11 AUG BCC,20.75,debit,unclassified_other,groceries,Groobox is Groobarb's Wild Farm fruit-and-veg box delivery (meal-kit/veg-box convention = groceries)
42779,fish's premier store,Fish's Premier Store,10,debit,unclassified_other,groceries,Premier symbol-group convenience/grocery shop (not Inn/Vet/Sports/bus/Easy Save); contactless/store narrative
42784,morr scunthorpe,Contactless Payment MORR SCUNTHORPE,22.06,debit,unclassified_other,groceries,Plaid truncates MORRISONS to Morr + town
42833,morr ellesmere port,MORR ELLESMERE POR,29.9,debit,unclassified_other,groceries,Plaid truncates MORRISONS to Morr + town
43057,morr west kirby,MORR WEST KIRBY   WEST KIRBY,22.84,debit,unclassified_other,groceries,Plaid truncates MORRISONS to Morr + town
43150,greenbank service st,Greenbank Service St )))),9.99,debit,unclassified_other,fuel,Greenbank Service Station is a Circle K petrol forecourt
43198,morr norwich,MORR NORWICH  ON 16 OCT CPM,16.18,debit,unclassified_other,groceries,Plaid truncates MORRISONS to Morr + town
43223,tjmorrisltd,Tjmorrisltd,1.25,debit,unclassified_other,discount_store,T.J. Morris Limited is Home Bargains; dictionary already maps home bargains to discount_store.
43261,morr isle of wight lak,MORR ISLE OF WIGHT  ON 15 JUL CLP MORR ISLE OF WIGHT LAK,20,debit,unclassified_other,groceries,Plaid truncates MORRISONS to Morr + town
43298,dover street market,Dover Street Market,29,debit,unclassified_other,clothing_general,Dover Street Market is a well-known fashion retailer
43320,premier englefieldgr,2155 07AUG25 CD   PREMIER ENGLEFIELDGR                EGHAM GB,10.74,debit,unclassified_other,groceries,Premier symbol-group convenience/grocery shop (not Inn/Vet/Sports/bus/Easy Save); contactless/store narrative
43384,bon bon premier,Bon Bon Premier,1.89,debit,unclassified_other,groceries,Premier symbol-group convenience/grocery shop (not Inn/Vet/Sports/bus/Easy Save); contactless/store narrative
43443,2 rides whbu,LIME*2 RIDES WHBU,10.7,debit,taxi_rideshare,bicycle,Lime e-bike/e-scooter ride or pass (not taxi)
43617,premier dukinf,Premier Dukinf,35.53,debit,unclassified_other,groceries,Premier symbol-group convenience/grocery shop (not Inn/Vet/Sports/bus/Easy Save); contactless/store narrative
43911,premier tye stores,PREMIER TYE STORES,6.38,debit,unclassified_other,groceries,Premier symbol-group convenience/grocery shop (not Inn/Vet/Sports/bus/Easy Save); contactless/store narrative
43966,ipayimpact.co.,VMS*iPayimpact.co.,5,debit,unclassified_other,education_general,iPayimpact is the Capita/council school-payments portal used for meals
43978,apollo.io,APOLLO.IO Apollo.Io,73.56,debit,unclassified_other,software,Apollo.io is a well-known B2B sales CRM/prospecting SaaS (pro app; USD charges on the sample)
44029,morr swinton,MORR SWINTON Morr Swinton,23.68,debit,unclassified_other,groceries,Plaid truncates MORRISONS to Morr + town
44066,greenbank service st,Greenbank Service St,3.85,debit,unclassified_other,fuel,Greenbank Service Station is a Circle K petrol forecourt
44107,morr knottingley,MORR KNOTTINGLEY,65,debit,unclassified_other,groceries,Plaid truncates MORRISONS to Morr + town
44180,tenpinlimited,NYX*TenpinLimited Nyx*tenpinlimited,10,debit,unclassified_other,days_out,Tenpin Limited is the UK bowling/indoor entertainment chain (Cranfield HQ); family leisure day out.
44252,c premier,4399 14JUL25 C    PREMIER           OLDHAM GB,3.18,debit,unclassified_other,groceries,Premier symbol-group grocer (taxonomy: Spar/Nisa/Londis/Premier → groceries)
44317,rundle and co ltd,RUNDLE AND CO LTD,200,debit,unclassified_other,debt_enforcement,Rundles (Rundle & Co) are certificated enforcement agents/bailiffs for council tax and similar debts
44411,morr berwick upon twee,MORR BERWICK UPON,40,debit,unclassified_other,groceries,Plaid truncates MORRISONS to Morr + town
44474,visioncraft ltd,VISIONCRAFT LTD,10,debit,unclassified_other,optician,Visioncraft is an independent NHS optician in Birmingham (visioncraft.co.uk)
44557,premier high street,Contactless Payment PREMIER HIGH STREET APPLEPAY 6150,10,debit,unclassified_other,groceries,Premier symbol-group convenience/grocery shop (not Inn/Vet/Sports/bus/Easy Save); contactless/store narrative
44625,leslie premier,Contactless Payment LESLIE PREMIER 2025-08-10,2.78,debit,unclassified_other,groceries,Premier symbol-group convenience/grocery shop (not Inn/Vet/Sports/bus/Easy Save); contactless/store narrative
44708,gdk canary wharf,GDK CANARY WHARF  ON 18 AUG CPM,10.48,debit,unclassified_other,takeaway,German Doner Kebab
44805,yollacalls,www.yollacalls.com,6.01,debit,unclassified_other,software,"Yolla is an OTT/VoIP international calling app (yollacalls.com), same class as Rebtel; not a UK mobile-network contract"
44869,morr kirkby,MORR KIRKBY,2.73,debit,unclassified_other,groceries,Plaid truncates MORRISONS to Morr + town
44883,premier heath road,Contactless Payment PREMIER HEATH ROAD APPLEPAY 4311,13,debit,unclassified_other,groceries,Premier symbol-group convenience/grocery shop (not Inn/Vet/Sports/bus/Easy Save); contactless/store narrative
44955,premier union street,Premier Union Street,0.99,debit,unclassified_other,groceries,Premier symbol-group convenience/grocery shop (not Inn/Vet/Sports/bus/Easy Save); contactless/store narrative
45008,orbit credit services,ORBIT CREDIT SERVI,33,debit,unclassified_other,debt_collection,Orbit Credit Services (formerly Orbit Debt Collections) is the UK utility collections agency; SIC 82911 collection agencies.
45435,passe,Lime*passe Td3x,3.99,debit,unclassified_other,bicycle,Lime e-bike/e-scooter ride or pass (not taxi)
45541,psi services uk ltd,PSI SERVICES UK LT  ON 27 SEP BCC PSI SERVICES  UK  LTD,50,debit,unclassified_other,education_general,PSI Services (UK) Ltd is the Home Office exam contractor for Life in the UK and SELT tests.
45546,morr hull,MORR HULL,39.05,debit,unclassified_other,groceries,Plaid truncates MORRISONS to Morr + town
45606,morr norwich,MORR NORWICH  ON 28 JUL CLP,10,debit,unclassified_other,groceries,Plaid truncates MORRISONS to Morr + town
45627,premier arlington,PREMIER ARLINGTON  ON 29 JUN CPM,7.16,debit,unclassified_other,groceries,Premier symbol-group convenience/grocery shop (not Inn/Vet/Sports/bus/Easy Save); contactless/store narrative
45676,premier dunnikier,PREMIER DUNNIKIER,11.84,debit,unclassified_other,groceries,Premier symbol-group convenience/grocery shop (not Inn/Vet/Sports/bus/Easy Save); contactless/store narrative
45728,nitromonthly,Visa purchase DISCORD* NITROMONTHLY USD 9.99000 at 1.3463 7823 2025-09-21,7.42,debit,unclassified_other,online_services,DISCORD* NITROMONT is Discord Nitro; sibling discord is online_services
45848,morr berwick upon twee,Morr Berwick Upon Twee,40,debit,unclassified_other,groceries,Plaid truncates MORRISONS to Morr + town
45866,lapitza.restajet,Lapitza.restajet.com,24.6,debit,unclassified_other,takeaway,Lapitza / La Pitza on Restajet is a Rotherham pizza/kebab takeaway with delivery.
45878,zapmail, Zapmail,33.24,debit,unclassified_other,email_services,Zapmail is mailbox/email infrastructure (Google Workspace outreach mailboxes)
45891,c premier,4399 17JUL25 C    PREMIER           OLDHAM GB,2.69,debit,unclassified_other,groceries,Premier symbol-group grocer (taxonomy: Spar/Nisa/Londis/Premier → groceries)
45923,fish's premier store,Fish's Premier Store,13,debit,unclassified_other,groceries,Premier symbol-group convenience/grocery shop (not Inn/Vet/Sports/bus/Easy Save); contactless/store narrative
45941,yollacalls,www.yollacalls.com,3.74,debit,unclassified_other,software,"Yolla is an OTT/VoIP international calling app (yollacalls.com), same class as Rebtel; not a UK mobile-network contract"
46086,midland bluebird ltd,Midland Bluebird L,4.9,debit,unclassified_other,public_transport_rail_coach,McGill's Midland Bluebird is a well-known central Scotland bus operator (Falkirk/Stirling/Edinburgh)
46148,morr berwick upon twee,MORR BERWICK UPON,46.34,debit,unclassified_other,groceries,Plaid truncates MORRISONS to Morr + town
46320,morr bristol hartcliff,MORR BRISTOL HARTC,20.07,debit,unclassified_other,groceries,Plaid truncates MORRISONS to Morr + town
46362,cd ridgewood stores,8213 22SEP25 CD   RIDGEWOOD STORES  LTD               UCKFIELD GB,2.84,debit,unclassified_other,convenience_store,Ridgewood Stores Ltd Uckfield is a convenience store
46418,select & save ltd,PPOINT_*SELECT & S,30.53,debit,unclassified_other,groceries,Select & Save is a UK convenience symbol group (same treatment as Spar/Nisa/Premier/Londis)
46492,cd ridgewood stores,8213 24SEP25 CD   RIDGEWOOD STORES  LTD               UCKFIELD GB,0.8,debit,unclassified_other,convenience_store,Ridgewood Stores Ltd Uckfield is a convenience store
46529,urban jungle insurance,4474 06AUG25      URBAN JUNGLE      INSURANCE         LONDON GB,15.86,debit,unclassified_other,insurance_general,Urban Jungle is a UK insurer (home contents plus travel/motor); description is an insurance premium so general not a single line
46639,aspit direz. uscita,ASPIT DIREZ. USCIT,1.65,debit,unclassified_other,tolls,ASPIT DIREZ. USCITA is Autostrade per l'Italia motorway exit toll
46687,grant palmer ltd,GRANT PALMER LTD,2,debit,unclassified_other,public_transport_rail_coach,Grant Palmer Ltd is the Bedfordshire independent bus operator (grantpalmer.com).
46762,morr cardiff tyglass,MORR CARDIFF TYGLA,50,debit,unclassified_other,groceries,Plaid truncates MORRISONS to Morr + town
46780,metric group ltd,Metric Group Ltd,1.5,debit,unclassified_other,car_parking,Metric Group Ltd makes UK pay-and-display parking terminals; contactless Metric Group Ltd is parking at the machine.
46887,morr basing,Morr Basingstoke,5.18,debit,unclassified_other,groceries,Plaid truncates MORRISONS to Morr + town
46922,morr scarborough,MORR SCARBOROUGH Morr Scarborough,30.01,debit,unclassified_other,groceries,Plaid truncates MORRISONS to Morr + town
46938,surecredit.co.uk,7005 11AUG25      SURECREDIT.CO.UK  BRIDGEND GB,24.95,debit,unclassified_other,credit_reporting_service,Sure Credit is a paid TransUnion credit-report/education subscription (credit broker not a lender) like Clearscore
46968,morr basing,Morr Basingstoke,39,debit,unclassified_other,groceries,Plaid truncates MORRISONS to Morr + town
46972,morr milton keynes wes,MORR MILTON KEYNES  ON 16 AUG CPM MORR MILTON KEYNES WES,5.05,debit,unclassified_other,groceries,Plaid truncates MORRISONS to Morr + town
46988,morr boroughbridge,MORR BOROUGHBRIDGE,18.49,debit,unclassified_other,groceries,Plaid truncates MORRISONS to Morr + town
47313,riversidefm inc.,"Riversidefm, Inc.",21.74,debit,unclassified_other,software,Riverside.fm (RiversideFM Inc) is podcast/video recording SaaS.
47323,morr scarborough,MORR SCARBOROUGH  ON 19 AUG CLP,10,debit,unclassified_other,groceries,Plaid truncates MORRISONS to Morr + town
47361,riversidefm inc.,"Riversidefm, Inc.",29,debit,unclassified_other,software,Riverside.fm (RiversideFM Inc) is podcast/video recording SaaS.
47523,pass gxw,Lime*pass Gxw7,3.99,debit,unclassified_other,bicycle,Lime e-bike/e-scooter ride or pass (not taxi)
47564,ashbourne management services ltd,GRDL31935K Ashbourne Management Services LTD,31.99,debit,unclassified_other,gym_fitness,Ashbourne Management Services collects Direct Debits for independent gym and fitness-club memberships (ashbourne-memberships.com).
47704,morr st andrews,MORR ST ANDREWS,25.01,debit,unclassified_other,groceries,Plaid truncates MORRISONS to Morr + town
47720,morr workington,MORR WORKINGTON,26,debit,unclassified_other,groceries,Plaid truncates MORRISONS to Morr + town
47823,morr beccles,MORR BECCLES  ON 15 OCT CPM,39,debit,unclassified_other,groceries,Plaid truncates MORRISONS to Morr + town
47878,morr stirling,MORR STIRLING,29.02,debit,unclassified_other,groceries,Plaid truncates MORRISONS to Morr + town
48226,morr isle of wight lak,MORR ISLE OF WIGHT  ON 02 AUG CLP MORR ISLE OF WIGHT LAK,15.11,debit,unclassified_other,groceries,Plaid truncates MORRISONS to Morr + town
48406,ipayimpact.co.edinburgh,VMS*iPayimpact.co.Edinburgh,7.5,debit,unclassified_other,education_general,iPayimpact is the school meals/trips/uniform payment app; ipayimpact.co.uk already human-reviewed as school_fees.
48423,tjmorrisltd,Tjmorrisltd,1.3,debit,unclassified_other,discount_store,T.J. Morris Limited is Home Bargains; dictionary already maps home bargains to discount_store.
48448,rebtelnetwo,PAYPAL *REBTELNETW,5,debit,unclassified_other,mobile_phone_contract,PAYPAL *REBTELNETW is Rebtel VoIP; sibling Rebtel is mobile_phone_contract
48522,groobox.co.uk,GROOBOX.CO.UK,18.95,debit,unclassified_other,groceries,Groobox is Groobarb's Wild Farm fruit-and-veg box delivery (meal-kit/veg-box convention = groceries)
48587,ipayimpact.co.,VMS*iPayimpact.co.,5,debit,unclassified_other,education_general,iPayimpact is the Capita/council school-payments portal used for meals
48663,morr bolton atlas,Morr Bolton Atlas,20.21,debit,unclassified_other,groceries,Plaid truncates MORRISONS to Morr + town
48930,morr horndean,Morr Horndean,5.78,debit,unclassified_other,groceries,Plaid truncates MORRISONS to Morr + town
48932,tenpinlimited,NYX*TenpinLimited,2,debit,unclassified_other,days_out,Tenpin Limited is the UK bowling/indoor entertainment chain (Cranfield HQ); family leisure day out.
49215,ride jun,Lime*auth Jun6,3.03,debit,taxi_rideshare,bicycle,"Lime*auth; Lime ride authorisation, not taxi"
49229,morr willenhall,MORR WILLENHALL CD 4290,47.12,debit,unclassified_other,groceries,Plaid truncates MORRISONS to Morr + town
49279,morr walsall wallows,MORR WALSALL WALLO,41.9,debit,unclassified_other,groceries,Plaid truncates MORRISONS to Morr + town
49284,lovable,Lovable,37.04,debit,unclassified_other,web_services,"Lovable.dev (Dover DE) — AI app builder / developer tool, not a restaurant"
49303,c premier,4399 25JUL25 C    PREMIER           OLDHAM GB,0.5,debit,unclassified_other,groceries,Premier symbol-group grocer (taxonomy: Spar/Nisa/Londis/Premier → groceries)
49309,morr catcliffe,MORR CATCLIFFE,22.45,debit,pub_bar,groceries,Plaid truncates MORRISONS to Morr + town; Catcliffe Morrisons
49475,g.w.r.s.a. clu,SumUp  *G.W.R.S.A.,3.7,debit,unclassified_other,private_members_club,G.W.R.S.A. is the Great Western Railway Staff Association social club (members' bar); SumUp tap at the club.
49618,morr workington,MORR WORKINGTON,29.01,debit,unclassified_other,groceries,Plaid truncates MORRISONS to Morr + town
49746,morr shrewsbury,Morr Shrewsbury,45,debit,unclassified_other,groceries,Plaid truncates MORRISONS to Morr + town
49830,zippa loans,ZIPPA LOANS,40.1,debit,personal_loan_repayment,payday_loan,"Skyline Direct high-cost short-term credit, not a personal loan"
49943,morr farnborough,MORR FARNBOROUGH S,15.22,debit,unclassified_other,groceries,Plaid truncates MORRISONS to Morr + town
50082,premier dukinf,Premier Dukinf,7.5,debit,unclassified_other,groceries,Premier symbol-group convenience/grocery shop (not Inn/Vet/Sports/bus/Easy Save); contactless/store narrative
50084,morr stevenston,Morr Stevenston,13.25,debit,unclassified_other,groceries,Plaid truncates MORRISONS to Morr + town
50110,cd gdk,2595 28JUL25 CD   GDK CHELMSFORD    CHELMSFORD CM GB,10.49,debit,unclassified_other,takeaway,German Doner Kebab
50183,c gdk,5550 18JUL25 C    GDK NEWCASTLE     NEWCASTLE UPO GB,14.39,debit,unclassified_other,takeaway,German Doner Kebab
50248,4 rides,LIME*4 RIDES 4WCQ,7.08,debit,taxi_rideshare,bicycle,Lime e-bike/e-scooter ride or pass (not taxi)
50359,morr totton,MORR TOTTON  ON 19 AUG CLP,11.84,debit,unclassified_other,groceries,Plaid truncates MORRISONS to Morr + town
50570,morr milton keynes wes,MORR MILTON KEYNES,50.02,debit,unclassified_other,groceries,Plaid truncates MORRISONS to Morr + town
50582,morr consett,MORR CONSETT  ON 09 AUG CLP,25.02,debit,unclassified_other,groceries,Plaid truncates MORRISONS to Morr + town
50664,morr st andrews,Morr St Andrews,30.08,debit,unclassified_other,groceries,Plaid truncates MORRISONS to Morr + town
50760,morr leeds,Morr Leeds Yeadon,51.93,debit,unclassified_other,groceries,Plaid truncates MORRISONS to Morr + town
50807,holafly limited,Holafly Limited,45,debit,unclassified_other,mobile_phone_contract,Holafly sells prepaid travel eSIM mobile-data plans (Dublin card descriptor)
50889,morr bolton dawes,MORR BOLTON DAWES BOLTON,10.02,debit,unclassified_other,groceries,Plaid truncates MORRISONS to Morr + town
50987,morr kirkby,MORR KIRKBY,30.01,debit,unclassified_other,groceries,Plaid truncates MORRISONS to Morr + town
51109,morr norwich,MORR NORWICH  ON 21 JUL CPM,1.75,debit,unclassified_other,groceries,Plaid truncates MORRISONS to Morr + town
51176,human forest,Human Forest,5,debit,unclassified_other,bicycle,HumanForest / Forest London e-bike hire
51255,morr swinton,MORR SWINTON  ON 05 AUG CLP,20,debit,unclassified_other,groceries,Plaid truncates MORRISONS to Morr + town
51285,c beenetwork.,9464 28JUL25 C    BEENETWORK.       COM/CHARGES       0161 244 1000 GB,2,debit,unclassified_other,public_transport_rail_coach,Bee Network Greater Manchester COM/CHARGES; sibling beenetwork is public_transport_rail_coach
51411,gdk winchester,GDK WINCHESTER,3.79,debit,unclassified_other,takeaway,German Doner Kebab
51471,premier linktown scoot,Premier Linktown Scoot,32.91,debit,unclassified_other,groceries,Premier symbol-group convenience/grocery shop (not Inn/Vet/Sports/bus/Easy Save); contactless/store narrative
51600,morr wellingborough,MORR WELLINGBOROUG  ON 18 SEP CPM MORR WELLINGBOROUGH,34.52,debit,unclassified_other,groceries,Plaid truncates MORRISONS to Morr + town
51604,pass thx,LIME*PASS THX7,3.99,debit,unclassified_other,bicycle,Lime e-bike/e-scooter ride or pass (not taxi)
51655,morr worksop,MORR WORKSOP  ON 26 SEP CPM,26.07,debit,unclassified_other,groceries,Plaid truncates MORRISONS to Morr + town
51809,ipayimpact.co.,VMS*iPayimpact.co.,5,debit,unclassified_other,education_general,iPayimpact is the Capita/council school-payments portal used for meals
51984,2 rides,Lime*ride 2nqt,4.03,debit,taxi_rideshare,bicycle,Lime e-bike/e-scooter ride or pass (not taxi)
52137,highlevel inc.,HIGHLEVEL INC. Highlevel Inc.,184.86,debit,unclassified_other,software,GoHighLevel/HighLevel Inc is a well-known CRM/marketing SaaS subscription.
52200,premier linktown scoot,Premier Linktown Scoot,39,debit,unclassified_other,groceries,Premier symbol-group convenience/grocery shop (not Inn/Vet/Sports/bus/Easy Save); contactless/store narrative
52209,sutton stores premier exp,SUTTON STORES PREM,3,debit,unclassified_other,groceries,Premier symbol-group convenience/grocery shop (not Inn/Vet/Sports/bus/Easy Save); contactless/store narrative
52476,forfar premier,Forfar Premier,2.5,debit,unclassified_other,groceries,Premier symbol-group convenience/grocery shop (not Inn/Vet/Sports/bus/Easy Save); contactless/store narrative
52486,premier hems,Premier Hemsworth,0.69,debit,unclassified_other,groceries,Premier symbol-group convenience/grocery shop (not Inn/Vet/Sports/bus/Easy Save); contactless/store narrative
52747,morr neath,MORR NEATH,20.02,debit,unclassified_other,groceries,Plaid truncates MORRISONS to Morr + town
52963,morr crewe,MORR CREWE,22.39,debit,unclassified_other,groceries,Plaid truncates MORRISONS to Morr + town
53028,passe,Lime*passe Td3x,3.99,debit,unclassified_other,bicycle,Lime e-bike/e-scooter ride or pass (not taxi)
53193,morr middles borough,Morr Middlesborough,10,debit,unclassified_other,groceries,Plaid truncates MORRISONS to Morr + town
53291,morr west kirby,MORR WEST KIRBY CD 6344,19.68,debit,unclassified_other,groceries,Plaid truncates MORRISONS to Morr + town
53514,www.astria.ai,www.astria.ai,3.73,debit,unclassified_other,software,Astria.ai is an AI software product
53577,morr bolton atlas,Morr Bolton Atlas,22.41,debit,unclassified_other,groceries,Plaid truncates MORRISONS to Morr + town
53632,gdk winchester,GDK WINCHESTER,10.17,debit,unclassified_other,takeaway,German Doner Kebab
53664,highlevel inc.,HIGHLEVEL AGENCY SUB Highlevel Inc.,445.27,debit,unclassified_other,software,GoHighLevel/HighLevel Inc is a well-known CRM/marketing SaaS subscription.
53706,premier oakley,  PREMIER OAKLEY,9,debit,unclassified_other,groceries,Premier symbol-group convenience/grocery shop (not Inn/Vet/Sports/bus/Easy Save); contactless/store narrative
53757,morr livingston,MORR LIVINGSTON,50.01,debit,unclassified_other,groceries,Plaid truncates MORRISONS to Morr + town
53898,morr plymstock,MORR PLYMSTOCK  ON 26 AUG CLP,7.98,debit,unclassified_other,groceries,Plaid truncates MORRISONS to Morr + town
53923,premier garthdee cd,Premier Garthdee CD 1276,23.51,debit,unclassified_other,groceries,Premier symbol-group convenience/grocery shop (not Inn/Vet/Sports/bus/Easy Save); contactless/store narrative
53938,metric group ltd,METRIC GROUP LTD  ON 10 AUG CLP,1,debit,unclassified_other,car_parking,Metric Group Ltd makes UK pay-and-display parking terminals; contactless Metric Group Ltd is parking at the machine.
54039,morr eccles,MORR ECCLES CD 2566,20,debit,unclassified_other,groceries,Plaid truncates MORRISONS to Morr + town
54178,morr blackpool,MORR BLACKPOOL  ON 13 SEP CPM,12.06,debit,unclassified_other,groceries,Plaid truncates MORRISONS to Morr + town
54183,morr middlesboroug,MORR MIDDLESBOROUGMIDDLESBOROUG,58,debit,unclassified_other,groceries,Plaid truncates MORRISONS to Morr + town
54184,morr worksop,MORR WORKSOP,4,debit,unclassified_other,groceries,Plaid truncates MORRISONS to Morr + town
54272,indeed iei,Indeed Iei25-00909936,525,debit,unclassified_other,advertising_services,Indeed IEI job-ad invoices; sibling online job ads indeed is advertising_services
54357,morr stranraer,Morr Stranraer,20.42,debit,unclassified_other,groceries,Plaid truncates MORRISONS to Morr + town
54360,morr farnborough,MORR FARNBOROUGH SOUTH Morr Farnborough South,7.13,debit,unclassified_other,groceries,Plaid truncates MORRISONS to Morr + town
54426,htcard.co.u,8789 25JUN25      WWW.BLUELIG       HTCARD.CO.U       COSSINGTON GB,4.99,debit,unclassified_other,memberships,WWW.BLUELIG HTCARD.CO.U Cossington is Blue Light Card Ltd (discount membership card for NHS/frontline workers).
54508,premier greenfield sto,Premier Greenfield Sto,13,debit,unclassified_other,groceries,Premier symbol-group convenience/grocery shop (not Inn/Vet/Sports/bus/Easy Save); contactless/store narrative
54520,rundle and co ltd,RUNDLE AND CO LTD,200,debit,unclassified_other,debt_enforcement,Rundles (Rundle & Co) are certificated enforcement agents/bailiffs for council tax and similar debts
54536,morr haverfordwest,MORR HAVERFORDWESTHAVERFORDWEST,15.15,debit,unclassified_other,groceries,Plaid truncates MORRISONS to Morr + town
54581,dike and son ltd,6296 03AUG25 C    DIKE AND SON LTD  STALBRIDGE GB,3.75,debit,unclassified_other,groceries,Award-winning independent supermarket in Stalbridge (Nisa partner); description is a card spend there
54637,select & save ltd,PPOINT_*SELECT & S,2.04,debit,unclassified_other,groceries,Select & Save is a UK convenience symbol group (same treatment as Spar/Nisa/Premier/Londis)
54640,select & save ltd,PPOINT_*SELECT & S,3.39,debit,unclassified_other,groceries,Select & Save is a UK convenience symbol group (same treatment as Spar/Nisa/Premier/Londis)
54684,ipayimpact.co.edinburgh,VMS*iPayimpact.co.Edinburgh,8,debit,unclassified_other,education_general,iPayimpact is the school meals/trips/uniform payment app; ipayimpact.co.uk already human-reviewed as school_fees.
54789,premier tywyn stortywyn,Premier Tywyn StorTywyn,4.99,debit,unclassified_other,groceries,Premier symbol-group convenience/grocery shop (not Inn/Vet/Sports/bus/Easy Save); contactless/store narrative
55065,psi services uk ltd,Psi Services  Uk  Ltd,50,debit,unclassified_other,education_general,PSI Services (UK) Ltd is the Home Office exam contractor for Life in the UK and SELT tests.
55210,morr borehamwood,Morr Borehamwood,6,debit,unclassified_other,groceries,Plaid truncates MORRISONS to Morr + town
55220,morr knottingley,MORR KNOTTINGLEY Morr Knottingley,9.95,debit,unclassified_other,groceries,Plaid truncates MORRISONS to Morr + town
55301,tony's food store chp,Tony's Food Store Chp,6.07,debit,unclassified_other,groceries,Descriptor is a named food store; grocery retail is unambiguous.
55322,morr farnborough,MORR FARNBOROUGH SOUTH Morr Farnborough South,3,debit,unclassified_other,groceries,Plaid truncates MORRISONS to Morr + town
55438,a.saily,"A.SAILY (VIA APPLE PAY), 8.99 USD RATE 0.7608/GBP, ON 02-08-2025",6.84,debit,unclassified_other,mobile_phone_contract,Saily (Nord Security) is a prepaid travel eSIM data app; Apple Pay USD amounts match international eSIM top-ups
55534,premier freche,PREMIER FRECHEVILLSHEFFIELD S12,8.89,debit,unclassified_other,groceries,Premier symbol-group convenience/grocery shop (not Inn/Vet/Sports/bus/Easy Save); contactless/store narrative
55549,oulton road premier st,Oulton Road Premie  ON 22 OCT CPM OULTON ROAD PREMIER ST,7.99,debit,unclassified_other,groceries,Premier symbol-group convenience/grocery shop (not Inn/Vet/Sports/bus/Easy Save); contactless/store narrative
55572,morr bathgate,Morr Bathgate,10.18,debit,unclassified_other,groceries,Plaid truncates MORRISONS to Morr + town
55595,morr newcastle under,Contactless Payment MORR NEWCASTLE UNDER L APPLEPAY 5504 2025-08-10,6,debit,unclassified_other,groceries,Plaid truncates MORRISONS to Morr + town
55808,dike and son ltd,6296 20AUG25 C    DIKE AND SON LTD  STALBRIDGE GB,4.14,debit,unclassified_other,groceries,Award-winning independent supermarket in Stalbridge (Nisa partner); description is a card spend there
55911,morr barrow in furness,MORR BARROW IN FUR,25.06,debit,unclassified_other,groceries,Plaid truncates MORRISONS to Morr + town
55916,ashbourne management services ltd,BF69X3421G Ashbourne Management Services LTD,25,debit,unclassified_other,gym_fitness,Ashbourne Management Services collects Direct Debits for independent gym and fitness-club memberships (ashbourne-memberships.com).
56102,premier dens road,Contactless Payment PREMIER DENS ROAD 2025-08-17,20.37,debit,unclassified_other,groceries,Premier symbol-group convenience/grocery shop (not Inn/Vet/Sports/bus/Easy Save); contactless/store narrative
56128,premier dunnikier,PREMIER DUNNIKIER CD 9399,3.1,debit,unclassified_other,groceries,Premier symbol-group convenience/grocery shop (not Inn/Vet/Sports/bus/Easy Save); contactless/store narrative
56136,morr stirling,MORR STIRLING,29.02,debit,unclassified_other,groceries,Plaid truncates MORRISONS to Morr + town
56159,vir health ltd,Visa purchase Vir Health Ltd 0595,94.4,debit,unclassified_other,pharmacy,Vir Health Limited is the CQC-registered legal entity behind Numan (online pharmacy/men's health prescriptions).
56530,morr scunthorpe,MORR SCUNTHORPE,7.39,debit,unclassified_other,groceries,Plaid truncates MORRISONS to Morr + town
56581,dcbltd,WWW.DCBLTD.COM,33.2,debit,unclassified_other,debt_enforcement,WWW.DCBLTD.COM is Direct Collection Bailiffs Ltd (High Court enforcement); already mapped dcbl in the dictionary
56762,credit engine,CREDIT ENGINE  ON 24 SEP BCC,19.99,debit,unclassified_other,credit_reporting_service,Credit Engine (Credit Technologies) paid TransUnion/Equifax score membership
57115,morr rochdale,MORR ROCHDALE  ON 14 AUG BCC,20,debit,unclassified_other,groceries,Plaid truncates MORRISONS to Morr + town
57199,pass gxw,Lime*pass Gxw7,3.99,debit,unclassified_other,bicycle,Lime e-bike/e-scooter ride or pass (not taxi)
57342,morr yeovil,Visa purchase MORR YEOVIL,20.01,debit,unclassified_other,groceries,Plaid truncates MORRISONS to Morr + town
57406,2 rides,Lime*2 Rides 4t6o,1.97,debit,taxi_rideshare,bicycle,Lime e-bike/e-scooter ride or pass (not taxi)
57440,cairnside premier,CAIRNSIDE PREMIER CD 3490,18.64,debit,unclassified_other,groceries,Premier symbol-group convenience/grocery shop (not Inn/Vet/Sports/bus/Easy Save); contactless/store narrative
57568,premier union stre,Premier Union Stre,1.65,debit,unclassified_other,groceries,Premier symbol-group convenience/grocery shop (not Inn/Vet/Sports/bus/Easy Save); contactless/store narrative
57694,dott scooter,"DOTT SCOOTER RIDE (VIA APPLE PAY), ON 14-07-2025",3.15,debit,taxi_rideshare,bicycle,Dott shared e-scooters (same micromobility leaf as Lime)
57772,high street premier,High Street Premie,19.74,debit,unclassified_other,groceries,Premier symbol-group convenience/grocery shop (not Inn/Vet/Sports/bus/Easy Save); contactless/store narrative
57817,premier linktown scoot,Premier Linktown Scoot,31.47,debit,unclassified_other,groceries,Premier symbol-group convenience/grocery shop (not Inn/Vet/Sports/bus/Easy Save); contactless/store narrative
57840,ride jun,Lime*ride Jun6,3.03,debit,taxi_rideshare,bicycle,Lime e-bike/e-scooter ride or pass (not taxi)
57870,orbit credit services,ORBIT CREDIT SERVI,80,debit,unclassified_other,debt_collection,Orbit Credit Services (formerly Orbit Debt Collections) is the UK utility collections agency; SIC 82911 collection agencies.
57967,grandpierlimited,NYX*GrandPierLimit  ON 28 JUN CLP NYX*GRANDPIERLIMITED,2,debit,unclassified_other,days_out,Grand Pier Limited operates Weston-super-Mare Grand Pier indoor amusement park
57990,premier cayton,Premier Cayton,45.01,debit,unclassified_other,groceries,Premier symbol-group convenience/grocery shop (not Inn/Vet/Sports/bus/Easy Save); contactless/store narrative
58088,morr great harwood,MORR GREAT HARWOOD,10.02,debit,unclassified_other,groceries,Plaid truncates MORRISONS to Morr + town
58098,morr hartlepool,MORR HARTLEPOOL,14.86,debit,unclassified_other,groceries,Plaid truncates MORRISONS to Morr + town
58122,pass gpa,LIME*PASS GPA3,6.99,debit,unclassified_other,bicycle,Lime e-bike/e-scooter ride or pass (not taxi)
58188,p.louise,P.LOUISE,45.21,debit,unclassified_other,health_beauty_general,P.Louise is a well-known UK makeup/cosmetics brand (plouise.co.uk)
58361,sage uk ltd,SAGE UK LTD ZFDBR72,13.2,debit,unclassified_other,software,Sage UK Ltd Direct Debits are Sage accounting and payroll software subscriptions.
58536,oulton road premier st,Oulton Road Premie  ON 22 AUG CPM OULTON ROAD PREMIER ST,2.45,debit,unclassified_other,groceries,Premier symbol-group convenience/grocery shop (not Inn/Vet/Sports/bus/Easy Save); contactless/store narrative
58585,premier tye stores,PREMIER TYE STORES,23.08,debit,unclassified_other,groceries,Premier symbol-group convenience/grocery shop (not Inn/Vet/Sports/bus/Easy Save); contactless/store narrative
58816,premier express,Premier Express,1.35,debit,unclassified_other,groceries,Premier symbol-group convenience/grocery shop (not Inn/Vet/Sports/bus/Easy Save); contactless/store narrative
58883,ipayimpact.co.edinburgh,VMS*iPayimpact.co.Edinburgh,5,debit,unclassified_other,education_general,iPayimpact is the school meals/trips/uniform payment app; ipayimpact.co.uk already human-reviewed as school_fees.
58895,grant palmer ltd,GRANT PALMER LTD,2,debit,unclassified_other,public_transport_rail_coach,Grant Palmer Ltd is the Bedfordshire independent bus operator (grantpalmer.com).
58963,zippa loans,ZIPPA LOANS,40.1,debit,personal_loan_repayment,payday_loan,"Skyline Direct high-cost short-term credit, not a personal loan"
59093,premier cayton,8037 08SEP25 C    PREMIER CAYTON    SCARBOROUGH GB,11.2,debit,unclassified_other,groceries,Premier symbol-group convenience/grocery shop (not Inn/Vet/Sports/bus/Easy Save); contactless/store narrative
59128,morr coventry binley,Morr Coventry Binley,25.1,debit,unclassified_other,groceries,Plaid truncates MORRISONS to Morr + town
59180,south bank service,South Bank Service,9.87,debit,unclassified_other,fuel,South Bank Services is the Jet petrol filling station on Ferriby Road
59192,psi services uk ltd,Psi Services  Uk  Ltd,50,debit,unclassified_other,education_general,PSI Services (UK) Ltd is the Home Office exam contractor for Life in the UK and SELT tests.
59290,darrens premier,Contactless Payment DARRENS PREMIER APPLEPAY 1740,3.98,debit,unclassified_other,groceries,Premier symbol-group convenience/grocery shop (not Inn/Vet/Sports/bus/Easy Save); contactless/store narrative
59355,tjmorrisltd,NYX*TJMorrisLtd,0.55,debit,unclassified_other,discount_store,T.J. Morris Limited is Home Bargains; dictionary already maps home bargains to discount_store.
59543,morr fleet fleet,MORR FLEET        FLEET,3.34,debit,unclassified_other,groceries,Plaid truncates MORRISONS to Morr + town
59546,argylesatellite.co,ARGYLESATELLITE.CO  ON 07 JUL CPM ARGYLESATELLITE.CO.UK,7.05,debit,unclassified_other,taxi_rideshare,argylesatellite.co.uk is Argyle Satellite Taxis Wirral private hire
59568,metric group ltd,METRIC GROUP LTD,1,debit,unclassified_other,car_parking,Metric Group Ltd makes UK pay-and-display parking terminals; contactless Metric Group Ltd is parking at the machine.
59628,psi services uk ltd,PSI SERVICES UK LT  ON 17 SEP BCC PSI SERVICES  UK  LTD,50,debit,unclassified_other,education_general,PSI Services (UK) Ltd is the Home Office exam contractor for Life in the UK and SELT tests.
59645,kofcomps ltd,KOFCOMPS LTD,2.04,debit,unclassified_other,prize_competitions,Kofcomps Ltd trades as King of Comps (kingofcomps.co.uk) — paid prize-draw tickets with a free postal route
59678,morr wisbech,MORR WISBECH  ON 26 JUN CLP,20.04,debit,unclassified_other,groceries,Plaid truncates MORRISONS to Morr + town
59684,darrens premier,Contactless Payment DARRENS PREMIER APPLEPAY 6969,1.48,debit,unclassified_other,groceries,Premier symbol-group convenience/grocery shop (not Inn/Vet/Sports/bus/Easy Save); contactless/store narrative
59711,morr whitefield,MORR WHITEFIELD  ON 19 AUG CPM,20.02,debit,unclassified_other,groceries,Plaid truncates MORRISONS to Morr + town
59721,morr stevenston,MORR STEVENSTON CD 3244,29.65,debit,unclassified_other,groceries,Plaid truncates MORRISONS to Morr + town
59754,south bank service,South Bank Service,15.34,debit,unclassified_other,fuel,South Bank Services is the Jet petrol filling station on Ferriby Road
59786,morr horndean,3579 01SEP25      MORR HORNDEAN     WATERLOOVILLE GB,43.23,debit,unclassified_other,groceries,Plaid truncates MORRISONS to Morr + town
59958,c beenetwork.,9464 18JUL25 C    BEENETWORK.       COM/CHARGES       0161 244 1000 GB,2,debit,unclassified_other,public_transport_rail_coach,Bee Network Greater Manchester COM/CHARGES; sibling beenetwork is public_transport_rail_coach
59983,premier hems,Premier Hemsworth,2,debit,unclassified_other,groceries,Premier symbol-group convenience/grocery shop (not Inn/Vet/Sports/bus/Easy Save); contactless/store narrative
60147,credit engine,CREDIT ENGINE 4205,19.99,debit,unclassified_other,credit_reporting_service,Credit Engine (Credit Technologies) paid TransUnion/Equifax score membership
60316,metric group ltd,Contactless Payment METRIC GROUP LTD,1,debit,unclassified_other,car_parking,Metric Group Ltd makes UK pay-and-display parking terminals; contactless Metric Group Ltd is parking at the machine.
60327,c premier,4399 16AUG25 C    PREMIER           OLDHAM GB,5.57,debit,unclassified_other,groceries,Premier symbol-group grocer (taxonomy: Spar/Nisa/Londis/Premier → groceries)
60342,ride dvsk,Lime*ride Dvsk,2.76,debit,taxi_rideshare,bicycle,Lime e-bike/e-scooter ride or pass (not taxi)
60413,ipayimpact.co.,VMS*iPayimpact.co.,5,debit,unclassified_other,education_general,iPayimpact is the Capita/council school-payments portal used for meals
60440,zippa loans,ZIPPA LOANS,40.1,debit,personal_loan_repayment,payday_loan,"Skyline Direct high-cost short-term credit, not a personal loan"
60592,fish's premier store,Fish's Premier Store,13,debit,unclassified_other,groceries,Premier symbol-group convenience/grocery shop (not Inn/Vet/Sports/bus/Easy Save); contactless/store narrative
60773,dixon lane premier,DIXON LANE PREMIER,4.5,debit,unclassified_other,groceries,Premier symbol-group convenience/grocery shop (not Inn/Vet/Sports/bus/Easy Save); contactless/store narrative
60777,morr doncaster,MORR DONCASTER,10,debit,unclassified_other,groceries,Plaid truncates MORRISONS to Morr + town
60781,rebtelnetwo,PAYPAL *REBTELNETW,5,debit,unclassified_other,mobile_phone_contract,PAYPAL *REBTELNETW is Rebtel VoIP; sibling Rebtel is mobile_phone_contract
60882,morr swinton,MORR SWINTON,10.19,debit,unclassified_other,groceries,Plaid truncates MORRISONS to Morr + town
61032,pass thx,LIME*PASS THX7,3.99,debit,unclassified_other,bicycle,Lime e-bike/e-scooter ride or pass (not taxi)
61059,morr milton keynes wes,MORR MILTON KEYNES  ON 29 JUL CLP MORR MILTON KEYNES WES,20.03,debit,unclassified_other,groceries,Plaid truncates MORRISONS to Morr + town
61127,morr plymstock,Contactless Payment MORR PLYMSTOCK APPLEPAY 2145,20.01,debit,unclassified_other,groceries,Plaid truncates MORRISONS to Morr + town
61164,morr cwmbran,MORR CWMBRAN      CWMBRAN,10.47,debit,unclassified_other,groceries,Plaid truncates MORRISONS to Morr + town
61175,highlevel inc.,HIGHLEVEL INC. Highlevel Inc.,7.44,debit,unclassified_other,software,GoHighLevel/HighLevel Inc is a well-known CRM/marketing SaaS subscription.
61294,morr walsall wallows,MORR WALSALL WALLO,44.57,debit,unclassified_other,groceries,Plaid truncates MORRISONS to Morr + town
61306,morr newcastle under,MORR NEWCASTLE UND,38.43,debit,unclassified_other,groceries,Plaid truncates MORRISONS to Morr + town
61351,morr tavistock,Morr Tavistock,10,debit,unclassified_other,groceries,Plaid truncates MORRISONS to Morr + town
61457,frenk.io,FRENK.IO,20.62,debit,unclassified_other,crypto,frenk.io is a licensed cryptocurrency exchange (Bright Technologies).
61508,pass ran,LIME*PASS RAN3,18.99,debit,unclassified_other,bicycle,Lime e-bike/e-scooter ride or pass (not taxi)
61533,morr walsall wallows,MORR WALSALL WALLO,32.3,debit,unclassified_other,groceries,Plaid truncates MORRISONS to Morr + town
61575,morr banchory,MORR BANCHORY CD 3675,20.25,debit,unclassified_other,groceries,Plaid truncates MORRISONS to Morr + town
61709,sutton stores premier exp,SUTTON STORES PREM,5.65,debit,unclassified_other,groceries,Premier symbol-group convenience/grocery shop (not Inn/Vet/Sports/bus/Easy Save); contactless/store narrative
61737,premier greenfield sto,Premier Greenfield Sto,14.18,debit,unclassified_other,groceries,Premier symbol-group convenience/grocery shop (not Inn/Vet/Sports/bus/Easy Save); contactless/store narrative
61820,skedaddlegroup.co.uk,SKEDADDLEGROUP.CO.,10,debit,unclassified_other,pet_other,skedaddlegroup.co.uk is Skedaddle dog park (paid off-leash field hire) not the cycling-holiday brand
61830,midland bluebird ltd,Midland Bluebird L,3.95,debit,unclassified_other,public_transport_rail_coach,McGill's Midland Bluebird is a well-known central Scotland bus operator (Falkirk/Stirling/Edinburgh)
61879,dcbltd,Visa purchase WWW.DCBLTD.COM,176.35,debit,unclassified_other,debt_enforcement,WWW.DCBLTD.COM is Direct Collection Bailiffs Ltd (High Court enforcement); already mapped dcbl in the dictionary
61911,morr bristol hartcliff,MORR BRISTOL HARTC,20,debit,unclassified_other,groceries,Plaid truncates MORRISONS to Morr + town
61959,highlevel inc.,HIGHLEVEL INC. Highlevel Inc.,190.29,debit,unclassified_other,software,GoHighLevel/HighLevel Inc is a well-known CRM/marketing SaaS subscription.
62083,morr jarrow,MORR JARROW  ON 28 JUL CPM,10,debit,unclassified_other,groceries,Plaid truncates MORRISONS to Morr + town
62091,beatport llc.,BEATPORT LLC. Beatport Llc.,2.46,debit,unclassified_other,music_other,Beatport is the well-known DJ/electronic music download store (not Spotify-style consumer streaming).
62175,premier union street,Premier Union Stre,13.99,debit,unclassified_other,groceries,Premier symbol-group convenience/grocery shop (not Inn/Vet/Sports/bus/Easy Save); contactless/store narrative
62425,pass gpa,LIME*PASS GPA3,6.99,debit,unclassified_other,bicycle,Lime e-bike/e-scooter ride or pass (not taxi)
62552,premier woodgreen,Premier Woodgreen,4.8,debit,unclassified_other,groceries,Premier symbol-group convenience/grocery shop (not Inn/Vet/Sports/bus/Easy Save); contactless/store narrative
62580,morr fakenham,MORR FAKENHAM  ON 09 AUG CPM,3.99,debit,unclassified_other,groceries,Plaid truncates MORRISONS to Morr + town
62653,morr peterborough,MORR PETERBOROUGH,10.01,debit,unclassified_other,groceries,Plaid truncates MORRISONS to Morr + town
62692,morr redcar,MORR REDCAR  ON 23 AUG CPM,20.04,debit,unclassified_other,groceries,Plaid truncates MORRISONS to Morr + town
62819,morr beccles,MORR BECCLES  ON 26 OCT CPM,53.1,debit,unclassified_other,groceries,Plaid truncates MORRISONS to Morr + town
62988,premier meadow head,PREMIER MEADOW HEA,1.25,debit,unclassified_other,groceries,Premier symbol-group convenience/grocery shop (not Inn/Vet/Sports/bus/Easy Save); contactless/store narrative
63189,credit engine,CREDIT ENGINE  ON 25 AUG BCC,19.99,debit,unclassified_other,credit_reporting_service,Credit Engine (Credit Technologies) paid TransUnion/Equifax score membership
63308,morr basingstoke,Visa purchase MORR BASINGSTOKE,42.21,debit,unclassified_other,groceries,Plaid truncates MORRISONS to Morr + town
63331,morr stirling,MORR STIRLING,1.35,debit,unclassified_other,groceries,Plaid truncates MORRISONS to Morr + town
63390,yourbusinessnumber,Yourbusinessnumber,7.19,debit,unclassified_other,web_services,"YourBusinessNumber sells virtual WhatsApp/phone numbers, not email; web_services (comms infra) fits better than email_services"
63399,gdk winchester,GDK WINCHESTER,3.79,debit,unclassified_other,takeaway,German Doner Kebab
63423,premier broad,"PREMIER BROADFIELD (VIA GOOGLE PAY), ON 27-07-2025",2.69,debit,unclassified_other,groceries,Premier symbol-group convenience/grocery shop (not Inn/Vet/Sports/bus/Easy Save); contactless/store narrative
63594,morr rotherham,Morr Rotherham Parkgat,0.73,debit,unclassified_other,groceries,Plaid truncates MORRISONS to Morr + town
63621,dover street market,Dover Street Market,19,debit,unclassified_other,clothing_general,Dover Street Market is a well-known fashion retailer
63686,morr ellesmere port,MORR ELLESMERE POR  ON 17 AUG CPM MORR ELLESMERE PORT,33.2,debit,unclassified_other,groceries,Plaid truncates MORRISONS to Morr + town
63775,morr farnborough,MORR FARNBOROUGH SOUTH Morr Farnborough South,7.39,debit,unclassified_other,groceries,Plaid truncates MORRISONS to Morr + town
63786,visioncraft ltd,VISIONCRAFT LTD,30,debit,unclassified_other,optician,Visioncraft is an independent NHS optician in Birmingham (visioncraft.co.uk)
63798,grandpierlimited,NYX*GrandPierLimit  ON 15 AUG CLP NYX*GRANDPIERLIMITED,2,debit,unclassified_other,days_out,Grand Pier Limited operates Weston-super-Mare Grand Pier indoor amusement park
63814,groobox.co.uk,GROOBOX.CO.UK  ON 22 SEP BCC,21.45,debit,unclassified_other,groceries,Groobox is Groobarb's Wild Farm fruit-and-veg box delivery (meal-kit/veg-box convention = groceries)
63830,morr fakenham,MORR FAKENHAM  ON 14 JUN CPM,2.25,debit,unclassified_other,groceries,Plaid truncates MORRISONS to Morr + town
63897,morr knottingley,PENDING MORR KNOTTINGLEY,4.15,debit,unclassified_other,groceries,Plaid truncates MORRISONS to Morr + town
64216,ashbourne management services ltd,BF69X3421G Ashbourne Management Services LTD,25,debit,unclassified_other,gym_fitness,Ashbourne Management Services collects Direct Debits for independent gym and fitness-club memberships (ashbourne-memberships.com).
64227,2 rides whbu,LIME*2 RIDES WHBU,9.25,debit,taxi_rideshare,bicycle,Lime e-bike/e-scooter ride or pass (not taxi)
64245,morr brampton,MORR BRAMPTON,20,debit,unclassified_other,groceries,Plaid truncates MORRISONS to Morr + town
64269,morr peterborough,MORR PETERBOROUGH,30.01,debit,unclassified_other,groceries,Plaid truncates MORRISONS to Morr + town
64273,morr worksop,MORR WORKSOP  ON 08 AUG CPM,58.11,debit,unclassified_other,groceries,Plaid truncates MORRISONS to Morr + town
64324,pass ryyr,LIME*PASS RYYR,1.99,debit,unclassified_other,bicycle,Lime e-bike/e-scooter ride or pass (not taxi)
64336,morr tavistock,Morr Tavistock,30.01,debit,unclassified_other,groceries,Plaid truncates MORRISONS to Morr + town
64510,dhadda premier,DHADDA PREMIER,17.19,debit,unclassified_other,groceries,Premier symbol-group convenience/grocery shop (not Inn/Vet/Sports/bus/Easy Save); contactless/store narrative
64574,premier linktown scoot,Premier Linktown Scoot,33.98,debit,unclassified_other,groceries,Premier symbol-group convenience/grocery shop (not Inn/Vet/Sports/bus/Easy Save); contactless/store narrative
64639,morr basingstoke,Contactless Payment MORR BASINGSTOKE,38.45,debit,unclassified_other,groceries,Plaid truncates MORRISONS to Morr + town
64705,morr lincoln,MORR LINCOLN,20.11,debit,unclassified_other,groceries,Plaid truncates MORRISONS to Morr + town
64739,premier woodgreen,Premier Woodgreen,3.15,debit,unclassified_other,groceries,Premier symbol-group convenience/grocery shop (not Inn/Vet/Sports/bus/Easy Save); contactless/store narrative
64808,grandpierlimited,NYX*GrandPierLimit  ON 15 AUG CLP NYX*GRANDPIERLIMITED,2,debit,unclassified_other,days_out,Grand Pier Limited operates Weston-super-Mare Grand Pier indoor amusement park
64834,morr bradford enterpri,MORR BRADFORD ENTE,30,debit,unclassified_other,groceries,Plaid truncates MORRISONS to Morr + town
64851,morr heywood,Morr Heywood,17,debit,unclassified_other,groceries,Plaid truncates MORRISONS to Morr + town
64941,bilal superstore cheadle,Bilal Superstore C,5.46,debit,unclassified_other,groceries,Named superstore in Cheadle; supermarket/grocery retail is unambiguous
65099,morr totton,Contactless Payment MORR TOTTON,8.36,debit,unclassified_other,groceries,Plaid truncates MORRISONS to Morr + town
65151,premier grays,PREMIER           GRAYS,2.65,debit,unclassified_other,groceries,Premier symbol-group convenience/grocery shop (not Inn/Vet/Sports/bus/Easy Save); contactless/store narrative
65242,morr neath,MORR NEATH,20,debit,unclassified_other,groceries,Plaid truncates MORRISONS to Morr + town
65266,premier heath road,Contactless Payment PREMIER HEATH ROAD,16.2,debit,unclassified_other,groceries,Premier symbol-group convenience/grocery shop (not Inn/Vet/Sports/bus/Easy Save); contactless/store narrative
65356,select & save ltd,PPOINT_*SELECT & S,9.09,debit,unclassified_other,groceries,Select & Save is a UK convenience symbol group (same treatment as Spar/Nisa/Premier/Londis)
65368,morr heywood,Morr Heywood,20.01,debit,unclassified_other,groceries,Plaid truncates MORRISONS to Morr + town
65594,tony's food store chp,TONY'S FOOD STORE,6.99,debit,unclassified_other,groceries,Descriptor is a named food store; grocery retail is unambiguous.
65611,cd gdk,9024 24JUL25 CD   GDK CAMBRIDGE     CAMBRIDGE GB,12.37,debit,unclassified_other,takeaway,German Doner Kebab
65738,morr sittingbourne,MORR SITTINGBOURNE  ON 04 AUG BCC,20.18,debit,unclassified_other,groceries,Plaid truncates MORRISONS to Morr + town
65739,morr isle of wight lak,Contactless Payment MORR ISLE OF WIGHT LAK APPLEPAY 4981,20,debit,unclassified_other,groceries,Plaid truncates MORRISONS to Morr + town
65826,zippa loans,ZIPPA LOANS,40.1,debit,personal_loan_repayment,payday_loan,"Skyline Direct high-cost short-term credit, not a personal loan"
65834,evyve services,EVYVE SERVICES,25.56,debit,unclassified_other,fuel,evyve is a UK public EV rapid-charging network; BP Pulse is already fuel in the dictionary
65966,g.w.r.s.a. clu,SumUp  *G.W.R.S.A.,3.7,debit,unclassified_other,private_members_club,G.W.R.S.A. is the Great Western Railway Staff Association social club (members' bar); SumUp tap at the club.
66010,www.astria.ai,www.astria.ai,3.73,debit,unclassified_other,software,Astria.ai is an AI software product
66030,morr bredbury,MORR BREDBURY,48.49,debit,unclassified_other,groceries,Plaid truncates MORRISONS to Morr + town
66081,premier broad,"PREMIER BROADFIELD (VIA APPLE PAY), ON 18-08-2025",2.24,debit,unclassified_other,groceries,Premier symbol-group convenience/grocery shop (not Inn/Vet/Sports/bus/Easy Save); contactless/store narrative
66105,premier au,PREMIER AUCHTERDERRAN CD 3577,1.29,debit,unclassified_other,groceries,Premier symbol-group convenience/grocery shop (not Inn/Vet/Sports/bus/Easy Save); contactless/store narrative
66180,cairnside premier,Cairnside Premier,6,debit,unclassified_other,groceries,Premier symbol-group convenience/grocery shop (not Inn/Vet/Sports/bus/Easy Save); contactless/store narrative
66298,morr fakenham,MORR FAKENHAM,71.19,debit,unclassified_other,groceries,Plaid truncates MORRISONS to Morr + town
66380,urban jungle insurance,0601 08OCT25      URBAN JUNGLE      INSURANCE         LONDON GB,10.45,debit,unclassified_other,insurance_general,Urban Jungle is a UK insurer (home contents plus travel/motor); description is an insurance premium so general not a single line
66387,morr erith,MORR ERITH,20.06,debit,unclassified_other,groceries,Plaid truncates MORRISONS to Morr + town
66428,premier harboroug,PPOINT_*PREMIER HA,12.5,debit,unclassified_other,groceries,Premier symbol-group grocer (taxonomy: Spar/Nisa/Londis/Premier → groceries)
66555,brandon street premier,Contactless Payment Brandon Street Premier APPLEPAY 6071,4.6,debit,unclassified_other,groceries,Premier symbol-group convenience/grocery shop (not Inn/Vet/Sports/bus/Easy Save); contactless/store narrative
66620,morr borehamwood,Morr Borehamwood,4.55,debit,unclassified_other,groceries,Plaid truncates MORRISONS to Morr + town
66726,indeed iei,Indeed Iei25-01187180,370.15,debit,unclassified_other,advertising_services,Indeed IEI job-ad invoices; sibling online job ads indeed is advertising_services
66756,premier linktown scoot,Premier Linktown Scoot,23.23,debit,unclassified_other,groceries,Premier symbol-group convenience/grocery shop (not Inn/Vet/Sports/bus/Easy Save); contactless/store narrative
66812,high street premier,High Street Premie,2.3,debit,unclassified_other,groceries,Premier symbol-group convenience/grocery shop (not Inn/Vet/Sports/bus/Easy Save); contactless/store narrative
66841,blink network b.v,Blink Network B.V,16.15,debit,unclassified_other,fuel,Blink Network B.V. bills UK EV charging sessions; production labels ChargePoint/Instavolt/BP Pulse/Electroverse as fuel.
66911,darrens premier,Contactless Payment DARRENS PREMIER APPLEPAY 1740,4.24,debit,unclassified_other,groceries,Premier symbol-group convenience/grocery shop (not Inn/Vet/Sports/bus/Easy Save); contactless/store narrative
67029,wayfairer premier,Wayfairer Premier,4.24,debit,unclassified_other,groceries,Premier symbol-group grocer (taxonomy: Spar/Nisa/Londis/Premier → groceries)
67069,premier heyside,8539 30JUN25 C    PREMIER HEYSIDE   LTD               OLDHAM GB,3.3,debit,unclassified_other,groceries,Premier symbol-group convenience/grocery shop (not Inn/Vet/Sports/bus/Easy Save); contactless/store narrative
67157,dcbltd,WWW.DCBLTD.COM,15.5,debit,unclassified_other,debt_enforcement,WWW.DCBLTD.COM is Direct Collection Bailiffs Ltd (High Court enforcement); already mapped dcbl in the dictionary
67239,morr boroughbridge,Morr Boroughbridge,32.13,debit,unclassified_other,groceries,Plaid truncates MORRISONS to Morr + town
67275,cder group limited.,2706 15JUL25      CDER GROUP        LIMITED.          INTERNET GB,78.84,debit,unclassified_other,debt_enforcement,CDER Group is a UK bailiff/enforcement agency (council tax
67279,premier tywyn stortywyn,Premier Tywyn StorTywyn,3.24,debit,unclassified_other,groceries,Premier symbol-group convenience/grocery shop (not Inn/Vet/Sports/bus/Easy Save); contactless/store narrative
67282,morr sittingbourne,MORR SITTINGBOURNE  ON 24 JUL BCC,20.03,debit,unclassified_other,groceries,Plaid truncates MORRISONS to Morr + town
67313,ride dvsk,Lime*ride Dvsk,3.08,debit,taxi_rideshare,bicycle,Lime e-bike/e-scooter ride or pass (not taxi)
67397,riversidefm inc.,"Riversidefm, Inc.",32.25,debit,unclassified_other,software,Riverside.fm (RiversideFM Inc) is podcast/video recording SaaS.
67409,cd gdk,2595 04AUG25 CD   GDK CHELMSFORD    CHELMSFORD CM GB,12.17,debit,unclassified_other,takeaway,German Doner Kebab
67476,morr stevenston,Morr Stevenston,19.99,debit,unclassified_other,groceries,Plaid truncates MORRISONS to Morr + town
67477,morr cardiff tyglass,MORR CARDIFF TYGLA,10.5,debit,unclassified_other,groceries,Plaid truncates MORRISONS to Morr + town
67636,ipayimpact.co.edinburgh,VMS*iPayimpact.co.Edinburgh,2,debit,unclassified_other,education_general,iPayimpact is the school meals/trips/uniform payment app; ipayimpact.co.uk already human-reviewed as school_fees.
67646,morr bradford enterpri,MORR BRADFORD ENTE,20,debit,unclassified_other,groceries,Plaid truncates MORRISONS to Morr + town
67713,darrens premier,Contactless Payment DARRENS PREMIER APPLEPAY 1740,1.69,debit,unclassified_other,groceries,Premier symbol-group convenience/grocery shop (not Inn/Vet/Sports/bus/Easy Save); contactless/store narrative
67789,morr neath,MORR NEATH,20,debit,unclassified_other,groceries,Plaid truncates MORRISONS to Morr + town
67793,morr peterborough,MORR PETERBOROUGH,47,debit,unclassified_other,groceries,Plaid truncates MORRISONS to Morr + town
67869,morr ellesmere,Morr Ellesmere Port,1.9,debit,unclassified_other,groceries,Plaid truncates MORRISONS to Morr + town
67922,premier store cd,Premier Store CD 2682,10.03,debit,unclassified_other,groceries,Premier symbol-group convenience/grocery shop (not Inn/Vet/Sports/bus/Easy Save); contactless/store narrative
67947,dcbltd,WWW.DCBLTD.COM,20,debit,unclassified_other,debt_enforcement,WWW.DCBLTD.COM is Direct Collection Bailiffs Ltd (High Court enforcement); already mapped dcbl in the dictionary
68064,leslie premier,Contactless Payment LESLIE PREMIER,2.95,debit,unclassified_other,groceries,Premier symbol-group convenience/grocery shop (not Inn/Vet/Sports/bus/Easy Save); contactless/store narrative
68323,winrz ltd,Winrz Ltd Vnd157139C122Vnd,2.87,debit,unclassified_other,prize_competitions,Winnrz Ltd (winnrz.com) is a shop-and-win prize-draw platform; ticket-style Vnd refs on the sample
68418,urban jungle insurance,URBAN JUNGLE INSUR  ON 29 JUN BDC URBAN JUNGLE INSURANCE,19.88,debit,unclassified_other,insurance_general,Urban Jungle is a UK insurer (home contents plus travel/motor); description is an insurance premium so general not a single line
68442,credit engine,CREDIT ENGINE 3828,19.99,debit,unclassified_other,credit_reporting_service,Credit Engine (Credit Technologies) paid TransUnion/Equifax score membership
68468,morr erith,MORR ERITH  ON 04 AUG BCC,40.02,debit,unclassified_other,groceries,Plaid truncates MORRISONS to Morr + town
68628,argylesatellite.co.uk,argylesatellite.co.uk,7.3,debit,unclassified_other,taxi_rideshare,argylesatellite.co.uk is Argyle Satellite Taxis (Wirral private hire)
68644,morr belper,Morr Belper,40.01,debit,unclassified_other,groceries,Plaid truncates MORRISONS to Morr + town
68777,premier arlington,PREMIER ARLINGTON  ON 13 JUL CPM,7.82,debit,unclassified_other,groceries,Premier symbol-group convenience/grocery shop (not Inn/Vet/Sports/bus/Easy Save); contactless/store narrative
68995,morr milton keynes wes,MORR MILTON KEYNES  ON 10 AUG CLP MORR MILTON KEYNES WES,10.01,debit,unclassified_other,groceries,Plaid truncates MORRISONS to Morr + town
69110,oposlimited,WWW.OPOSLIMITED.CO,8,debit,unclassified_other,debt_collection,www.oposlimited.com is Opos Limited
69173,nitromonthly,DISCORD* NITROMONT USA AMOUNT IN USD 9.99 ON 04 JUN VISA 1.3489 FINAL GBP AMOUNT INCLUDES NON-STERLING TRANS FEE £0.22 DISCORD* NITROMONTHLY,7.63,debit,unclassified_other,online_services,DISCORD* NITROMONT is Discord Nitro; sibling discord is online_services
69261,www.astria.ai,www.astria.ai,3.72,debit,unclassified_other,software,Astria.ai is an AI software product
69264,premier west end sabertawe,Premier West End SAbertawe,8.97,debit,unclassified_other,groceries,Premier symbol-group convenience/grocery shop (not Inn/Vet/Sports/bus/Easy Save); contactless/store narrative
69285,morr ellesmere,Morr Ellesmere Port,50,debit,unclassified_other,groceries,Plaid truncates MORRISONS to Morr + town
69399,morr fakenham,MORR FAKENHAM  ON 14 AUG CPM,3.99,debit,unclassified_other,groceries,Plaid truncates MORRISONS to Morr + town
69429,morr eccles,Visa purchase MORR ECCLES,20.05,debit,unclassified_other,groceries,Plaid truncates MORRISONS to Morr + town
69577,morr ellesmere,Morr Ellesmere Port,42.36,debit,unclassified_other,groceries,Plaid truncates MORRISONS to Morr + town
69584,morr wisbech,Contactless Payment MORR WISBECH APPLEPAY 9998,17.04,debit,unclassified_other,groceries,Plaid truncates MORRISONS to Morr + town
69670,morr basingstoke,MORR BASINGSTOKE  ON 04 SEP CPM,51.08,debit,unclassified_other,groceries,Plaid truncates MORRISONS to Morr + town
69757,quay street premier,Quay Street Premier,3.24,debit,unclassified_other,groceries,Premier symbol-group convenience/grocery shop (not Inn/Vet/Sports/bus/Easy Save); contactless/store narrative
69773,dott scooter,"DOTT SCOOTER RIDE (VIA APPLE PAY), ON 11-07-2025",6.12,debit,taxi_rideshare,bicycle,Dott shared e-scooters (same micromobility leaf as Lime)
69810,grant palmer ltd,GRANT PALMER LTD,2,debit,unclassified_other,public_transport_rail_coach,Grant Palmer Ltd is the Bedfordshire independent bus operator (grantpalmer.com).
69827,groobox.co.uk,GROOBOX.CO.UK  ON 28 JUL BCC,20.75,debit,unclassified_other,groceries,Groobox is Groobarb's Wild Farm fruit-and-veg box delivery (meal-kit/veg-box convention = groceries)
70146,premier woodgreen,Premier Woodgreen,8.47,debit,unclassified_other,groceries,Premier symbol-group convenience/grocery shop (not Inn/Vet/Sports/bus/Easy Save); contactless/store narrative
70429,morr ilkeston,Visa purchase MORR ILKESTON,10.04,debit,unclassified_other,groceries,Plaid truncates MORRISONS to Morr + town
70481,tjmorrisltd,Tjmorrisltd,1.1,debit,unclassified_other,discount_store,T.J. Morris Limited is Home Bargains; dictionary already maps home bargains to discount_store.
70482,morr scunthorpe,MORR SCUNTHORPE,10.05,debit,unclassified_other,groceries,Plaid truncates MORRISONS to Morr + town
70485,psi services uk ltd,PSI SERVICES  UK,50,debit,unclassified_other,education_general,PSI Services (UK) Ltd is the Home Office exam contractor for Life in the UK and SELT tests.
70496,dhadda premier,DHADDA PREMIER,26.86,debit,unclassified_other,groceries,Premier symbol-group convenience/grocery shop (not Inn/Vet/Sports/bus/Easy Save); contactless/store narrative
70603,bilal superstore cheadle,Bilal Superstore C,5.46,debit,unclassified_other,groceries,Named superstore in Cheadle; supermarket/grocery retail is unambiguous
70642,premier tywyn stortywyn,Premier Tywyn StorTywyn,8.85,debit,unclassified_other,groceries,Premier symbol-group convenience/grocery shop (not Inn/Vet/Sports/bus/Easy Save); contactless/store narrative
70718,morr fort william,MORR FORT WILLIAM,30.01,debit,unclassified_other,groceries,Plaid truncates MORRISONS to Morr + town
70891,htcard.co.u,6157 26AUG25      WWW.BLUELIG       HTCARD.CO.U       COSSINGTON GB,4.99,debit,unclassified_other,memberships,WWW.BLUELIG HTCARD.CO.U Cossington is Blue Light Card Ltd (discount membership card for NHS/frontline workers).
71193,morr bradford victoria,MORR BRADFORD VICT  ON 30 JUN CLP MORR BRADFORD VICTORIA,36.98,debit,unclassified_other,groceries,Plaid truncates MORRISONS to Morr + town
71195,premier oakley,PREMIER OAKLEY,2.5,debit,unclassified_other,groceries,Premier symbol-group convenience/grocery shop (not Inn/Vet/Sports/bus/Easy Save); contactless/store narrative
71352,s a premier cd,S A PREMIER CD 5694,11.65,debit,unclassified_other,groceries,Premier symbol-group convenience/grocery shop (not Inn/Vet/Sports/bus/Easy Save); contactless/store narrative
71475,forfar premier,Forfar Premier,1.5,debit,unclassified_other,groceries,Premier symbol-group convenience/grocery shop (not Inn/Vet/Sports/bus/Easy Save); contactless/store narrative
71517,premier dukinf,Premier Dukinf,12.59,debit,unclassified_other,groceries,Premier symbol-group convenience/grocery shop (not Inn/Vet/Sports/bus/Easy Save); contactless/store narrative
71548,morr fakenham,MORR FAKENHAM  ON 16 AUG CPM,5.54,debit,unclassified_other,groceries,Plaid truncates MORRISONS to Morr + town
71559,morr brampton,MORR BRAMPTON,20,debit,unclassified_other,groceries,Plaid truncates MORRISONS to Morr + town
71589,instantly,Instantly,177.55,debit,unclassified_other,software,"Instantly.ai cold-email / sales software, not a generic merchant"
71720,zapmail, Zapmail,33.41,debit,unclassified_other,email_services,Zapmail is mailbox/email infrastructure (Google Workspace outreach mailboxes)
71944,morr hull,MORR HULL,5,debit,unclassified_other,groceries,Plaid truncates MORRISONS to Morr + town
71996,premier broad,"PREMIER BROADFIELD (VIA APPLE PAY), ON 18-08-2025",2.24,debit,unclassified_other,groceries,Premier symbol-group convenience/grocery shop (not Inn/Vet/Sports/bus/Easy Save); contactless/store narrative
72066,argylesatellite.co.uk,Visa purchase ARGYLESATELLITE.CO.UK GOOGLE 5665,7.75,debit,unclassified_other,taxi_rideshare,argylesatellite.co.uk is Argyle Satellite Taxis (Wirral private hire)
72229,premier dukinf,Premier Dukinf,4.98,debit,unclassified_other,groceries,Premier symbol-group convenience/grocery shop (not Inn/Vet/Sports/bus/Easy Save); contactless/store narrative
72268,brandon street premier,Contactless Payment Brandon Street Premier,3.3,debit,unclassified_other,groceries,Premier symbol-group convenience/grocery shop (not Inn/Vet/Sports/bus/Easy Save); contactless/store narrative
72309,morr rotherham,4523 13SEP25      MORR ROTHERHAM    BRAMLEY           ROTHERHAM GB,28.07,debit,unclassified_other,groceries,Plaid truncates MORRISONS to Morr + town
72317,ipayimpact.co.edinburgh,VMS*iPayimpact.co.Edinburgh,3.5,debit,unclassified_other,education_general,iPayimpact is the school meals/trips/uniform payment app; ipayimpact.co.uk already human-reviewed as school_fees.
72378,brandon street premier,Brandon Street Premie Brandon Street Premier,2.5,debit,unclassified_other,groceries,Premier symbol-group convenience/grocery shop (not Inn/Vet/Sports/bus/Easy Save); contactless/store narrative
72519,premier tywyn stortywyn,Premier Tywyn StorTywyn,8.3,debit,unclassified_other,groceries,Premier symbol-group convenience/grocery shop (not Inn/Vet/Sports/bus/Easy Save); contactless/store narrative
72607,bon bon premier,Bon Bon Premier,1.25,debit,unclassified_other,groceries,Premier symbol-group convenience/grocery shop (not Inn/Vet/Sports/bus/Easy Save); contactless/store narrative
72614,high street premier,Contactless Payment High Street Premier APPLEPAY 6150 2025-08-31,13.5,debit,unclassified_other,groceries,Premier symbol-group convenience/grocery shop (not Inn/Vet/Sports/bus/Easy Save); contactless/store narrative
72729,fish's premier store,Fish's Premier Store,4.74,debit,unclassified_other,groceries,Premier symbol-group convenience/grocery shop (not Inn/Vet/Sports/bus/Easy Save); contactless/store narrative
72751,tjmorrisltd,Tjmorrisltd,0.65,debit,unclassified_other,discount_store,T.J. Morris Limited is Home Bargains; dictionary already maps home bargains to discount_store.
72786,fam premier ltd,FAM PREMIER LTD  ON 07 JUL CPM,3.48,debit,unclassified_other,groceries,Premier symbol-group convenience/grocery shop (not Inn/Vet/Sports/bus/Easy Save); contactless/store narrative
72827,zapmail, Zapmail,0.03,debit,unclassified_other,email_services,Zapmail is mailbox/email infrastructure (Google Workspace outreach mailboxes)
72837,cder group limited.,4562 10SEP25      CDER GROUP        LIMITED.          INTERNET GB,100,debit,unclassified_other,debt_enforcement,CDER Group is a UK bailiff/enforcement agency (council tax
72867,premier garthdee cd,Premier Garthdee CD 1276,8.58,debit,unclassified_other,groceries,Premier symbol-group convenience/grocery shop (not Inn/Vet/Sports/bus/Easy Save); contactless/store narrative
72969,vir health ltd,Vir Health Ltd  ON 18 AUG BCC,109,debit,unclassified_other,pharmacy,Vir Health Limited is the CQC-registered legal entity behind Numan (online pharmacy/men's health prescriptions).
73176,oposlimited,www.oposlimited.com,403.02,debit,unclassified_other,debt_collection,www.oposlimited.com is Opos Limited
73198,morr fleet fleet,MORR FLEET        FLEET,2.94,debit,unclassified_other,groceries,Plaid truncates MORRISONS to Morr + town
73244,morr isle of wight lak,MORR ISLE OF WIGHT  ON 26 JUL CLP MORR ISLE OF WIGHT LAK,25.1,debit,unclassified_other,groceries,Plaid truncates MORRISONS to Morr + town
73249,morr bradford thornbu,Morr Bradford -Thornbu,7.29,debit,unclassified_other,groceries,Plaid truncates MORRISONS to Morr + town
73444,morr liskeard,Morr Liskeard,14.96,debit,unclassified_other,groceries,Plaid truncates MORRISONS to Morr + town
73464,morr high wycombe,Morr High Wycombe,45,debit,unclassified_other,groceries,Plaid truncates MORRISONS to Morr + town
73562,premier oakley,PREMIER OAKLEY,9.99,debit,unclassified_other,groceries,Premier symbol-group convenience/grocery shop (not Inn/Vet/Sports/bus/Easy Save); contactless/store narrative
73581,morr liskeard,MORR LISKEARD  ON 23 JUN CLP,28.78,debit,unclassified_other,groceries,Plaid truncates MORRISONS to Morr + town
73671,dhadda premier,DHADDA PREMIER,14.2,debit,unclassified_other,groceries,Premier symbol-group convenience/grocery shop (not Inn/Vet/Sports/bus/Easy Save); contactless/store narrative
73717,morr erith,MORR ERITH,24.2,debit,unclassified_other,groceries,Plaid truncates MORRISONS to Morr + town
73843,dike and son ltd,6296 07AUG25 C    DIKE AND SON LTD  STALBRIDGE GB,5.49,debit,unclassified_other,groceries,Award-winning independent supermarket in Stalbridge (Nisa partner); description is a card spend there
73850,dhadda premier,DHADDA PREMIER,14.2,debit,unclassified_other,groceries,Premier symbol-group convenience/grocery shop (not Inn/Vet/Sports/bus/Easy Save); contactless/store narrative
73914,oposlimited,WWW.OPOSLIMITED.CO,12,debit,unclassified_other,debt_collection,www.oposlimited.com is Opos Limited
73943,morr lincoln,MORR LINCOLN  ON 21 JUL CLP,25.01,debit,unclassified_other,groceries,Plaid truncates MORRISONS to Morr + town
74054,instantly,Instantly,28.38,debit,unclassified_other,software,"Instantly.ai cold-email / sales software, not a generic merchant"
74138,forfar premier,Contactless Payment Forfar Premier APPLEPAY 3974,10.11,debit,unclassified_other,groceries,Premier symbol-group convenience/grocery shop (not Inn/Vet/Sports/bus/Easy Save); contactless/store narrative
74354,morr cromer,Contactless Payment MORR CROMER,10,debit,unclassified_other,groceries,Plaid truncates MORRISONS to Morr + town
74379,premier biggin,PREMIER BIGGIN,5.13,debit,unclassified_other,groceries,Premier symbol-group convenience/grocery shop (not Inn/Vet/Sports/bus/Easy Save); contactless/store narrative
74404,canvauk,CARD PAYMENT TO PAYPAL *CANVAUK ON 08-07-2025,13,debit,unclassified_other,software,PAYPAL *CANVAUK is Canva UK; sibling canva is software
74508,morr stirling,MORR STIRLING,29.02,debit,unclassified_other,groceries,Plaid truncates MORRISONS to Morr + town
74581,lime,Lime*ride 4t6o,7.39,debit,taxi_rideshare,bicycle,Lime e-bike/e-scooter ride or pass (not taxi)
74646,morr shrewsbury,MORR SHREWSBURY,10,debit,unclassified_other,groceries,Plaid truncates MORRISONS to Morr + town
74687,morr rochdale,MORR ROCHDALE  ON 17 JUL CPM,59.7,debit,unclassified_other,groceries,Plaid truncates MORRISONS to Morr + town
74846,dott scooter,"DOTT SCOOTER RIDE (VIA APPLE PAY), ON 11-07-2025",3.15,debit,taxi_rideshare,bicycle,Dott shared e-scooters (same micromobility leaf as Lime)
74859,premier store cd,Premier Store CD 9976,16.33,debit,unclassified_other,groceries,Premier symbol-group convenience/grocery shop (not Inn/Vet/Sports/bus/Easy Save); contactless/store narrative
74910,morr bolton dawes,MORR BOLTON DAWES,30,debit,unclassified_other,groceries,Plaid truncates MORRISONS to Morr + town
74922,modular fs limited,Modulr FS account - Wallet Top Up Modular FS Limited - SortCodeAccountNumber: 04008506211208,7500,debit,unclassified_other,payment_intermediary,Modulr FS wallet top-up; UK payment-processing platform (same leaf as other wallet/PSP top-ups).
74965,urban jungle insurance,URBAN JUNGLE INSUR  ON 29 JUL BDC URBAN JUNGLE INSURANCE,19.88,debit,unclassified_other,insurance_general,Urban Jungle is a UK insurer (home contents plus travel/motor); description is an insurance premium so general not a single line
74994,premier broad,"PREMIER BROADFIELD (VIA APPLE PAY), ON 04-09-2025",1.49,debit,unclassified_other,groceries,Premier symbol-group convenience/grocery shop (not Inn/Vet/Sports/bus/Easy Save); contactless/store narrative
75313,nitromonthly,Visa purchase DISCORD* NITROMONTHLY USD 9.99000 at 1.3481 8650,7.41,debit,unclassified_other,online_services,DISCORD* NITROMONT is Discord Nitro; sibling discord is online_services
75333,premier arlington,PREMIER ARLINGTON  ON 05 AUG CPM,15.96,debit,unclassified_other,groceries,Premier symbol-group convenience/grocery shop (not Inn/Vet/Sports/bus/Easy Save); contactless/store narrative
75402,morr brough,MORR BROUGH  ON 02 AUG BCC,50,debit,unclassified_other,groceries,Plaid truncates MORRISONS to Morr + town
75557,lime,Lime,1.16,debit,taxi_rideshare,bicycle,"LIME*RIDE / LIME*PASS is Lime UK e-bike/scooter hire, not a taxi"
75623,morr paignton,MORR PAIGNTON Morr Paignton,25,debit,unclassified_other,groceries,Plaid truncates MORRISONS to Morr + town
75803,premier meadow head,PREMIER MEADOW HEA,2.6,debit,unclassified_other,groceries,Premier symbol-group convenience/grocery shop (not Inn/Vet/Sports/bus/Easy Save); contactless/store narrative
76137,morr isle of wight lak,Contactless Payment MORR ISLE OF WIGHT LAK APPLEPAY 4981 2025-07-27,5,debit,unclassified_other,groceries,Plaid truncates MORRISONS to Morr + town
76139,tony's food store chp,Tony's Food Store Chp,15.67,debit,unclassified_other,groceries,Descriptor is a named food store; grocery retail is unambiguous.
76209,morr middlesboroug,MORR MIDDLESBOROUG,30.02,debit,unclassified_other,groceries,Plaid truncates MORRISONS to Morr + town
76268,premier express,PREMIER EXPRESS,5,debit,unclassified_other,groceries,Premier symbol-group convenience/grocery shop (not Inn/Vet/Sports/bus/Easy Save); contactless/store narrative
76271,wilkins & pye ltd,WILKINS & PYE LTD  ON 15 AUG CPM,4.4,debit,unclassified_other,pub_bar,Wilkins & Pye is a CAMRA-listed micropub in Longton (SIC 56302 public houses and bars).
76281,morr barry,Morr Barry,11.08,debit,unclassified_other,groceries,Plaid truncates MORRISONS to Morr + town
76406,morr crewe,MORR CREWE,10,debit,unclassified_other,groceries,Plaid truncates MORRISONS to Morr + town
76511,rundle and co ltd,RUNDLE AND CO LTD,300,debit,unclassified_other,debt_enforcement,Rundles (Rundle & Co) are certificated enforcement agents/bailiffs for council tax and similar debts
76576,cder group limited.,CDER GROUP LIMITED,50,debit,unclassified_other,debt_enforcement,CDER Group is a UK bailiff/enforcement agency (council tax
76644,rundle and co ltd,RUNDLE AND CO LTD,200,debit,unclassified_other,debt_enforcement,Rundles (Rundle & Co) are certificated enforcement agents/bailiffs for council tax and similar debts
77102,premier express,MNK*Premier Expres  ON 11 SEP CPM MNK*PREMIER EXPRESS,4.49,debit,unclassified_other,groceries,Premier symbol-group convenience/grocery shop (not Inn/Vet/Sports/bus/Easy Save); contactless/store narrative
77130,morr bristol hartcliff,MORR BRISTOL HARTC,20,debit,unclassified_other,groceries,Plaid truncates MORRISONS to Morr + town
77174,morr scarborough,MORR SCARBOROUGH Morr Scarborough,30.01,debit,unclassified_other,groceries,Plaid truncates MORRISONS to Morr + town
77660,rundle & co ltd,RUNDLE & CO LTD PI8524475757946231,200,debit,unclassified_other,debt_enforcement,Rundle & Co Ltd (Rundles) are certificated enforcement agents collecting council tax and other debts
77734,morr berwick upon twee,MORR BERWICK UPON,43.82,debit,unclassified_other,groceries,Plaid truncates MORRISONS to Morr + town
77746,pass yyqc,LIME*PASS YYQC,3.99,debit,unclassified_other,bicycle,Lime e-bike/e-scooter ride or pass (not taxi)
77777,morr redcar,MORR REDCAR  ON 30 SEP CLP,13.95,debit,unclassified_other,groceries,Plaid truncates MORRISONS to Morr + town
77791,morr scarborough,MORR SCARBOROUGH Morr Scarborough,25,debit,unclassified_other,groceries,Plaid truncates MORRISONS to Morr + town
77836,morr stevenston,MORR STEVENSTON CD 9972,25.01,debit,unclassified_other,groceries,Plaid truncates MORRISONS to Morr + town
77855,morr west kirby,MORR WEST KIRBY CD 6344,19.68,debit,unclassified_other,groceries,Plaid truncates MORRISONS to Morr + town
78162,morr wellingborough,MORR WELLINGBOROUG  ON 23 SEP CLP MORR WELLINGBOROUGH,3.99,debit,unclassified_other,groceries,Plaid truncates MORRISONS to Morr + town
78165,morr paignton,MORR PAIGNTON  ON 29 AUG CLP,20.02,debit,unclassified_other,groceries,Plaid truncates MORRISONS to Morr + town
78312,premier tywyn stortywyn,Premier Tywyn StorTywyn,6.34,debit,unclassified_other,groceries,Premier symbol-group convenience/grocery shop (not Inn/Vet/Sports/bus/Easy Save); contactless/store narrative
78367,gdk borough,GDK BOROUGH           Gdk Borough,8.39,debit,government_services,takeaway,German Doner Kebab
78413,morr horndean,MORR HORNDEAN,24.86,debit,unclassified_other,groceries,Plaid truncates MORRISONS to Morr + town
78519,evyve services,EVYVE SERVICES,23.64,debit,unclassified_other,fuel,evyve is a UK public EV rapid-charging network; BP Pulse is already fuel in the dictionary
78562,zapmail, Zapmail,299,debit,unclassified_other,email_services,Zapmail is mailbox/email infrastructure (Google Workspace outreach mailboxes)
78686,premier union street,Premier Union Street,4.49,debit,unclassified_other,groceries,Premier symbol-group convenience/grocery shop (not Inn/Vet/Sports/bus/Easy Save); contactless/store narrative
78756,passe,Lime*passe Td3x,6.99,debit,unclassified_other,bicycle,Lime e-bike/e-scooter ride or pass (not taxi)
78776,groobox.co.uk,GROOBOX.CO.UK  ON 09 SEP BCC,20.75,debit,unclassified_other,groceries,Groobox is Groobarb's Wild Farm fruit-and-veg box delivery (meal-kit/veg-box convention = groceries)
78791,morr banchory,MORR BANCHORY CD 3675,10.07,debit,unclassified_other,groceries,Plaid truncates MORRISONS to Morr + town
78874,grant palmer ltd,GRANT PALMER LTD,2,debit,unclassified_other,public_transport_rail_coach,Grant Palmer Ltd is the Bedfordshire independent bus operator (grantpalmer.com).
78973,premier grays,PREMIER           GRAYS,1,debit,unclassified_other,groceries,Premier symbol-group convenience/grocery shop (not Inn/Vet/Sports/bus/Easy Save); contactless/store narrative
78986,south bank service,South Bank Service,21.45,debit,unclassified_other,fuel,South Bank Services is the Jet petrol filling station on Ferriby Road
79100,forfar premier,Forfar Premier,3.69,debit,unclassified_other,groceries,Premier symbol-group convenience/grocery shop (not Inn/Vet/Sports/bus/Easy Save); contactless/store narrative
79234,morr basing,Morr Basingstoke,13.75,debit,unclassified_other,groceries,Plaid truncates MORRISONS to Morr + town
79331,bilal superstore cheadle,Bilal Superstore C,6.98,debit,unclassified_other,groceries,Named superstore in Cheadle; supermarket/grocery retail is unambiguous
79363,pass ran,LIME*PASS RAN3,18.99,debit,unclassified_other,bicycle,Lime e-bike/e-scooter ride or pass (not taxi)
79719,htcard.co.u,6144 04AUG25      WWW.BLUELIG       HTCARD.CO.U       COSSINGTON GB,4.99,debit,unclassified_other,memberships,WWW.BLUELIG HTCARD.CO.U Cossington is Blue Light Card Ltd (discount membership card for NHS/frontline workers).
79761,morr paignton,MORR PAIGNTON  ON 17 SEP CPM,38.08,debit,unclassified_other,groceries,Plaid truncates MORRISONS to Morr + town
79764,morr milton keynes wes,MORR MILTON KEYNES  ON 02 OCT CPM MORR MILTON KEYNES WES,2.89,debit,unclassified_other,groceries,Plaid truncates MORRISONS to Morr + town
79766,pass gxw,Lime*pass Gxw7,3.99,debit,unclassified_other,bicycle,Lime e-bike/e-scooter ride or pass (not taxi)
79797,kanes premier,KANES PREMIER,8.19,debit,unclassified_other,groceries,Premier symbol-group convenience/grocery shop (not Inn/Vet/Sports/bus/Easy Save); contactless/store narrative
79800,indeed iei,Indeed IEI25-01366 CD 0927,34,debit,unclassified_other,advertising_services,Indeed IEI job-ad invoices; sibling online job ads indeed is advertising_services
79810,a.saily,a.saily NETHERLANDS AMOUNT IN USD 21.84 ON 02 AUG VISA 1.3138 FINAL GBP AMOUNT INCLUDES NON-STERLING TRANS FEE £0.50 A.SAILY,17.12,debit,unclassified_other,mobile_phone_contract,Saily (Nord Security) is a prepaid travel eSIM data app; Apple Pay USD amounts match international eSIM top-ups
79836,4 rides,LIM*4 RIDES 2Y5V,12.7,debit,taxi_rideshare,bicycle,Lime*4 Rides; Lime micromobility
79856,morr hull,MORR HULL,10,debit,unclassified_other,groceries,Plaid truncates MORRISONS to Morr + town
79900,ride jun,Lime*auth Jun6,2.45,debit,taxi_rideshare,bicycle,"Lime*auth; Lime ride authorisation, not taxi"
79919,premier meadow head,PREMIER MEADOW HEA,1.25,debit,unclassified_other,groceries,Premier symbol-group convenience/grocery shop (not Inn/Vet/Sports/bus/Easy Save); contactless/store narrative
79921,pass thx,LIME*PASS THX7,3.99,debit,unclassified_other,bicycle,Lime e-bike/e-scooter ride or pass (not taxi)
80104,morr stirling,MORR STIRLING,3.07,debit,unclassified_other,groceries,Plaid truncates MORRISONS to Morr + town
80206,morr sittingbourne,MORR SITTINGBOURNE  ON 14 JUL BCC,20.01,debit,unclassified_other,groceries,Plaid truncates MORRISONS to Morr + town
80231,premier linktown scoot,Premier Linktown Scoot,29.34,debit,unclassified_other,groceries,Premier symbol-group convenience/grocery shop (not Inn/Vet/Sports/bus/Easy Save); contactless/store narrative
80240,morr glasgow cambuslan,Morr Glasgow Cambuslan,4.38,debit,unclassified_other,groceries,Plaid truncates MORRISONS to Morr + town
80313,g.w.r.s.a. clu,SumUp  *G.W.R.S.A.,7.4,debit,unclassified_other,private_members_club,G.W.R.S.A. is the Great Western Railway Staff Association social club (members' bar); SumUp tap at the club.
80374,premier heyside,8539 11JUL25 C    PREMIER HEYSIDE   LTD               OLDHAM GB,8.8,debit,unclassified_other,groceries,Premier symbol-group convenience/grocery shop (not Inn/Vet/Sports/bus/Easy Save); contactless/store narrative
80422,premier oscar road,Premier Oscar Road,22.67,debit,unclassified_other,groceries,Premier symbol-group convenience/grocery shop (not Inn/Vet/Sports/bus/Easy Save); contactless/store narrative
80506,select & save ltd,PPOINT_*SELECT & S,21,debit,unclassified_other,groceries,Select & Save is a UK convenience symbol group (same treatment as Spar/Nisa/Premier/Londis)
80775,morr fakenham,MORR FAKENHAM  ON 21 JUN CPM,3.99,debit,unclassified_other,groceries,Plaid truncates MORRISONS to Morr + town
80864,premier cayton,Premier Cayton,1.9,debit,unclassified_other,groceries,Premier symbol-group convenience/grocery shop (not Inn/Vet/Sports/bus/Easy Save); contactless/store narrative
81031,morr swinton,MORR SWINTON,21.49,debit,unclassified_other,groceries,Plaid truncates MORRISONS to Morr + town
81081,morr wellingborough,MORR WELLINGBOROUG  ON 16 SEP CPM MORR WELLINGBOROUGH,7.98,debit,unclassified_other,groceries,Plaid truncates MORRISONS to Morr + town
81144,morr middles borough,Morr Middlesborough,50,debit,unclassified_other,groceries,Plaid truncates MORRISONS to Morr + town
81148,lime ride gafz,PAYPAL *LIME RIDE,4.51,debit,taxi_rideshare,bicycle,"PAYPAL *LIME RIDE is Lime micromobility, not taxi_rideshare"
81257,morr basing,Morr Basingstoke,38.36,debit,unclassified_other,groceries,Plaid truncates MORRISONS to Morr + town
81399,premier tywyn stortywyn,Premier Tywyn StorTywyn,9.4,debit,unclassified_other,groceries,Premier symbol-group convenience/grocery shop (not Inn/Vet/Sports/bus/Easy Save); contactless/store narrative
81420,morr fleet fleet,MORR FLEET        FLEET,2.94,debit,unclassified_other,groceries,Plaid truncates MORRISONS to Morr + town
81431,argylesatellite.co.uk,argylesatellite.co.uk,0.8,debit,unclassified_other,taxi_rideshare,argylesatellite.co.uk is Argyle Satellite Taxis (Wirral private hire)
81444,ipayimpact.co.,VMS*iPayimpact.co.,15,debit,unclassified_other,education_general,iPayimpact is the Capita/council school-payments portal used for meals
81503,cder group limited.,CDER GROUP LIMITED,30,debit,unclassified_other,debt_enforcement,CDER Group is a UK bailiff/enforcement agency (council tax
81599,holafly limited,Holafly Limited,1.49,debit,unclassified_other,mobile_phone_contract,Holafly sells prepaid travel eSIM mobile-data plans (Dublin card descriptor)
81697,morr isle of wight lak,MORR ISLE OF WIGHT  ON 11 JUL CLP MORR ISLE OF WIGHT LAK,25,debit,unclassified_other,groceries,Plaid truncates MORRISONS to Morr + town
81723,pass thx,LIME*PASS THX7,3.99,debit,unclassified_other,bicycle,Lime e-bike/e-scooter ride or pass (not taxi)
81898,morr rotherham,Morr Rotherham Parkgat,15.75,debit,unclassified_other,groceries,Plaid truncates MORRISONS to Morr + town
81902,fam premier ltd,FAM PREMIER LTD  ON 02 JUL CPM,2.38,debit,unclassified_other,groceries,Premier symbol-group convenience/grocery shop (not Inn/Vet/Sports/bus/Easy Save); contactless/store narrative
82019,morr knottingley,MORR KNOTTINGLEY Morr Knottingley,45,debit,unclassified_other,groceries,Plaid truncates MORRISONS to Morr + town
82031,morr cwmbran,MORR CWMBRAN  ON 06 SEP CPM,10.53,debit,unclassified_other,groceries,Plaid truncates MORRISONS to Morr + town
82094,morr willenhall,MORR WILLENHALL,19.99,debit,unclassified_other,groceries,Plaid truncates MORRISONS to Morr + town
82211,gdk loughborough,Contactless Payment GDK LOUGHBOROUGH APPLEPAY 3236,13.17,debit,unclassified_other,takeaway,German Doner Kebab
82325,morr haverfordwest,MORR HAVERFORDWESTHAVERFORDWEST,15.15,debit,unclassified_other,groceries,Plaid truncates MORRISONS to Morr + town
82641,morr knottingley,MORR KNOTTINGLEY,20.75,debit,unclassified_other,groceries,Plaid truncates MORRISONS to Morr + town
82655,morr boroughbridge,MORR BOROUGHBRIDGE,25.57,debit,unclassified_other,groceries,Plaid truncates MORRISONS to Morr + town
82754,surecredit.co.uk,PYD*surecredit.co.  ON 30 JUL BCC PYD*SURECREDIT.CO.UK,24.95,debit,unclassified_other,credit_reporting_service,Sure Credit is a paid TransUnion credit-report/education subscription (credit broker not a lender) like Clearscore
82842,morr doncaster,MORR DONCASTER,15.02,debit,unclassified_other,groceries,Plaid truncates MORRISONS to Morr + town
82877,vir health ltd,9471 28JUN25      VIR HEALTH LTD    LONDON GB,48.77,debit,unclassified_other,pharmacy,Vir Health Limited is the CQC-registered legal entity behind Numan (online pharmacy/men's health prescriptions).
82916,morr middlesboroug,MORR MIDDLESBOROUG,31.9,debit,unclassified_other,groceries,Plaid truncates MORRISONS to Morr + town
82953,premier broad,"PREMIER BROADFIELD (VIA APPLE PAY), ON 30-06-2025",3.14,debit,unclassified_other,groceries,Premier symbol-group convenience/grocery shop (not Inn/Vet/Sports/bus/Easy Save); contactless/store narrative
83166,morr boroughbridge,Morr Boroughbridge,21.78,debit,unclassified_other,groceries,Plaid truncates MORRISONS to Morr + town
83334,premier meadow head,PREMIER MEADOW HEA,1.1,debit,unclassified_other,groceries,Premier symbol-group convenience/grocery shop (not Inn/Vet/Sports/bus/Easy Save); contactless/store narrative
83434,linkside premier store,Linkside Premier S,13.1,debit,unclassified_other,groceries,Premier symbol-group convenience/grocery shop (not Inn/Vet/Sports/bus/Easy Save); contactless/store narrative
83442,evyve services,EVYVE SERVICES,21.96,debit,unclassified_other,fuel,evyve is a UK public EV rapid-charging network; BP Pulse is already fuel in the dictionary
83507,dott scooter,Dott scooter bill,2.25,debit,taxi_rideshare,bicycle,Dott shared e-scooters (same micromobility leaf as Lime)
83510,dike and son ltd,6296 15AUG25 C    DIKE AND SON LTD  STALBRIDGE GB,2.69,debit,unclassified_other,groceries,Award-winning independent supermarket in Stalbridge (Nisa partner); description is a card spend there
83571,4 rides,Lime*ride 4qmp,18.85,debit,taxi_rideshare,bicycle,Lime e-bike/e-scooter ride or pass (not taxi)
83702,fish's premier store,Fish's Premier Store,8.16,debit,unclassified_other,groceries,Premier symbol-group convenience/grocery shop (not Inn/Vet/Sports/bus/Easy Save); contactless/store narrative
83765,premier cayton,Premier Cayton,41.27,debit,unclassified_other,groceries,Premier symbol-group convenience/grocery shop (not Inn/Vet/Sports/bus/Easy Save); contactless/store narrative
83814,morr sittingbourne,MORR SITTINGBOURNE  ON 31 JUL BCC,20.02,debit,unclassified_other,groceries,Plaid truncates MORRISONS to Morr + town
83827,gdk winchester,GDK WINCHESTER,6.58,debit,unclassified_other,takeaway,German Doner Kebab
83932,morr coventry binley,Morr Coventry Binley,13.29,debit,unclassified_other,groceries,Plaid truncates MORRISONS to Morr + town
84079,morr rotherham,Morr Rotherham Parkgat,0.79,debit,unclassified_other,groceries,Plaid truncates MORRISONS to Morr + town
84096,morr wisbech,Morr Wisbech,3,debit,unclassified_other,groceries,Plaid truncates MORRISONS to Morr + town
84120,morr neath,MORR NEATH,20.33,debit,unclassified_other,groceries,Plaid truncates MORRISONS to Morr + town
84283,quay street premier,Quay Street Premier,7.17,debit,unclassified_other,groceries,Premier symbol-group convenience/grocery shop (not Inn/Vet/Sports/bus/Easy Save); contactless/store narrative
84385,holafly limited,Holafly Limited,1.5,debit,unclassified_other,mobile_phone_contract,Holafly sells prepaid travel eSIM mobile-data plans (Dublin card descriptor)
84710,yourbusinessnumber,Yourbusinessnumber,43.13,debit,unclassified_other,web_services,"YourBusinessNumber sells virtual WhatsApp/phone numbers, not email; web_services (comms infra) fits better than email_services"
84847,morr middlesboroug,MORR MIDDLESBOROUG,30.01,debit,unclassified_other,groceries,Plaid truncates MORRISONS to Morr + town
84851,tjmorrisltd,Tjmorrisltd,0.65,debit,unclassified_other,discount_store,T.J. Morris Limited is Home Bargains; dictionary already maps home bargains to discount_store.
84918,premier west end sabertawe,Premier West End SAbertawe,20.58,debit,unclassified_other,groceries,Premier symbol-group convenience/grocery shop (not Inn/Vet/Sports/bus/Easy Save); contactless/store narrative
84936,htcard.co.u,1424 09AUG25      WWW.BLUELIG       HTCARD.CO.U       COSSINGTON GB,4.99,debit,unclassified_other,memberships,WWW.BLUELIG HTCARD.CO.U Cossington is Blue Light Card Ltd (discount membership card for NHS/frontline workers).
84969,morr middles borough,Morr Middlesborough,53.62,debit,unclassified_other,groceries,Plaid truncates MORRISONS to Morr + town
85005,morr wetherby,MORR WETHERBY,6.83,debit,pet_supplies,groceries,Plaid truncates MORRISONS to Morr + town; Wetherby Morrisons
85038,sutton stores premier exp,SUTTON STORES PREM,3,debit,unclassified_other,groceries,Premier symbol-group convenience/grocery shop (not Inn/Vet/Sports/bus/Easy Save); contactless/store narrative
85136,brandon street premier,Brandon Street Premie Brandon Street Premier,1.5,debit,unclassified_other,groceries,Premier symbol-group convenience/grocery shop (not Inn/Vet/Sports/bus/Easy Save); contactless/store narrative
85247,oposlimited,WWW.OPOSLIMITED.CO,8,debit,unclassified_other,debt_collection,www.oposlimited.com is Opos Limited
85267,morr weymouth,MORR WEYMOUTH,25.43,debit,unclassified_other,groceries,Plaid truncates MORRISONS to Morr + town
85321,rundle & co ltd,RUNDLE & CO LTD PI2299015027879991,150,debit,unclassified_other,debt_enforcement,Rundle & Co Ltd (Rundles) are certificated enforcement agents collecting council tax and other debts
85341,instantly,Instantly,7.69,debit,unclassified_other,software,"Instantly.ai cold-email / sales software, not a generic merchant"
85553,morr leeds,Morr Leeds Yeadon,57.04,debit,unclassified_other,groceries,Plaid truncates MORRISONS to Morr + town
85560,yollacalls,www.yollacalls.com,5.96,debit,unclassified_other,software,"Yolla is an OTT/VoIP international calling app (yollacalls.com), same class as Rebtel; not a UK mobile-network contract"
85656,a.saily,a.saily A.Saily,26.87,debit,unclassified_other,mobile_phone_contract,Saily (Nord Security) is a prepaid travel eSIM data app; Apple Pay USD amounts match international eSIM top-ups
85810,pass gpa,LIME*PASS GPA3,3.99,debit,unclassified_other,bicycle,Lime e-bike/e-scooter ride or pass (not taxi)
85885,gdk winchester,GDK WINCHESTER,3.79,debit,unclassified_other,takeaway,German Doner Kebab
86256,morr catcliffe,MORR CATCLIFFE  ON 09 AUG BCC,20,debit,pub_bar,groceries,Plaid truncates MORRISONS to Morr + town; Catcliffe Morrisons
86310,morr coventry binley,Morr Coventry Binley,26.61,debit,unclassified_other,groceries,Plaid truncates MORRISONS to Morr + town
86340,morr bradford thornbu,MORR BRADFORD -THO,22.52,debit,unclassified_other,groceries,Plaid truncates MORRISONS to Morr + town
86361,sutton stores premier exp,SUTTON STORES PREM,3,debit,unclassified_other,groceries,Premier symbol-group convenience/grocery shop (not Inn/Vet/Sports/bus/Easy Save); contactless/store narrative
86364,select & save ltd,PPOINT_*SELECT & S,11,debit,unclassified_other,groceries,Select & Save is a UK convenience symbol group (same treatment as Spar/Nisa/Premier/Londis)
86564,oposlimited,www.oposlimited.com,34.12,debit,unclassified_other,debt_collection,www.oposlimited.com is Opos Limited
86565,morr morpeth,MORR MORPETH  ON 03 SEP CLP,40,debit,unclassified_other,groceries,Plaid truncates MORRISONS to Morr + town
86590,tony's food store chp,Tony's Food Store Chp,10.9,debit,unclassified_other,groceries,Descriptor is a named food store; grocery retail is unambiguous.
86597,morr yeovil,Contactless Payment MORR YEOVIL APPLEPAY 0825,25.3,debit,unclassified_other,groceries,Plaid truncates MORRISONS to Morr + town
86666,c gdk,1603 08SEP25 C    GDK BEDFORD       BEDFORD MK40 GB,4.98,debit,unclassified_other,takeaway,German Doner Kebab
86778,indeed iei,Indeed Iei25-01418480,370.1,debit,unclassified_other,advertising_services,Indeed IEI job-ad invoices; sibling online job ads indeed is advertising_services
86911,bilal superstore cheadle,Bilal Superstore C,4.17,debit,unclassified_other,groceries,Named superstore in Cheadle; supermarket/grocery retail is unambiguous
86994,morr newcastle upon ty,MORR NEWCASTLE UPO,20.02,debit,unclassified_other,groceries,Plaid truncates MORRISONS to Morr + town
87348,morr peterborough,MORR PETERBOROUGH,53,debit,unclassified_other,groceries,Plaid truncates MORRISONS to Morr + town
87733,wilkins & pye ltd,WILKINS & PYE LTD  ON 11 SEP CPM,6.6,debit,unclassified_other,pub_bar,Wilkins & Pye is a CAMRA-listed micropub in Longton (SIC 56302 public houses and bars).
87949,midland bluebird ltd,Midland Bluebird L,3.95,debit,unclassified_other,public_transport_rail_coach,McGill's Midland Bluebird is a well-known central Scotland bus operator (Falkirk/Stirling/Edinburgh)
87969,jeni and js premier,JENI AND JS PREMIE,35,debit,unclassified_other,groceries,Premier symbol-group convenience/grocery shop (not Inn/Vet/Sports/bus/Easy Save); contactless/store narrative
87988,morr fleet fleet,MORR FLEET        FLEET,3.34,debit,unclassified_other,groceries,Plaid truncates MORRISONS to Morr + town
88258,wayfairer premier,Wayfairer Premier,4.69,debit,unclassified_other,groceries,Premier symbol-group grocer (taxonomy: Spar/Nisa/Londis/Premier → groceries)
88448,argylesatellite.co,ARGYLESATELLITE.CO  ON 05 JUL CPM ARGYLESATELLITE.CO.UK,10.45,debit,unclassified_other,taxi_rideshare,argylesatellite.co.uk is Argyle Satellite Taxis Wirral private hire
88523,zapmail, Zapmail,22.41,debit,unclassified_other,email_services,Zapmail is mailbox/email infrastructure (Google Workspace outreach mailboxes)
88527,morr strood,Contactless Payment MORR STROOD APPLEPAY 3209,15.03,debit,unclassified_other,groceries,Plaid truncates MORRISONS to Morr + town
88645,premier harboroug,PPOINT_*PREMIER HA,13.5,debit,unclassified_other,groceries,Premier symbol-group grocer (taxonomy: Spar/Nisa/Londis/Premier → groceries)
88746,ipayimpact.co.edinburgh,VMS*iPayimpact.co.Edinburgh,10,debit,unclassified_other,education_general,iPayimpact is the school meals/trips/uniform payment app; ipayimpact.co.uk already human-reviewed as school_fees.
88763,highlevel inc.,HIGHLEVEL INC. Highlevel Inc.,184.95,debit,unclassified_other,software,GoHighLevel/HighLevel Inc is a well-known CRM/marketing SaaS subscription.
88955,morr kirkcaldy,MORR KIRKCALDY,20.06,debit,unclassified_other,groceries,Plaid truncates MORRISONS to Morr + town
88968,premier store cd,Premier Store CD 9399,1.99,debit,unclassified_other,groceries,Premier symbol-group convenience/grocery shop (not Inn/Vet/Sports/bus/Easy Save); contactless/store narrative
89288,morr great harwood,MORR GREAT HARWOOD,10.95,debit,unclassified_other,groceries,Plaid truncates MORRISONS to Morr + town
89326,2 rides whbu,LIME*2 RIDES WHBU,3.32,debit,taxi_rideshare,bicycle,Lime e-bike/e-scooter ride or pass (not taxi)
89472,psi services uk ltd,PSI SERVICES UK LT  ON 16 JUL BCC PSI SERVICES  UK  LTD,50,debit,unclassified_other,education_general,PSI Services (UK) Ltd is the Home Office exam contractor for Life in the UK and SELT tests.
89605,the saxon premier,THE SAXON PREMIER,1.75,debit,unclassified_other,groceries,Premier symbol-group grocer (taxonomy: Spar/Nisa/Londis/Premier → groceries)
89796,mccoll s travel ltd,McColl s Travel Lt,2.25,debit,unclassified_other,public_transport_rail_coach,McColl's Travel Ltd is the Dumbarton family bus and coach operator (mccolls.org.uk).
89817,morr boroughbridge,MORR BOROUGHBRIDGE,26.7,debit,unclassified_other,groceries,Plaid truncates MORRISONS to Morr + town
90057,highlevel inc.,HIGHLEVEL INC. Highlevel Inc.,36.97,debit,unclassified_other,software,GoHighLevel/HighLevel Inc is a well-known CRM/marketing SaaS subscription.
90150,d lime,3396 12AUG25  D   LIME*RIDE 4G47    LONDON GB,6,debit,taxi_rideshare,bicycle,Lime e-bike/e-scooter ride or pass (not taxi)
90188,morr bolton dawes,Morr Bolton Dawes,12.5,debit,unclassified_other,groceries,Plaid truncates MORRISONS to Morr + town
90322,morr hartlepool,MORR HARTLEPOOL,21.14,debit,unclassified_other,groceries,Plaid truncates MORRISONS to Morr + town
90356,premier tywyn stortywyn,Premier Tywyn StorTywyn,2.69,debit,unclassified_other,groceries,Premier symbol-group convenience/grocery shop (not Inn/Vet/Sports/bus/Easy Save); contactless/store narrative
90373,morr cardiff tyglass,MORR CARDIFF TYGLA,10.08,debit,unclassified_other,groceries,Plaid truncates MORRISONS to Morr + town
90457,brandon street premier,Brandon Street Pre,40,debit,unclassified_other,groceries,Premier symbol-group convenience/grocery shop (not Inn/Vet/Sports/bus/Easy Save); contactless/store narrative
90677,south bank service,South Bank Service,19.3,debit,unclassified_other,fuel,South Bank Services is the Jet petrol filling station on Ferriby Road
90730,morr middlesboroug,MORR MIDDLESBOROUG,44.39,debit,unclassified_other,groceries,Plaid truncates MORRISONS to Morr + town
90748,tony's food store chp,Tony's Food Store Chp,6.89,debit,unclassified_other,groceries,Descriptor is a named food store; grocery retail is unambiguous.
90764,morr bredbury,MORR BREDBURY,13.94,debit,unclassified_other,groceries,Plaid truncates MORRISONS to Morr + town
90962,morr rochdale,MORR ROCHDALE  ON 02 AUG CPM,30.46,debit,unclassified_other,groceries,Plaid truncates MORRISONS to Morr + town
91025,dike and son ltd,6296 13AUG25 C    DIKE AND SON LTD  STALBRIDGE GB,6.2,debit,unclassified_other,groceries,Award-winning independent supermarket in Stalbridge (Nisa partner); description is a card spend there
91033,lapitza.restajet,Lapitza.restajet.com,26.7,debit,unclassified_other,takeaway,Lapitza / La Pitza on Restajet is a Rotherham pizza/kebab takeaway with delivery.
91146,dott scooter,Dott scooter bill,2.25,debit,taxi_rideshare,bicycle,Dott shared e-scooters (same micromobility leaf as Lime)
91191,morr haverfordwest,MORR HAVERFORDWESTHAVERFORDWEST,16.64,debit,unclassified_other,groceries,Plaid truncates MORRISONS to Morr + town
91201,morr rochdale,MORR ROCHDALE  ON 14 AUG BCC,20,debit,unclassified_other,groceries,Plaid truncates MORRISONS to Morr + town
91293,argylesatellite.co,ARGYLESATELLITE.CO  ON 11 JUL CPM ARGYLESATELLITE.CO.UK,7.9,debit,unclassified_other,taxi_rideshare,argylesatellite.co.uk is Argyle Satellite Taxis Wirral private hire
91387,cd gdk,2595 07AUG25 CD   GDK CHELMSFORD    CHELMSFORD CM GB,11.87,debit,unclassified_other,takeaway,German Doner Kebab
91541,pass thx,LIME*PASS THX7,3.99,debit,unclassified_other,bicycle,Lime e-bike/e-scooter ride or pass (not taxi)
91563,morr bradford thornbu,MORR BRADFORD -THO,10,debit,unclassified_other,groceries,Plaid truncates MORRISONS to Morr + town
91623,greenbank service st,Greenbank Service St,7.7,debit,unclassified_other,fuel,Greenbank Service Station is a Circle K petrol forecourt
91661,morr bathgate,Morr Bathgate,11.5,debit,unclassified_other,groceries,Plaid truncates MORRISONS to Morr + town
91742,morr great harwood,MORR GREAT HARWOOD,19.02,debit,unclassified_other,groceries,Plaid truncates MORRISONS to Morr + town
91754,morr bradford thornbu,MORR BRADFORD -THO,10,debit,unclassified_other,groceries,Plaid truncates MORRISONS to Morr + town
91853,morr wetherby,MORR WETHERBY Morr Wetherby,35.28,debit,pet_supplies,groceries,Plaid truncates MORRISONS to Morr + town; Wetherby Morrisons
92006,ipayimpact.co.edinburgh,VMS*iPayimpact.co.Edinburgh,3,debit,unclassified_other,education_general,iPayimpact is the school meals/trips/uniform payment app; ipayimpact.co.uk already human-reviewed as school_fees.
92059,morr brough,MORR BROUGH  ON 18 AUG BCC,40.01,debit,unclassified_other,groceries,Plaid truncates MORRISONS to Morr + town
92218,gdk loughborough,GDK LOUGHBOROUGH,10.18,debit,unclassified_other,takeaway,German Doner Kebab
92255,warner bros. studio,WARNERBROS STUDIOS  ON 14 OCT CLP Warner Bros. Studio,4.2,debit,unclassified_other,days_out,Warner Bros. Studio Tour London (Making of Harry Potter) attraction tickets
92279,c premier,4399 25JUL25 C    PREMIER           OLDHAM GB,4.44,debit,unclassified_other,groceries,Premier symbol-group grocer (taxonomy: Spar/Nisa/Londis/Premier → groceries)
92322,g.w.r.s.a. clu,SumUp  *G.W.R.S.A.,3.7,debit,unclassified_other,private_members_club,G.W.R.S.A. is the Great Western Railway Staff Association social club (members' bar); SumUp tap at the club.
92405,high street premier,High Street Premie,2.4,debit,unclassified_other,groceries,Premier symbol-group convenience/grocery shop (not Inn/Vet/Sports/bus/Easy Save); contactless/store narrative
92433,visioncraft ltd,PENDING VISIONCRAFT LTD,21.59,debit,unclassified_other,optician,Visioncraft is an independent NHS optician in Birmingham (visioncraft.co.uk)
92466,leslie premier,Contactless Payment LESLIE PREMIER 2025-08-10,6.36,debit,unclassified_other,groceries,Premier symbol-group convenience/grocery shop (not Inn/Vet/Sports/bus/Easy Save); contactless/store narrative
92472,morr hartlepool belle,MORR HARTLEPOOL BE,11.88,debit,unclassified_other,groceries,Plaid truncates MORRISONS to Morr + town
92578,morr whitefield,MORR WHITEFIELD  ON 07 JUN CLP,45.54,debit,unclassified_other,groceries,Plaid truncates MORRISONS to Morr + town
92810,premier garthdee cd,Premier Garthdee CD 1276,3.44,debit,unclassified_other,groceries,Premier symbol-group convenience/grocery shop (not Inn/Vet/Sports/bus/Easy Save); contactless/store narrative
92917,rundle & co ltd,RUNDLE & CO LTD PI2556517877390955,150,debit,unclassified_other,debt_enforcement,Rundle & Co Ltd (Rundles) are certificated enforcement agents collecting council tax and other debts
93004,morr tavistock,MORR TAVISTOCK,88.5,debit,unclassified_other,groceries,Plaid truncates MORRISONS to Morr + town
93101,visioncraft ltd,PENDING VISIONCRAFT LTD,21.57,debit,unclassified_other,optician,Visioncraft is an independent NHS optician in Birmingham (visioncraft.co.uk)
93155,modular fs limited,Modulr FS account - Wallet Top Up Modular FS Limited - SortCodeAccountNumber: 04008506211208,5000,debit,unclassified_other,payment_intermediary,Modulr FS wallet top-up; UK payment-processing platform (same leaf as other wallet/PSP top-ups).
93179,premier express,Contactless Payment Premier Express APPLEPAY 3292,11.99,debit,unclassified_other,groceries,Premier symbol-group convenience/grocery shop (not Inn/Vet/Sports/bus/Easy Save); contactless/store narrative
93201,morr basingstoke,Visa purchase MORR BASINGSTOKE,38.72,debit,unclassified_other,groceries,Plaid truncates MORRISONS to Morr + town
93207,premier union street,PREMIER UNION STRE,0.69,debit,unclassified_other,groceries,Premier symbol-group convenience/grocery shop (not Inn/Vet/Sports/bus/Easy Save); contactless/store narrative
93335,dixon lane premier,DIXON LANE PREMIER,4.5,debit,unclassified_other,groceries,Premier symbol-group convenience/grocery shop (not Inn/Vet/Sports/bus/Easy Save); contactless/store narrative
93341,credit engine,CREDIT ENGINE 4156,19.99,debit,unclassified_other,credit_reporting_service,Credit Engine (Credit Technologies) paid TransUnion/Equifax score membership
93400,premier dukinf,Premier Dukinf,9.99,debit,unclassified_other,groceries,Premier symbol-group convenience/grocery shop (not Inn/Vet/Sports/bus/Easy Save); contactless/store narrative
93718,morr bradford enterpri,Morr Bradford Enterpri,20.04,debit,unclassified_other,groceries,Plaid truncates MORRISONS to Morr + town
93821,the saxon premier,The Saxon Premier,8.78,debit,unclassified_other,groceries,Premier symbol-group grocer (taxonomy: Spar/Nisa/Londis/Premier → groceries)
93897,morr brough,MORR BROUGH  ON 07 SEP BCC,10,debit,unclassified_other,groceries,Plaid truncates MORRISONS to Morr + town
93968,premier broad,"PREMIER BROADFIELD (VIA APPLE PAY), ON 04-09-2025",1.49,debit,unclassified_other,groceries,Premier symbol-group convenience/grocery shop (not Inn/Vet/Sports/bus/Easy Save); contactless/store narrative
94069,morr barry,Morr Barry,3,debit,unclassified_other,groceries,Plaid truncates MORRISONS to Morr + town
94216,premier cayton,Premier Cayton,15.54,debit,unclassified_other,groceries,Premier symbol-group convenience/grocery shop (not Inn/Vet/Sports/bus/Easy Save); contactless/store narrative
94243,apollo.io,APOLLO.IO USA AMOUNT IN USD 147.00 ON 13 JUL VISA 1.3479 FINAL GBP AMOUNT INCLUDES NON-STERLING TRANS FEE £3.00 ,112.06,debit,unclassified_other,software,Apollo.io is a well-known B2B sales CRM/prospecting SaaS (pro app; USD charges on the sample)
94467,morr stranraer,Contactless Payment MORR STRANRAER,11.28,debit,unclassified_other,groceries,Plaid truncates MORRISONS to Morr + town
94545,premier tye stores,PREMIER TYE STORES,5.6,debit,unclassified_other,groceries,Premier symbol-group convenience/grocery shop (not Inn/Vet/Sports/bus/Easy Save); contactless/store narrative
94617,evyve services,EVYVE SERVICES,25.98,debit,unclassified_other,fuel,evyve is a UK public EV rapid-charging network; BP Pulse is already fuel in the dictionary
94631,high street premier,Contactless Payment High Street Premier APPLEPAY 6150,3.37,debit,unclassified_other,groceries,Premier symbol-group convenience/grocery shop (not Inn/Vet/Sports/bus/Easy Save); contactless/store narrative
94746,premier freche,PREMIER FRECHEVILLSHEFFIELD S12,13.58,debit,unclassified_other,groceries,Premier symbol-group convenience/grocery shop (not Inn/Vet/Sports/bus/Easy Save); contactless/store narrative
94800,premier greenfield sto,Premier Greenfield Sto,4.89,debit,unclassified_other,groceries,Premier symbol-group convenience/grocery shop (not Inn/Vet/Sports/bus/Easy Save); contactless/store narrative
94920,icarsltd,WWW.ICARSLTD.COM  ON 27 AUG CPM,52.5,debit,unclassified_other,taxi_rideshare,Descriptor is www.icarsltd.com — iCars Taxis Burton (SIC taxi operation)
95189,d lime,7910 20AUG25  D   LIME*RIDE WQXN    LONDON GB,2.92,debit,taxi_rideshare,bicycle,Lime e-bike/e-scooter ride or pass (not taxi)
95295,premier dukinf,Premier Dukinf,29.56,debit,unclassified_other,groceries,Premier symbol-group convenience/grocery shop (not Inn/Vet/Sports/bus/Easy Save); contactless/store narrative
95302,morr bredbury,MORR BREDBURY  ON 25 AUG CPM,30.03,debit,unclassified_other,groceries,Plaid truncates MORRISONS to Morr + town
95320,premier greenfield sto,Premier Greenfield Sto,4.89,debit,unclassified_other,groceries,Premier symbol-group convenience/grocery shop (not Inn/Vet/Sports/bus/Easy Save); contactless/store narrative
95384,morr kirkby,MORR KIRKBY,20,debit,unclassified_other,groceries,Plaid truncates MORRISONS to Morr + town
95476,a.saily,"A.SAILY (VIA APPLE PAY), 3.99 USD RATE 0.7393/GBP, ON 13-06-2025",2.95,debit,unclassified_other,mobile_phone_contract,Saily (Nord Security) is a prepaid travel eSIM data app; Apple Pay USD amounts match international eSIM top-ups
95655,d lime,6779 21JUN25  D   LIME*RIDE 4L5P    LONDON GB,4.64,debit,taxi_rideshare,bicycle,Lime e-bike/e-scooter ride or pass (not taxi)
95742,aspit direz. uscita,ASPIT DIREZ. USCIT,1.65,debit,unclassified_other,tolls,ASPIT DIREZ. USCITA is Autostrade per l'Italia motorway exit toll
95764,morr eccles,MORR ECCLES CD 2566,21.65,debit,unclassified_other,groceries,Plaid truncates MORRISONS to Morr + town
95843,bon bon premier,Bon Bon Premier,3.99,debit,unclassified_other,groceries,Premier symbol-group convenience/grocery shop (not Inn/Vet/Sports/bus/Easy Save); contactless/store narrative
95851,premier west end sabertawe,Premier West End SAbertawe,4.09,debit,unclassified_other,groceries,Premier symbol-group convenience/grocery shop (not Inn/Vet/Sports/bus/Easy Save); contactless/store narrative
95968,metric group ltd,Metric Group Ltd,4,debit,unclassified_other,car_parking,Metric Group Ltd makes UK pay-and-display parking terminals; contactless Metric Group Ltd is parking at the machine.
95973,evyve services,EVYVE SERVICES,21.85,debit,unclassified_other,fuel,evyve is a UK public EV rapid-charging network; BP Pulse is already fuel in the dictionary
96001,beatport llc.,BEATPORT LLC. Beatport Llc.,5.59,debit,unclassified_other,music_other,Beatport is the well-known DJ/electronic music download store (not Spotify-style consumer streaming).
96105,canvauk,CARD PAYMENT TO PAYPAL *CANVAUK ON 23-07-2025,13,debit,unclassified_other,software,PAYPAL *CANVAUK is Canva UK; sibling canva is software
96699,zapmail, Zapmail,15.52,debit,unclassified_other,email_services,Zapmail is mailbox/email infrastructure (Google Workspace outreach mailboxes)
96791,morr great harwood,MORR GREAT HARWOOD,20.02,debit,unclassified_other,groceries,Plaid truncates MORRISONS to Morr + town
96800,human forest,Human Forest,5,debit,unclassified_other,bicycle,HumanForest / Forest London e-bike hire
96820,morr beccles,MORR BECCLES  ON 21 AUG CPM,11.99,debit,unclassified_other,groceries,Plaid truncates MORRISONS to Morr + town
96835,morr banchory,MORR BANCHORY CD 3675,14.58,debit,unclassified_other,groceries,Plaid truncates MORRISONS to Morr + town
96861,morr tavistock,MORR TAVISTOCK,74.82,debit,unclassified_other,groceries,Plaid truncates MORRISONS to Morr + town
96933,mccoll s travel ltd,McColl s Travel Lt,2.6,debit,unclassified_other,public_transport_rail_coach,McColl's Travel Ltd is the Dumbarton family bus and coach operator (mccolls.org.uk).
96988,morr farnborough,MORR FARNBOROUGH SOUTH Morr Farnborough South,3,debit,unclassified_other,groceries,Plaid truncates MORRISONS to Morr + town
97054,greenbank service st,Greenbank Service St )))),4.6,debit,unclassified_other,fuel,Greenbank Service Station is a Circle K petrol forecourt
97133,morr dukinfield,MORR DUKINFIELD  ON 08 AUG CPM,5,debit,unclassified_other,groceries,Plaid truncates MORRISONS to Morr + town
97148,high street premier,High Street Premie,1.69,debit,unclassified_other,groceries,Premier symbol-group convenience/grocery shop (not Inn/Vet/Sports/bus/Easy Save); contactless/store narrative
97307,morr morpeth,MORR MORPETH  ON 10 SEP CLP,40,debit,unclassified_other,groceries,Plaid truncates MORRISONS to Morr + town
97340,morr weymouth,MORR WEYMOUTH  ON 30 AUG CLP,33,debit,unclassified_other,groceries,Plaid truncates MORRISONS to Morr + town
97458,morr knottingley,MORR KNOTTINGLEY Morr Knottingley,11.67,debit,unclassified_other,groceries,Plaid truncates MORRISONS to Morr + town
97540,gdk canary wharf,GDK CANARY WHARF,7.44,debit,unclassified_other,takeaway,German Doner Kebab
97584,fam premier ltd,FAM PREMIER LTD  ON 26 JUN CPM,3.37,debit,unclassified_other,groceries,Premier symbol-group convenience/grocery shop (not Inn/Vet/Sports/bus/Easy Save); contactless/store narrative
97895,morr ilkeston,Morr Ilkeston,2.29,debit,unclassified_other,groceries,Plaid truncates MORRISONS to Morr + town
97927,cd gdk,0386 03JUL25 CD   GDK PETERBOROUGH  PETERBOROUGH GB,15.87,debit,unclassified_other,takeaway,German Doner Kebab
98197,morr morecambe,MORR MORECAMBE CD 0089,10.01,debit,unclassified_other,groceries,Plaid truncates MORRISONS to Morr + town
98322,morr redditch,MORR REDDITCH  ON 29 JUL CPM,3.99,debit,unclassified_other,groceries,Plaid truncates MORRISONS to Morr + town
98356,lifecafe at life time,4632 03AUG25      LIFETIME LEGAL    CAMBERLEY GB,7.99,debit,unclassified_other,legal_services,"Narrative is Lifetime Legal (wills), not a cafe"
98495,premier harboroug,PPOINT_*PREMIER HA,12.5,debit,unclassified_other,groceries,Premier symbol-group grocer (taxonomy: Spar/Nisa/Londis/Premier → groceries)
98681,premier greenfield sto,Premier Greenfield Sto,13.89,debit,unclassified_other,groceries,Premier symbol-group convenience/grocery shop (not Inn/Vet/Sports/bus/Easy Save); contactless/store narrative
98857,cder group limited.,CDER GROUP LIMITED,35,debit,unclassified_other,debt_enforcement,CDER Group is a UK bailiff/enforcement agency (council tax
98932,morr hull,MORR HULL,32.38,debit,unclassified_other,groceries,Plaid truncates MORRISONS to Morr + town
98941,morr fakenham,MORR FAKENHAM,50.02,debit,unclassified_other,groceries,Plaid truncates MORRISONS to Morr + town
99088,premier englefieldgr,2155 14SEP25 CD   PREMIER ENGLEFIELDGR                EGHAM GB,23.92,debit,unclassified_other,groceries,Premier symbol-group convenience/grocery shop (not Inn/Vet/Sports/bus/Easy Save); contactless/store narrative
99134,morr ilkeston,MORR ILKESTON,17.39,debit,unclassified_other,groceries,Plaid truncates MORRISONS to Morr + town
99163,gdk borough,GDK BOROUGH,14.25,debit,government_services,takeaway,German Doner Kebab
99168,premier grays,PREMIER           GRAYS,1.49,debit,unclassified_other,groceries,Premier symbol-group convenience/grocery shop (not Inn/Vet/Sports/bus/Easy Save); contactless/store narrative
99634,premier meadow head,PREMIER MEADOW HEA,1,debit,unclassified_other,groceries,Premier symbol-group convenience/grocery shop (not Inn/Vet/Sports/bus/Easy Save); contactless/store narrative
99670,morr blackpool,MORR BLACKPOOL  ON 01 SEP CPM,20.02,debit,unclassified_other,groceries,Plaid truncates MORRISONS to Morr + town
99685,morr stevenston,Morr Stevenston,15,debit,unclassified_other,groceries,Plaid truncates MORRISONS to Morr + town
99876,morr worksop,MORR WORKSOP  ON 31 JUL CPM,29,debit,unclassified_other,groceries,Plaid truncates MORRISONS to Morr + town
99941,metric group ltd,Contactless Payment METRIC GROUP LTD 2025-08-17,1,debit,unclassified_other,car_parking,Metric Group Ltd makes UK pay-and-display parking terminals; contactless Metric Group Ltd is parking at the machine.
99951,morr kirkby,MORR KIRKBY,0.99,debit,unclassified_other,groceries,Plaid truncates MORRISONS to Morr + town
99970,psi services uk ltd,PSI SERVICES  UK,50,debit,unclassified_other,education_general,PSI Services (UK) Ltd is the Home Office exam contractor for Life in the UK and SELT tests.
100122,2 rides whbu,LIME*2 RIDES WHBU,6.35,debit,taxi_rideshare,bicycle,Lime e-bike/e-scooter ride or pass (not taxi)
100173,ride dvsk,Lime*ride Dvsk,1.44,debit,taxi_rideshare,bicycle,Lime e-bike/e-scooter ride or pass (not taxi)
100286,kanes premier,Kanes Premier,38.82,debit,unclassified_other,groceries,Premier symbol-group convenience/grocery shop (not Inn/Vet/Sports/bus/Easy Save); contactless/store narrative
100383,morr barry,Morr Barry,3.09,debit,unclassified_other,groceries,Plaid truncates MORRISONS to Morr + town
100436,morr west kirby,MORR WEST KIRBY CD 6344    27SEP25,19.01,debit,unclassified_other,groceries,Plaid truncates MORRISONS to Morr + town
100500,instantly,Visa purchase INSTANTLY USD 37.00000 at 1.3223 4742,27.98,debit,unclassified_other,software,"Instantly.ai cold-email / sales software, not a generic merchant"
100599,morr hartlepool belle,MORR HARTLEPOOL BELLE Morr Hartlepool Belle,10,debit,unclassified_other,groceries,Plaid truncates MORRISONS to Morr + town
100605,fam premier ltd,FAM PREMIER LTD,1.79,debit,unclassified_other,groceries,Premier symbol-group convenience/grocery shop (not Inn/Vet/Sports/bus/Easy Save); contactless/store narrative
100624,kofcomps ltd,KOFCOMPS LTD,2.49,debit,unclassified_other,prize_competitions,Kofcomps Ltd trades as King of Comps (kingofcomps.co.uk) — paid prize-draw tickets with a free postal route
100641,ipayimpact.co.edinburgh,VMS*iPayimpact.co.Edinburgh,6.5,debit,unclassified_other,education_general,iPayimpact is the school meals/trips/uniform payment app; ipayimpact.co.uk already human-reviewed as school_fees.
100683,wilkins & pye ltd,WILKINS & PYE LTD  ON 11 JUL CPM,4.4,debit,unclassified_other,pub_bar,Wilkins & Pye is a CAMRA-listed micropub in Longton (SIC 56302 public houses and bars).
100761,morr basingstoke,PENDING MORR BASINGSTOKE,34.13,debit,unclassified_other,groceries,Plaid truncates MORRISONS to Morr + town
101032,premier union stre,Premier Union Stre,16.35,debit,unclassified_other,groceries,Premier symbol-group convenience/grocery shop (not Inn/Vet/Sports/bus/Easy Save); contactless/store narrative
101154,morr st andrews,MORR ST ANDREWS,30.01,debit,unclassified_other,groceries,Plaid truncates MORRISONS to Morr + town
101158,g.w.r.s.a. clu,SumUp  *G.W.R.S.A.,3.7,debit,unclassified_other,private_members_club,G.W.R.S.A. is the Great Western Railway Staff Association social club (members' bar); SumUp tap at the club.
101280,highlevel inc.,HIGHLEVEL INC. Highlevel Inc.,186.57,debit,unclassified_other,software,GoHighLevel/HighLevel Inc is a well-known CRM/marketing SaaS subscription.
101291,fam premier ltd,FAM PREMIER LTD  ON 02 SEP CPM,4.67,debit,unclassified_other,groceries,Premier symbol-group convenience/grocery shop (not Inn/Vet/Sports/bus/Easy Save); contactless/store narrative
101341,morr ellesmere,Morr Ellesmere Port,22.38,debit,unclassified_other,groceries,Plaid truncates MORRISONS to Morr + town
101566,ride dvsk,Lime*ride Dvsk,1.66,debit,taxi_rideshare,bicycle,Lime e-bike/e-scooter ride or pass (not taxi)
101605,s a premier cd,S A PREMIER CD 5694,14.08,debit,unclassified_other,groceries,Premier symbol-group convenience/grocery shop (not Inn/Vet/Sports/bus/Easy Save); contactless/store narrative
101649,rundle and co ltd,Rundle And Co Ltd,50,debit,unclassified_other,debt_enforcement,Rundles (Rundle & Co) are certificated enforcement agents/bailiffs for council tax and similar debts
101748,morr jarrow,MORR JARROW  ON 31 JUL CPM,60.01,debit,unclassified_other,groceries,Plaid truncates MORRISONS to Morr + town
101752,premier freche,PREMIER FRECHEVILLSHEFFIELD S12,8.49,debit,unclassified_other,groceries,Premier symbol-group convenience/grocery shop (not Inn/Vet/Sports/bus/Easy Save); contactless/store narrative
101770,htcard.co.u,5017 21AUG25      WWW.BLUELIG       HTCARD.CO.U       COSSINGTON GB,4.99,debit,unclassified_other,memberships,WWW.BLUELIG HTCARD.CO.U Cossington is Blue Light Card Ltd (discount membership card for NHS/frontline workers).
101988,morr berwick upon twee,MORR BERWICK UPON,40,debit,unclassified_other,groceries,Plaid truncates MORRISONS to Morr + town
102065,blink network b.v,Blink Network B.V,30,debit,unclassified_other,fuel,Blink Network B.V. bills UK EV charging sessions; production labels ChargePoint/Instavolt/BP Pulse/Electroverse as fuel.
102110,morr warrington,Visa purchase MORR WARRINGTON,20.86,debit,unclassified_other,groceries,Plaid truncates MORRISONS to Morr + town
102177,premier arlington,PREMIER ARLINGTON  ON 22 JUN CPM,10.39,debit,unclassified_other,groceries,Premier symbol-group convenience/grocery shop (not Inn/Vet/Sports/bus/Easy Save); contactless/store narrative
102331,zippa loans,Zippa Loans,13.37,debit,personal_loan_repayment,payday_loan,"Skyline Direct high-cost short-term credit, not a personal loan"
102357,premier englefieldgr,2155 12JUL25 CD   PREMIER ENGLEFIELDGR                EGHAM GB,15.25,debit,unclassified_other,groceries,Premier symbol-group convenience/grocery shop (not Inn/Vet/Sports/bus/Easy Save); contactless/store narrative
102429,dcbltd,www.dcbltd.com,26,debit,unclassified_other,debt_enforcement,WWW.DCBLTD.COM is Direct Collection Bailiffs Ltd (High Court enforcement); already mapped dcbl in the dictionary
102793,premier meadow head,Contactless Payment PREMIER MEADOW HEAD,0.85,debit,unclassified_other,groceries,Premier symbol-group convenience/grocery shop (not Inn/Vet/Sports/bus/Easy Save); contactless/store narrative
102795,canvauk,PAYPAL *CANVAUK,13,debit,unclassified_other,software,PAYPAL *CANVAUK is Canva UK; sibling canva is software
102841,blink network b.v,Blink Network B.V,30,debit,unclassified_other,fuel,Blink Network B.V. bills UK EV charging sessions; production labels ChargePoint/Instavolt/BP Pulse/Electroverse as fuel.
102891,morr consett,Morr Consett,20.01,debit,unclassified_other,groceries,Plaid truncates MORRISONS to Morr + town
102936,pass thx,LIME*PASS THX7,3.99,debit,unclassified_other,bicycle,Lime e-bike/e-scooter ride or pass (not taxi)
102957,morr middlesboroug,MORR MIDDLESBOROUGMIDDLESBOROUG,30.01,debit,unclassified_other,groceries,Plaid truncates MORRISONS to Morr + town
102999,morr beccles,MORR BECCLES  ON 17 AUG CPM,13.33,debit,unclassified_other,groceries,Plaid truncates MORRISONS to Morr + town
103048,vir health ltd,Vir Health Ltd,95,debit,unclassified_other,pharmacy,Vir Health Limited is the CQC-registered legal entity behind Numan (online pharmacy/men's health prescriptions).
103081,morr horndean,Morr Horndean,19.02,debit,unclassified_other,groceries,Plaid truncates MORRISONS to Morr + town
103095,groobox.co.uk,GROOBOX.CO.UK,22.7,debit,unclassified_other,groceries,Groobox is Groobarb's Wild Farm fruit-and-veg box delivery (meal-kit/veg-box convention = groceries)
103163,cder group limited.,Cder Group Limited.,177.5,debit,unclassified_other,debt_enforcement,CDER Group is a UK bailiff/enforcement agency (council tax
103227,morr kirkcaldy,MORR KIRKCALDY,20,debit,unclassified_other,groceries,Plaid truncates MORRISONS to Morr + town
103266,the saxon premier,THE SAXON PREMIER,19.39,debit,unclassified_other,groceries,Premier symbol-group grocer (taxonomy: Spar/Nisa/Londis/Premier → groceries)
103303,lime,Lime,2.03,debit,taxi_rideshare,bicycle,"LIME*RIDE / LIME*PASS is Lime UK e-bike/scooter hire, not a taxi"
103332,kofcomps ltd,KOFCOMPS LTD,1.91,debit,unclassified_other,prize_competitions,Kofcomps Ltd trades as King of Comps (kingofcomps.co.uk) — paid prize-draw tickets with a free postal route
103393,premier union street,Premier Union Stre,6.79,debit,unclassified_other,groceries,Premier symbol-group convenience/grocery shop (not Inn/Vet/Sports/bus/Easy Save); contactless/store narrative
103528,d lime,6412 19JUN25  D   LIME*RIDE WQXN    LONDON GB,2.32,debit,taxi_rideshare,bicycle,Lime e-bike/e-scooter ride or pass (not taxi)
103564,visioncraft ltd,VISIONCRAFT LTD,49,debit,unclassified_other,optician,Visioncraft is an independent NHS optician in Birmingham (visioncraft.co.uk)
103705,brandon street premier,Brandon Street Premie Brandon Street Premier,2.7,debit,unclassified_other,groceries,Premier symbol-group convenience/grocery shop (not Inn/Vet/Sports/bus/Easy Save); contactless/store narrative
103777,morr wetherby,MORR WETHERBY,2.64,debit,pet_supplies,groceries,Plaid truncates MORRISONS to Morr + town; Wetherby Morrisons
103870,rundle and co ltd,RUNDLE AND CO LTD,300,debit,unclassified_other,debt_enforcement,Rundles (Rundle & Co) are certificated enforcement agents/bailiffs for council tax and similar debts
103898,rundle & co ltd,RUNDLE & CO LTD PI2556517877390955,150,debit,unclassified_other,debt_enforcement,Rundle & Co Ltd (Rundles) are certificated enforcement agents collecting council tax and other debts
104292,morr wellingborough,MORR WELLINGBOROUG  ON 12 SEP BCC MORR WELLINGBOROUGH,30,debit,unclassified_other,groceries,Plaid truncates MORRISONS to Morr + town
104387,surecredit.co.uk,4273 25JUL25      SURECREDIT.CO.UK  BRIDGEND GB,24.95,debit,unclassified_other,credit_reporting_service,Sure Credit is a paid TransUnion credit-report/education subscription (credit broker not a lender) like Clearscore
104455,canvauk,PAYPAL *CANVAUK,13,debit,unclassified_other,software,PAYPAL *CANVAUK is Canva UK; sibling canva is software
104505,morr scarborough,Morr Scarborough,25.34,debit,unclassified_other,groceries,Plaid truncates MORRISONS to Morr + town
104509,morr bathgate,Morr Bathgate,24.06,debit,unclassified_other,groceries,Plaid truncates MORRISONS to Morr + town
104561,premier hems,Premier Hemsworth,27.72,debit,unclassified_other,groceries,Premier symbol-group convenience/grocery shop (not Inn/Vet/Sports/bus/Easy Save); contactless/store narrative
104814,urban jungle insurance,URBAN JUNGLE INSUR  ON 29 AUG BDC URBAN JUNGLE INSURANCE,19.88,debit,unclassified_other,insurance_general,Urban Jungle is a UK insurer (home contents plus travel/motor); description is an insurance premium so general not a single line
104835,premier tye stores,"PREMIER TYE STORES (VIA GOOGLE PAY), ON 16-07-2025",4.99,debit,unclassified_other,groceries,Premier symbol-group convenience/grocery shop (not Inn/Vet/Sports/bus/Easy Save); contactless/store narrative
104881,morr jarrow,MORR JARROW CD 3490,10.01,debit,unclassified_other,groceries,Plaid truncates MORRISONS to Morr + town
105009,morr high wycombe,MORR HIGH WYCOMBE HIGH WYCOMBE,37.3,debit,unclassified_other,groceries,Plaid truncates MORRISONS to Morr + town
105017,morr rotherham,Morr Rotherham Parkgat,60.06,debit,unclassified_other,groceries,Plaid truncates MORRISONS to Morr + town
105035,dixon lane premier,DIXON LANE PREMIER,5.1,debit,unclassified_other,groceries,Premier symbol-group convenience/grocery shop (not Inn/Vet/Sports/bus/Easy Save); contactless/store narrative
105039,gdk loughborough,GDK LOUGHBOROUGH  ON 26 SEP CLP,22.65,debit,unclassified_other,takeaway,German Doner Kebab
105083,oulton road premier st,Oulton Road Premie  ON 30 AUG CPM OULTON ROAD PREMIER ST,5.23,debit,unclassified_other,groceries,Premier symbol-group convenience/grocery shop (not Inn/Vet/Sports/bus/Easy Save); contactless/store narrative
105092,morr rotherham,Morr Rotherham Parkgat,20,debit,unclassified_other,groceries,Plaid truncates MORRISONS to Morr + town
105108,ashbourne management services ltd,GRDL31935K Ashbourne Management Services LTD,31.99,debit,unclassified_other,gym_fitness,Ashbourne Management Services collects Direct Debits for independent gym and fitness-club memberships (ashbourne-memberships.com).
105145,lovable, Lovable,18.39,debit,unclassified_other,web_services,"Lovable.dev (Dover DE) — AI app builder / developer tool, not a restaurant"
105176,linkside premier store,Linkside Premier S,7.37,debit,unclassified_other,groceries,Premier symbol-group convenience/grocery shop (not Inn/Vet/Sports/bus/Easy Save); contactless/store narrative
105233,fam premier ltd,FAM PREMIER LTD  ON 18 JUL CPM,2.25,debit,unclassified_other,groceries,Premier symbol-group convenience/grocery shop (not Inn/Vet/Sports/bus/Easy Save); contactless/store narrative
105338,morr bathgate,Morr Bathgate,10.02,debit,unclassified_other,groceries,Plaid truncates MORRISONS to Morr + town
105598,premier penn hill,Premier Penn Hill,18.29,debit,unclassified_other,groceries,Premier symbol-group convenience/grocery shop (not Inn/Vet/Sports/bus/Easy Save); contactless/store narrative
105604,premier oakley,Contactless Payment PREMIER OAKLEY,15.91,debit,unclassified_other,groceries,Premier symbol-group convenience/grocery shop (not Inn/Vet/Sports/bus/Easy Save); contactless/store narrative
105634,morr haverfordwest,Contactless Payment MORR HAVERFORDWEST APPLEPAY 8632,1.39,debit,unclassified_other,groceries,Plaid truncates MORRISONS to Morr + town
105638,dixon lane premier,DIXON LANE PREMIER,4.5,debit,unclassified_other,groceries,Premier symbol-group convenience/grocery shop (not Inn/Vet/Sports/bus/Easy Save); contactless/store narrative
105645,morr dukinfield,MORR DUKINFIELD  ON 19 SEP CPM,15.06,debit,unclassified_other,groceries,Plaid truncates MORRISONS to Morr + town
105658,morr haverfordwest,MORR HAVERFORDWESTHAVERFORDWEST,15.15,debit,unclassified_other,groceries,Plaid truncates MORRISONS to Morr + town
105698,morr plymstock,Contactless Payment MORR PLYMSTOCK APPLEPAY 2145,30.01,debit,unclassified_other,groceries,Plaid truncates MORRISONS to Morr + town
105773,skin.club,Skin.club,1.54,debit,unclassified_other,gambling_unspecified,Skin.Club is a CS2/CS:GO paid case-opening/skin-gambling site (chance mechanics; not a sportsbook or casino table).
105949,morr bideford,MORR BIDEFORD     BIDEFORD,21.49,debit,unclassified_other,groceries,Plaid truncates MORRISONS to Morr + town
106015,grant palmer ltd,GRANT PALMER LTD,4,debit,unclassified_other,public_transport_rail_coach,Grant Palmer Ltd is the Bedfordshire independent bus operator (grantpalmer.com).
106043,morr st andrews,Morr St Andrews,42.78,debit,unclassified_other,groceries,Plaid truncates MORRISONS to Morr + town
106094,greenbank service st,Greenbank Service St )))),7.25,debit,unclassified_other,fuel,Greenbank Service Station is a Circle K petrol forecourt
106173,morr bathgate,MORR BATHGATE,40.15,debit,unclassified_other,groceries,Plaid truncates MORRISONS to Morr + town
106200,morr ellesmere port,MORR ELLESMERE POR  ON 17 AUG CPM MORR ELLESMERE PORT,33.2,debit,unclassified_other,groceries,Plaid truncates MORRISONS to Morr + town
106245,premier meadow head,PREMIER MEADOW HEA,1.25,debit,unclassified_other,groceries,Premier symbol-group convenience/grocery shop (not Inn/Vet/Sports/bus/Easy Save); contactless/store narrative
106294,morr rochdale,MORR ROCHDALE  ON 25 JUL BCC,40,debit,unclassified_other,groceries,Plaid truncates MORRISONS to Morr + town
106295,morr sittingbourne,MORR SITTINGBOURNE  ON 18 AUG BCC,20.02,debit,unclassified_other,groceries,Plaid truncates MORRISONS to Morr + town
106302,morr yeovil,MORR YEOVIL  ON 24 JUL CLP,9.91,debit,unclassified_other,groceries,Plaid truncates MORRISONS to Morr + town
106357,premier garthdee cd,Premier Garthdee CD 1276,20.28,debit,unclassified_other,groceries,Premier symbol-group convenience/grocery shop (not Inn/Vet/Sports/bus/Easy Save); contactless/store narrative
106412,aspit direz. uscita,Aspitcaserta Sud,1.39,debit,unclassified_other,tolls,ASPIT DIREZ. USCITA is Autostrade per l'Italia motorway exit toll
106676,premier express,Premier Express,11.3,debit,unclassified_other,groceries,Premier symbol-group convenience/grocery shop (not Inn/Vet/Sports/bus/Easy Save); contactless/store narrative
106804,pass ryyr,LIME*PASS RYYR,1.99,debit,unclassified_other,bicycle,Lime e-bike/e-scooter ride or pass (not taxi)
106872,morr bradford victoria,MORR BRADFORD VICT  ON 18 AUG CLP MORR BRADFORD VICTORIA,20,debit,unclassified_other,groceries,Plaid truncates MORRISONS to Morr + town
106920,forfar premier,Contactless Payment Forfar Premier APPLEPAY 3974,8.53,debit,unclassified_other,groceries,Premier symbol-group convenience/grocery shop (not Inn/Vet/Sports/bus/Easy Save); contactless/store narrative
107007,morr brampton,MORR BRAMPTON,20,debit,unclassified_other,groceries,Plaid truncates MORRISONS to Morr + town
107101,wilkins & pye ltd,WILKINS & PYE LTD  ON 27 JUL CPM,4.4,debit,unclassified_other,pub_bar,Wilkins & Pye is a CAMRA-listed micropub in Longton (SIC 56302 public houses and bars).
107298,morr walsall wallows,MORR WALSALL WALLO,30.42,debit,unclassified_other,groceries,Plaid truncates MORRISONS to Morr + town
107309,pass thx,LIME*PASS THX7,3.99,debit,unclassified_other,bicycle,Lime e-bike/e-scooter ride or pass (not taxi)
107468,credit engine,CREDIT ENGINE 4016  ON 02 SEP BCC CREDIT ENGINE 4016862,19.99,debit,unclassified_other,credit_reporting_service,Credit Engine (Credit Technologies) paid TransUnion/Equifax score membership
107532,yourbusinessnumber,Yourbusinessnumber,43.13,debit,unclassified_other,web_services,"YourBusinessNumber sells virtual WhatsApp/phone numbers, not email; web_services (comms infra) fits better than email_services"
107540,premier dunnikier,PREMIER DUNNIKIER,5.99,debit,unclassified_other,groceries,Premier symbol-group convenience/grocery shop (not Inn/Vet/Sports/bus/Easy Save); contactless/store narrative
107779,morr kirkby,MORR KIRKBY,15.03,debit,unclassified_other,groceries,Plaid truncates MORRISONS to Morr + town
107828,morr banchory,MORR BANCHORY CD 3675,5.73,debit,unclassified_other,groceries,Plaid truncates MORRISONS to Morr + town
107911,nitromonthly,DISCORD* NITROMONT,7.38,debit,unclassified_other,online_services,DISCORD* NITROMONT is Discord Nitro; sibling discord is online_services
108245,lime,Lime,3.99,debit,taxi_rideshare,bicycle,"LIME*RIDE / LIME*PASS is Lime UK e-bike/scooter hire, not a taxi"
108280,morr erith,MORR ERITH,10.03,debit,unclassified_other,groceries,Plaid truncates MORRISONS to Morr + town
108325,quay street premier,Quay Street Premier,5.43,debit,unclassified_other,groceries,Premier symbol-group convenience/grocery shop (not Inn/Vet/Sports/bus/Easy Save); contactless/store narrative
108330,dike and son ltd,6296 12AUG25 C    DIKE AND SON LTD  STALBRIDGE GB,1.99,debit,unclassified_other,groceries,Award-winning independent supermarket in Stalbridge (Nisa partner); description is a card spend there
108466,morr lincoln,MORR LINCOLN  ON 28 JUL BCC,33.88,debit,unclassified_other,groceries,Plaid truncates MORRISONS to Morr + town
108603,morr bolton atlas,MORR BOLTON ATLAS,2.25,debit,unclassified_other,groceries,Plaid truncates MORRISONS to Morr + town
108624,dover street market,Dover Street Market,160,debit,unclassified_other,clothing_general,Dover Street Market is a well-known fashion retailer
108635,morr willenhall,MORR WILLENHALL  ON 10 AUG CLP,10,debit,unclassified_other,groceries,Plaid truncates MORRISONS to Morr + town
108750,high street premier,High Street Premie,3.76,debit,unclassified_other,groceries,Premier symbol-group convenience/grocery shop (not Inn/Vet/Sports/bus/Easy Save); contactless/store narrative
108827,morr bredbury,MORR BREDBURY,43.78,debit,unclassified_other,groceries,Plaid truncates MORRISONS to Morr + town
109155,morr crewe,MORR CREWE,10,debit,unclassified_other,groceries,Plaid truncates MORRISONS to Morr + town
109322,g.w.r.s.a. clu,SumUp  *G.W.R.S.A.,5.7,debit,unclassified_other,private_members_club,G.W.R.S.A. is the Great Western Railway Staff Association social club (members' bar); SumUp tap at the club.
109387,morr bradford victoria,MORR BRADFORD VICT  ON 02 JUN CLP MORR BRADFORD VICTORIA,23,debit,unclassified_other,groceries,Plaid truncates MORRISONS to Morr + town
109400,frenk.io,FRENK.IO,20.08,debit,unclassified_other,crypto,frenk.io is a licensed cryptocurrency exchange (Bright Technologies).
109508,morr hartlepool,MORR HARTLEPOOL,10.01,debit,unclassified_other,groceries,Plaid truncates MORRISONS to Morr + town
109573,premier heyside,5566 22JUL25 C    PREMIER HEYSIDE   LTD               OLDHAM GB,5.58,debit,unclassified_other,groceries,Premier symbol-group convenience/grocery shop (not Inn/Vet/Sports/bus/Easy Save); contactless/store narrative
109646,premier union street,Premier Union Stre,15.78,debit,unclassified_other,groceries,Premier symbol-group convenience/grocery shop (not Inn/Vet/Sports/bus/Easy Save); contactless/store narrative
109921,pass thx,LIME*PASS THX7,3.99,debit,unclassified_other,bicycle,Lime e-bike/e-scooter ride or pass (not taxi)
110081,premier extra ltd,PREMIER EXTRA LTD,1.25,debit,unclassified_other,groceries,Premier symbol-group convenience/grocery shop (not Inn/Vet/Sports/bus/Easy Save); contactless/store narrative
110155,lapitza.restajet,Lapitza.restajet.com,21.3,debit,unclassified_other,takeaway,Lapitza / La Pitza on Restajet is a Rotherham pizza/kebab takeaway with delivery.
110206,morr norwich,MORR NORWICH,20,debit,unclassified_other,groceries,Plaid truncates MORRISONS to Morr + town
110220,human forest,Human Forest,5,debit,unclassified_other,bicycle,HumanForest / Forest London e-bike hire
110278,rundle & co ltd,RUNDLE & CO LTD PI9441046154991514,150,debit,unclassified_other,debt_enforcement,Rundle & Co Ltd (Rundles) are certificated enforcement agents collecting council tax and other debts
110391,beatport llc.,BEATPORT LLC. Beatport Llc.,2.46,debit,unclassified_other,music_other,Beatport is the well-known DJ/electronic music download store (not Spotify-style consumer streaming).
110625,morr basing,Morr Basingstoke,24.46,debit,unclassified_other,groceries,Plaid truncates MORRISONS to Morr + town
110716,4 rides,LIME*4 RIDES Z3DO  ON 24 OCT BCC,14.15,debit,taxi_rideshare,bicycle,Lime e-bike/e-scooter ride or pass (not taxi)
110742,morr morpeth,MORR MORPETH  ON 07 AUG CLP,40,debit,unclassified_other,groceries,Plaid truncates MORRISONS to Morr + town
110910,gdk borough,GDK BOROUGH,3.39,debit,government_services,takeaway,German Doner Kebab
110984,lovable,Lovable,37.09,debit,unclassified_other,web_services,"Lovable.dev (Dover DE) — AI app builder / developer tool, not a restaurant"
110990,morr basing,MORR BASINGSTOKE  BASINGSTOKE,0.95,debit,unclassified_other,groceries,Plaid truncates MORRISONS to Morr + town
110994,2 rides,Lime*ride W2l2,1.12,debit,taxi_rideshare,bicycle,Lime e-bike/e-scooter ride or pass (not taxi)
111370,morr peterborough,MORR PETERBOROUGH,10,debit,unclassified_other,groceries,Plaid truncates MORRISONS to Morr + town
111446,rvs hospital shops ca,Rvs Hospital Shops Ca,11.4,debit,unclassified_other,charity_shop,Royal Voluntary Service hospital shops: charity-run retail (snacks/gifts) with profits reinvested in the charity/NHS
111619,pass gpa,LIME*PASS GPA3,3.99,debit,unclassified_other,bicycle,Lime e-bike/e-scooter ride or pass (not taxi)
111689,quay street premier,Quay Street Premier,2.88,debit,unclassified_other,groceries,Premier symbol-group convenience/grocery shop (not Inn/Vet/Sports/bus/Easy Save); contactless/store narrative
111729,sage uk ltd,SAGE UK LTD       M7P246X,48,debit,unclassified_other,software,Sage UK Ltd Direct Debits are Sage accounting and payroll software subscriptions.
111806,lime,LIME*RIDE 2JA3 Lime,3.61,debit,taxi_rideshare,bicycle,Lime e-bike/e-scooter ride or pass (not taxi)
111813,icarsltd,WWW.ICARSLTD.COM,4.5,debit,unclassified_other,taxi_rideshare,Descriptor is www.icarsltd.com — iCars Taxis Burton (SIC taxi operation)
111904,psi services uk ltd,PSI SERVICES  UK CD 7532    02AUG25,65,debit,unclassified_other,education_general,PSI Services (UK) Ltd is the Home Office exam contractor for Life in the UK and SELT tests.
111947,morr basing,Morr Basingstoke,3.7,debit,unclassified_other,groceries,Plaid truncates MORRISONS to Morr + town
112007,2 rides,LIM*2 RIDES 2Y5V,6.64,debit,taxi_rideshare,bicycle,Lime*2 Rides / Lime*ride; Lime micromobility
112024,premier west end sabertawe,Premier West End SAbertawe,9.75,debit,unclassified_other,groceries,Premier symbol-group convenience/grocery shop (not Inn/Vet/Sports/bus/Easy Save); contactless/store narrative
112026,morr scunthorpe,MORR SCUNTHORPE,10,debit,unclassified_other,groceries,Plaid truncates MORRISONS to Morr + town
112061,yollacalls,www.yollacalls.com,5.97,debit,unclassified_other,software,"Yolla is an OTT/VoIP international calling app (yollacalls.com), same class as Rebtel; not a UK mobile-network contract"
112185,morr bideford,MORR BIDEFORD     BIDEFORD,2.65,debit,unclassified_other,groceries,Plaid truncates MORRISONS to Morr + town
112186,yollacalls,www.yollacalls.com,3.02,debit,unclassified_other,software,"Yolla is an OTT/VoIP international calling app (yollacalls.com), same class as Rebtel; not a UK mobile-network contract"
112434,instantly,Instantly,27.57,debit,unclassified_other,software,"Instantly.ai cold-email / sales software, not a generic merchant"
112482,lifecafe at life time,LIFETIME LEGAL    CAMBERLEY,8.99,debit,unclassified_other,legal_services,"Narrative is Lifetime Legal (wills), not a cafe"
112754,premier high street,Contactless Payment PREMIER HIGH STREET APPLEPAY 6150,21,debit,unclassified_other,groceries,Premier symbol-group convenience/grocery shop (not Inn/Vet/Sports/bus/Easy Save); contactless/store narrative
112783,hawthorn premier,HAWTHORN PREMIER,1,debit,unclassified_other,groceries,Premier symbol-group convenience/grocery shop (not Inn/Vet/Sports/bus/Easy Save); contactless/store narrative
112810,morr rochdale,MORR ROCHDALE,15,debit,unclassified_other,groceries,Plaid truncates MORRISONS to Morr + town
112819,indeed iei,Indeed IEI25-01010 CD 0927    03AUG25,340,debit,unclassified_other,advertising_services,Indeed IEI job-ad invoices; sibling online job ads indeed is advertising_services
112820,morr high wycombe,MORR HIGH WYCOMBE HIGH WYCOMBE,83.91,debit,unclassified_other,groceries,Plaid truncates MORRISONS to Morr + town
113006,premier meadow head,PREMIER MEADOW HEA,8.5,debit,unclassified_other,groceries,Premier symbol-group convenience/grocery shop (not Inn/Vet/Sports/bus/Easy Save); contactless/store narrative
113101,rundle & co ltd,RUNDLE & CO LTD PI6818360451430656,217.36,debit,unclassified_other,debt_enforcement,Rundle & Co Ltd (Rundles) are certificated enforcement agents collecting council tax and other debts
113127,credit engine,CREDIT ENGINE 3940,19.99,debit,unclassified_other,credit_reporting_service,Credit Engine (Credit Technologies) paid TransUnion/Equifax score membership
113148,ipayimpact.co.,VMS*iPayimpact.co.,5,debit,unclassified_other,education_general,iPayimpact is the Capita/council school-payments portal used for meals
113159,ashbourne management services ltd,GREE2269K Ashbourne Management Services LTD,64,debit,unclassified_other,gym_fitness,Ashbourne Management Services collects Direct Debits for independent gym and fitness-club memberships (ashbourne-memberships.com).
113422,greenbank service st,Greenbank Service St,17.23,debit,unclassified_other,fuel,Greenbank Service Station is a Circle K petrol forecourt
113429,morr leeds,Morr Leeds Yeadon,53.64,debit,unclassified_other,groceries,Plaid truncates MORRISONS to Morr + town
113438,warner bros. studio,WARNERBROS STUDIOS  ON 01 AUG CLP Warner Bros. Studio,0.95,debit,unclassified_other,days_out,Warner Bros. Studio Tour London (Making of Harry Potter) attraction tickets
113483,premier cayton,Premier Cayton,45.01,debit,unclassified_other,groceries,Premier symbol-group convenience/grocery shop (not Inn/Vet/Sports/bus/Easy Save); contactless/store narrative
113566,forfar premier,Forfar Premier,4.2,debit,unclassified_other,groceries,Premier symbol-group convenience/grocery shop (not Inn/Vet/Sports/bus/Easy Save); contactless/store narrative
113577,premier grays,PREMIER           GRAYS,1.25,debit,unclassified_other,groceries,Premier symbol-group convenience/grocery shop (not Inn/Vet/Sports/bus/Easy Save); contactless/store narrative
113699,premier arlington,PREMIER ARLINGTON  ON 20 JUL CPM,16.98,debit,unclassified_other,groceries,Premier symbol-group convenience/grocery shop (not Inn/Vet/Sports/bus/Easy Save); contactless/store narrative
113878,oposlimited,WWW.OPOSLIMITED.COM CD 6580,138.96,debit,unclassified_other,debt_collection,www.oposlimited.com is Opos Limited
113969,select & save ltd,PPOINT_*SELECT & S,9.09,debit,unclassified_other,groceries,Select & Save is a UK convenience symbol group (same treatment as Spar/Nisa/Premier/Londis)
113987,morr basingstoke,MORR BASINGSTOKE,4.99,debit,unclassified_other,groceries,Plaid truncates MORRISONS to Morr + town
114028,kofcomps ltd,KOFCOMPS LTD,2,debit,unclassified_other,prize_competitions,Kofcomps Ltd trades as King of Comps (kingofcomps.co.uk) — paid prize-draw tickets with a free postal route
114210,ride jun,Lime*auth Jun6,2.45,debit,taxi_rideshare,bicycle,"Lime*auth; Lime ride authorisation, not taxi"
114242,visioncraft ltd,VISIONCRAFT LTD,20,debit,unclassified_other,optician,Visioncraft is an independent NHS optician in Birmingham (visioncraft.co.uk)
114457,morr erith,MORR ERITH,21.29,debit,unclassified_other,groceries,Plaid truncates MORRISONS to Morr + town
114588,human forest,Human Forest,5,debit,unclassified_other,bicycle,HumanForest / Forest London e-bike hire
114608,south bank service,South Bank Service,3.89,debit,unclassified_other,fuel,South Bank Services is the Jet petrol filling station on Ferriby Road
114691,morr hartlepool,MORR HARTLEPOOL,7.03,debit,unclassified_other,groceries,Plaid truncates MORRISONS to Morr + town
114731,morr fakenham,MORR FAKENHAM,46.33,debit,unclassified_other,groceries,Plaid truncates MORRISONS to Morr + town
114741,dhadda premier,DHADDA PREMIER,15.7,debit,unclassified_other,groceries,Premier symbol-group convenience/grocery shop (not Inn/Vet/Sports/bus/Easy Save); contactless/store narrative
114798,ride jun,Lime*auth Jun6,3.9,debit,taxi_rideshare,bicycle,"Lime*auth; Lime ride authorisation, not taxi"
114861,morr llanelli,MORR LLANELLI,25,debit,unclassified_other,groceries,Plaid truncates MORRISONS to Morr + town
114867,pass ran,LIME*PASS RAN3,36.99,debit,unclassified_other,bicycle,Lime e-bike/e-scooter ride or pass (not taxi)
115066,aspit direz. uscita,Aspitcaserta Sud,1.6,debit,unclassified_other,tolls,ASPIT DIREZ. USCITA is Autostrade per l'Italia motorway exit toll
115075,morr scunthorpe,Contactless Payment MORR SCUNTHORPE 2025-06-15,20,debit,unclassified_other,groceries,Plaid truncates MORRISONS to Morr + town
115194,zippa loans,ZIPPA LOANS,40.1,debit,personal_loan_repayment,payday_loan,"Skyline Direct high-cost short-term credit, not a personal loan"
115217,premier broad,"PREMIER BROADFIELD (VIA APPLE PAY), ON 16-08-2025",6.89,debit,unclassified_other,groceries,Premier symbol-group convenience/grocery shop (not Inn/Vet/Sports/bus/Easy Save); contactless/store narrative
115230,holafly limited,HOLAFLY LIMITED,2.92,debit,unclassified_other,mobile_phone_contract,Holafly sells prepaid travel eSIM mobile-data plans (Dublin card descriptor)
115234,dcbltd,WWW.DCBLTD.COM Dcbltd,10,debit,unclassified_other,debt_enforcement,WWW.DCBLTD.COM is Direct Collection Bailiffs Ltd (High Court enforcement); already mapped dcbl in the dictionary
115279,premier grays,PREMIER           GRAYS,4.3,debit,unclassified_other,groceries,Premier symbol-group convenience/grocery shop (not Inn/Vet/Sports/bus/Easy Save); contactless/store narrative
115331,morr morecambe,Contactless Payment MORR MORECAMBE,3.89,debit,unclassified_other,groceries,Plaid truncates MORRISONS to Morr + town
115380,c beenetwork.,4068 18JUL25 C    BEENETWORK.       COM/CHARGES       0161 244 1000 GB,2,debit,unclassified_other,public_transport_rail_coach,Bee Network Greater Manchester COM/CHARGES; sibling beenetwork is public_transport_rail_coach
115435,premier union stre,Premier Union Stre,2.29,debit,unclassified_other,groceries,Premier symbol-group convenience/grocery shop (not Inn/Vet/Sports/bus/Easy Save); contactless/store narrative
115532,premier penn hill,Premier Penn Hill,13.59,debit,unclassified_other,groceries,Premier symbol-group convenience/grocery shop (not Inn/Vet/Sports/bus/Easy Save); contactless/store narrative
115540,premier dens road,Contactless Payment PREMIER DENS ROAD,11.91,debit,unclassified_other,groceries,Premier symbol-group convenience/grocery shop (not Inn/Vet/Sports/bus/Easy Save); contactless/store narrative
115565,vir health ltd,PENDING VIR HEALTH LTD,49,debit,unclassified_other,pharmacy,Vir Health Limited is the CQC-registered legal entity behind Numan (online pharmacy/men's health prescriptions).
115666,premier au,PREMIER AUCHTERDERRAN CD 3577,5.7,debit,unclassified_other,groceries,Premier symbol-group convenience/grocery shop (not Inn/Vet/Sports/bus/Easy Save); contactless/store narrative
115683,morr heywood,Morr Heywood,25,debit,unclassified_other,groceries,Plaid truncates MORRISONS to Morr + town
115782,dover street market,Dover Street Market,52,debit,unclassified_other,clothing_general,Dover Street Market is a well-known fashion retailer
115813,morr bredbury,MORR BREDBURY,42.92,debit,unclassified_other,groceries,Plaid truncates MORRISONS to Morr + town
115847,morr wetherby,MORR WETHERBY,1.45,debit,pet_supplies,groceries,Plaid truncates MORRISONS to Morr + town; Wetherby Morrisons
115893,morr willenhall,MORR WILLENHALL  ON 24 AUG CPM,29.79,debit,unclassified_other,groceries,Plaid truncates MORRISONS to Morr + town
116016,pass yyqc,LIME*PASS YYQC,3.99,debit,unclassified_other,bicycle,Lime e-bike/e-scooter ride or pass (not taxi)
116045,morr stranraer,MORR STRANRAER  ON 29 SEP CPM,28.33,debit,unclassified_other,groceries,Plaid truncates MORRISONS to Morr + town
116106,fam premier ltd,FAM PREMIER LTD  ON 12 JUN CPM,3.24,debit,unclassified_other,groceries,Premier symbol-group convenience/grocery shop (not Inn/Vet/Sports/bus/Easy Save); contactless/store narrative
116173,2 rides whbu,LIME*2 RIDES WHBU,3.61,debit,taxi_rideshare,bicycle,Lime e-bike/e-scooter ride or pass (not taxi)
116342,premier broad,"PREMIER BROADFIELD (VIA GOOGLE PAY), ON 01-08-2025",2.04,debit,unclassified_other,groceries,Premier symbol-group convenience/grocery shop (not Inn/Vet/Sports/bus/Easy Save); contactless/store narrative
116447,morr knottingley,MORR KNOTTINGLEY Morr Knottingley,8.01,debit,unclassified_other,groceries,Plaid truncates MORRISONS to Morr + town
116504,leslie premier,Contactless Payment LESLIE PREMIER,17.24,debit,unclassified_other,groceries,Premier symbol-group convenience/grocery shop (not Inn/Vet/Sports/bus/Easy Save); contactless/store narrative
116576,linkside premier store,Linkside Premier S,9.19,debit,unclassified_other,groceries,Premier symbol-group convenience/grocery shop (not Inn/Vet/Sports/bus/Easy Save); contactless/store narrative
116679,yourbusinessnumber,YOURBUSINESSNUMBER,7.19,debit,unclassified_other,web_services,"YourBusinessNumber sells virtual WhatsApp/phone numbers, not email; web_services (comms infra) fits better than email_services"
116877,morr hartlepool belle,MORR HARTLEPOOL BELLE Morr Hartlepool Belle,10,debit,unclassified_other,groceries,Plaid truncates MORRISONS to Morr + town
116960,cder group limited.,CDER GROUP LIMITED,50,debit,unclassified_other,debt_enforcement,CDER Group is a UK bailiff/enforcement agency (council tax
116980,morr bradford enterpri,MORR BRADFORD ENTE,25.03,debit,unclassified_other,groceries,Plaid truncates MORRISONS to Morr + town
117124,select & save ltd,PPOINT_*SELECT & S,2.35,debit,unclassified_other,groceries,Select & Save is a UK convenience symbol group (same treatment as Spar/Nisa/Premier/Londis)
117178,metric group ltd,METRIC GROUP LTD,1,debit,unclassified_other,car_parking,Metric Group Ltd makes UK pay-and-display parking terminals; contactless Metric Group Ltd is parking at the machine.
117211,morr crewe,MORR CREWE,25.96,debit,unclassified_other,groceries,Plaid truncates MORRISONS to Morr + town
117256,orbit credit services,ORBIT CREDIT SERVICES Orbit Credit Services,45,debit,unclassified_other,debt_collection,Orbit Credit Services (formerly Orbit Debt Collections) is the UK utility collections agency; SIC 82911 collection agencies.
117385,c beenetwork.,1006 26MAY25 C    BEENETWORK.       COM/CHARGES       0161 244 1000 GB,2,debit,unclassified_other,public_transport_rail_coach,Bee Network Greater Manchester COM/CHARGES; sibling beenetwork is public_transport_rail_coach
117418,ride jun,Lime*auth Jun6,2.45,debit,taxi_rideshare,bicycle,"Lime*auth; Lime ride authorisation, not taxi"
117613,passe,Lime*passe Td3x,3.99,debit,unclassified_other,bicycle,Lime e-bike/e-scooter ride or pass (not taxi)
117620,lovable,Lovable,18.5,debit,unclassified_other,web_services,"Lovable.dev (Dover DE) — AI app builder / developer tool, not a restaurant"
117710,morr shrewsbury,MORR SHREWSBURY,20,debit,unclassified_other,groceries,Plaid truncates MORRISONS to Morr + town
117723,instantly,Instantly,123.35,debit,unclassified_other,software,"Instantly.ai cold-email / sales software, not a generic merchant"
117873,a.saily,a.saily A.Saily,14.99,debit,unclassified_other,mobile_phone_contract,Saily (Nord Security) is a prepaid travel eSIM data app; Apple Pay USD amounts match international eSIM top-ups
117921,morr catcliffe,MORR CATCLIFFE  ON 25 SEP CPM,1.45,debit,pub_bar,groceries,Plaid truncates MORRISONS to Morr + town; Catcliffe Morrisons
118063,visioncraft ltd,VISIONCRAFT LTD,10,debit,unclassified_other,optician,Visioncraft is an independent NHS optician in Birmingham (visioncraft.co.uk)
118088,morr bathgate,Morr Bathgate,2.45,debit,unclassified_other,groceries,Plaid truncates MORRISONS to Morr + town
118166,morr bradford victoria,Morr Bradford Victoria,20.08,debit,unclassified_other,groceries,Plaid truncates MORRISONS to Morr + town
118177,cder group limited.,CDER GROUP LIMITED,632.75,debit,unclassified_other,debt_enforcement,CDER Group is a UK bailiff/enforcement agency (council tax
118291,morr bathgate,MORR BATHGATE,15,debit,unclassified_other,groceries,Plaid truncates MORRISONS to Morr + town
118403,pass gpa,LIME*PASS GPA3,3.99,debit,unclassified_other,bicycle,Lime e-bike/e-scooter ride or pass (not taxi)
118484,morr newcastle upon ty,Morr Newcastle Upon Ty,67.66,debit,unclassified_other,groceries,Plaid truncates MORRISONS to Morr + town
118761,skedaddlegroup.co.uk,SKEDADDLEGROUP.CO.,13,debit,unclassified_other,pet_other,skedaddlegroup.co.uk is Skedaddle dog park (paid off-leash field hire) not the cycling-holiday brand
118935,human forest,Human Forest,5,debit,unclassified_other,bicycle,HumanForest / Forest London e-bike hire
118952,quay street premier,QUAY STREET PREMIE  ON 13 AUG CPM QUAY STREET PREMIER,7.44,debit,unclassified_other,groceries,Premier symbol-group convenience/grocery shop (not Inn/Vet/Sports/bus/Easy Save); contactless/store narrative
118953,morr cromer,Contactless Payment MORR CROMER APPLEPAY 8930,28.13,debit,unclassified_other,groceries,Plaid truncates MORRISONS to Morr + town
119174,fish's premier store,Fish's Premier Store,13,debit,unclassified_other,groceries,Premier symbol-group convenience/grocery shop (not Inn/Vet/Sports/bus/Easy Save); contactless/store narrative
119221,c gdk,1603 09SEP25 C    GDK BEDFORD       BEDFORD MK40 GB,4.98,debit,unclassified_other,takeaway,German Doner Kebab
119230,c beenetwork.,4399 15JUL25 C    BEENETWORK.       COM/CHARGES       0161 244 1000 GB,2,debit,unclassified_other,public_transport_rail_coach,Bee Network Greater Manchester COM/CHARGES; sibling beenetwork is public_transport_rail_coach
119505,premier dens road,Contactless Payment Premier Dens Road,19.27,debit,unclassified_other,groceries,Premier symbol-group convenience/grocery shop (not Inn/Vet/Sports/bus/Easy Save); contactless/store narrative
119602,morr newport roger,MORR NEWPORT ROGERNEWPORT,10,debit,unclassified_other,groceries,Plaid truncates MORRISONS to Morr + town
119678,credit engine,CREDIT ENGINE 4016  ON 24 SEP BCC CREDIT ENGINE 4016862,19.99,debit,unclassified_other,credit_reporting_service,Credit Engine (Credit Technologies) paid TransUnion/Equifax score membership
119719,premier union stre,Premier Union Stre,6.99,debit,unclassified_other,groceries,Premier symbol-group convenience/grocery shop (not Inn/Vet/Sports/bus/Easy Save); contactless/store narrative
119757,morr bristol hartcliff,MORR BRISTOL HARTCLIFF Morr Bristol Hartcliff,1.75,debit,unclassified_other,groceries,Plaid truncates MORRISONS to Morr + town
119814,morr scarborough,Contactless Payment MORR SCARBOROUGH,10.01,debit,unclassified_other,groceries,Plaid truncates MORRISONS to Morr + town
119858,morr weymouth,MORR WEYMOUTH,40.28,debit,unclassified_other,groceries,Plaid truncates MORRISONS to Morr + town
119895,sage uk ltd,SAGE UK LTD ZFDBR72,13.2,debit,unclassified_other,software,Sage UK Ltd Direct Debits are Sage accounting and payroll software subscriptions.
119925,c premier,4399 21JUL25 C    PREMIER           OLDHAM GB,5.03,debit,unclassified_other,groceries,Premier symbol-group grocer (taxonomy: Spar/Nisa/Londis/Premier → groceries)
120035,sage uk ltd,SAGE UK LTD ZFDBR72,13.2,debit,unclassified_other,software,Sage UK Ltd Direct Debits are Sage accounting and payroll software subscriptions.
120101,zippa loans,Zippa Loans,13.13,debit,personal_loan_repayment,payday_loan,"Skyline Direct high-cost short-term credit, not a personal loan"
120139,morr ilkeston,Morr Ilkeston,2.29,debit,unclassified_other,groceries,Plaid truncates MORRISONS to Morr + town
120188,dixon lane premier,DIXON LANE PREMIER,3.5,debit,unclassified_other,groceries,Premier symbol-group convenience/grocery shop (not Inn/Vet/Sports/bus/Easy Save); contactless/store narrative
120197,premier express,Contactless Payment Premier Express SAMSUNG 0862,5.61,debit,unclassified_other,groceries,Premier symbol-group convenience/grocery shop (not Inn/Vet/Sports/bus/Easy Save); contactless/store narrative
120203,grandpierlimited,NYX*GrandPierLimit  ON 15 AUG CLP NYX*GRANDPIERLIMITED,2,debit,unclassified_other,days_out,Grand Pier Limited operates Weston-super-Mare Grand Pier indoor amusement park
120217,morr heywood,Morr Heywood,10,debit,unclassified_other,groceries,Plaid truncates MORRISONS to Morr + town
120228,c beenetwork.,4399 15JUL25 C    BEENETWORK.       COM/CHARGES       0161 244 1000 GB,2,debit,unclassified_other,public_transport_rail_coach,Bee Network Greater Manchester COM/CHARGES; sibling beenetwork is public_transport_rail_coach
120312,cd ridgewood stores,8213 11JUL25 CD   RIDGEWOOD STORES  LTD               UCKFIELD GB,3.99,debit,unclassified_other,convenience_store,Ridgewood Stores Ltd Uckfield is a convenience store
120381,morr erith,MORR ERITH,21.96,debit,unclassified_other,groceries,Plaid truncates MORRISONS to Morr + town
120383,gdk winchester,GDK WINCHESTER,6.58,debit,unclassified_other,takeaway,German Doner Kebab
120389,pass gpa,LIME*PASS GPA3,3.99,debit,unclassified_other,bicycle,Lime e-bike/e-scooter ride or pass (not taxi)
120401,morr cwmbran,MORR CWMBRAN      CWMBRAN,5.57,debit,unclassified_other,groceries,Plaid truncates MORRISONS to Morr + town
120580,premier grays,PREMIER           GRAYS,1.35,debit,unclassified_other,groceries,Premier symbol-group convenience/grocery shop (not Inn/Vet/Sports/bus/Easy Save); contactless/store narrative
120602,morr hull,MORR HULL,35.43,debit,unclassified_other,groceries,Plaid truncates MORRISONS to Morr + town
120753,aspit direz. uscita,Aspitcaserta Sud,1.39,debit,unclassified_other,tolls,ASPIT DIREZ. USCITA is Autostrade per l'Italia motorway exit toll
120795,hawthorn premier,Hawthorn Premier,2.6,debit,unclassified_other,groceries,Premier symbol-group convenience/grocery shop (not Inn/Vet/Sports/bus/Easy Save); contactless/store narrative
120936,canvauk,CARD PAYMENT TO PAYPAL *CANVAUK ON 26-09-2025,13,debit,unclassified_other,software,PAYPAL *CANVAUK is Canva UK; sibling canva is software
120959,lapitza.restajet,Lapitza.restajet.com,36.5,debit,unclassified_other,takeaway,Lapitza / La Pitza on Restajet is a Rotherham pizza/kebab takeaway with delivery.
121004,morr jarrow,MORR JARROW  ON 21 AUG CPM,10,debit,unclassified_other,groceries,Plaid truncates MORRISONS to Morr + town
121013,morr bolton atlas,MORR BOLTON ATLAS,3.98,debit,unclassified_other,groceries,Plaid truncates MORRISONS to Morr + town
121014,morr bradford victoria,MORR BRADFORD VICT  ON 13 JUL BCC MORR BRADFORD VICTORIA,22.27,debit,unclassified_other,groceries,Plaid truncates MORRISONS to Morr + town
121098,bilal superstore cheadle,Bilal Superstore C,7.63,debit,unclassified_other,groceries,Named superstore in Cheadle; supermarket/grocery retail is unambiguous
121216,morr brampton,Morr Brampton,27.24,debit,unclassified_other,groceries,Plaid truncates MORRISONS to Morr + town
121235,www.astria.ai,www.astria.ai,3.72,debit,unclassified_other,software,Astria.ai is an AI software product
121371,orbit credit services,Visa purchase ORBIT CREDIT SERVICES 3966,62,debit,unclassified_other,debt_collection,Orbit Credit Services (formerly Orbit Debt Collections) is the UK utility collections agency; SIC 82911 collection agencies.
121399,morr halifax,MORR HALIFAX,3,debit,unclassified_other,groceries,Plaid truncates MORRISONS to Morr + town
121403,premier freche,PREMIER FRECHEVILLSHEFFIELD S12,9.6,debit,unclassified_other,groceries,Premier symbol-group convenience/grocery shop (not Inn/Vet/Sports/bus/Easy Save); contactless/store narrative
121436,yourbusinessnumber,Yourbusinessnumber,43.13,debit,unclassified_other,web_services,"YourBusinessNumber sells virtual WhatsApp/phone numbers, not email; web_services (comms infra) fits better than email_services"
121996,morr bolton dawes,Visa purchase MORR BOLTON DAWES,35.16,debit,unclassified_other,groceries,Plaid truncates MORRISONS to Morr + town
122034,morr crewe,MORR CREWE,10,debit,unclassified_other,groceries,Plaid truncates MORRISONS to Morr + town
122157,morr yeovil,MORR YEOVIL,30,debit,unclassified_other,groceries,Plaid truncates MORRISONS to Morr + town
122278,premier oakley,PREMIER OAKLEY,15.24,debit,unclassified_other,groceries,Premier symbol-group convenience/grocery shop (not Inn/Vet/Sports/bus/Easy Save); contactless/store narrative
122521,morr milton keynes wes,MORR MILTON KEYNES  ON 09 OCT CPM MORR MILTON KEYNES WES,20,debit,unclassified_other,groceries,Plaid truncates MORRISONS to Morr + town
122566,cd ridgewood stores,8213 15SEP25 CD   RIDGEWOOD STORES  LTD               UCKFIELD GB,0.8,debit,unclassified_other,convenience_store,Ridgewood Stores Ltd Uckfield is a convenience store
122719,morr knottingley,MORR KNOTTINGLEY Morr Knottingley,10.05,debit,unclassified_other,groceries,Plaid truncates MORRISONS to Morr + town
122865,morr borehamwood,MORR BOREHAMWOOD  ON 16 SEP CPM,15.02,debit,unclassified_other,groceries,Plaid truncates MORRISONS to Morr + town
122868,skin.club,skin.club,3.89,debit,unclassified_other,gambling_unspecified,Skin.Club is a CS2/CS:GO paid case-opening/skin-gambling site (chance mechanics; not a sportsbook or casino table).
122926,morr stranraer,MORR STRANRAER,34.98,debit,unclassified_other,groceries,Plaid truncates MORRISONS to Morr + town
123139,morr kirkby,MORR KIRKBY,1.68,debit,unclassified_other,groceries,Plaid truncates MORRISONS to Morr + town
123183,premier heath road,Contactless Payment PREMIER HEATH ROAD APPLEPAY 4311,18.11,debit,unclassified_other,groceries,Premier symbol-group convenience/grocery shop (not Inn/Vet/Sports/bus/Easy Save); contactless/store narrative
123348,argylesatellite.co.uk,Visa purchase ARGYLESATELLITE.CO.UK GOOGLE 5665,8.55,debit,unclassified_other,taxi_rideshare,argylesatellite.co.uk is Argyle Satellite Taxis (Wirral private hire)
123420,quay street premier,Quay Street Premier,7.83,debit,unclassified_other,groceries,Premier symbol-group convenience/grocery shop (not Inn/Vet/Sports/bus/Easy Save); contactless/store narrative
123648,bon bon premier,Bon Bon Premier,1.5,debit,unclassified_other,groceries,Premier symbol-group convenience/grocery shop (not Inn/Vet/Sports/bus/Easy Save); contactless/store narrative
123688,nitromonthly,DISCORD* NITROMONT USA AMOUNT IN USD 9.99 ON 06 OCT VISA 1.3425 FINAL GBP AMOUNT INCLUDES NON-STERLING TRANS FEE £0.22 DISCORD* NITROMONTHLY,7.66,debit,unclassified_other,online_services,DISCORD* NITROMONT is Discord Nitro; sibling discord is online_services
123860,bilal superstore cheadle,Bilal Superstore C,6.58,debit,unclassified_other,groceries,Named superstore in Cheadle; supermarket/grocery retail is unambiguous
124006,groobox.co.uk,GROOBOX.CO.UK  ON 04 AUG BCC,24.5,debit,unclassified_other,groceries,Groobox is Groobarb's Wild Farm fruit-and-veg box delivery (meal-kit/veg-box convention = groceries)
124041,morr livingston,MORR LIVINGSTON,30.05,debit,unclassified_other,groceries,Plaid truncates MORRISONS to Morr + town
124055,htcard.co.u,5148 30JUL25      WWW.BLUELIG       HTCARD.CO.U       COSSINGTON GB,4.99,debit,unclassified_other,memberships,WWW.BLUELIG HTCARD.CO.U Cossington is Blue Light Card Ltd (discount membership card for NHS/frontline workers).
124092,kofcomps ltd,KOFCOMPS LTD,3.55,debit,unclassified_other,prize_competitions,Kofcomps Ltd trades as King of Comps (kingofcomps.co.uk) — paid prize-draw tickets with a free postal route
124094,premier northmuir,Premier Northmuir,2.1,debit,unclassified_other,groceries,Premier symbol-group convenience/grocery shop (not Inn/Vet/Sports/bus/Easy Save); contactless/store narrative
124124,morr paignton,MORR PAIGNTON  ON 19 JUN CPM,45.04,debit,unclassified_other,groceries,Plaid truncates MORRISONS to Morr + town
124138,morr barrow in furness,MORR BARROW IN FUR,32.79,debit,unclassified_other,groceries,Plaid truncates MORRISONS to Morr + town
124186,p.louise,P.LOUISE  ON 05 AUG BCC,46.08,debit,unclassified_other,health_beauty_general,P.Louise is a well-known UK makeup/cosmetics brand (plouise.co.uk)
124214,morr brough,MORR BROUGH,3,debit,unclassified_other,groceries,Plaid truncates MORRISONS to Morr + town
124232,psi services uk ltd,PSI SERVICES UK LT  ON 30 AUG BCC PSI SERVICES  UK  LTD,50,debit,unclassified_other,education_general,PSI Services (UK) Ltd is the Home Office exam contractor for Life in the UK and SELT tests.
124346,argylesatellite.co,ARGYLESATELLITE.CO  ON 13 JUL CPM ARGYLESATELLITE.CO.UK,12.15,debit,unclassified_other,taxi_rideshare,argylesatellite.co.uk is Argyle Satellite Taxis Wirral private hire
124364,morr swinton,MORR SWINTON,10.01,debit,unclassified_other,groceries,Plaid truncates MORRISONS to Morr + town
124384,premier express,Premier Express,9.97,debit,unclassified_other,groceries,Premier symbol-group convenience/grocery shop (not Inn/Vet/Sports/bus/Easy Save); contactless/store narrative
124603,morr isle of wight lak,MORR ISLE OF WIGHT  ON 14 AUG CLP MORR ISLE OF WIGHT LAK,38.1,debit,unclassified_other,groceries,Plaid truncates MORRISONS to Morr + town
124658,premier dens road,Contactless Payment PREMIER DENS ROAD GOOGLE 6482,15.15,debit,unclassified_other,groceries,Premier symbol-group convenience/grocery shop (not Inn/Vet/Sports/bus/Easy Save); contactless/store narrative
124727,morr banchory,MORR BANCHORY CD 3675,15.01,debit,unclassified_other,groceries,Plaid truncates MORRISONS to Morr + town
124893,icarsltd,www.icarsltd.com,5.5,debit,unclassified_other,taxi_rideshare,Descriptor is www.icarsltd.com — iCars Taxis Burton (SIC taxi operation)
125016,s a premier cd,S A PREMIER CD 5694,12.74,debit,unclassified_other,groceries,Premier symbol-group convenience/grocery shop (not Inn/Vet/Sports/bus/Easy Save); contactless/store narrative
125090,tenpinlimited,NYX*TenpinLimited,2,debit,unclassified_other,days_out,Tenpin Limited is the UK bowling/indoor entertainment chain (Cranfield HQ); family leisure day out.
125189,dott scooter,Dott scooter bill,2.25,debit,taxi_rideshare,bicycle,Dott shared e-scooters (same micromobility leaf as Lime)
125445,morr hartlepool belle,MORR HARTLEPOOL BELLE Morr Hartlepool Belle,10,debit,unclassified_other,groceries,Plaid truncates MORRISONS to Morr + town
125600,blink network b.v,Blink Network B.V,30,debit,unclassified_other,fuel,Blink Network B.V. bills UK EV charging sessions; production labels ChargePoint/Instavolt/BP Pulse/Electroverse as fuel.
125633,brandon street premier,Brandon Street Premie Brandon Street Premier,4.05,debit,unclassified_other,groceries,Premier symbol-group convenience/grocery shop (not Inn/Vet/Sports/bus/Easy Save); contactless/store narrative
125657,morr hartlepool,MORR HARTLEPOOL,23.97,debit,unclassified_other,groceries,Plaid truncates MORRISONS to Morr + town
125887,morr stranraer,Morr Stranraer,3.1,debit,unclassified_other,groceries,Plaid truncates MORRISONS to Morr + town
125992,warner bros. studio,WARNERBROS STUDIOS  ON 26 AUG CLP Warner Bros. Studio,0.95,debit,unclassified_other,days_out,Warner Bros. Studio Tour London (Making of Harry Potter) attraction tickets
126085,premier arlington,Premier Arlington,7.18,debit,unclassified_other,groceries,Premier symbol-group convenience/grocery shop (not Inn/Vet/Sports/bus/Easy Save); contactless/store narrative
126133,premier west end sabertawe,Premier West End SAbertawe,11.92,debit,unclassified_other,groceries,Premier symbol-group convenience/grocery shop (not Inn/Vet/Sports/bus/Easy Save); contactless/store narrative
126164,dixon lane premier,DIXON LANE PREMIER,3,debit,unclassified_other,groceries,Premier symbol-group convenience/grocery shop (not Inn/Vet/Sports/bus/Easy Save); contactless/store narrative
126299,quay street premier,Quay Street Premier,3.39,debit,unclassified_other,groceries,Premier symbol-group convenience/grocery shop (not Inn/Vet/Sports/bus/Easy Save); contactless/store narrative
126377,rebtelnetwo,PAYPAL *REBTELNETW,5,debit,unclassified_other,mobile_phone_contract,PAYPAL *REBTELNETW is Rebtel VoIP; sibling Rebtel is mobile_phone_contract
126436,morr middles borough,Morr Middlesborough,10.04,debit,unclassified_other,groceries,Plaid truncates MORRISONS to Morr + town
126535,morr strood,Contactless Payment MORR STROOD APPLEPAY 3209,15.06,debit,unclassified_other,groceries,Plaid truncates MORRISONS to Morr + town
126601,premier biggin,PREMIER BIGGIN,5.13,debit,unclassified_other,groceries,Premier symbol-group convenience/grocery shop (not Inn/Vet/Sports/bus/Easy Save); contactless/store narrative
126626,morr worksop,MORR WORKSOP  ON 04 OCT CPM,33.04,debit,unclassified_other,groceries,Plaid truncates MORRISONS to Morr + town
126645,morr halifax,PENDING MORR HALIFAX,10.03,debit,unclassified_other,groceries,Plaid truncates MORRISONS to Morr + town
126728,morr stranraer,Morr Stranraer,64.76,debit,unclassified_other,groceries,Plaid truncates MORRISONS to Morr + town
126838,icarsltd,www.icarsltd.com,5.5,debit,unclassified_other,taxi_rideshare,Descriptor is www.icarsltd.com — iCars Taxis Burton (SIC taxi operation)
126841,morr peterborough,MORR PETERBOROUGH,40,debit,unclassified_other,groceries,Plaid truncates MORRISONS to Morr + town
126862,dott scooter,Dott scooter bill,2.25,debit,taxi_rideshare,bicycle,Dott shared e-scooters (same micromobility leaf as Lime)
126918,jeni and js premier,JENI AND JS PREMIE,17.92,debit,unclassified_other,groceries,Premier symbol-group convenience/grocery shop (not Inn/Vet/Sports/bus/Easy Save); contactless/store narrative
127075,bon bon premier,Contactless Payment Bon Bon Premier GOOGLE 7216 2025-09-28,17.67,debit,unclassified_other,groceries,Premier symbol-group convenience/grocery shop (not Inn/Vet/Sports/bus/Easy Save); contactless/store narrative
127208,morr eccles,MORR ECCLES  ON 10 SEP CPM,20,debit,unclassified_other,groceries,Plaid truncates MORRISONS to Morr + town
127230,morr blackpool,MORR BLACKPOOL  ON 30 JUL CPM,16.6,debit,unclassified_other,groceries,Plaid truncates MORRISONS to Morr + town
127301,morr totton,Visa purchase MORR TOTTON,5.8,debit,unclassified_other,groceries,Plaid truncates MORRISONS to Morr + town
127536,morr barrow in furness,MORR BARROW IN FURNESS Morr Barrow In Furness,10.2,debit,unclassified_other,groceries,Plaid truncates MORRISONS to Morr + town
127541,morr glasgow cambuslan,Morr Glasgow Cambuslan,3.99,debit,unclassified_other,groceries,Plaid truncates MORRISONS to Morr + town
127552,rundle & co ltd,RUNDLE & CO LTD PI3348014363140849,20,debit,unclassified_other,debt_enforcement,Rundle & Co Ltd (Rundles) are certificated enforcement agents collecting council tax and other debts
127648,morr newcastle upon ty,MORR NEWCASTLE UPO  ON 11 SEP CPM MORR NEWCASTLE UPON TY,30.01,debit,unclassified_other,groceries,Plaid truncates MORRISONS to Morr + town
127764,bon bon premier,Bon Bon Premier,3,debit,unclassified_other,groceries,Premier symbol-group convenience/grocery shop (not Inn/Vet/Sports/bus/Easy Save); contactless/store narrative
127765,2 rides,LIME*2 RIDES EU3N,5.77,debit,taxi_rideshare,bicycle,Lime e-bike/e-scooter ride or pass (not taxi)
127829,premier broad,"PREMIER BROADFIELD (VIA APPLE PAY), ON 19-08-2025",1.6,debit,unclassified_other,groceries,Premier symbol-group convenience/grocery shop (not Inn/Vet/Sports/bus/Easy Save); contactless/store narrative
127910,premier garthdee cd,Premier Garthdee CD 1276,18.59,debit,unclassified_other,groceries,Premier symbol-group convenience/grocery shop (not Inn/Vet/Sports/bus/Easy Save); contactless/store narrative
127968,yourbusinessnumber,Yourbusinessnumber,7.19,debit,unclassified_other,web_services,"YourBusinessNumber sells virtual WhatsApp/phone numbers, not email; web_services (comms infra) fits better than email_services"
128126,forfar premier,Forfar Premier,3.98,debit,unclassified_other,groceries,Premier symbol-group convenience/grocery shop (not Inn/Vet/Sports/bus/Easy Save); contactless/store narrative
128174,morr strood,Contactless Payment MORR STROOD,15.01,debit,unclassified_other,groceries,Plaid truncates MORRISONS to Morr + town
128297,morr haverfordwest,MORR HAVERFORDWESTHAVERFORDWEST,35.15,debit,unclassified_other,groceries,Plaid truncates MORRISONS to Morr + town
128408,linkside premier store,Linkside Premier S,15.73,debit,unclassified_other,groceries,Premier symbol-group convenience/grocery shop (not Inn/Vet/Sports/bus/Easy Save); contactless/store narrative
128453,zapmail, Zapmail,10.8,debit,unclassified_other,email_services,Zapmail is mailbox/email infrastructure (Google Workspace outreach mailboxes)
128523,credit engine,CREDIT ENGINE 3824  ON 26 SEP BCC CREDIT ENGINE 3824825,19.99,debit,unclassified_other,credit_reporting_service,Credit Engine (Credit Technologies) paid TransUnion/Equifax score membership
128533,morr halifax,MORR HALIFAX Morr Halifax,22.44,debit,unclassified_other,groceries,Plaid truncates MORRISONS to Morr + town
128569,lifecafe at life time,LIFETIME LEGAL    CAMBERLEY,8.99,debit,unclassified_other,legal_services,"Narrative is Lifetime Legal (wills), not a cafe"
128732,morr wetherby,MORR WETHERBY,9.38,debit,pet_supplies,groceries,Plaid truncates MORRISONS to Morr + town; Wetherby Morrisons
128856,morr shrewsbury,MORR SHREWSBURY,40,debit,unclassified_other,groceries,Plaid truncates MORRISONS to Morr + town
128872,premier tywyn stortywyn,Premier Tywyn StorTywyn,6.87,debit,unclassified_other,groceries,Premier symbol-group convenience/grocery shop (not Inn/Vet/Sports/bus/Easy Save); contactless/store narrative
128885,s a premier cd,S A PREMIER CD 5694,9.58,debit,unclassified_other,groceries,Premier symbol-group convenience/grocery shop (not Inn/Vet/Sports/bus/Easy Save); contactless/store narrative
128913,morr glasgow cambuslan,Morr Glasgow Cambuslan,61.1,debit,unclassified_other,groceries,Plaid truncates MORRISONS to Morr + town
128936,morr basingstoke,MORR BASINGSTOKE,32.19,debit,unclassified_other,groceries,Plaid truncates MORRISONS to Morr + town
128973,pass yyqc,LIME*PASS YYQC,3.99,debit,unclassified_other,bicycle,Lime e-bike/e-scooter ride or pass (not taxi)
129038,premier dunnikier,PREMIER DUNNIKIER Premier Dunnikier,13.7,debit,unclassified_other,groceries,Premier symbol-group convenience/grocery shop (not Inn/Vet/Sports/bus/Easy Save); contactless/store narrative
129092,wilkins & pye ltd,WILKINS & PYE LTD  ON 27 JUN CPM,2.2,debit,unclassified_other,pub_bar,Wilkins & Pye is a CAMRA-listed micropub in Longton (SIC 56302 public houses and bars).
129119,oposlimited,WWW.OPOSLIMITED.CO,6.6,debit,unclassified_other,debt_collection,www.oposlimited.com is Opos Limited
129203,argylesatellite.co,ARGYLESATELLITE.CO  ON 09 JUN CPM ARGYLESATELLITE.CO.UK,7.65,debit,unclassified_other,taxi_rideshare,argylesatellite.co.uk is Argyle Satellite Taxis Wirral private hire
129238,morr bradford victoria,Morr Bradford Victoria,19.99,debit,unclassified_other,groceries,Plaid truncates MORRISONS to Morr + town
129304,morr newport roger,MORR NEWPORT ROGERNEWPORT,10,debit,unclassified_other,groceries,Plaid truncates MORRISONS to Morr + town
129306,morr newcastle under,Contactless Payment MORR NEWCASTLE UNDER L,25.01,debit,unclassified_other,groceries,Plaid truncates MORRISONS to Morr + town
129336,premier harboroug,PPOINT_*PREMIER HA,13.25,debit,unclassified_other,groceries,Premier symbol-group grocer (taxonomy: Spar/Nisa/Londis/Premier → groceries)
129392,morr cwmbran,2734 12AUG25      MORR CWMBRAN      CWMBRAN GB,51.07,debit,unclassified_other,groceries,Plaid truncates MORRISONS to Morr + town
129516,lime,Lime,3.61,debit,taxi_rideshare,bicycle,"LIME*RIDE / LIME*PASS is Lime UK e-bike/scooter hire, not a taxi"
129537,skin.club,Skin.club,3.82,debit,unclassified_other,gambling_unspecified,Skin.Club is a CS2/CS:GO paid case-opening/skin-gambling site (chance mechanics; not a sportsbook or casino table).
129597,grant palmer ltd,GRANT PALMER LTD  ON 05 AUG CLP,2,debit,unclassified_other,public_transport_rail_coach,Grant Palmer Ltd is the Bedfordshire independent bus operator (grantpalmer.com).
129712,linkside premier store,Linkside Premier S,7.99,debit,unclassified_other,groceries,Premier symbol-group convenience/grocery shop (not Inn/Vet/Sports/bus/Easy Save); contactless/store narrative
129776,premier union stre,Premier Union Stre,12.99,debit,unclassified_other,groceries,Premier symbol-group convenience/grocery shop (not Inn/Vet/Sports/bus/Easy Save); contactless/store narrative
129814,www.astria.ai,www.astria.ai,3.73,debit,unclassified_other,software,Astria.ai is an AI software product
129846,morr fort william,MORR FORT WILLIAM,40,debit,unclassified_other,groceries,Plaid truncates MORRISONS to Morr + town
129850,premier englefieldgr,2155 30AUG25 CD   PREMIER ENGLEFIELDGR                EGHAM GB,30.06,debit,unclassified_other,groceries,Premier symbol-group convenience/grocery shop (not Inn/Vet/Sports/bus/Easy Save); contactless/store narrative
129851,rvs hospital shops ca,Rvs Hospital Shops Ca,7.8,debit,unclassified_other,charity_shop,Royal Voluntary Service hospital shops: charity-run retail (snacks/gifts) with profits reinvested in the charity/NHS
130080,premier garthdee cd,Premier Garthdee CD 1276,27.84,debit,unclassified_other,groceries,Premier symbol-group convenience/grocery shop (not Inn/Vet/Sports/bus/Easy Save); contactless/store narrative
130109,morr barry,MORR BARRY,7.55,debit,unclassified_other,groceries,Plaid truncates MORRISONS to Morr + town
130226,morr isle of wight lak,MORR ISLE OF WIGHT  ON 09 AUG CLP MORR ISLE OF WIGHT LAK,8,debit,unclassified_other,groceries,Plaid truncates MORRISONS to Morr + town
130262,icarsltd,www.icarsltd.com,7,debit,unclassified_other,taxi_rideshare,Descriptor is www.icarsltd.com — iCars Taxis Burton (SIC taxi operation)
130309,modular fs limited,Modulr FS account - Wallet Top Up Modular FS Limited - SortCodeAccountNumber: 04008506211208,4000,debit,unclassified_other,payment_intermediary,Modulr FS wallet top-up; UK payment-processing platform (same leaf as other wallet/PSP top-ups).
130371,morr swinton,MORR SWINTON Morr Swinton,47.62,debit,unclassified_other,groceries,Plaid truncates MORRISONS to Morr + town
130431,dixon lane premier,DIXON LANE PREMIER,6,debit,unclassified_other,groceries,Premier symbol-group convenience/grocery shop (not Inn/Vet/Sports/bus/Easy Save); contactless/store narrative
130517,morr scunthorpe,MORR SCUNTHORPE,15.1,debit,unclassified_other,groceries,Plaid truncates MORRISONS to Morr + town
130558,premier arlington,PREMIER ARLINGTON  ON 11 AUG CPM,12.17,debit,unclassified_other,groceries,Premier symbol-group convenience/grocery shop (not Inn/Vet/Sports/bus/Easy Save); contactless/store narrative
130699,morr scunthorpe,MORR SCUNTHORPE  ON 28 JUN CPM,32.35,debit,unclassified_other,groceries,Plaid truncates MORRISONS to Morr + town
130725,morr bideford,MORR BIDEFORD     BIDEFORD,15,debit,unclassified_other,groceries,Plaid truncates MORRISONS to Morr + town
130741,argylesatellite.co,ARGYLESATELLITE.CO  ON 07 JUN CPM ARGYLESATELLITE.CO.UK,16.3,debit,unclassified_other,taxi_rideshare,argylesatellite.co.uk is Argyle Satellite Taxis Wirral private hire
130841,morr weymouth,MORR WEYMOUTH,35.2,debit,unclassified_other,groceries,Plaid truncates MORRISONS to Morr + town
130864,cder group limited.,8285 02AUG25      CDER GROUP        LIMITED.          INTERNET GB,20,debit,unclassified_other,debt_enforcement,CDER Group is a UK bailiff/enforcement agency (council tax
130991,skedaddlegroup.co.uk,SKEDADDLEGROUP.CO.,10,debit,unclassified_other,pet_other,skedaddlegroup.co.uk is Skedaddle dog park (paid off-leash field hire) not the cycling-holiday brand
131013,morr bradford thornbu,Morr Bradford -Thornbu,7.8,debit,unclassified_other,groceries,Plaid truncates MORRISONS to Morr + town
131144,g.w.r.s.a. clu,SumUp  *G.W.R.S.A.,3.7,debit,unclassified_other,private_members_club,G.W.R.S.A. is the Great Western Railway Staff Association social club (members' bar); SumUp tap at the club.
131158,evyve services,EVYVE SERVICES,17.9,debit,unclassified_other,fuel,evyve is a UK public EV rapid-charging network; BP Pulse is already fuel in the dictionary
131392,morr stevenston,Morr Stevenston,13.15,debit,unclassified_other,groceries,Plaid truncates MORRISONS to Morr + town
131420,morr newcastle under,Contactless Payment MORR NEWCASTLE UNDER L APPLEPAY 5504 2025-08-10,2.25,debit,unclassified_other,groceries,Plaid truncates MORRISONS to Morr + town
131470,morr lincoln,MORR LINCOLN  ON 21 AUG CLP,10,debit,unclassified_other,groceries,Plaid truncates MORRISONS to Morr + town
131502,morr cromer,Contactless Payment MORR CROMER,5,debit,unclassified_other,groceries,Plaid truncates MORRISONS to Morr + town
131513,ride 4 qmp,Lime*ride 4qmp,1.16,debit,taxi_rideshare,bicycle,Lime e-bike/e-scooter ride or pass (not taxi)
131628,morr warrington,MORR WARRINGTON,10,debit,unclassified_other,groceries,Plaid truncates MORRISONS to Morr + town
131686,tenpinlimited,NYX*TenpinLimited,2,debit,unclassified_other,days_out,Tenpin Limited is the UK bowling/indoor entertainment chain (Cranfield HQ); family leisure day out.
131695,morr middlesboroug,MORR MIDDLESBOROUGMIDDLESBOROUG,59.86,debit,unclassified_other,groceries,Plaid truncates MORRISONS to Morr + town
131909,holafly limited,4719 24JUL25  D   HOLAFLY LIMITED   DUBLIN IE,55.8,debit,unclassified_other,mobile_phone_contract,Holafly sells prepaid travel eSIM mobile-data plans (Dublin card descriptor)
131994,rvs hospital shops ca,PENDING RVS HOSPITAL SHOPS CA,3.65,debit,unclassified_other,charity_shop,Royal Voluntary Service hospital shops: charity-run retail (snacks/gifts) with profits reinvested in the charity/NHS
132030,premier freche,PREMIER FRECHEVILLSHEFFIELD S12,10.8,debit,unclassified_other,groceries,Premier symbol-group convenience/grocery shop (not Inn/Vet/Sports/bus/Easy Save); contactless/store narrative
132063,surecredit.co.uk,SURECREDIT.CO.UK  ON 27 AUG BCC,24.95,debit,unclassified_other,credit_reporting_service,Sure Credit is a paid TransUnion credit-report/education subscription (credit broker not a lender) like Clearscore
132126,premier extra ltd,PREMIER EXTRA LTD,21.69,debit,unclassified_other,groceries,Premier symbol-group convenience/grocery shop (not Inn/Vet/Sports/bus/Easy Save); contactless/store narrative
132161,zapmail, Zapmail,22.14,debit,unclassified_other,email_services,Zapmail is mailbox/email infrastructure (Google Workspace outreach mailboxes)
132199,morr newcastle upon ty,Morr Newcastle Upon Ty,64.35,debit,unclassified_other,groceries,Plaid truncates MORRISONS to Morr + town
132289,morr cromer,MORR CROMER  ON 21 JUN CPM,2,debit,unclassified_other,groceries,Plaid truncates MORRISONS to Morr + town
132696,indeed iei,Indeed Iei25-01187180,370.15,debit,unclassified_other,advertising_services,Indeed IEI job-ad invoices; sibling online job ads indeed is advertising_services
132723,select & save ltd,PPOINT_*SELECT & S,2.19,debit,unclassified_other,groceries,Select & Save is a UK convenience symbol group (same treatment as Spar/Nisa/Premier/Londis)
132755,morr jarrow,MORR JARROW  ON 04 AUG CPM,16,debit,unclassified_other,groceries,Plaid truncates MORRISONS to Morr + town
132766,morr peterborough,MORR PETERBOROUGH,32.01,debit,unclassified_other,groceries,Plaid truncates MORRISONS to Morr + town
132876,cd gdk,7688 19JUL25 CD   GDK FALLOWFIELD   M'STER M14 GB,13.78,debit,unclassified_other,takeaway,German Doner Kebab
132912,morr dukinfield,MORR DUKINFIELD  ON 27 AUG BCC,15,debit,unclassified_other,groceries,Plaid truncates MORRISONS to Morr + town
132968,kanes premier,Kanes Premier,18.48,debit,unclassified_other,groceries,Premier symbol-group convenience/grocery shop (not Inn/Vet/Sports/bus/Easy Save); contactless/store narrative
133014,morr bathgate,Morr Bathgate,27.8,debit,unclassified_other,groceries,Plaid truncates MORRISONS to Morr + town
133133,modular fs limited,Modulr FS account - Wallet Top Up Modular FS Limited - SortCodeAccountNumber: 04008506211208,1200,debit,unclassified_other,payment_intermediary,Modulr FS wallet top-up; UK payment-processing platform (same leaf as other wallet/PSP top-ups).
133157,midland bluebird ltd,Midland Bluebird L,3.95,debit,unclassified_other,public_transport_rail_coach,McGill's Midland Bluebird is a well-known central Scotland bus operator (Falkirk/Stirling/Edinburgh)
133202,wilkins & pye ltd,WILKINS & PYE LTD  ON 24 JUL CPM,4.4,debit,unclassified_other,pub_bar,Wilkins & Pye is a CAMRA-listed micropub in Longton (SIC 56302 public houses and bars).
133300,orbit credit services,ORBIT CREDIT SERVICES Orbit Credit Services,20,debit,unclassified_other,debt_collection,Orbit Credit Services (formerly Orbit Debt Collections) is the UK utility collections agency; SIC 82911 collection agencies.
133367,warner bros. studio,WARNERBROS STUDIOS  ON 05 OCT CLP Warner Bros. Studio,24.45,debit,unclassified_other,days_out,Warner Bros. Studio Tour London (Making of Harry Potter) attraction tickets
133441,premier dens road,Contactless Payment PREMIER DENS ROAD,14.4,debit,unclassified_other,groceries,Premier symbol-group convenience/grocery shop (not Inn/Vet/Sports/bus/Easy Save); contactless/store narrative
133548,morr stevenston,Morr Stevenston,20.01,debit,unclassified_other,groceries,Plaid truncates MORRISONS to Morr + town
133585,frenk.io,FRENK.IO,20.64,debit,unclassified_other,crypto,frenk.io is a licensed cryptocurrency exchange (Bright Technologies).
133724,premier oscar road,Premier Oscar Road,1.05,debit,unclassified_other,groceries,Premier symbol-group convenience/grocery shop (not Inn/Vet/Sports/bus/Easy Save); contactless/store narrative
133743,visioncraft ltd,PENDING VISIONCRAFT LTD,21.57,debit,unclassified_other,optician,Visioncraft is an independent NHS optician in Birmingham (visioncraft.co.uk)
133760,morr hartlepool,MORR HARTLEPOOL,12.38,debit,unclassified_other,groceries,Plaid truncates MORRISONS to Morr + town
133990,evyve services,EVYVE SERVICES,28.51,debit,unclassified_other,fuel,evyve is a UK public EV rapid-charging network; BP Pulse is already fuel in the dictionary
133995,premier heyside,5566 19AUG25 C    PREMIER HEYSIDE   LTD               OLDHAM GB,2.79,debit,unclassified_other,groceries,Premier symbol-group convenience/grocery shop (not Inn/Vet/Sports/bus/Easy Save); contactless/store narrative
134245,morr fakenham,MORR FAKENHAM  ON 19 JUL CPM,3.99,debit,unclassified_other,groceries,Plaid truncates MORRISONS to Morr + town
134288,grandpierlimited,NYX*GrandPierLimit  ON 28 JUN CLP NYX*GRANDPIERLIMITED,2,debit,unclassified_other,days_out,Grand Pier Limited operates Weston-super-Mare Grand Pier indoor amusement park
134413,skedaddlegroup.co.uk,skedaddlegroup.co.uk,10,debit,unclassified_other,pet_other,skedaddlegroup.co.uk is Skedaddle dog park (paid off-leash field hire) not the cycling-holiday brand
134606,morr stevenston,Morr Stevenston,19.88,debit,unclassified_other,groceries,Plaid truncates MORRISONS to Morr + town
134674,quay street premier,Quay Street Premier,1.99,debit,unclassified_other,groceries,Premier symbol-group convenience/grocery shop (not Inn/Vet/Sports/bus/Easy Save); contactless/store narrative
134724,morr leeds,Morr Leeds Yeadon,55.54,debit,unclassified_other,groceries,Plaid truncates MORRISONS to Morr + town
134815,dhadda premier,DHADDA PREMIER,24.26,debit,unclassified_other,groceries,Premier symbol-group convenience/grocery shop (not Inn/Vet/Sports/bus/Easy Save); contactless/store narrative
134860,morr consett,MORR CONSETT  ON 19 SEP CLP,5.55,debit,unclassified_other,groceries,Plaid truncates MORRISONS to Morr + town
135028,dcbltd,WWW.DCBLTD.COM,17,debit,unclassified_other,debt_enforcement,WWW.DCBLTD.COM is Direct Collection Bailiffs Ltd (High Court enforcement); already mapped dcbl in the dictionary
135139,yollacalls,www.yollacalls.com,2.93,debit,unclassified_other,software,"Yolla is an OTT/VoIP international calling app (yollacalls.com), same class as Rebtel; not a UK mobile-network contract"
135160,fam premier ltd,FAM PREMIER LTD,3.54,debit,unclassified_other,groceries,Premier symbol-group convenience/grocery shop (not Inn/Vet/Sports/bus/Easy Save); contactless/store narrative
135250,premier biggin,PREMIER BIGGIN,5.13,debit,unclassified_other,groceries,Premier symbol-group convenience/grocery shop (not Inn/Vet/Sports/bus/Easy Save); contactless/store narrative
135267,canvauk,CARD PAYMENT TO PAYPAL *CANVAUK ON 02-09-2025,13,debit,unclassified_other,software,PAYPAL *CANVAUK is Canva UK; sibling canva is software
135277,www.astria.ai,www.astria.ai,3.67,debit,unclassified_other,software,Astria.ai is an AI software product
135461,surecredit.co.uk,SURECREDIT.CO.UK,19.99,debit,unclassified_other,credit_reporting_service,Sure Credit is a paid TransUnion credit-report/education subscription (credit broker not a lender) like Clearscore
135488,morr glasgow cambuslan,Morr Glasgow Cambuslan,3.95,debit,unclassified_other,groceries,Plaid truncates MORRISONS to Morr + town
135510,lime,LIME*PASS 74LU,3.99,debit,taxi_rideshare,bicycle,Lime e-bike/e-scooter ride or pass (not taxi)
135658,morr walsall wallows,MORR WALSALL WALLO  ON 09 AUG CPM MORR WALSALL WALLOWS L,63.22,debit,unclassified_other,groceries,Plaid truncates MORRISONS to Morr + town
135742,midland bluebird ltd,Midland Bluebird L,3.95,debit,unclassified_other,public_transport_rail_coach,McGill's Midland Bluebird is a well-known central Scotland bus operator (Falkirk/Stirling/Edinburgh)
135776,morr beccles,MORR BECCLES  ON 24 JUL CLP,12.79,debit,unclassified_other,groceries,Plaid truncates MORRISONS to Morr + town
135986,grandpierlimited,NYX*GrandPierLimit,2,debit,unclassified_other,days_out,Grand Pier Limited operates Weston-super-Mare Grand Pier indoor amusement park
136076,wilkins & pye ltd,WILKINS & PYE LTD  ON 10 AUG CPM,8.9,debit,unclassified_other,pub_bar,Wilkins & Pye is a CAMRA-listed micropub in Longton (SIC 56302 public houses and bars).
136312,lapitza.restajet,Lapitza.restajet.com,13.6,debit,unclassified_other,takeaway,Lapitza / La Pitza on Restajet is a Rotherham pizza/kebab takeaway with delivery.
136329,morr bradford enterpri,MORR BRADFORD ENTE,30.01,debit,unclassified_other,groceries,Plaid truncates MORRISONS to Morr + town
136338,morr sittingbourne,MORR SITTINGBOURNE  ON 04 JUL BCC,20.02,debit,unclassified_other,groceries,Plaid truncates MORRISONS to Morr + town
136347,morr berwick upon twee,MORR BERWICK UPON,40,debit,unclassified_other,groceries,Plaid truncates MORRISONS to Morr + town
136428,cd ridgewood stores,8213 30AUG25 CD   RIDGEWOOD STORES  LTD               UCKFIELD GB,9,debit,unclassified_other,convenience_store,Ridgewood Stores Ltd Uckfield is a convenience store
136473,yollacalls,Visa purchase yollacalls.com USD 8.00000 at 1.3422 APPLEPAY 2142,5.96,debit,unclassified_other,software,"Yolla is an OTT/VoIP international calling app (yollacalls.com), same class as Rebtel; not a UK mobile-network contract"
136492,hawthorn premier,Hawthorn Premier,5,debit,unclassified_other,groceries,Premier symbol-group convenience/grocery shop (not Inn/Vet/Sports/bus/Easy Save); contactless/store narrative
136547,morr doncaster,MORR DONCASTER,15.04,debit,unclassified_other,groceries,Plaid truncates MORRISONS to Morr + town
136629,mccoll s travel ltd,McColl s Travel Lt,2.6,debit,unclassified_other,public_transport_rail_coach,McColl's Travel Ltd is the Dumbarton family bus and coach operator (mccolls.org.uk).
136728,tony's food store chp,Tony's Food Store Chp,26.97,debit,unclassified_other,groceries,Descriptor is a named food store; grocery retail is unambiguous.
136776,midland bluebird ltd,Midland Bluebird L,4.5,debit,unclassified_other,public_transport_rail_coach,McGill's Midland Bluebird is a well-known central Scotland bus operator (Falkirk/Stirling/Edinburgh)
136809,morr leeds,Morr Leeds Yeadon,5.98,debit,unclassified_other,groceries,Plaid truncates MORRISONS to Morr + town
136840,morr brampton,Morr Brampton,28.06,debit,unclassified_other,groceries,Plaid truncates MORRISONS to Morr + town
136927,morr leeds,Morr Leeds Yeadon,51.27,debit,unclassified_other,groceries,Plaid truncates MORRISONS to Morr + town
137014,morr morecambe,MORR MORECAMBE CD 0089,13.4,debit,unclassified_other,groceries,Plaid truncates MORRISONS to Morr + town
137020,morr bradford thornbu,Contactless Payment MORR BRADFORD -THORNBU APPLEPAY 3397,68.26,debit,unclassified_other,groceries,Plaid truncates MORRISONS to Morr + town
137304,morr bristol hartcliff,MORR BRISTOL HARTC,30.01,debit,unclassified_other,groceries,Plaid truncates MORRISONS to Morr + town
137329,morr brampton,MORR BRAMPTON,20,debit,unclassified_other,groceries,Plaid truncates MORRISONS to Morr + town
137341,premier northmuir,Premier Northmuir,11.62,debit,unclassified_other,groceries,Premier symbol-group convenience/grocery shop (not Inn/Vet/Sports/bus/Easy Save); contactless/store narrative
137348,morr dukinfield,MORR DUKINFIELD  ON 08 OCT BCC,10,debit,unclassified_other,groceries,Plaid truncates MORRISONS to Morr + town
137426,tony's food store chp,Tony's Food Store Chp,10.9,debit,unclassified_other,groceries,Descriptor is a named food store; grocery retail is unambiguous.
137505,morr milton keynes wes,MORR MILTON KEYNES  ON 11 AUG CLP MORR MILTON KEYNES WES,10.02,debit,unclassified_other,groceries,Plaid truncates MORRISONS to Morr + town
137527,modular fs limited,Modulr FS account - Wallet Top Up Modular FS Limited - SortCodeAccountNumber: 04008506211208,7000,debit,unclassified_other,payment_intermediary,Modulr FS wallet top-up; UK payment-processing platform (same leaf as other wallet/PSP top-ups).
137549,lapitza.restajet,Lapitza.restajet.com,23.2,debit,unclassified_other,takeaway,Lapitza / La Pitza on Restajet is a Rotherham pizza/kebab takeaway with delivery.
137582,s a premier cd,S A PREMIER CD 5694,5.45,debit,unclassified_other,groceries,Premier symbol-group convenience/grocery shop (not Inn/Vet/Sports/bus/Easy Save); contactless/store narrative
137853,fish's premier store,Fish's Premier Store,1.79,debit,unclassified_other,groceries,Premier symbol-group convenience/grocery shop (not Inn/Vet/Sports/bus/Easy Save); contactless/store narrative
137910,morr bradford victoria,MORR BRADFORD VICT,10,debit,unclassified_other,groceries,Plaid truncates MORRISONS to Morr + town
137983,morr rotherham,Morr Rotherham Parkgat,40.16,debit,unclassified_other,groceries,Plaid truncates MORRISONS to Morr + town
138033,wayfairer premier,Wayfairer Premier  ON 12 OCT CPM WAYFAIRER PREMIER,1.99,debit,unclassified_other,groceries,Premier symbol-group grocer (taxonomy: Spar/Nisa/Londis/Premier → groceries)
138085,apollo.io,APOLLO.IO Apollo.Io,87.77,debit,unclassified_other,software,Apollo.io is a well-known B2B sales CRM/prospecting SaaS (pro app; USD charges on the sample)
138100,c gdk,1421 10SEP25 C    GDK GLASGOW       GLASGOW GB,28.24,debit,unclassified_other,takeaway,German Doner Kebab
138138,morr barry,Morr Barry,5.59,debit,unclassified_other,groceries,Plaid truncates MORRISONS to Morr + town
138320,morr st andrews,Morr St Andrews,35.13,debit,unclassified_other,groceries,Plaid truncates MORRISONS to Morr + town
138409,wilkins & pye ltd,WILKINS & PYE LTD  ON 11 JUL CPM,2.2,debit,unclassified_other,pub_bar,Wilkins & Pye is a CAMRA-listed micropub in Longton (SIC 56302 public houses and bars).
138532,pass ryyr,LIME*PASS RYYR,1.99,debit,unclassified_other,bicycle,Lime e-bike/e-scooter ride or pass (not taxi)
138576,morr ilkeston,Visa purchase MORR ILKESTON,10.05,debit,unclassified_other,groceries,Plaid truncates MORRISONS to Morr + town
138613,orbit credit services,ORBIT CREDIT SERVI  ON 08 SEP BCC ORBIT CREDIT SERVICES,1,debit,unclassified_other,debt_collection,Orbit Credit Services (formerly Orbit Debt Collections) is the UK utility collections agency; SIC 82911 collection agencies.
138733,cairnside premier,  CAIRNSIDE PREMIER,1.3,debit,unclassified_other,groceries,Premier symbol-group convenience/grocery shop (not Inn/Vet/Sports/bus/Easy Save); contactless/store narrative
138796,winrz ltd,Winrz Ltd Vnd157138C122Vnd,1.98,debit,unclassified_other,prize_competitions,Winnrz Ltd (winnrz.com) is a shop-and-win prize-draw platform; ticket-style Vnd refs on the sample
138834,rebtelnetwo,PAYPAL *REBTELNETW,4.04,debit,unclassified_other,mobile_phone_contract,PAYPAL *REBTELNETW is Rebtel VoIP; sibling Rebtel is mobile_phone_contract
139079,rvs hospital shops ca,Rvs Hospital Shops Ca,2.25,debit,unclassified_other,charity_shop,Royal Voluntary Service hospital shops: charity-run retail (snacks/gifts) with profits reinvested in the charity/NHS
139150,rundle and co ltd,RUNDLE AND CO LTD,187,debit,unclassified_other,debt_enforcement,Rundles (Rundle & Co) are certificated enforcement agents/bailiffs for council tax and similar debts
139257,high street premier,High Street Premie,7.57,debit,unclassified_other,groceries,Premier symbol-group convenience/grocery shop (not Inn/Vet/Sports/bus/Easy Save); contactless/store narrative
139292,orbit credit services,ORBIT CREDIT SERVI,15,debit,unclassified_other,debt_collection,Orbit Credit Services (formerly Orbit Debt Collections) is the UK utility collections agency; SIC 82911 collection agencies.
139335,p.louise,P.LOUISE,45.21,debit,unclassified_other,health_beauty_general,P.Louise is a well-known UK makeup/cosmetics brand (plouise.co.uk)
139374,d lime,2322 02AUG25  D   LIME*2 RIDES WRS7 LONDON GB,16.5,debit,taxi_rideshare,bicycle,Lime e-bike/e-scooter ride or pass (not taxi)
139430,urban jungle insurance,0340 02OCT25      URBAN JUNGLE      INSURANCE         LONDON GB,15.86,debit,unclassified_other,insurance_general,Urban Jungle is a UK insurer (home contents plus travel/motor); description is an insurance premium so general not a single line
139665,gdk winchester,GDK WINCHESTER,6.58,debit,unclassified_other,takeaway,German Doner Kebab
139712,modular fs limited,Modulr FS account - Wallet Top Up Modular FS Limited - SortCodeAccountNumber: 04008506211208,3000,debit,unclassified_other,payment_intermediary,Modulr FS wallet top-up; UK payment-processing platform (same leaf as other wallet/PSP top-ups).
139728,morr hartlepool belle,MORR HARTLEPOOL BELLE Morr Hartlepool Belle,10.01,debit,unclassified_other,groceries,Plaid truncates MORRISONS to Morr + town
139940,morr halifax,MORR HALIFAX,45.16,debit,unclassified_other,groceries,Plaid truncates MORRISONS to Morr + town
140048,morr warrington,MORR WARRINGTON,10,debit,unclassified_other,groceries,Plaid truncates MORRISONS to Morr + town
140294,morr bideford,MORR BIDEFORD     BIDEFORD,61.2,debit,unclassified_other,groceries,Plaid truncates MORRISONS to Morr + town
140300,pass gpa,LIME*PASS GPA3,6.99,debit,unclassified_other,bicycle,Lime e-bike/e-scooter ride or pass (not taxi)
140321,dott scooter,"DOTT SCOOTER RIDE (VIA APPLE PAY), ON 09-07-2025",3.69,debit,taxi_rideshare,bicycle,Dott shared e-scooters (same micromobility leaf as Lime)
140362,c premier,4399 01AUG25 C    PREMIER           OLDHAM GB,0.55,debit,unclassified_other,groceries,Premier symbol-group grocer (taxonomy: Spar/Nisa/Londis/Premier → groceries)
140401,aspit direz. uscita,Aspitcaserta Sud,1.41,debit,unclassified_other,tolls,ASPIT DIREZ. USCITA is Autostrade per l'Italia motorway exit toll
140815,urban jungle insurance,URBAN JUNGLE INSURANCE CD 0622,20.49,debit,unclassified_other,insurance_general,Urban Jungle is a UK insurer (home contents plus travel/motor); description is an insurance premium so general not a single line
141079,morr morpeth,MORR MORPETH,30.01,debit,unclassified_other,groceries,Plaid truncates MORRISONS to Morr + town
141108,ride dvsk,Lime*ride Dvsk,1.98,debit,taxi_rideshare,bicycle,Lime e-bike/e-scooter ride or pass (not taxi)
141129,premier cayton,Premier Cayton,51.83,debit,unclassified_other,groceries,Premier symbol-group convenience/grocery shop (not Inn/Vet/Sports/bus/Easy Save); contactless/store narrative
141212,morr milton keynes wes,MORR MILTON KEYNES  ON 24 JUL BCC MORR MILTON KEYNES WES,15,debit,unclassified_other,groceries,Plaid truncates MORRISONS to Morr + town
141271,morr peterborough,MORR PETERBOROUGH,25,debit,unclassified_other,groceries,Plaid truncates MORRISONS to Morr + town
141307,htcard.co.u,7732 24JUN25      WWW.BLUELIG       HTCARD.CO.U       COSSINGTON GB,4.99,debit,unclassified_other,memberships,WWW.BLUELIG HTCARD.CO.U Cossington is Blue Light Card Ltd (discount membership card for NHS/frontline workers).
141322,morr neath,MORR NEATH,20.02,debit,unclassified_other,groceries,Plaid truncates MORRISONS to Morr + town
141380,morr strood,Morr Strood,30.01,debit,unclassified_other,groceries,Plaid truncates MORRISONS to Morr + town
141467,morr basingstoke,MORR BASINGSTOKE,3.2,debit,unclassified_other,groceries,Plaid truncates MORRISONS to Morr + town
141591,morr liskeard,Morr Liskeard,20.1,debit,unclassified_other,groceries,Plaid truncates MORRISONS to Morr + town
141628,warner bros. studio,WARNERBROS STUDIOS  ON 12 SEP CLP Warner Bros. Studio,0.95,debit,unclassified_other,days_out,Warner Bros. Studio Tour London (Making of Harry Potter) attraction tickets
141645,morr newcastle upon ty,Morr Newcastle Upon Ty,3.1,debit,unclassified_other,groceries,Plaid truncates MORRISONS to Morr + town
141691,a.saily,a.saily A.Saily,25.39,debit,unclassified_other,mobile_phone_contract,Saily (Nord Security) is a prepaid travel eSIM data app; Apple Pay USD amounts match international eSIM top-ups
141821,morr paignton,MORR PAIGNTON  ON 04 AUG CLP,38.51,debit,unclassified_other,groceries,Plaid truncates MORRISONS to Morr + town
141873,vir health ltd,Vir Health Ltd  ON 21 AUG BCC,209,debit,unclassified_other,pharmacy,Vir Health Limited is the CQC-registered legal entity behind Numan (online pharmacy/men's health prescriptions).
141910,surecredit.co.uk,SURECREDIT.CO.UK  ON 27 JUL BCC,24.95,debit,unclassified_other,credit_reporting_service,Sure Credit is a paid TransUnion credit-report/education subscription (credit broker not a lender) like Clearscore
141972,greenbank service st,Greenbank Service St )))),7.99,debit,unclassified_other,fuel,Greenbank Service Station is a Circle K petrol forecourt
142031,morr high wycombe,MORR HIGH WYCOMBE HIGH WYCOMBE,32.02,debit,unclassified_other,groceries,Plaid truncates MORRISONS to Morr + town
142060,dhadda premier,DHADDA PREMIER,22.89,debit,unclassified_other,groceries,Premier symbol-group convenience/grocery shop (not Inn/Vet/Sports/bus/Easy Save); contactless/store narrative
142362,morr redditch,Morr Redditch,8,debit,unclassified_other,groceries,Plaid truncates MORRISONS to Morr + town
142387,skin.club,Skin.club,1.52,debit,unclassified_other,gambling_unspecified,Skin.Club is a CS2/CS:GO paid case-opening/skin-gambling site (chance mechanics; not a sportsbook or casino table).
142774,the saxon premier,THE SAXON PREMIER,1.75,debit,unclassified_other,groceries,Premier symbol-group grocer (taxonomy: Spar/Nisa/Londis/Premier → groceries)
142802,morr scunthorpe,MORR SCUNTHORPE  ON 05 AUG CPM,18.02,debit,unclassified_other,groceries,Plaid truncates MORRISONS to Morr + town
142807,yollacalls,Visa purchase yollacalls.com USD 8.00000 at 1.3136 APPLEPAY 2142,6.09,debit,unclassified_other,software,"Yolla is an OTT/VoIP international calling app (yollacalls.com), same class as Rebtel; not a UK mobile-network contract"
142856,dhadda premier,DHADDA PREMIER,4.29,debit,unclassified_other,groceries,Premier symbol-group convenience/grocery shop (not Inn/Vet/Sports/bus/Easy Save); contactless/store narrative
142869,argylesatellite.co,ARGYLESATELLITE.CO  ON 12 JUL CPM ARGYLESATELLITE.CO.UK,8.25,debit,unclassified_other,taxi_rideshare,argylesatellite.co.uk is Argyle Satellite Taxis Wirral private hire
143110,premier express,Premier Express,1.2,debit,unclassified_other,groceries,Premier symbol-group convenience/grocery shop (not Inn/Vet/Sports/bus/Easy Save); contactless/store narrative
143132,warner bros. studio,WARNERBROS STUDIOS  ON 12 SEP CLP Warner Bros. Studio,0.95,debit,unclassified_other,days_out,Warner Bros. Studio Tour London (Making of Harry Potter) attraction tickets
143139,morr hartlepool belle,MORR HARTLEPOOL BELLE Morr Hartlepool Belle,10,debit,unclassified_other,groceries,Plaid truncates MORRISONS to Morr + town
143235,morr newport roger,MORR NEWPORT ROGERNEWPORT,9.18,debit,unclassified_other,groceries,Plaid truncates MORRISONS to Morr + town
143451,yourbusinessnumber,Yourbusinessnumber,7.19,debit,unclassified_other,web_services,"YourBusinessNumber sells virtual WhatsApp/phone numbers, not email; web_services (comms infra) fits better than email_services"
143613,zippa loans,Zippa Loans,13.37,debit,personal_loan_repayment,payday_loan,"Skyline Direct high-cost short-term credit, not a personal loan"
143742,morr redditch,MORR REDDITCH  ON 29 JUL CPM,3.99,debit,unclassified_other,groceries,Plaid truncates MORRISONS to Morr + town
144039,c beenetwork.,1006 03JUN25 C    BEENETWORK.       COM/CHARGES       0161 244 1000 GB,4,debit,unclassified_other,public_transport_rail_coach,Bee Network Greater Manchester COM/CHARGES; sibling beenetwork is public_transport_rail_coach
144127,premier grays,PREMIER           GRAYS,3.84,debit,unclassified_other,groceries,Premier symbol-group convenience/grocery shop (not Inn/Vet/Sports/bus/Easy Save); contactless/store narrative
144147,d lime,1644 06JUL25  D   LIME*RIDE X4UJ    LONDON GB,3.03,debit,taxi_rideshare,bicycle,Lime e-bike/e-scooter ride or pass (not taxi)
144229,human forest,Human Forest,5,debit,unclassified_other,bicycle,HumanForest / Forest London e-bike hire
144230,human forest,Human Forest,5,debit,unclassified_other,bicycle,HumanForest / Forest London e-bike hire
144286,zapmail, Zapmail,221.34,debit,unclassified_other,email_services,Zapmail is mailbox/email infrastructure (Google Workspace outreach mailboxes)
144386,morr whitefield,MORR WHITEFIELD,5.2,debit,unclassified_other,groceries,Plaid truncates MORRISONS to Morr + town
144518,morr beccles,MORR BECCLES  ON 25 AUG CLP,20.01,debit,unclassified_other,groceries,Plaid truncates MORRISONS to Morr + town
144553,blink network b.v,Blink Network B.V,30,debit,unclassified_other,fuel,Blink Network B.V. bills UK EV charging sessions; production labels ChargePoint/Instavolt/BP Pulse/Electroverse as fuel.
144555,morr cardiff tyglass,MORR CARDIFF TYGLA,15,debit,unclassified_other,groceries,Plaid truncates MORRISONS to Morr + town
144677,premier northmuir,Premier Northmuir,1.79,debit,unclassified_other,groceries,Premier symbol-group convenience/grocery shop (not Inn/Vet/Sports/bus/Easy Save); contactless/store narrative
144692,metric group ltd,METRIC GROUP LTD,1,debit,unclassified_other,car_parking,Metric Group Ltd makes UK pay-and-display parking terminals; contactless Metric Group Ltd is parking at the machine.
144698,icarsltd,WWW.ICARSLTD.COM,9,debit,unclassified_other,taxi_rideshare,Descriptor is www.icarsltd.com — iCars Taxis Burton (SIC taxi operation)
144858,pass ryyr,LIME*PASS RYYR,1.99,debit,unclassified_other,bicycle,Lime e-bike/e-scooter ride or pass (not taxi)
145043,lime ride gafz,PAYPAL *LIME RIDE,4.19,debit,taxi_rideshare,bicycle,"PAYPAL *LIME RIDE is Lime micromobility, not taxi_rideshare"
145174,morr morecambe,MORR MORECAMBE CD 0089,5,debit,unclassified_other,groceries,Plaid truncates MORRISONS to Morr + town
145435,passe,Lime*passe Td3x,6.99,debit,unclassified_other,bicycle,Lime e-bike/e-scooter ride or pass (not taxi)
145483,highlevel inc.,HIGHLEVEL INC. Highlevel Inc.,39.21,debit,unclassified_other,software,GoHighLevel/HighLevel Inc is a well-known CRM/marketing SaaS subscription.
145538,zippa loans,Zippa Loans,13.37,debit,personal_loan_repayment,payday_loan,"Skyline Direct high-cost short-term credit, not a personal loan"
145813,apollo.io,APOLLO.IO Apollo.Io,73.17,debit,unclassified_other,software,Apollo.io is a well-known B2B sales CRM/prospecting SaaS (pro app; USD charges on the sample)
145853,morr barry,Morr Barry,5.79,debit,unclassified_other,groceries,Plaid truncates MORRISONS to Morr + town
145889,premier dukinf,Premier Dukinf,7.5,debit,unclassified_other,groceries,Premier symbol-group convenience/grocery shop (not Inn/Vet/Sports/bus/Easy Save); contactless/store narrative
145966,forfar premier,Forfar Premier,10,debit,unclassified_other,groceries,Premier symbol-group convenience/grocery shop (not Inn/Vet/Sports/bus/Easy Save); contactless/store narrative
146014,morr rochdale,MORR ROCHDALE  ON 14 OCT BCC,20.02,debit,unclassified_other,groceries,Plaid truncates MORRISONS to Morr + town
146089,premier woodgreen,Premier Woodgreen,8.47,debit,unclassified_other,groceries,Premier symbol-group convenience/grocery shop (not Inn/Vet/Sports/bus/Easy Save); contactless/store narrative
146158,morr stirling,MORR STIRLING,29.02,debit,unclassified_other,groceries,Plaid truncates MORRISONS to Morr + town
146167,morr shrewsbury,MORR SHREWSBURY,50.02,debit,unclassified_other,groceries,Plaid truncates MORRISONS to Morr + town
146217,morr newcastle upon ty,Morr Newcastle Upon Ty,55.29,debit,unclassified_other,groceries,Plaid truncates MORRISONS to Morr + town
146325,argylesatellite.co.uk,argylesatellite.co.uk,4,debit,unclassified_other,taxi_rideshare,argylesatellite.co.uk is Argyle Satellite Taxis (Wirral private hire)
146367,hawthorn premier,Hawthorn Premier,7.05,debit,unclassified_other,groceries,Premier symbol-group convenience/grocery shop (not Inn/Vet/Sports/bus/Easy Save); contactless/store narrative
146376,grant palmer ltd,GRANT PALMER LTD,2,debit,unclassified_other,public_transport_rail_coach,Grant Palmer Ltd is the Bedfordshire independent bus operator (grantpalmer.com).
146415,blink network b.v,Blink Network B.V,30,debit,unclassified_other,fuel,Blink Network B.V. bills UK EV charging sessions; production labels ChargePoint/Instavolt/BP Pulse/Electroverse as fuel.
146538,morr milton keynes wes,MORR MILTON KEYNES  ON 21 AUG CPM MORR MILTON KEYNES WES,25,debit,unclassified_other,groceries,Plaid truncates MORRISONS to Morr + town
146562,canvauk,5089 26JUL25      PAYPAL *CANVAUK   35314369001 GB,13,debit,unclassified_other,software,PAYPAL *CANVAUK is Canva UK; sibling canva is software
146633,morr swinton,MORR SWINTON,20.01,debit,unclassified_other,groceries,Plaid truncates MORRISONS to Morr + town
146635,ipayimpact.co.,VMS*iPayimpact.co.,5,debit,unclassified_other,education_general,iPayimpact is the Capita/council school-payments portal used for meals
146707,c beenetwork.,4399 15AUG25 C    BEENETWORK.       COM/CHARGES       0161 244 1000 GB,4,debit,unclassified_other,public_transport_rail_coach,Bee Network Greater Manchester COM/CHARGES; sibling beenetwork is public_transport_rail_coach
146856,winrz ltd,Winrz Ltd Vnd157140C122Vnd,0.27,debit,unclassified_other,prize_competitions,Winnrz Ltd (winnrz.com) is a shop-and-win prize-draw platform; ticket-style Vnd refs on the sample
146876,dixon lane premier,DIXON LANE PREMIER,2,debit,unclassified_other,groceries,Premier symbol-group convenience/grocery shop (not Inn/Vet/Sports/bus/Easy Save); contactless/store narrative
147038,premier au,PREMIER AUCHTERDERRAN CD 3577,3.39,debit,unclassified_other,groceries,Premier symbol-group convenience/grocery shop (not Inn/Vet/Sports/bus/Easy Save); contactless/store narrative
147114,dover street market,Dover Street Market,190.5,debit,unclassified_other,clothing_general,Dover Street Market is a well-known fashion retailer
147232,premier cayton,Premier Cayton,14.12,debit,unclassified_other,groceries,Premier symbol-group convenience/grocery shop (not Inn/Vet/Sports/bus/Easy Save); contactless/store narrative
147383,premier garthdee cd,Premier Garthdee CD 1276,18.6,debit,unclassified_other,groceries,Premier symbol-group convenience/grocery shop (not Inn/Vet/Sports/bus/Easy Save); contactless/store narrative
147409,morr llanelli,MORR LLANELLI,37.68,debit,unclassified_other,groceries,Plaid truncates MORRISONS to Morr + town
147720,morr livingston,MORR LIVINGSTON  ON 28 SEP CPM,5.54,debit,unclassified_other,groceries,Plaid truncates MORRISONS to Morr + town
147867,2 rides,LIM*2 RIDES 2Y5V,5.77,debit,taxi_rideshare,bicycle,Lime*2 Rides / Lime*ride; Lime micromobility
147896,lifecafe at life time,4632 03SEP25      LIFETIME LEGAL    CAMBERLEY GB,7.99,debit,unclassified_other,legal_services,"Narrative is Lifetime Legal (wills), not a cafe"
147909,morr fort william,MORR FORT WILLIAM,6.33,debit,unclassified_other,groceries,Plaid truncates MORRISONS to Morr + town
147913,rebtelnetwo,PAYPAL *REBTELNETW,5,debit,unclassified_other,mobile_phone_contract,PAYPAL *REBTELNETW is Rebtel VoIP; sibling Rebtel is mobile_phone_contract
147965,premier cayton,Premier Cayton,20.74,debit,unclassified_other,groceries,Premier symbol-group convenience/grocery shop (not Inn/Vet/Sports/bus/Easy Save); contactless/store narrative
148044,morr rochdale,Morr Rochdale,20.05,debit,unclassified_other,groceries,Plaid truncates MORRISONS to Morr + town
148047,premier union street,Premier Union Stre,6.97,debit,unclassified_other,groceries,Premier symbol-group convenience/grocery shop (not Inn/Vet/Sports/bus/Easy Save); contactless/store narrative
148117,c beenetwork.,6677 19AUG25 C    BEENETWORK.       COM/CHARGES       0161 244 1000 GB,2,debit,unclassified_other,public_transport_rail_coach,Bee Network Greater Manchester COM/CHARGES; sibling beenetwork is public_transport_rail_coach
148137,morr knottingley,MORR KNOTTINGLEY Morr Knottingley,10.49,debit,unclassified_other,groceries,Plaid truncates MORRISONS to Morr + town
148206,a.saily,a.saily,7.43,debit,unclassified_other,mobile_phone_contract,Saily (Nord Security) is a prepaid travel eSIM data app; Apple Pay USD amounts match international eSIM top-ups
148216,morr tavistock,Morr Tavistock,10,debit,unclassified_other,groceries,Plaid truncates MORRISONS to Morr + town
148232,morr dukinfield,MORR DUKINFIELD  ON 01 OCT CPM,10.01,debit,unclassified_other,groceries,Plaid truncates MORRISONS to Morr + town
148512,morr leeds,Morr Leeds Yeadon,58.95,debit,unclassified_other,groceries,Plaid truncates MORRISONS to Morr + town
148557,riversidefm inc.,"Riversidefm, Inc.",29,debit,unclassified_other,software,Riverside.fm (RiversideFM Inc) is podcast/video recording SaaS.
148724,morr leeds,Morr Leeds Yeadon,55.72,debit,unclassified_other,groceries,Plaid truncates MORRISONS to Morr + town
148727,morr berwick upon twee,MORR BERWICK UPON,73.18,debit,unclassified_other,groceries,Plaid truncates MORRISONS to Morr + town
148935,holafly limited,HOLAFLY LIMITED,2.89,debit,unclassified_other,mobile_phone_contract,Holafly sells prepaid travel eSIM mobile-data plans (Dublin card descriptor)
149047,morr sittingbourne,MORR SITTINGBOURNE  ON 17 JUL BCC,20.02,debit,unclassified_other,groceries,Plaid truncates MORRISONS to Morr + town
149066,dott scooter,"DOTT SCOOTER RIDE (VIA APPLE PAY), ON 06-08-2025",3.69,debit,taxi_rideshare,bicycle,Dott shared e-scooters (same micromobility leaf as Lime)
149106,morr weymouth,MORR WEYMOUTH,42.84,debit,unclassified_other,groceries,Plaid truncates MORRISONS to Morr + town
149338,beatport llc.,1758 12JUL25      BEATPORT LLC.     01273974905 GB,11.21,debit,unclassified_other,music_other,Beatport is the well-known DJ/electronic music download store (not Spotify-style consumer streaming).
149442,morr shrewsbury,Morr Shrewsbury,8.03,debit,unclassified_other,groceries,Plaid truncates MORRISONS to Morr + town
149549,morr liskeard,Morr Liskeard,20.71,debit,unclassified_other,groceries,Plaid truncates MORRISONS to Morr + town
149567,cd ridgewood stores,8213 17SEP25 CD   RIDGEWOOD STORES  LTD               UCKFIELD GB,1.5,debit,unclassified_other,convenience_store,Ridgewood Stores Ltd Uckfield is a convenience store
149691,morr blackpool,  MORR BLACKPOOL,34.61,debit,unclassified_other,groceries,Plaid truncates MORRISONS to Morr + town
149970,premier garthdee cd,Premier Garthdee CD 1276,15,debit,unclassified_other,groceries,Premier symbol-group convenience/grocery shop (not Inn/Vet/Sports/bus/Easy Save); contactless/store narrative
150047,premier au,PREMIER AUCHTERDERRAN CD 3577,1.29,debit,unclassified_other,groceries,Premier symbol-group convenience/grocery shop (not Inn/Vet/Sports/bus/Easy Save); contactless/store narrative
150061,morr coventry binley,MORR COVENTRY BINL,5.39,debit,unclassified_other,groceries,Plaid truncates MORRISONS to Morr + town
150228,premier linktown scoot,Premier Linktown Scoot,19.53,debit,unclassified_other,groceries,Premier symbol-group convenience/grocery shop (not Inn/Vet/Sports/bus/Easy Save); contactless/store narrative
150305,grandpierlimited,NYX*GrandPierLimit,2,debit,unclassified_other,days_out,Grand Pier Limited operates Weston-super-Mare Grand Pier indoor amusement park
150335,cd gdk,7688 03JUL25 CD   GDK FALLOWFIELD   M'STER M14 GB,9.18,debit,unclassified_other,takeaway,German Doner Kebab
150474,south bank service,South Bank Service,20.19,debit,unclassified_other,fuel,South Bank Services is the Jet petrol filling station on Ferriby Road
150756,yourbusinessnumber,Yourbusinessnumber,43.13,debit,unclassified_other,web_services,"YourBusinessNumber sells virtual WhatsApp/phone numbers, not email; web_services (comms infra) fits better than email_services"
151016,midland bluebird ltd,Midland Bluebird L,3.4,debit,unclassified_other,public_transport_rail_coach,McGill's Midland Bluebird is a well-known central Scotland bus operator (Falkirk/Stirling/Edinburgh)
151139,aspit direz. uscita,ASPIT DIREZ. USCIT,1.65,debit,unclassified_other,tolls,ASPIT DIREZ. USCITA is Autostrade per l'Italia motorway exit toll
151237,morr barry,Morr Barry,4.59,debit,unclassified_other,groceries,Plaid truncates MORRISONS to Morr + town
151297,dike and son ltd,6296 26SEP25 C    DIKE AND SON LTD  STALBRIDGE GB,5.74,debit,unclassified_other,groceries,Award-winning independent supermarket in Stalbridge (Nisa partner); description is a card spend there
151299,premier heyside,8539 26JUN25 C    PREMIER HEYSIDE   LTD               OLDHAM GB,2.75,debit,unclassified_other,groceries,Premier symbol-group convenience/grocery shop (not Inn/Vet/Sports/bus/Easy Save); contactless/store narrative
151369,instantly,Instantly,35.05,debit,unclassified_other,software,"Instantly.ai cold-email / sales software, not a generic merchant"
151407,premier linktown scoot,Premier Linktown Scoot,30.16,debit,unclassified_other,groceries,Premier symbol-group convenience/grocery shop (not Inn/Vet/Sports/bus/Easy Save); contactless/store narrative
151496,canvauk,PAYPAL *CANVAUK  ON 26 JUN BCC,13,debit,unclassified_other,software,PAYPAL *CANVAUK is Canva UK; sibling canva is software
151535,premier freche,PREMIER FRECHEVILLSHEFFIELD S12,5.99,debit,unclassified_other,groceries,Premier symbol-group convenience/grocery shop (not Inn/Vet/Sports/bus/Easy Save); contactless/store narrative
151536,apollo.io,apollo.io,74.7,debit,unclassified_other,software,Apollo.io is a well-known B2B sales CRM/prospecting SaaS (pro app; USD charges on the sample)
151625,morr wisbech,MORR WISBECH  ON 17 JUN CLP,28,debit,unclassified_other,groceries,Plaid truncates MORRISONS to Morr + town
151809,dover street market,Dover Street Market,53,debit,unclassified_other,clothing_general,Dover Street Market is a well-known fashion retailer
151913,gdk winchester,GDK WINCHESTER,10.17,debit,unclassified_other,takeaway,German Doner Kebab
152032,south bank service,South Bank Service,28.6,debit,unclassified_other,fuel,South Bank Services is the Jet petrol filling station on Ferriby Road
152148,fam premier ltd,FAM PREMIER LTD,6.17,debit,unclassified_other,groceries,Premier symbol-group convenience/grocery shop (not Inn/Vet/Sports/bus/Easy Save); contactless/store narrative
152160,morr erith,MORR ERITH  ON 16 SEP BCC,50.02,debit,unclassified_other,groceries,Plaid truncates MORRISONS to Morr + town
152169,tenpinlimited,NYX*TenpinLimited,2,debit,unclassified_other,days_out,Tenpin Limited is the UK bowling/indoor entertainment chain (Cranfield HQ); family leisure day out.
152189,kofcomps ltd,KOFCOMPS LTD,1.19,debit,unclassified_other,prize_competitions,Kofcomps Ltd trades as King of Comps (kingofcomps.co.uk) — paid prize-draw tickets with a free postal route
152240,d lime,4783 20JUL25  D   LIME*RIDE OODD    LONDON GB,1.58,debit,taxi_rideshare,bicycle,Lime e-bike/e-scooter ride or pass (not taxi)
152244,skin.club,Visa purchase skin.club,9.25,debit,unclassified_other,gambling_unspecified,Skin.Club is a CS2/CS:GO paid case-opening/skin-gambling site (chance mechanics; not a sportsbook or casino table).
152284,blink network b.v,Blink Network B.V,14.61,debit,unclassified_other,fuel,Blink Network B.V. bills UK EV charging sessions; production labels ChargePoint/Instavolt/BP Pulse/Electroverse as fuel.
152350,rundle and co ltd,RUNDLE AND CO LTD,300,debit,unclassified_other,debt_enforcement,Rundles (Rundle & Co) are certificated enforcement agents/bailiffs for council tax and similar debts
152482,bilal superstore cheadle,Bilal Superstore C,4.49,debit,unclassified_other,groceries,Named superstore in Cheadle; supermarket/grocery retail is unambiguous
152743,premier extra ltd,PREMIER EXTRA LTD,19.47,debit,unclassified_other,groceries,Premier symbol-group convenience/grocery shop (not Inn/Vet/Sports/bus/Easy Save); contactless/store narrative
152769,surecredit.co.uk,SURECREDIT.CO.UK,19.99,debit,unclassified_other,credit_reporting_service,Sure Credit is a paid TransUnion credit-report/education subscription (credit broker not a lender) like Clearscore
152835,morr dukinfield,MORR DUKINFIELD  ON 03 SEP CPM,3.02,debit,unclassified_other,groceries,Plaid truncates MORRISONS to Morr + town
152848,premier oakley,Contactless Payment PREMIER OAKLEY,6.85,debit,unclassified_other,groceries,Premier symbol-group convenience/grocery shop (not Inn/Vet/Sports/bus/Easy Save); contactless/store narrative
152869,morr bristol hartcliff,MORR BRISTOL HARTC,30.01,debit,unclassified_other,groceries,Plaid truncates MORRISONS to Morr + town
152999,premier averyhill,Premier Averyhill,19.49,debit,unclassified_other,groceries,Premier symbol-group convenience/grocery shop (not Inn/Vet/Sports/bus/Easy Save); contactless/store narrative
153178,morr milton keynes wes,MORR MILTON KEYNES  ON 21 JUL CLP MORR MILTON KEYNES WES,13.3,debit,unclassified_other,groceries,Plaid truncates MORRISONS to Morr + town
153221,visioncraft ltd,PENDING VISIONCRAFT LTD,21.56,debit,unclassified_other,optician,Visioncraft is an independent NHS optician in Birmingham (visioncraft.co.uk)
153642,morr morton park,MORR MORTON PARK,40,debit,unclassified_other,groceries,Plaid truncates MORRISONS to Morr + town
153721,mccoll s travel ltd,McColl s Travel Lt,2.6,debit,unclassified_other,public_transport_rail_coach,McColl's Travel Ltd is the Dumbarton family bus and coach operator (mccolls.org.uk).
153737,premier store cd,Premier store CD 5090,5,debit,unclassified_other,groceries,Premier symbol-group convenience/grocery shop (not Inn/Vet/Sports/bus/Easy Save); contactless/store narrative
153857,www.astria.ai,www.astria.ai,3.72,debit,unclassified_other,software,Astria.ai is an AI software product
153969,morr strood,Contactless Payment MORR STROOD APPLEPAY 3209,12.06,debit,unclassified_other,groceries,Plaid truncates MORRISONS to Morr + town
154023,premier union stre,Premier Union Stre,1.59,debit,unclassified_other,groceries,Premier symbol-group convenience/grocery shop (not Inn/Vet/Sports/bus/Easy Save); contactless/store narrative
154185,premier tye stores,PREMIER TYE STORES,14.28,debit,unclassified_other,groceries,Premier symbol-group convenience/grocery shop (not Inn/Vet/Sports/bus/Easy Save); contactless/store narrative
154218,morr glasgow cambuslan,Morr Glasgow Cambuslan,3.95,debit,unclassified_other,groceries,Plaid truncates MORRISONS to Morr + town
154530,morr sittingbourne,MORR SITTINGBOURNE  ON 28 JUL BCC,20.03,debit,unclassified_other,groceries,Plaid truncates MORRISONS to Morr + town
154548,morr livingston,MORR LIVINGSTON  ON 20 AUG CPM,26.49,debit,unclassified_other,groceries,Plaid truncates MORRISONS to Morr + town
154621,pass ran,LIME*PASS RAN3,6.99,debit,unclassified_other,bicycle,Lime e-bike/e-scooter ride or pass (not taxi)
154632,cd gdk,5349 16JUN25 CD   GDK BRIGHTON      BRIGHTON BN1 GB,2.99,debit,unclassified_other,takeaway,German Doner Kebab
154694,rebtelnetwo,PAYPAL *REBTELNETW,5,debit,unclassified_other,mobile_phone_contract,PAYPAL *REBTELNETW is Rebtel VoIP; sibling Rebtel is mobile_phone_contract
154897,gdk canary wharf,GDK CANARY WHARF  ON 25 SEP CPM,22.36,debit,unclassified_other,takeaway,German Doner Kebab
154971,rebtelnetwo,PAYPAL *REBTELNETW,5,debit,unclassified_other,mobile_phone_contract,PAYPAL *REBTELNETW is Rebtel VoIP; sibling Rebtel is mobile_phone_contract
155016,morr bradford thornbu,MORR BRADFORD -THO,22.52,debit,unclassified_other,groceries,Plaid truncates MORRISONS to Morr + town
155036,pass ryyr,LIME*PASS RYYR,1.99,debit,unclassified_other,bicycle,Lime e-bike/e-scooter ride or pass (not taxi)
155088,morr whitefield,MORR WHITEFIELD  ON 19 JUN CLP,42.25,debit,unclassified_other,groceries,Plaid truncates MORRISONS to Morr + town
155204,oposlimited,WWW.OPOSLIMITED.CO,7.5,debit,unclassified_other,debt_collection,www.oposlimited.com is Opos Limited
155245,dover street market,Dover Street Market,53,debit,unclassified_other,clothing_general,Dover Street Market is a well-known fashion retailer
155282,hawthorn premier,Hawthorn Premier,5,debit,unclassified_other,groceries,Premier symbol-group convenience/grocery shop (not Inn/Vet/Sports/bus/Easy Save); contactless/store narrative
155317,2 rides,Lime*2 Rides 4t6o,1.58,debit,taxi_rideshare,bicycle,Lime e-bike/e-scooter ride or pass (not taxi)
155338,premier biggin,PREMIER BIGGIN,5.13,debit,unclassified_other,groceries,Premier symbol-group convenience/grocery shop (not Inn/Vet/Sports/bus/Easy Save); contactless/store narrative
155434,pass thx,LIME*PASS THX7,3.99,debit,unclassified_other,bicycle,Lime e-bike/e-scooter ride or pass (not taxi)
155445,p.louise,P.LOUISE  ON 02 SEP BCC,56.5,debit,unclassified_other,health_beauty_general,P.Louise is a well-known UK makeup/cosmetics brand (plouise.co.uk)
155572,morr workington,MORR WORKINGTON,25.02,debit,unclassified_other,groceries,Plaid truncates MORRISONS to Morr + town
155734,jeni and js premier,JENI AND JS PREMIE,15.08,debit,unclassified_other,groceries,Premier symbol-group convenience/grocery shop (not Inn/Vet/Sports/bus/Easy Save); contactless/store narrative
155736,rundle & co ltd,RUNDLE & CO LTD PI8265093786176163,150,debit,unclassified_other,debt_enforcement,Rundle & Co Ltd (Rundles) are certificated enforcement agents collecting council tax and other debts
155889,ride dvsk,Lime*ride Dvsk,4.96,debit,taxi_rideshare,bicycle,Lime e-bike/e-scooter ride or pass (not taxi)
155931,darrens premier,Contactless Payment DARRENS PREMIER APPLEPAY 6969,1.79,debit,unclassified_other,groceries,Premier symbol-group convenience/grocery shop (not Inn/Vet/Sports/bus/Easy Save); contactless/store narrative
156029,riversidefm inc.,"Riversidefm, Inc.",32.4,debit,unclassified_other,software,Riverside.fm (RiversideFM Inc) is podcast/video recording SaaS.
156090,morr bristol hartcliff,MORR BRISTOL HARTC,20,debit,unclassified_other,groceries,Plaid truncates MORRISONS to Morr + town
156120,premier garthdee cd,Premier Garthdee CD 1276,11.73,debit,unclassified_other,groceries,Premier symbol-group convenience/grocery shop (not Inn/Vet/Sports/bus/Easy Save); contactless/store narrative
156208,modular fs limited,Modulr FS account - Wallet Top Up Modular FS Limited - SortCodeAccountNumber: 04008506211208,1000,debit,unclassified_other,payment_intermediary,Modulr FS wallet top-up; UK payment-processing platform (same leaf as other wallet/PSP top-ups).
156221,premier englefieldgr,2155 23AUG25 CD   PREMIER ENGLEFIELDGR                EGHAM GB,12.59,debit,unclassified_other,groceries,Premier symbol-group convenience/grocery shop (not Inn/Vet/Sports/bus/Easy Save); contactless/store narrative
156288,skedaddlegroup.co.uk,skedaddlegroup.co.uk,10,debit,unclassified_other,pet_other,skedaddlegroup.co.uk is Skedaddle dog park (paid off-leash field hire) not the cycling-holiday brand
156307,4 rides,LIME*4 RIDES RE5O,6.93,debit,taxi_rideshare,bicycle,Lime e-bike/e-scooter ride or pass (not taxi)
156622,gdk loughborough,GDK LOUGHBOROUGH  PETERBOROUGH,18.36,debit,unclassified_other,takeaway,German Doner Kebab
156741,morr st andrews,MORR ST ANDREWS,50,debit,unclassified_other,groceries,Plaid truncates MORRISONS to Morr + town
156807,instantly,Instantly,35.09,debit,unclassified_other,software,"Instantly.ai cold-email / sales software, not a generic merchant"
156980,4 rides,Lime*ride 4t6o,7.14,debit,taxi_rideshare,bicycle,Lime e-bike/e-scooter ride or pass (not taxi)
157002,ashbourne management services ltd,GRDL31935K Ashbourne Management Services LTD,31.99,debit,unclassified_other,gym_fitness,Ashbourne Management Services collects Direct Debits for independent gym and fitness-club memberships (ashbourne-memberships.com).
157042,kofcomps ltd,KOFCOMPS LTD,2,debit,unclassified_other,prize_competitions,Kofcomps Ltd trades as King of Comps (kingofcomps.co.uk) — paid prize-draw tickets with a free postal route
157189,ipayimpact.co.,VMS*iPayimpact.co.,91.67,debit,unclassified_other,education_general,iPayimpact is the Capita/council school-payments portal used for meals
157263,winrz ltd,Winrz Ltd Vnd158000C122Vnd,4.75,debit,unclassified_other,prize_competitions,Winnrz Ltd (winnrz.com) is a shop-and-win prize-draw platform; ticket-style Vnd refs on the sample
157361,modular fs limited,Modulr FS account - Wallet Top Up Modular FS Limited - SortCodeAccountNumber: 04008506211208,4000,debit,unclassified_other,payment_intermediary,Modulr FS wallet top-up; UK payment-processing platform (same leaf as other wallet/PSP top-ups).
157555,credit engine,CREDIT ENGINE 3887,19.99,debit,unclassified_other,credit_reporting_service,Credit Engine (Credit Technologies) paid TransUnion/Equifax score membership
157558,lapitza.restajet,Lapitza.restajet.com,37.5,debit,unclassified_other,takeaway,Lapitza / La Pitza on Restajet is a Rotherham pizza/kebab takeaway with delivery.
157678,bilal superstore cheadle,Bilal Superstore C,9.27,debit,unclassified_other,groceries,Named superstore in Cheadle; supermarket/grocery retail is unambiguous
157685,beatport llc.,Visa purchase BEATPORT LLC.,10.99,debit,unclassified_other,music_other,Beatport is the well-known DJ/electronic music download store (not Spotify-style consumer streaming).
157731,dike and son ltd,6296 19JUL25 C    DIKE AND SON LTD  STALBRIDGE GB,6.54,debit,unclassified_other,groceries,Award-winning independent supermarket in Stalbridge (Nisa partner); description is a card spend there
157736,www.astria.ai,www.astria.ai,3.67,debit,unclassified_other,software,Astria.ai is an AI software product
157737,morr llanelli,MORR LLANELLI,30.19,debit,unclassified_other,groceries,Plaid truncates MORRISONS to Morr + town
157791,forfar premier,Forfar Premier,13.16,debit,unclassified_other,groceries,Premier symbol-group convenience/grocery shop (not Inn/Vet/Sports/bus/Easy Save); contactless/store narrative
157829,premier meadow head,PENDING PREMIER MEADOW HEAD,2,debit,unclassified_other,groceries,Premier symbol-group convenience/grocery shop (not Inn/Vet/Sports/bus/Easy Save); contactless/store narrative
157926,morr haverfordwest,MORR HAVERFORDWESTHAVERFORDWEST,15.15,debit,unclassified_other,groceries,Plaid truncates MORRISONS to Morr + town
158163,grant palmer ltd,GRANT PALMER LTD,2,debit,unclassified_other,public_transport_rail_coach,Grant Palmer Ltd is the Bedfordshire independent bus operator (grantpalmer.com).
158246,beatport llc.,1758 06AUG25      BEATPORT LLC.     01273974905 GB,13.08,debit,unclassified_other,music_other,Beatport is the well-known DJ/electronic music download store (not Spotify-style consumer streaming).
158342,premier tye stores,Premier Tye Stores,5.83,debit,unclassified_other,groceries,Premier symbol-group convenience/grocery shop (not Inn/Vet/Sports/bus/Easy Save); contactless/store narrative
158384,morr boroughbridge,MORR BOROUGHBRIDGE,3.18,debit,unclassified_other,groceries,Plaid truncates MORRISONS to Morr + town
158443,morr consett,MORR CONSETT  ON 22 AUG CPM,25.78,debit,unclassified_other,groceries,Plaid truncates MORRISONS to Morr + town
158562,morr shrewsbury,MORR SHREWSBURY,82.82,debit,unclassified_other,groceries,Plaid truncates MORRISONS to Morr + town
158597,morr bradford enterpri,Morr Bradford Enterpri,10.13,debit,unclassified_other,groceries,Plaid truncates MORRISONS to Morr + town
158746,south bank service,South Bank Service,19.56,debit,unclassified_other,fuel,South Bank Services is the Jet petrol filling station on Ferriby Road
158801,morr horndean,Morr Horndean,24.53,debit,unclassified_other,groceries,Plaid truncates MORRISONS to Morr + town
159073,morr hull,MORR HULL,2.45,debit,unclassified_other,groceries,Plaid truncates MORRISONS to Morr + town
159078,www.astria.ai,www.astria.ai,3.72,debit,unclassified_other,software,Astria.ai is an AI software product
159122,g.w.r.s.a. clu,SumUp  *G.W.R.S.A.,3.7,debit,unclassified_other,private_members_club,G.W.R.S.A. is the Great Western Railway Staff Association social club (members' bar); SumUp tap at the club.
159156,morr llanelli,MORR LLANELLI,51.39,debit,unclassified_other,groceries,Plaid truncates MORRISONS to Morr + town
159175,urban jungle insurance,0601 08AUG25      URBAN JUNGLE      INSURANCE         LONDON GB,10.45,debit,unclassified_other,insurance_general,Urban Jungle is a UK insurer (home contents plus travel/motor); description is an insurance premium so general not a single line
159216,premier express,Contactless Payment Premier Express APPLEPAY 9302,3,debit,unclassified_other,groceries,Premier symbol-group convenience/grocery shop (not Inn/Vet/Sports/bus/Easy Save); contactless/store narrative
159243,morr scunthorpe,MORR SCUNTHORPE Morr Scunthorpe,40.02,debit,unclassified_other,groceries,Plaid truncates MORRISONS to Morr + town
159365,ride jun,Lime*auth Jun6,2.45,debit,taxi_rideshare,bicycle,"Lime*auth; Lime ride authorisation, not taxi"
159379,morr dukinfield,MORR DUKINFIELD  ON 28 JUL BCC,15.17,debit,unclassified_other,groceries,Plaid truncates MORRISONS to Morr + town
159661,instantly,Visa purchase INSTANTLY USD 37.00000 at 1.3444 4742,27.52,debit,unclassified_other,software,"Instantly.ai cold-email / sales software, not a generic merchant"
159663,lime ride gafz,PAYPAL *LIME RIDE,3.61,debit,taxi_rideshare,bicycle,"PAYPAL *LIME RIDE is Lime micromobility, not taxi_rideshare"
159914,4 rides,Lime*ride 4t6o,7.06,debit,taxi_rideshare,bicycle,Lime e-bike/e-scooter ride or pass (not taxi)
159944,argylesatellite.co.uk,ARGYLESATELLITE.CO,3.6,debit,unclassified_other,taxi_rideshare,argylesatellite.co.uk is Argyle Satellite Taxis (Wirral private hire)
159986,morr doncaster,MORR DONCASTER,15,debit,unclassified_other,groceries,Plaid truncates MORRISONS to Morr + town
159996,morr brough,MORR BROUGH  ON 29 SEP BCC,50.01,debit,unclassified_other,groceries,Plaid truncates MORRISONS to Morr + town
160040,c gdk,1603 06SEP25 C    GDK BEDFORD       BEDFORD MK40 GB,55.5,debit,unclassified_other,takeaway,German Doner Kebab
160213,lime,Lime,3.77,debit,taxi_rideshare,bicycle,"LIME*RIDE / LIME*PASS is Lime UK e-bike/scooter hire, not a taxi"
160390,riversidefm inc.,"Riversidefm, Inc.",32.73,debit,unclassified_other,software,Riverside.fm (RiversideFM Inc) is podcast/video recording SaaS.
160477,metric group ltd,Metric Group Ltd,1.5,debit,unclassified_other,car_parking,Metric Group Ltd makes UK pay-and-display parking terminals; contactless Metric Group Ltd is parking at the machine.
160524,premier dens road,Contactless Payment PREMIER DENS ROAD,2.15,debit,unclassified_other,groceries,Premier symbol-group convenience/grocery shop (not Inn/Vet/Sports/bus/Easy Save); contactless/store narrative
160542,rvs hospital shops ca,Rvs Hospital Shops Ca,2.25,debit,unclassified_other,charity_shop,Royal Voluntary Service hospital shops: charity-run retail (snacks/gifts) with profits reinvested in the charity/NHS
160586,lapitza.restajet,Lapitza.restajet.com,15.7,debit,unclassified_other,takeaway,Lapitza / La Pitza on Restajet is a Rotherham pizza/kebab takeaway with delivery.
160614,morr liskeard,Morr Liskeard,14.96,debit,unclassified_other,groceries,Plaid truncates MORRISONS to Morr + town
160632,premier dukinf,Premier Dukinf,9.94,debit,unclassified_other,groceries,Premier symbol-group convenience/grocery shop (not Inn/Vet/Sports/bus/Easy Save); contactless/store narrative
160953,morr beccles,MORR BECCLES  ON 29 AUG CLP,2.89,debit,unclassified_other,groceries,Plaid truncates MORRISONS to Morr + town
161019,morr haverfordwest,MORR HAVERFORDWESTHAVERFORDWEST,30.01,debit,unclassified_other,groceries,Plaid truncates MORRISONS to Morr + town
161044,premier dens road,Contactless Payment PREMIER DENS ROAD,14.3,debit,unclassified_other,groceries,Premier symbol-group convenience/grocery shop (not Inn/Vet/Sports/bus/Easy Save); contactless/store narrative
161083,tjmorrisltd,Tjmorrisltd,0.45,debit,unclassified_other,discount_store,T.J. Morris Limited is Home Bargains; dictionary already maps home bargains to discount_store.
161373,beatport llc.,6341 21JUN25      BEATPORT LLC.     01273974905 GB,15.99,debit,unclassified_other,music_other,Beatport is the well-known DJ/electronic music download store (not Spotify-style consumer streaming).
161385,morr crewe,MORR CREWE,23.01,debit,unclassified_other,groceries,Plaid truncates MORRISONS to Morr + town
161388,rvs hospital shops ca,RVS Hospital Shops,5.6,debit,unclassified_other,charity_shop,Royal Voluntary Service hospital shops: charity-run retail (snacks/gifts) with profits reinvested in the charity/NHS
161392,morr workington,MORR WORKINGTON,25,debit,unclassified_other,groceries,Plaid truncates MORRISONS to Morr + town
161849,premier cayton,Premier Cayton,15.54,debit,unclassified_other,groceries,Premier symbol-group convenience/grocery shop (not Inn/Vet/Sports/bus/Easy Save); contactless/store narrative
162007,premier union street,Premier Union Stre,14.66,debit,unclassified_other,groceries,Premier symbol-group convenience/grocery shop (not Inn/Vet/Sports/bus/Easy Save); contactless/store narrative
162031,linkside premier store,Linkside Premier S,19.41,debit,unclassified_other,groceries,Premier symbol-group convenience/grocery shop (not Inn/Vet/Sports/bus/Easy Save); contactless/store narrative
162423,cd ridgewood stores,8213 10SEP25 CD   RIDGEWOOD STORES  LTD               UCKFIELD GB,4.1,debit,unclassified_other,convenience_store,Ridgewood Stores Ltd Uckfield is a convenience store
162437,frenk.io,FRENK.IO,20.61,debit,unclassified_other,crypto,frenk.io is a licensed cryptocurrency exchange (Bright Technologies).
162558,morr stirling,MORR STIRLING,29.02,debit,unclassified_other,groceries,Plaid truncates MORRISONS to Morr + town
162780,premier northmuir,Premier Northmuir,5.37,debit,unclassified_other,groceries,Premier symbol-group convenience/grocery shop (not Inn/Vet/Sports/bus/Easy Save); contactless/store narrative
162920,premier au,PREMIER AUCHTERDERRAN CD 3577,6.48,debit,unclassified_other,groceries,Premier symbol-group convenience/grocery shop (not Inn/Vet/Sports/bus/Easy Save); contactless/store narrative
162928,darrens premier,Contactless Payment DARRENS PREMIER APPLEPAY 1740,0.9,debit,unclassified_other,groceries,Premier symbol-group convenience/grocery shop (not Inn/Vet/Sports/bus/Easy Save); contactless/store narrative
162981,premier hems,Premier Hemsworth,4.98,debit,unclassified_other,groceries,Premier symbol-group convenience/grocery shop (not Inn/Vet/Sports/bus/Easy Save); contactless/store narrative
163333,premier heath road,Contactless Payment PREMIER HEATH ROAD APPLEPAY 8311 2025-08-24,3.8,debit,unclassified_other,groceries,Premier symbol-group convenience/grocery shop (not Inn/Vet/Sports/bus/Easy Save); contactless/store narrative
163429,morr walsall wallows,MORR WALSALL WALLO,50,debit,unclassified_other,groceries,Plaid truncates MORRISONS to Morr + town
163497,morr rotherham,"MORR ROTHERHAM BRAMLEY - MOORHEAD WAY, ROTHERHAM",107.64,debit,unclassified_other,groceries,Plaid truncates MORRISONS to Morr + town
163539,kofcomps ltd,KOFCOMPS LTD  ON 18 AUG CPM,3,debit,unclassified_other,prize_competitions,Kofcomps Ltd trades as King of Comps (kingofcomps.co.uk) — paid prize-draw tickets with a free postal route
163650,rundle and co ltd,Rundle And Co Ltd,66,debit,unclassified_other,debt_enforcement,Rundles (Rundle & Co) are certificated enforcement agents/bailiffs for council tax and similar debts
163916,ride jun,Lime*ride Jun6,7.93,debit,taxi_rideshare,bicycle,Lime e-bike/e-scooter ride or pass (not taxi)
164127,morr liskeard,MORR LISKEARD,5.34,debit,unclassified_other,groceries,Plaid truncates MORRISONS to Morr + town
164188,sage uk ltd,SAGE UK LTD       M7P246X,58.8,debit,unclassified_other,software,Sage UK Ltd Direct Debits are Sage accounting and payroll software subscriptions.
164238,morr rotherham,Morr Rotherham Parkgat,10,debit,unclassified_other,groceries,Plaid truncates MORRISONS to Morr + town
164272,morr high wycombe,MORR HIGH WYCOMBE HIGH WYCOMBE,24.78,debit,unclassified_other,groceries,Plaid truncates MORRISONS to Morr + town
164373,morr borehamwood,Morr Borehamwood,30,debit,unclassified_other,groceries,Plaid truncates MORRISONS to Morr + town
164441,morr high wycombe,MORR HIGH WYCOMBE HIGH WYCOMBE,108.82,debit,unclassified_other,groceries,Plaid truncates MORRISONS to Morr + town
164453,pass gpa,LIME*PASS GPA3,3.99,debit,unclassified_other,bicycle,Lime e-bike/e-scooter ride or pass (not taxi)
164485,morr neath,MORR NEATH,20.04,debit,unclassified_other,groceries,Plaid truncates MORRISONS to Morr + town
164625,modular fs limited,Modulr FS account - Wallet Top Up Modular FS Limited - SortCodeAccountNumber: 04008506211208,2000,debit,unclassified_other,payment_intermediary,Modulr FS wallet top-up; UK payment-processing platform (same leaf as other wallet/PSP top-ups).
164666,morr stranraer,PENDING MORR STRANRAER,10,debit,unclassified_other,groceries,Plaid truncates MORRISONS to Morr + town
164689,morr jarrow,MORR JARROW  ON 24 SEP CPM,5.27,debit,unclassified_other,groceries,Plaid truncates MORRISONS to Morr + town
164697,premier heath road,Contactless Payment PREMIER HEATH ROAD APPLEPAY 4311,4,debit,unclassified_other,groceries,Premier symbol-group convenience/grocery shop (not Inn/Vet/Sports/bus/Easy Save); contactless/store narrative
164822,morr ilkeston,MORR ILKESTON  ON 24 JUN CLP,18,debit,unclassified_other,groceries,Plaid truncates MORRISONS to Morr + town
164826,htcard.co.u,0685 09AUG25      WWW.BLUELIG       HTCARD.CO.U       COSSINGTON GB,4.99,debit,unclassified_other,memberships,WWW.BLUELIG HTCARD.CO.U Cossington is Blue Light Card Ltd (discount membership card for NHS/frontline workers).
164834,argylesatellite.co.uk,argylesatellite.co.uk,9,debit,unclassified_other,taxi_rideshare,argylesatellite.co.uk is Argyle Satellite Taxis (Wirral private hire)
164851,midland bluebird ltd,Midland Bluebird L,10.85,debit,unclassified_other,public_transport_rail_coach,McGill's Midland Bluebird is a well-known central Scotland bus operator (Falkirk/Stirling/Edinburgh)
164927,premier dukinf,Premier Dukinf,17.63,debit,unclassified_other,groceries,Premier symbol-group convenience/grocery shop (not Inn/Vet/Sports/bus/Easy Save); contactless/store narrative
164945,morr workington,MORR WORKINGTON,25.02,debit,unclassified_other,groceries,Plaid truncates MORRISONS to Morr + town
165022,morr middlesboroug,MORR MIDDLESBOROUG,30.05,debit,unclassified_other,groceries,Plaid truncates MORRISONS to Morr + town
165050,morr kirkby,MORR KIRKBY,20.02,debit,unclassified_other,groceries,Plaid truncates MORRISONS to Morr + town
165126,rvs hospital shops ca,RVS Hospital Shops,7.5,debit,unclassified_other,charity_shop,Royal Voluntary Service hospital shops: charity-run retail (snacks/gifts) with profits reinvested in the charity/NHS
165224,grandpierlimited,NYX*GrandPierLimit  ON 15 AUG CLP NYX*GRANDPIERLIMITED,5,debit,unclassified_other,days_out,Grand Pier Limited operates Weston-super-Mare Grand Pier indoor amusement park
165343,p.louise,P.LOUISE  ON 09 OCT BCC,46.08,debit,unclassified_other,health_beauty_general,P.Louise is a well-known UK makeup/cosmetics brand (plouise.co.uk)
165364,pass gxw,Lime*pass Gxw7,3.99,debit,unclassified_other,bicycle,Lime e-bike/e-scooter ride or pass (not taxi)
165377,sutton stores premier exp,SUTTON STORES PREM,3,debit,unclassified_other,groceries,Premier symbol-group convenience/grocery shop (not Inn/Vet/Sports/bus/Easy Save); contactless/store narrative
165388,quay street premier,Quay Street Premier,3.47,debit,unclassified_other,groceries,Premier symbol-group convenience/grocery shop (not Inn/Vet/Sports/bus/Easy Save); contactless/store narrative
165496,morr plymstock,MORR PLYMSTOCK CD 6415,20,debit,unclassified_other,groceries,Plaid truncates MORRISONS to Morr + town
165527,morr stevenston,MORR STEVENSTON CD 9972,25.15,debit,unclassified_other,groceries,Plaid truncates MORRISONS to Morr + town
165571,morr shrewsbury,Morr Shrewsbury,30,debit,unclassified_other,groceries,Plaid truncates MORRISONS to Morr + town
165775,dhadda premier,DHADDA PREMIER,14.2,debit,unclassified_other,groceries,Premier symbol-group convenience/grocery shop (not Inn/Vet/Sports/bus/Easy Save); contactless/store narrative
165790,premier grays,PREMIER           GRAYS,5.44,debit,unclassified_other,groceries,Premier symbol-group convenience/grocery shop (not Inn/Vet/Sports/bus/Easy Save); contactless/store narrative
165869,lovable,Lovable,18.61,debit,unclassified_other,web_services,"Lovable.dev (Dover DE) — AI app builder / developer tool, not a restaurant"
166020,wayfairer premier,Wayfairer Premier  ON 07 SEP CPM WAYFAIRER PREMIER,2.45,debit,unclassified_other,groceries,Premier symbol-group grocer (taxonomy: Spar/Nisa/Londis/Premier → groceries)
166093,premier biggin,PREMIER BIGGIN,5.13,debit,unclassified_other,groceries,Premier symbol-group convenience/grocery shop (not Inn/Vet/Sports/bus/Easy Save); contactless/store narrative
166100,leslie premier,Contactless Payment LESLIE PREMIER,4.58,debit,unclassified_other,groceries,Premier symbol-group convenience/grocery shop (not Inn/Vet/Sports/bus/Easy Save); contactless/store narrative
166140,premier averyhill,Premier Averyhill,2.49,debit,unclassified_other,groceries,Premier symbol-group convenience/grocery shop (not Inn/Vet/Sports/bus/Easy Save); contactless/store narrative
166144,morr basingstoke,Contactless Payment MORR BASINGSTOKE,38.58,debit,unclassified_other,groceries,Plaid truncates MORRISONS to Morr + town
166324,morr doncaster,MORR DONCASTER,10,debit,unclassified_other,groceries,Plaid truncates MORRISONS to Morr + town
166343,morr basingstoke,MORR BASINGSTOKE,82.97,debit,unclassified_other,groceries,Plaid truncates MORRISONS to Morr + town
166517,premier heyside,5566 21JUL25 C    PREMIER HEYSIDE   LTD               OLDHAM GB,6.13,debit,unclassified_other,groceries,Premier symbol-group convenience/grocery shop (not Inn/Vet/Sports/bus/Easy Save); contactless/store narrative
166562,premier tye stores,"PREMIER TYE STORES (VIA GOOGLE PAY), ON 12-08-2025",2.94,debit,unclassified_other,groceries,Premier symbol-group convenience/grocery shop (not Inn/Vet/Sports/bus/Easy Save); contactless/store narrative
166691,argylesatellite.co,ARGYLESATELLITE.CO  ON 18 JUL CPM ARGYLESATELLITE.CO.UK,16.9,debit,unclassified_other,taxi_rideshare,argylesatellite.co.uk is Argyle Satellite Taxis Wirral private hire
166735,d lime,2322 06AUG25  D   LIME*RIDE WRS7    LONDON GB,5.93,debit,taxi_rideshare,bicycle,Lime e-bike/e-scooter ride or pass (not taxi)
166742,cder group limited.,Cder Group Limited.,280,debit,unclassified_other,debt_enforcement,CDER Group is a UK bailiff/enforcement agency (council tax
166875,brandon street premier,Contactless Payment Brandon Street Premier APPLEPAY 6071,0.75,debit,unclassified_other,groceries,Premier symbol-group convenience/grocery shop (not Inn/Vet/Sports/bus/Easy Save); contactless/store narrative
167014,nitromonthly,DISCORD* NITROMONT USA AMOUNT IN USD 9.99 ON 06 AUG VISA 1.325601 FINAL GBP AMOUNT INCLUDES NON-STERLING TRANS FEE £0.23 DISCORD* NITROMONTHLY,7.77,debit,unclassified_other,online_services,DISCORD* NITROMONT is Discord Nitro; sibling discord is online_services
167065,dcbltd,Visa purchase WWW.DCBLTD.COM,34,debit,unclassified_other,debt_enforcement,WWW.DCBLTD.COM is Direct Collection Bailiffs Ltd (High Court enforcement); already mapped dcbl in the dictionary
167077,morr farnborough,MORR FARNBOROUGH S,20.14,debit,unclassified_other,groceries,Plaid truncates MORRISONS to Morr + town
167234,evyve services,EVYVE SERVICES,22.08,debit,unclassified_other,fuel,evyve is a UK public EV rapid-charging network; BP Pulse is already fuel in the dictionary
167295,premier arlington,PREMIER ARLINGTON,1.8,debit,unclassified_other,groceries,Premier symbol-group convenience/grocery shop (not Inn/Vet/Sports/bus/Easy Save); contactless/store narrative
167333,fish's premier store,Fish's Premier Store,22.02,debit,unclassified_other,groceries,Premier symbol-group convenience/grocery shop (not Inn/Vet/Sports/bus/Easy Save); contactless/store narrative
